epoch,time,train/box_loss,train/cls_loss,train/dfl_loss,metrics/precision(B),metrics/recall(B),metrics/mAP50(B),metrics/mAP50-95(B),val/box_loss,val/cls_loss,val/dfl_loss,lr/pg0,lr/pg1,lr/pg2
1,142.16,1.27245,9.10856,1.46978,0.77283,0.76701,0.82585,0.55752,1.12591,3.70428,1.23777,0.00331699,0.00331699,0.00331699
2,256.58,1.15992,4.26674,1.3379,0.80067,0.71634,0.80977,0.51237,1.33273,3.31668,1.44685,0.00665033,0.00665033,0.00665033
3,369.402,1.28974,3.3798,1.44468,0.65061,0.71173,0.6919,0.40056,1.73908,5.58631,2.06579,0.00998366,0.00998366,0.00998366
4,483.247,1.38987,3.1989,1.53221,0.76775,0.78444,0.80149,0.48883,1.33557,5.83331,1.52977,0.00999999,0.00999999,0.00999999
5,595.026,1.30886,2.92978,1.48002,0.82722,0.78626,0.87084,0.54363,1.3791,3.69036,1.49881,0.00999998,0.00999998,0.00999998
6,707.242,1.24,2.69029,1.43771,0.84202,0.81406,0.87832,0.59501,1.19612,2.17179,1.30023,0.00999998,0.00999998,0.00999998
7,819.735,1.18185,2.54646,1.38063,0.78407,0.81062,0.86365,0.59179,1.20938,2.3309,1.30184,0.00999996,0.00999996,0.00999996
8,932.617,1.18478,2.51775,1.38239,0.7369,0.89016,0.86372,0.58152,1.27376,2.02957,1.35685,0.00999995,0.00999995,0.00999995
9,1045.32,1.15495,2.40631,1.35437,0.79132,0.87673,0.89738,0.66515,1.0906,1.77956,1.22104,0.00999994,0.00999994,0.00999994
10,1156.91,1.09102,2.25368,1.32003,0.79059,0.86735,0.88037,0.67294,1.05285,1.84526,1.18671,0.00999992,0.00999992,0.00999992
11,1268.38,1.08044,2.23172,1.30185,0.8705,0.78061,0.88389,0.63106,1.13852,1.79731,1.22581,0.0099999,0.0099999,0.0099999
12,1381.03,1.06922,2.24146,1.29306,0.82049,0.84119,0.88173,0.64238,1.10284,1.8865,1.24789,0.00999988,0.00999988,0.00999988
13,1493.79,1.06576,2.20609,1.29279,0.83095,0.85332,0.89316,0.63181,1.1194,1.76309,1.19514,0.00999986,0.00999986,0.00999986
14,1606.76,1.03402,2.15715,1.27728,0.79009,0.87372,0.89435,0.7016,0.89838,1.55974,1.09808,0.00999983,0.00999983,0.00999983
15,1719.75,1.05378,2.12961,1.28008,0.83619,0.88393,0.90021,0.70964,0.95335,1.57012,1.12526,0.00999981,0.00999981,0.00999981
16,1832.99,1.0243,2.0749,1.25304,0.78143,0.88151,0.87853,0.67842,0.98652,1.65629,1.16341,0.00999978,0.00999978,0.00999978
17,1945.58,1.03706,2.0895,1.26901,0.8459,0.85204,0.89897,0.6618,1.06169,1.59764,1.18601,0.00999975,0.00999975,0.00999975
18,2058.17,1.02368,2.02137,1.2712,0.87011,0.82398,0.8932,0.68348,0.97266,1.59319,1.13477,0.00999972,0.00999972,0.00999972
19,2171.19,0.99604,2.00593,1.25339,0.83409,0.88903,0.91611,0.71261,0.98343,1.46212,1.13678,0.00999968,0.00999968,0.00999968
20,2283.72,0.99667,1.95974,1.24022,0.88064,0.81667,0.90493,0.68947,1.02918,1.52995,1.15293,0.00999965,0.00999965,0.00999965
21,2396.52,1.00417,1.93096,1.25252,0.81418,0.90434,0.90971,0.67567,1.0437,1.55261,1.15224,0.00999961,0.00999961,0.00999961
22,2507.82,0.98435,1.94257,1.23825,0.8958,0.83263,0.90709,0.69935,1.03982,1.52463,1.15578,0.00999957,0.00999957,0.00999957
23,2619.67,0.95694,1.88289,1.21242,0.85868,0.87883,0.91222,0.70221,0.94467,1.46443,1.09873,0.00999953,0.00999953,0.00999953
24,2731.62,0.97993,1.92945,1.23062,0.78931,0.92567,0.90891,0.67901,1.01185,1.59128,1.14077,0.00999948,0.00999948,0.00999948
25,2841.53,0.95774,1.909,1.22195,0.84179,0.86743,0.89664,0.70376,0.92275,1.52054,1.11799,0.00999944,0.00999944,0.00999944
26,2953.61,0.95704,1.85822,1.22355,0.89593,0.8357,0.91737,0.71409,0.97804,1.49269,1.12539,0.00999939,0.00999939,0.00999939
27,3064.56,0.96254,1.87512,1.22229,0.83787,0.88998,0.91608,0.70093,0.94931,1.47131,1.11295,0.00999934,0.00999934,0.00999934
28,3175.42,0.96319,1.88708,1.22756,0.87333,0.85283,0.90602,0.69182,1.04729,1.62272,1.16623,0.00999929,0.00999929,0.00999929
29,3286.37,0.9359,1.85373,1.20279,0.84131,0.86555,0.87578,0.69541,0.95052,1.49886,1.10588,0.00999923,0.00999923,0.00999923
30,3398.52,0.96581,1.87099,1.21883,0.87197,0.85077,0.8917,0.72466,0.90212,1.46023,1.07891,0.00999918,0.00999918,0.00999918
31,3509.82,0.9222,1.72639,1.19387,0.85829,0.8837,0.90715,0.71674,0.88496,1.46918,1.07951,0.00999912,0.00999912,0.00999912
32,3622.24,0.9188,1.75953,1.18151,0.79196,0.88776,0.89266,0.71604,0.92195,1.4323,1.08887,0.00999906,0.00999906,0.00999906
33,3734.18,0.95329,1.84585,1.20917,0.80845,0.91327,0.90112,0.71219,0.88347,1.43507,1.06832,0.009999,0.009999,0.009999
34,3845.47,0.91209,1.82616,1.18841,0.87235,0.894,0.90986,0.70927,0.91528,1.39203,1.09062,0.00999894,0.00999894,0.00999894
35,3959.14,0.93128,1.74805,1.19952,0.86971,0.84694,0.91457,0.7299,0.87235,1.44784,1.07453,0.00999887,0.00999887,0.00999887
36,4071.47,0.91065,1.76831,1.18536,0.88389,0.88138,0.92082,0.73153,0.86578,1.37476,1.07411,0.0099988,0.0099988,0.0099988
37,4183.41,0.90658,1.71808,1.17488,0.88008,0.84228,0.9192,0.74507,0.90247,1.42578,1.07348,0.00999873,0.00999873,0.00999873
38,4296.85,0.91206,1.75083,1.17118,0.83124,0.9157,0.91424,0.74301,0.85294,1.34466,1.06146,0.00999866,0.00999866,0.00999866
39,4410.5,0.92403,1.72636,1.18801,0.8587,0.89133,0.91852,0.71934,0.95932,1.47731,1.10609,0.00999859,0.00999859,0.00999859
40,4522.5,0.90496,1.70196,1.18683,0.88222,0.86719,0.91821,0.75015,0.821,1.38954,1.04273,0.00999851,0.00999851,0.00999851
41,4634.67,0.89503,1.72605,1.18041,0.8493,0.90219,0.90603,0.73671,0.85413,1.3633,1.06389,0.00999844,0.00999844,0.00999844
42,4746.52,0.91902,1.70239,1.18746,0.84612,0.88798,0.91945,0.73461,0.88845,1.35008,1.08057,0.00999836,0.00999836,0.00999836
43,4859.53,0.9108,1.7074,1.17808,0.86417,0.88789,0.91399,0.73897,0.87595,1.33761,1.0653,0.00999828,0.00999828,0.00999828
44,4970.34,0.90794,1.69814,1.18274,0.88564,0.88903,0.9297,0.74831,0.84989,1.31492,1.07011,0.00999819,0.00999819,0.00999819
45,5081.46,0.89524,1.67675,1.17936,0.88985,0.87255,0.91742,0.73313,0.88953,1.32102,1.0711,0.00999811,0.00999811,0.00999811
46,5192.79,0.87138,1.65003,1.15075,0.89525,0.85406,0.91267,0.72368,0.88707,1.35742,1.06197,0.00999802,0.00999802,0.00999802
47,5303.74,0.88463,1.66524,1.17199,0.846,0.89594,0.92013,0.74899,0.84285,1.3271,1.05651,0.00999793,0.00999793,0.00999793
48,5414.26,0.87715,1.64646,1.15216,0.8797,0.88915,0.91791,0.75396,0.80715,1.31972,1.04346,0.00999784,0.00999784,0.00999784
49,5525.9,0.87798,1.62633,1.17023,0.87632,0.86735,0.91526,0.75467,0.80751,1.28362,1.04813,0.00999775,0.00999775,0.00999775
50,5636.23,0.85543,1.56974,1.14351,0.86947,0.86791,0.91329,0.75111,0.81431,1.31157,1.02691,0.00999765,0.00999765,0.00999765
51,5746.87,0.86779,1.62565,1.14516,0.85776,0.92383,0.91205,0.73728,0.88835,1.26066,1.06167,0.00999756,0.00999756,0.00999756
52,5857.31,0.86838,1.63926,1.1597,0.8795,0.88372,0.9245,0.75902,0.82257,1.27138,1.03673,0.00999746,0.00999746,0.00999746
53,5968.31,0.85927,1.64429,1.1508,0.83493,0.93438,0.91952,0.74841,0.84292,1.22211,1.03711,0.00999736,0.00999736,0.00999736
54,6079.47,0.8423,1.58461,1.14051,0.8797,0.8656,0.91995,0.74656,0.83839,1.28251,1.0473,0.00999726,0.00999726,0.00999726
55,6190.85,0.85592,1.58752,1.14468,0.86359,0.89234,0.91259,0.74802,0.82395,1.29028,1.03754,0.00999715,0.00999715,0.00999715
56,6302.5,0.86034,1.59992,1.14387,0.85338,0.91219,0.92458,0.75723,0.85656,1.25094,1.04485,0.00999704,0.00999704,0.00999704
57,6414.28,0.86221,1.60709,1.15064,0.84819,0.9134,0.92019,0.75451,0.84863,1.27359,1.03146,0.00999694,0.00999694,0.00999694
58,6526.28,0.85933,1.55799,1.1488,0.89219,0.8699,0.90885,0.74025,0.84366,1.20923,1.03225,0.00999683,0.00999683,0.00999683
59,6638.75,0.87015,1.63075,1.15674,0.90057,0.87245,0.91878,0.75673,0.82386,1.26329,1.03319,0.00999671,0.00999671,0.00999671
60,6750.53,0.8609,1.62533,1.15168,0.87231,0.89413,0.9259,0.77259,0.7834,1.20493,1.00826,0.0099966,0.0099966,0.0099966
61,6862.67,0.84778,1.56281,1.14278,0.88836,0.88218,0.92792,0.76926,0.80543,1.21659,1.01701,0.00999648,0.00999648,0.00999648
62,6974.62,0.85214,1.52099,1.14347,0.89967,0.91033,0.92979,0.75483,0.82623,1.2073,1.02942,0.00999636,0.00999636,0.00999636
63,7085.69,0.84747,1.54697,1.14258,0.8983,0.85714,0.93139,0.76182,0.82526,1.21408,1.02735,0.00999624,0.00999624,0.00999624
64,7196.81,0.88189,1.61863,1.15712,0.88227,0.88764,0.93149,0.77371,0.80152,1.2095,1.02754,0.00999612,0.00999612,0.00999612
65,7307.38,0.85841,1.58564,1.15096,0.88477,0.89569,0.92532,0.75292,0.83681,1.22423,1.02527,0.009996,0.009996,0.009996
66,7417.89,0.84478,1.52561,1.13921,0.87655,0.89622,0.92205,0.75677,0.79702,1.24098,1.01049,0.00999587,0.00999587,0.00999587
67,7529,0.83717,1.51193,1.13241,0.89395,0.89355,0.9199,0.76941,0.78101,1.19795,1.01071,0.00999574,0.00999574,0.00999574
68,7640.26,0.84214,1.57153,1.13424,0.8785,0.90434,0.92736,0.78149,0.77297,1.17838,1.00598,0.00999561,0.00999561,0.00999561
69,7750.95,0.83824,1.55292,1.13593,0.87326,0.91454,0.9239,0.77397,0.78027,1.18464,1.00197,0.00999548,0.00999548,0.00999548
70,7862.82,0.84018,1.50938,1.14352,0.86819,0.91709,0.9223,0.76534,0.76103,1.16355,0.99234,0.00999535,0.00999535,0.00999535
71,7975.99,0.85554,1.51732,1.15475,0.89413,0.90944,0.92665,0.79044,0.72154,1.10542,0.98167,0.00999521,0.00999521,0.00999521
72,8087.78,0.82782,1.51908,1.12972,0.88109,0.89892,0.9285,0.79254,0.72761,1.18215,0.97536,0.00999508,0.00999508,0.00999508
73,8198.94,0.83275,1.48674,1.12947,0.89678,0.911,0.92747,0.79228,0.75686,1.19242,0.98574,0.00999494,0.00999494,0.00999494
74,8311.26,0.86428,1.49127,1.16103,0.87785,0.91953,0.92822,0.78885,0.75457,1.16377,0.99896,0.00999479,0.00999479,0.00999479
75,8422.82,0.83646,1.52688,1.12796,0.88397,0.90117,0.92923,0.78403,0.75339,1.17728,0.99928,0.00999465,0.00999465,0.00999465
76,8534.29,0.83618,1.48576,1.14136,0.88683,0.90285,0.92974,0.78175,0.75575,1.16791,1.00715,0.0099945,0.0099945,0.0099945
77,8647.32,0.82611,1.54112,1.12307,0.86862,0.91582,0.92381,0.77953,0.742,1.19179,0.99925,0.00999436,0.00999436,0.00999436
78,8760.08,0.83341,1.49617,1.13015,0.87388,0.91582,0.9288,0.78561,0.73803,1.09834,0.98738,0.00999421,0.00999421,0.00999421
79,8872.44,0.83097,1.45906,1.13036,0.88426,0.91275,0.92368,0.78279,0.7401,1.10537,0.99203,0.00999406,0.00999406,0.00999406
80,8984.82,0.84247,1.47043,1.14214,0.87143,0.93232,0.92873,0.78598,0.75637,1.14928,1.00204,0.0099939,0.0099939,0.0099939
81,9096.77,0.82492,1.45915,1.12751,0.86749,0.91878,0.93261,0.78482,0.76265,1.08692,0.99533,0.00999375,0.00999375,0.00999375
82,9208.47,0.83323,1.4728,1.12857,0.89181,0.89963,0.93711,0.79318,0.76438,1.12433,0.99081,0.00999359,0.00999359,0.00999359
83,9319.69,0.82621,1.52586,1.12548,0.88455,0.91454,0.93247,0.78752,0.74549,1.10501,0.9738,0.00999343,0.00999343,0.00999343
84,9432.63,0.8242,1.48061,1.12564,0.88729,0.90848,0.92222,0.77386,0.76196,1.14335,0.98545,0.00999327,0.00999327,0.00999327
85,9545.95,0.81207,1.44573,1.11246,0.88151,0.88426,0.92496,0.78679,0.73954,1.17709,0.98346,0.00999311,0.00999311,0.00999311
86,9659.02,0.8392,1.50056,1.12658,0.87531,0.89162,0.92806,0.79206,0.73279,1.15293,0.98149,0.00999294,0.00999294,0.00999294
87,9771.12,0.81962,1.48114,1.12345,0.86966,0.9273,0.93065,0.78738,0.74464,1.1189,0.98757,0.00999278,0.00999278,0.00999278
88,9883.07,0.81831,1.47345,1.12092,0.8607,0.94229,0.93204,0.78637,0.73619,1.12109,0.98568,0.00999261,0.00999261,0.00999261
89,9994.34,0.8159,1.43339,1.11914,0.87706,0.90179,0.93167,0.79871,0.74151,1.12555,0.9894,0.00999244,0.00999244,0.00999244
90,10105.1,0.82798,1.42948,1.13146,0.88235,0.89392,0.93319,0.79662,0.72039,1.08481,0.97123,0.00999226,0.00999226,0.00999226
91,10215.6,0.82395,1.43595,1.12603,0.87581,0.89924,0.93058,0.79937,0.73517,1.08667,0.98213,0.00999209,0.00999209,0.00999209
92,10325.6,0.82455,1.49794,1.12235,0.86319,0.94182,0.93313,0.80087,0.74306,1.06301,0.98061,0.00999191,0.00999191,0.00999191
93,10436.7,0.81633,1.40128,1.1166,0.85279,0.94649,0.93442,0.79591,0.75232,1.07447,0.99113,0.00999173,0.00999173,0.00999173
94,10547.7,0.81383,1.39936,1.1185,0.88549,0.91451,0.93416,0.79266,0.74193,1.03892,0.98196,0.00999155,0.00999155,0.00999155
95,10658.8,0.80327,1.39053,1.11319,0.85967,0.95117,0.9318,0.78263,0.75758,1.04325,0.98388,0.00999137,0.00999137,0.00999137
96,10769.4,0.82278,1.41657,1.12259,0.85481,0.9437,0.92912,0.78116,0.75109,1.06895,0.98334,0.00999118,0.00999118,0.00999118
97,10880.5,0.82845,1.41834,1.11855,0.854,0.94026,0.92883,0.78896,0.73547,1.0591,0.97585,0.009991,0.009991,0.009991
98,10990.3,0.81282,1.4387,1.11884,0.83544,0.94953,0.92999,0.79302,0.73133,1.08675,0.97501,0.00999081,0.00999081,0.00999081
99,11101.5,0.80707,1.40262,1.11979,0.84571,0.9344,0.93049,0.78845,0.73301,1.08181,0.97452,0.00999062,0.00999062,0.00999062
100,11212.9,0.79935,1.39117,1.10291,0.85307,0.94117,0.92834,0.79174,0.72783,1.10579,0.96883,0.00999043,0.00999043,0.00999043
101,11324.1,0.78952,1.4242,1.09046,0.86893,0.91964,0.93443,0.80147,0.72148,1.1039,0.96776,0.00999023,0.00999023,0.00999023
102,11435.1,0.80171,1.44524,1.11254,0.86525,0.9177,0.93314,0.80522,0.72318,1.10818,0.96893,0.00999004,0.00999004,0.00999004
103,11545.5,0.81871,1.37587,1.12023,0.84891,0.94388,0.93148,0.80171,0.71876,1.10179,0.96902,0.00998984,0.00998984,0.00998984
104,11655.7,0.79308,1.41698,1.09953,0.87377,0.89379,0.92626,0.80118,0.69976,1.0974,0.96364,0.00998964,0.00998964,0.00998964
105,11765.7,0.80705,1.3611,1.12026,0.84082,0.931,0.92937,0.80142,0.70184,1.07453,0.96398,0.00998944,0.00998944,0.00998944
106,11876.3,0.80275,1.40055,1.10819,0.85265,0.92238,0.93035,0.79564,0.72379,1.05674,0.97062,0.00998923,0.00998923,0.00998923
107,11986.3,0.79934,1.3637,1.11022,0.84718,0.93324,0.93103,0.80131,0.72216,1.04358,0.97103,0.00998903,0.00998903,0.00998903
108,12097.4,0.79318,1.36576,1.10109,0.86637,0.92768,0.92957,0.79895,0.72557,1.05308,0.97208,0.00998882,0.00998882,0.00998882
109,12209.2,0.81614,1.3934,1.11895,0.8678,0.93446,0.93054,0.80028,0.7226,1.04164,0.97004,0.00998861,0.00998861,0.00998861
110,12320.8,0.80048,1.38345,1.09355,0.87523,0.93936,0.93399,0.80137,0.72126,1.04026,0.96792,0.0099884,0.0099884,0.0099884
111,12432.4,0.79851,1.3909,1.11343,0.86469,0.9403,0.93216,0.80279,0.71121,1.01618,0.95664,0.00998818,0.00998818,0.00998818
112,12544.1,0.813,1.39149,1.10581,0.86549,0.94271,0.93188,0.80491,0.70379,1.01714,0.95605,0.00998797,0.00998797,0.00998797
113,12656.3,0.7938,1.36638,1.1015,0.85612,0.94432,0.93571,0.80534,0.6986,0.99929,0.95296,0.00998775,0.00998775,0.00998775
114,12768.2,0.80737,1.37386,1.10343,0.85989,0.92851,0.93699,0.80822,0.7044,1.02645,0.95599,0.00998753,0.00998753,0.00998753
115,12880.7,0.8004,1.35817,1.11524,0.85201,0.94105,0.93904,0.80591,0.71565,1.04653,0.96058,0.00998731,0.00998731,0.00998731
116,12993.7,0.78363,1.34437,1.09225,0.83745,0.93711,0.9369,0.81027,0.70923,1.047,0.95971,0.00998708,0.00998708,0.00998708
117,13106.2,0.79497,1.3755,1.10674,0.83095,0.94176,0.93515,0.81169,0.70203,1.04328,0.95753,0.00998686,0.00998686,0.00998686
118,13217.4,0.81836,1.38418,1.11286,0.89338,0.8648,0.93477,0.8083,0.69996,1.03979,0.95634,0.00998663,0.00998663,0.00998663
119,13329,0.79656,1.37303,1.11324,0.84802,0.91349,0.93568,0.81209,0.70178,1.03273,0.95854,0.0099864,0.0099864,0.0099864
120,13441,0.79566,1.37337,1.09857,0.84938,0.91858,0.9368,0.81105,0.69642,1.02605,0.95454,0.00998617,0.00998617,0.00998617
121,13553.2,0.7925,1.32594,1.09873,0.88308,0.88981,0.93814,0.81337,0.70104,1.01812,0.95543,0.00998594,0.00998594,0.00998594
122,13665.3,0.81669,1.36555,1.11615,0.82521,0.9516,0.93882,0.81307,0.70286,1.00722,0.95605,0.0099857,0.0099857,0.0099857
123,13779.9,0.79046,1.34051,1.10871,0.84229,0.93581,0.93801,0.81131,0.7066,1.00586,0.96052,0.00998546,0.00998546,0.00998546
124,13894.1,0.79524,1.34983,1.10076,0.84532,0.94496,0.9355,0.81033,0.70749,0.99843,0.96151,0.00998522,0.00998522,0.00998522
125,14006.9,0.79852,1.3385,1.10763,0.8574,0.93778,0.93689,0.81184,0.7061,0.98669,0.96059,0.00998498,0.00998498,0.00998498
126,14121.2,0.78557,1.33527,1.09156,0.85456,0.93964,0.93731,0.81052,0.707,0.994,0.95959,0.00998474,0.00998474,0.00998474
127,14235.3,0.79718,1.36298,1.11459,0.85368,0.93592,0.93751,0.80985,0.70546,1.00304,0.96053,0.0099845,0.0099845,0.0099845
128,14348.7,0.7885,1.31019,1.10293,0.85345,0.94388,0.93886,0.81271,0.70326,1.00125,0.95914,0.00998425,0.00998425,0.00998425
129,14462.7,0.78636,1.35646,1.10383,0.84904,0.94238,0.93603,0.81145,0.6989,0.99134,0.95744,0.009984,0.009984,0.009984
130,14577.1,0.78276,1.30673,1.09183,0.87386,0.91901,0.93686,0.80995,0.69944,0.98998,0.95723,0.00998375,0.00998375,0.00998375
131,14690.9,0.76957,1.28522,1.08308,0.85664,0.93409,0.93567,0.80728,0.69585,0.98893,0.95303,0.0099835,0.0099835,0.0099835
132,14805,0.78763,1.33592,1.08875,0.84984,0.94643,0.93511,0.8072,0.69382,0.9836,0.95131,0.00998324,0.00998324,0.00998324
133,14918.7,0.77319,1.28336,1.0812,0.87188,0.91916,0.93592,0.80746,0.69245,0.98739,0.94927,0.00998298,0.00998298,0.00998298
134,15033.6,0.76828,1.27899,1.08898,0.87779,0.92417,0.93588,0.80583,0.69596,0.99217,0.95003,0.00998273,0.00998273,0.00998273
135,15148.3,0.7914,1.32047,1.10091,0.87577,0.92219,0.93582,0.80795,0.69568,0.98585,0.95046,0.00998247,0.00998247,0.00998247
136,15262.2,0.77696,1.27496,1.09431,0.86641,0.92474,0.93568,0.80618,0.69467,0.98961,0.95023,0.0099822,0.0099822,0.0099822
137,15375.4,0.7903,1.31507,1.10639,0.8781,0.92223,0.93514,0.81041,0.69535,0.99519,0.95062,0.00998194,0.00998194,0.00998194
138,15488.9,0.78632,1.33422,1.09535,0.87291,0.9235,0.93567,0.81018,0.69625,1.00698,0.9524,0.00998167,0.00998167,0.00998167
139,15602.7,0.79365,1.29681,1.09304,0.87893,0.92976,0.93792,0.81006,0.69731,1.00224,0.9533,0.0099814,0.0099814,0.0099814
140,15716.7,0.79359,1.2757,1.10468,0.8752,0.92985,0.93832,0.81012,0.69737,1.00604,0.95393,0.00998113,0.00998113,0.00998113
141,15829.6,0.78077,1.27604,1.09825,0.87539,0.92295,0.93821,0.81044,0.69701,1.01602,0.95449,0.00998086,0.00998086,0.00998086
142,15942.9,0.78895,1.35427,1.10098,0.87555,0.92652,0.93796,0.80998,0.69672,1.01639,0.95469,0.00998059,0.00998059,0.00998059
143,16055.8,0.79269,1.36917,1.09733,0.87572,0.92586,0.9382,0.80873,0.69736,1.02076,0.95514,0.00998031,0.00998031,0.00998031
144,16167.9,0.77449,1.27031,1.07945,0.87503,0.92627,0.93676,0.80901,0.6942,1.02644,0.95549,0.00998003,0.00998003,0.00998003
145,16280.3,0.77154,1.27054,1.09229,0.87223,0.92985,0.93627,0.80934,0.69324,1.03577,0.95516,0.00997975,0.00997975,0.00997975
146,16392.2,0.78536,1.31428,1.08213,0.8628,0.9375,0.93551,0.81179,0.69322,1.04371,0.95573,0.00997947,0.00997947,0.00997947
147,16503.7,0.77348,1.32539,1.09893,0.86469,0.93459,0.93603,0.8128,0.69423,1.04537,0.95697,0.00997919,0.00997919,0.00997919
148,16615.6,0.77054,1.27827,1.08028,0.86604,0.92985,0.93534,0.80951,0.69439,1.04375,0.95679,0.0099789,0.0099789,0.0099789
149,16728.1,0.774,1.25573,1.09297,0.86938,0.92985,0.93458,0.80782,0.69239,1.03362,0.95518,0.00997861,0.00997861,0.00997861
150,16840.6,0.77055,1.2673,1.07912,0.87057,0.9341,0.9351,0.80762,0.69179,1.02917,0.95522,0.00997832,0.00997832,0.00997832
151,16953,0.75609,1.25684,1.07884,0.87546,0.93099,0.93603,0.80844,0.69163,1.02943,0.95545,0.00997803,0.00997803,0.00997803
152,17065.4,0.78125,1.23079,1.08013,0.87077,0.9324,0.93618,0.81031,0.69178,1.02523,0.95548,0.00997774,0.00997774,0.00997774
153,17178.4,0.78435,1.29037,1.09848,0.86784,0.93495,0.93669,0.8105,0.69222,1.02319,0.95583,0.00997744,0.00997744,0.00997744
154,17292.3,0.76808,1.26162,1.08326,0.8744,0.93495,0.93582,0.80888,0.69195,1.02496,0.95586,0.00997714,0.00997714,0.00997714
155,17404.2,0.77386,1.31997,1.08437,0.87838,0.9329,0.93578,0.81096,0.69274,1.02601,0.95643,0.00997685,0.00997685,0.00997685
156,17516.2,0.77808,1.28052,1.09738,0.87704,0.9324,0.93572,0.80949,0.69271,1.03238,0.95656,0.00997654,0.00997654,0.00997654
157,17627.7,0.77695,1.24509,1.08563,0.87778,0.9235,0.93392,0.81005,0.69199,1.03582,0.95618,0.00997624,0.00997624,0.00997624
158,17740.3,0.77743,1.24944,1.09655,0.87681,0.92985,0.93328,0.80974,0.69204,1.03904,0.95547,0.00997594,0.00997594,0.00997594
159,17853.7,0.78219,1.27308,1.08968,0.87271,0.93138,0.93379,0.80867,0.69197,1.04255,0.95601,0.00997563,0.00997563,0.00997563
160,17966.8,0.76627,1.24637,1.07229,0.85183,0.95118,0.93323,0.81019,0.69374,1.047,0.95679,0.00997532,0.00997532,0.00997532
161,18080.3,0.77611,1.28189,1.0979,0.84985,0.94609,0.93279,0.81033,0.69203,1.0382,0.95601,0.00997501,0.00997501,0.00997501
162,18193.8,0.76455,1.24562,1.07852,0.87602,0.91327,0.93314,0.8109,0.69149,1.03502,0.95632,0.00997469,0.00997469,0.00997469
163,18306.6,0.77011,1.26008,1.08821,0.86436,0.92916,0.93294,0.8087,0.69135,1.03369,0.95556,0.00997438,0.00997438,0.00997438
164,18418.7,0.77286,1.22398,1.08601,0.86501,0.92808,0.93326,0.80926,0.69132,1.03279,0.95547,0.00997406,0.00997406,0.00997406
165,18531.5,0.77973,1.24762,1.08269,0.86548,0.93131,0.93346,0.80899,0.69094,1.02903,0.95492,0.00997374,0.00997374,0.00997374
166,18643,0.77883,1.26331,1.08163,0.86729,0.93477,0.93448,0.80896,0.69269,1.02827,0.95509,0.00997342,0.00997342,0.00997342
167,18755.6,0.78151,1.25173,1.08201,0.86681,0.93619,0.93501,0.80744,0.69275,1.02381,0.95492,0.0099731,0.0099731,0.0099731
168,18867.3,0.7562,1.25033,1.07834,0.86429,0.93622,0.93507,0.80916,0.69253,1.0239,0.95468,0.00997277,0.00997277,0.00997277
169,18979.4,0.76097,1.24512,1.08549,0.85632,0.94649,0.93412,0.80491,0.69235,1.022,0.95413,0.00997245,0.00997245,0.00997245
170,19092.9,0.77616,1.25847,1.08408,0.86306,0.93622,0.93301,0.80509,0.69211,1.0182,0.9534,0.00997212,0.00997212,0.00997212
171,19205.7,0.76072,1.22379,1.07447,0.85948,0.94085,0.93363,0.80601,0.69157,1.01582,0.95281,0.00997179,0.00997179,0.00997179
172,19318.9,0.76399,1.23482,1.07963,0.86441,0.93622,0.93404,0.80598,0.69179,1.01205,0.95233,0.00997146,0.00997146,0.00997146
173,19431.8,0.77385,1.2407,1.07712,0.86397,0.93622,0.93466,0.80509,0.6921,1.01044,0.95241,0.00997112,0.00997112,0.00997112
174,19545,0.77378,1.23021,1.08106,0.86332,0.93622,0.93474,0.80692,0.69117,1.00649,0.95169,0.00997079,0.00997079,0.00997079
175,19658.9,0.76393,1.1939,1.07353,0.86343,0.93622,0.93589,0.80818,0.68988,1.00175,0.95089,0.00997045,0.00997045,0.00997045
176,19771.4,0.77339,1.2137,1.08484,0.86157,0.93928,0.93556,0.80815,0.6877,0.9976,0.94941,0.00997011,0.00997011,0.00997011
177,19883.2,0.78236,1.21497,1.08885,0.85796,0.93773,0.93424,0.8105,0.6868,0.99565,0.94884,0.00996976,0.00996976,0.00996976
178,19995.2,0.7604,1.1876,1.08402,0.87487,0.91837,0.9342,0.81072,0.68559,0.98922,0.94798,0.00996942,0.00996942,0.00996942
179,20108,0.77234,1.21161,1.09069,0.87366,0.91904,0.93427,0.81026,0.68563,0.98947,0.94836,0.00996907,0.00996907,0.00996907
180,20219.8,0.76816,1.36835,1.08435,0.87382,0.91986,0.9352,0.81136,0.6847,0.98774,0.94781,0.00996873,0.00996873,0.00996873
181,20331.2,0.76968,1.23007,1.08433,0.87395,0.91994,0.93554,0.81128,0.68475,0.98781,0.948,0.00996838,0.00996838,0.00996838
182,20443.1,0.76533,1.20425,1.07723,0.8737,0.9198,0.93535,0.81011,0.68359,0.98525,0.94707,0.00996802,0.00996802,0.00996802
183,20555.3,0.76762,1.2158,1.08488,0.87355,0.91945,0.93584,0.81159,0.68278,0.98292,0.94661,0.00996767,0.00996767,0.00996767
184,20668,0.77615,1.25026,1.08402,0.87254,0.91837,0.93588,0.80935,0.68195,0.98157,0.94596,0.00996731,0.00996731,0.00996731
185,20780.9,0.77652,1.20428,1.09119,0.87447,0.91837,0.93589,0.80955,0.68142,0.97876,0.94525,0.00996696,0.00996696,0.00996696
186,20893.6,0.7615,1.21176,1.07793,0.8752,0.91837,0.93604,0.80892,0.68061,0.97635,0.94452,0.0099666,0.0099666,0.0099666
187,21006.1,0.76352,1.22754,1.07186,0.87446,0.91837,0.93607,0.81002,0.68013,0.97471,0.94394,0.00996624,0.00996624,0.00996624
188,21118.7,0.76402,1.21343,1.08087,0.87484,0.91837,0.93524,0.80836,0.67993,0.97326,0.9437,0.00996587,0.00996587,0.00996587
189,21231.8,0.76058,1.22764,1.08042,0.87318,0.91837,0.93606,0.80887,0.67861,0.97412,0.94275,0.00996551,0.00996551,0.00996551
190,21344.6,0.75447,1.20227,1.0811,0.87274,0.91874,0.93593,0.80871,0.67852,0.97317,0.94283,0.00996514,0.00996514,0.00996514
191,21457,0.76743,1.21478,1.08481,0.87289,0.91886,0.9354,0.80787,0.67821,0.97279,0.9425,0.00996477,0.00996477,0.00996477
192,21570.9,0.7544,1.19672,1.07117,0.87236,0.91851,0.93557,0.80827,0.67758,0.97205,0.94237,0.0099644,0.0099644,0.0099644
193,21683.1,0.75845,1.17494,1.06895,0.87216,0.91837,0.9347,0.8084,0.67761,0.97232,0.94241,0.00996402,0.00996402,0.00996402
194,21795.6,0.7659,1.20782,1.06839,0.87282,0.91837,0.9345,0.80731,0.67761,0.97014,0.94244,0.00996365,0.00996365,0.00996365
195,21907.7,0.76834,1.20472,1.08234,0.87194,0.91837,0.9349,0.80813,0.67698,0.97128,0.94231,0.00996327,0.00996327,0.00996327
196,22019.3,0.77521,1.19626,1.08505,0.8714,0.91875,0.93384,0.80805,0.67665,0.97093,0.94184,0.00996289,0.00996289,0.00996289
197,22133.1,0.77373,1.2427,1.08039,0.87285,0.91837,0.93367,0.8084,0.67674,0.97116,0.94197,0.00996251,0.00996251,0.00996251
198,22247.8,0.75901,1.20697,1.088,0.87485,0.91837,0.93419,0.80944,0.67594,0.96904,0.94142,0.00996213,0.00996213,0.00996213
199,22363.3,0.7553,1.17267,1.07292,0.87515,0.91837,0.93343,0.80888,0.6757,0.96871,0.94152,0.00996174,0.00996174,0.00996174
200,22479.1,0.76004,1.19541,1.08279,0.87511,0.91837,0.93365,0.81229,0.6756,0.96749,0.9414,0.00996136,0.00996136,0.00996136
201,22594.2,0.75387,1.19031,1.07244,0.87496,0.91837,0.93396,0.81199,0.6759,0.96667,0.94151,0.00996097,0.00996097,0.00996097
202,22708.1,0.73878,1.16046,1.06859,0.85804,0.9396,0.93422,0.8118,0.67603,0.96617,0.94185,0.00996058,0.00996058,0.00996058
203,22821,0.76001,1.1847,1.06774,0.85818,0.93971,0.93459,0.81269,0.67536,0.96459,0.94165,0.00996018,0.00996018,0.00996018
204,22934.3,0.75757,1.18152,1.06583,0.8584,0.93958,0.93431,0.81201,0.67515,0.96333,0.94164,0.00995979,0.00995979,0.00995979
205,23047.5,0.75228,1.1703,1.07272,0.858,0.93944,0.93399,0.81291,0.67426,0.96129,0.94128,0.00995939,0.00995939,0.00995939
206,23160.7,0.7638,1.20561,1.07025,0.85921,0.93889,0.93422,0.81281,0.67382,0.95992,0.94082,0.00995899,0.00995899,0.00995899
207,23274.1,0.7499,1.15408,1.06613,0.85986,0.93881,0.93403,0.81234,0.67292,0.95831,0.94035,0.00995859,0.00995859,0.00995859
208,23388.7,0.74766,1.18208,1.07846,0.85753,0.93905,0.93377,0.81162,0.67234,0.95715,0.93991,0.00995819,0.00995819,0.00995819
209,23503.7,0.75362,1.16236,1.07004,0.85768,0.94009,0.93372,0.80994,0.67171,0.95579,0.93951,0.00995779,0.00995779,0.00995779
210,23617.1,0.75183,1.16443,1.07456,0.8576,0.93963,0.93389,0.81182,0.67066,0.95483,0.93919,0.00995738,0.00995738,0.00995738
211,23730.1,0.76724,1.22192,1.08268,0.85814,0.93956,0.93385,0.81166,0.67001,0.95477,0.93907,0.00995697,0.00995697,0.00995697
212,23843.4,0.76468,1.23555,1.07936,0.85803,0.93961,0.93304,0.81241,0.66982,0.95492,0.93867,0.00995656,0.00995656,0.00995656
213,23956.9,0.7645,1.21171,1.07724,0.85774,0.94065,0.93262,0.81089,0.66974,0.95579,0.93853,0.00995615,0.00995615,0.00995615
214,24070.9,0.753,1.18973,1.07363,0.85911,0.94217,0.9326,0.80964,0.66926,0.95541,0.93848,0.00995574,0.00995574,0.00995574
215,24185.6,0.75692,1.17201,1.07867,0.85879,0.94242,0.93297,0.81137,0.66956,0.95608,0.9386,0.00995532,0.00995532,0.00995532
216,24300.2,0.74192,1.16664,1.0676,0.85904,0.94238,0.93278,0.81008,0.66988,0.95719,0.93869,0.0099549,0.0099549,0.0099549
217,24415.3,0.73124,1.13813,1.06246,0.85947,0.94241,0.93265,0.81302,0.66938,0.95585,0.93837,0.00995448,0.00995448,0.00995448
218,24529.7,0.74472,1.169,1.06497,0.8608,0.94211,0.9332,0.81166,0.66844,0.95467,0.93803,0.00995406,0.00995406,0.00995406
219,24644.6,0.7519,1.1724,1.07033,0.8578,0.94308,0.93337,0.81363,0.66829,0.95332,0.93784,0.00995364,0.00995364,0.00995364
220,24759.8,0.75217,1.19865,1.06967,0.85792,0.94337,0.93287,0.81482,0.66812,0.95407,0.93751,0.00995321,0.00995321,0.00995321
221,24874.4,0.75676,1.17938,1.06675,0.85798,0.94372,0.93326,0.81535,0.66819,0.95403,0.93727,0.00995278,0.00995278,0.00995278
222,24988.9,0.75168,1.18282,1.07906,0.85932,0.94515,0.93343,0.81258,0.6683,0.95334,0.93734,0.00995235,0.00995235,0.00995235
223,25104.5,0.74784,1.15018,1.06632,0.862,0.94442,0.93315,0.81477,0.66761,0.95206,0.93714,0.00995192,0.00995192,0.00995192
224,25219.7,0.74671,1.16541,1.06915,0.86169,0.94235,0.93325,0.81335,0.66746,0.95061,0.93714,0.00995149,0.00995149,0.00995149
225,25335.2,0.75174,1.17563,1.07249,0.86329,0.94504,0.93362,0.81446,0.66693,0.9495,0.93694,0.00995105,0.00995105,0.00995105
226,25450.5,0.74854,1.18214,1.07283,0.86259,0.94515,0.93417,0.81529,0.66676,0.94799,0.93692,0.00995062,0.00995062,0.00995062
227,25565.9,0.72297,1.14179,1.0537,0.86412,0.94502,0.93353,0.81573,0.66732,0.94951,0.93721,0.00995018,0.00995018,0.00995018
228,25680.2,0.74147,1.15437,1.0636,0.864,0.94515,0.93403,0.81467,0.66693,0.94765,0.93701,0.00994974,0.00994974,0.00994974
229,25794.4,0.73817,1.10226,1.05807,0.86367,0.94515,0.93389,0.81551,0.66681,0.94817,0.9369,0.00994929,0.00994929,0.00994929
230,25909.7,0.73472,1.13277,1.05308,0.86401,0.94515,0.93338,0.81402,0.66612,0.94626,0.93658,0.00994885,0.00994885,0.00994885
231,26024.8,0.75623,1.16355,1.06909,0.86558,0.94682,0.93266,0.81443,0.66566,0.94512,0.93616,0.0099484,0.0099484,0.0099484
232,26140,0.75796,1.16018,1.07966,0.86379,0.9477,0.93341,0.81537,0.66505,0.94391,0.93579,0.00994795,0.00994795,0.00994795
233,26254,0.72975,1.13422,1.06006,0.86305,0.9477,0.93254,0.8142,0.66506,0.94476,0.93573,0.0099475,0.0099475,0.0099475
234,26368,0.73637,1.1182,1.05517,0.86517,0.9477,0.93307,0.81575,0.66385,0.94143,0.93492,0.00994705,0.00994705,0.00994705
235,26477,0.75734,1.13617,1.07775,0.86477,0.9477,0.93326,0.8155,0.66341,0.94118,0.93476,0.00994659,0.00994659,0.00994659
236,26585,0.73832,1.1166,1.064,0.86294,0.9477,0.93411,0.81618,0.6628,0.93956,0.93466,0.00994614,0.00994614,0.00994614
237,26694.1,0.73934,1.11944,1.06416,0.86318,0.9477,0.93276,0.81653,0.66207,0.93772,0.93416,0.00994568,0.00994568,0.00994568
238,26803.4,0.73245,1.16784,1.05833,0.86391,0.9477,0.93259,0.81618,0.66188,0.9391,0.93409,0.00994522,0.00994522,0.00994522
239,26913,0.74748,1.12187,1.05732,0.86512,0.9477,0.93352,0.81692,0.66184,0.93796,0.93428,0.00994476,0.00994476,0.00994476
240,27022.8,0.75674,1.18388,1.06986,0.86455,0.9477,0.93318,0.81416,0.66169,0.93713,0.93413,0.00994429,0.00994429,0.00994429
241,27132.2,0.73677,1.12632,1.06509,0.86514,0.9482,0.93332,0.81454,0.66138,0.9382,0.93398,0.00994383,0.00994383,0.00994383
242,27242.8,0.74035,1.13131,1.07042,0.86501,0.94966,0.93382,0.81557,0.66139,0.93889,0.93398,0.00994336,0.00994336,0.00994336
243,27352.8,0.75454,1.14592,1.06543,0.86508,0.94953,0.93406,0.81569,0.66181,0.93828,0.93404,0.00994289,0.00994289,0.00994289
244,27461.3,0.749,1.17123,1.06866,0.865,0.95026,0.93398,0.81591,0.66169,0.94037,0.93405,0.00994242,0.00994242,0.00994242
245,27571.4,0.74796,1.17479,1.06878,0.86475,0.95026,0.93351,0.816,0.66175,0.93971,0.93388,0.00994194,0.00994194,0.00994194
246,27680.6,0.74027,1.16188,1.05935,0.86458,0.95026,0.93322,0.81613,0.66124,0.93942,0.93381,0.00994147,0.00994147,0.00994147
247,27789.2,0.74441,1.14029,1.05972,0.86476,0.95026,0.93261,0.81552,0.66149,0.94067,0.934,0.00994099,0.00994099,0.00994099
248,27898.1,0.74446,1.13241,1.06536,0.8652,0.95026,0.93366,0.81588,0.66155,0.94179,0.93401,0.00994051,0.00994051,0.00994051
249,28007.5,0.73401,1.11422,1.0469,0.86457,0.95026,0.93298,0.81601,0.66089,0.94189,0.93379,0.00994003,0.00994003,0.00994003
250,28116.7,0.7267,1.13569,1.04476,0.86496,0.95026,0.93395,0.81706,0.66092,0.94164,0.93373,0.00993954,0.00993954,0.00993954
251,28225.4,0.7296,1.11337,1.05592,0.86506,0.95026,0.93399,0.81673,0.66105,0.94182,0.93349,0.00993906,0.00993906,0.00993906
252,28336,0.74292,1.11928,1.06624,0.86538,0.95026,0.93318,0.81635,0.66135,0.94249,0.93377,0.00993857,0.00993857,0.00993857
253,28446,0.74424,1.10994,1.06969,0.86264,0.95026,0.93349,0.8168,0.66135,0.94449,0.93364,0.00993808,0.00993808,0.00993808
254,28556.3,0.74366,1.12293,1.07716,0.86373,0.95026,0.93219,0.8145,0.66076,0.94691,0.93319,0.00993759,0.00993759,0.00993759
255,28665.8,0.73523,1.14612,1.05308,0.86402,0.95026,0.93302,0.81651,0.66087,0.94766,0.93321,0.0099371,0.0099371,0.0099371
256,28775.7,0.75017,1.16245,1.06872,0.86454,0.94892,0.93258,0.81574,0.66093,0.94792,0.93339,0.0099366,0.0099366,0.0099366
257,28885.5,0.73894,1.0913,1.06327,0.86318,0.94623,0.93314,0.81617,0.66108,0.947,0.93349,0.0099361,0.0099361,0.0099361
258,28995.5,0.73175,1.09752,1.05859,0.86337,0.94638,0.93323,0.81572,0.66124,0.9486,0.93364,0.0099356,0.0099356,0.0099356
259,29104.7,0.73828,1.13043,1.05817,0.86354,0.94569,0.93154,0.81472,0.66194,0.94961,0.93396,0.0099351,0.0099351,0.0099351
260,29214.3,0.73883,1.10609,1.06087,0.86385,0.94579,0.93241,0.81559,0.662,0.95032,0.93407,0.0099346,0.0099346,0.0099346
261,29323.9,0.7428,1.11781,1.0709,0.86416,0.9461,0.93201,0.81513,0.66231,0.95125,0.93441,0.0099341,0.0099341,0.0099341
262,29434,0.7392,1.14614,1.05946,0.86393,0.94437,0.93377,0.81688,0.66314,0.95218,0.93511,0.00993359,0.00993359,0.00993359
263,29544.1,0.72534,1.12421,1.05598,0.86381,0.94339,0.93367,0.81537,0.66327,0.95081,0.93511,0.00993308,0.00993308,0.00993308
264,29653.8,0.74426,1.14345,1.06767,0.86322,0.9437,0.93372,0.81759,0.66308,0.95231,0.93522,0.00993257,0.00993257,0.00993257
265,29763.2,0.73752,1.07477,1.05109,0.86282,0.94401,0.93342,0.8173,0.66362,0.95158,0.93543,0.00993206,0.00993206,0.00993206
266,29873.3,0.73186,1.12425,1.05465,0.86414,0.94605,0.93356,0.81714,0.66435,0.95278,0.93573,0.00993154,0.00993154,0.00993154
267,29982.9,0.73624,1.10305,1.05506,0.86254,0.94695,0.93315,0.81645,0.66446,0.95342,0.93586,0.00993103,0.00993103,0.00993103
268,30093.1,0.73228,1.12682,1.05801,0.86282,0.94764,0.93269,0.81636,0.66538,0.95488,0.93648,0.00993051,0.00993051,0.00993051
269,30204.6,0.73364,1.11265,1.05347,0.86591,0.94543,0.93258,0.81579,0.6654,0.95345,0.93676,0.00992999,0.00992999,0.00992999
270,30314.5,0.73152,1.13169,1.05759,0.8659,0.94557,0.93321,0.81643,0.66555,0.95355,0.93684,0.00992946,0.00992946,0.00992946
271,30424.1,0.73334,1.12371,1.0553,0.86586,0.94534,0.93248,0.81528,0.66583,0.95327,0.93695,0.00992894,0.00992894,0.00992894
272,30533,0.73452,1.07986,1.052,0.86529,0.94162,0.93311,0.81645,0.66594,0.95376,0.93676,0.00992841,0.00992841,0.00992841
273,30642.5,0.7299,1.08683,1.05359,0.86528,0.94145,0.93264,0.81629,0.66571,0.95574,0.93684,0.00992789,0.00992789,0.00992789
274,30751.4,0.72716,1.12047,1.0582,0.86528,0.94162,0.93288,0.81565,0.66608,0.95704,0.93687,0.00992736,0.00992736,0.00992736
275,30861.6,0.72793,1.09969,1.05925,0.86524,0.94115,0.93328,0.81644,0.66628,0.95997,0.93678,0.00992682,0.00992682,0.00992682
276,30972.5,0.73063,1.13702,1.06137,0.86519,0.94112,0.93251,0.81392,0.66666,0.96034,0.93691,0.00992629,0.00992629,0.00992629
277,31082.3,0.74786,1.11829,1.0699,0.86513,0.94037,0.93209,0.81379,0.66714,0.96142,0.93707,0.00992576,0.00992576,0.00992576
278,31192.5,0.73834,1.14245,1.05739,0.86512,0.94023,0.93224,0.81378,0.66746,0.96137,0.937,0.00992522,0.00992522,0.00992522
279,31302.9,0.73593,1.10525,1.05558,0.86399,0.93948,0.93167,0.81385,0.66702,0.9596,0.93677,0.00992468,0.00992468,0.00992468
280,31413.3,0.74145,1.1326,1.05668,0.86334,0.93917,0.93222,0.81483,0.6679,0.96241,0.93717,0.00992414,0.00992414,0.00992414
281,31522.7,0.73005,1.10997,1.04938,0.86206,0.93863,0.932,0.8138,0.66749,0.96233,0.93716,0.00992359,0.00992359,0.00992359
282,31632.1,0.71993,1.03962,1.05266,0.86199,0.93836,0.93137,0.81481,0.66764,0.96175,0.93721,0.00992305,0.00992305,0.00992305
283,31740.6,0.73735,1.12702,1.05864,0.86223,0.93807,0.93178,0.81418,0.6673,0.96066,0.93699,0.0099225,0.0099225,0.0099225
284,31850.4,0.73715,1.12885,1.05632,0.86387,0.94613,0.93212,0.81371,0.66735,0.96188,0.93707,0.00992195,0.00992195,0.00992195
285,31959.7,0.72933,1.10435,1.05888,0.8626,0.94702,0.93176,0.81609,0.66723,0.96067,0.9369,0.0099214,0.0099214,0.0099214
286,32069.1,0.72242,1.06901,1.04741,0.86239,0.94685,0.93214,0.81315,0.66716,0.95977,0.93677,0.00992085,0.00992085,0.00992085
287,32178.8,0.71835,1.09651,1.04761,0.86105,0.94709,0.93107,0.81203,0.66718,0.95849,0.93661,0.00992029,0.00992029,0.00992029
288,32288.2,0.73411,1.08334,1.05932,0.86266,0.94681,0.93054,0.81205,0.6665,0.95737,0.93602,0.00991974,0.00991974,0.00991974
289,32398.6,0.74022,1.10067,1.05764,0.86236,0.94649,0.93126,0.81384,0.66603,0.95838,0.93567,0.00991918,0.00991918,0.00991918
290,32508.9,0.71079,1.10158,1.04424,0.8618,0.94602,0.93138,0.8123,0.66545,0.95895,0.93528,0.00991862,0.00991862,0.00991862
291,32618.9,0.7219,1.10677,1.0449,0.8619,0.94625,0.93242,0.81267,0.66544,0.95845,0.93535,0.00991805,0.00991805,0.00991805
292,32728,0.73501,1.09215,1.05859,0.86346,0.94638,0.93227,0.81305,0.66509,0.9568,0.93527,0.00991749,0.00991749,0.00991749
293,32838.2,0.73556,1.11308,1.06376,0.86332,0.94048,0.93149,0.8118,0.66442,0.95777,0.93524,0.00991692,0.00991692,0.00991692
294,32948.8,0.7168,1.06519,1.04309,0.8632,0.93976,0.93146,0.81124,0.66448,0.95485,0.9354,0.00991635,0.00991635,0.00991635
295,33058.7,0.72333,1.05969,1.05349,0.86406,0.93906,0.93148,0.81185,0.66414,0.95532,0.93518,0.00991578,0.00991578,0.00991578
296,33168.8,0.72305,1.09555,1.05027,0.86384,0.94003,0.93167,0.81279,0.66408,0.95538,0.93511,0.00991521,0.00991521,0.00991521
297,33278.8,0.74056,1.09689,1.06284,0.86328,0.94005,0.93148,0.81328,0.66354,0.9555,0.93507,0.00991464,0.00991464,0.00991464
298,33388.7,0.74716,1.09004,1.06279,0.86284,0.94005,0.9311,0.81408,0.66305,0.95516,0.93489,0.00991406,0.00991406,0.00991406
299,33498.1,0.71562,1.09906,1.05098,0.86231,0.94013,0.93031,0.81456,0.66265,0.95538,0.93486,0.00991348,0.00991348,0.00991348
300,33607.8,0.723,1.09567,1.05244,0.86404,0.94005,0.93017,0.81421,0.66305,0.95455,0.93495,0.0099129,0.0099129,0.0099129
301,33717.6,0.71477,1.09502,1.05308,0.8659,0.94257,0.92967,0.8136,0.66298,0.95571,0.93531,0.00991232,0.00991232,0.00991232
302,33827.5,0.73896,1.09679,1.05492,0.86584,0.9425,0.92994,0.81296,0.66223,0.95464,0.93492,0.00991174,0.00991174,0.00991174
303,33936.2,0.72741,1.06534,1.05375,0.8658,0.9423,0.93007,0.8127,0.66261,0.95573,0.93497,0.00991115,0.00991115,0.00991115
304,34045.9,0.71132,1.0436,1.03806,0.86574,0.94242,0.92987,0.81268,0.66213,0.95593,0.93479,0.00991056,0.00991056,0.00991056
305,34154.9,0.72808,1.09751,1.04796,0.86578,0.94191,0.93052,0.81231,0.6623,0.95806,0.93503,0.00990998,0.00990998,0.00990998
306,34264.7,0.73724,1.09658,1.05594,0.86751,0.94194,0.92932,0.81055,0.66244,0.96008,0.93515,0.00990938,0.00990938,0.00990938
307,34374.7,0.71781,1.06587,1.04912,0.86569,0.9431,0.929,0.81158,0.66267,0.96309,0.93522,0.00990879,0.00990879,0.00990879
308,34484.9,0.73146,1.06135,1.05014,0.86576,0.94423,0.92887,0.81048,0.66244,0.96053,0.93511,0.0099082,0.0099082,0.0099082
309,34592.7,0.73205,1.08027,1.04879,0.86582,0.94396,0.92889,0.80981,0.66225,0.96015,0.93502,0.0099076,0.0099076,0.0099076
310,34699.2,0.72399,1.06312,1.05163,0.86583,0.94453,0.92933,0.81067,0.66181,0.95757,0.9349,0.009907,0.009907,0.009907
311,34802.3,0.72883,1.08471,1.04778,0.86642,0.95026,0.92808,0.80906,0.66166,0.95897,0.93515,0.0099064,0.0099064,0.0099064
312,34904,0.72136,1.05976,1.04934,0.86587,0.94298,0.93014,0.81284,0.66141,0.95812,0.93514,0.0099058,0.0099058,0.0099058
313,35006,0.73414,1.08277,1.05058,0.86617,0.9426,0.93032,0.81143,0.66155,0.95849,0.93504,0.00990519,0.00990519,0.00990519
314,35108.2,0.7264,1.11423,1.05593,0.86733,0.9426,0.9296,0.81115,0.66166,0.9581,0.93513,0.00990458,0.00990458,0.00990458
315,35210.7,0.72454,1.06603,1.04457,0.86804,0.943,0.92974,0.81056,0.66128,0.95787,0.93482,0.00990397,0.00990397,0.00990397
316,35312.6,0.73801,1.11207,1.04742,0.86808,0.9426,0.92913,0.80954,0.66152,0.95775,0.9348,0.00990336,0.00990336,0.00990336
317,35415.5,0.72818,1.08001,1.04795,0.86832,0.9426,0.92865,0.80857,0.66184,0.96025,0.93516,0.00990275,0.00990275,0.00990275
318,35519.2,0.72328,1.05679,1.04497,0.86724,0.9426,0.92901,0.80863,0.66132,0.9604,0.93477,0.00990214,0.00990214,0.00990214
319,35623.2,0.70686,1.05602,1.04002,0.86618,0.94282,0.92969,0.81042,0.66146,0.96081,0.93477,0.00990152,0.00990152,0.00990152
320,35726.9,0.72599,1.07316,1.04546,0.86578,0.9426,0.92935,0.80905,0.66213,0.96082,0.93492,0.0099009,0.0099009,0.0099009
321,35830.9,0.72145,1.08729,1.05647,0.86553,0.9426,0.93008,0.81002,0.66146,0.96024,0.93481,0.00990028,0.00990028,0.00990028
322,35936.1,0.72164,1.05453,1.05043,0.86518,0.9426,0.92962,0.80943,0.66053,0.95855,0.93432,0.00989966,0.00989966,0.00989966
323,36039.8,0.73589,1.09984,1.05199,0.86505,0.9426,0.92999,0.81047,0.65993,0.95952,0.9342,0.00989904,0.00989904,0.00989904
324,36142.6,0.71944,1.03163,1.06024,0.86429,0.9426,0.93148,0.81158,0.65949,0.95839,0.93378,0.00989841,0.00989841,0.00989841
325,36246,0.72242,1.05464,1.04566,0.86375,0.9426,0.92996,0.81091,0.659,0.95791,0.93352,0.00989778,0.00989778,0.00989778
326,36349.1,0.72531,1.08811,1.0598,0.86338,0.9426,0.93082,0.81157,0.65842,0.95735,0.93344,0.00989715,0.00989715,0.00989715
327,36452.7,0.71988,1.07236,1.05446,0.86341,0.9426,0.93041,0.81143,0.65799,0.95554,0.93318,0.00989652,0.00989652,0.00989652
328,36556.3,0.72228,1.08375,1.04528,0.86285,0.94269,0.93084,0.81363,0.65787,0.95522,0.93325,0.00989589,0.00989589,0.00989589
329,36660.4,0.72918,1.0842,1.05556,0.86354,0.9426,0.93051,0.81235,0.65742,0.95457,0.93304,0.00989525,0.00989525,0.00989525
330,36764.5,0.72316,1.0492,1.04236,0.86214,0.9426,0.92994,0.81359,0.65692,0.9536,0.93277,0.00989461,0.00989461,0.00989461
331,36869.7,0.71685,1.05808,1.04847,0.86384,0.94788,0.93191,0.81381,0.65738,0.95327,0.93308,0.00989398,0.00989398,0.00989398
332,36973.7,0.72543,1.04825,1.05071,0.86393,0.94783,0.93135,0.81513,0.65732,0.95359,0.93308,0.00989333,0.00989333,0.00989333
333,37077.6,0.7382,1.09736,1.05519,0.86367,0.94956,0.93053,0.81558,0.65685,0.95342,0.93286,0.00989269,0.00989269,0.00989269
334,37182.4,0.72032,1.06246,1.04812,0.86358,0.94943,0.9301,0.81329,0.65676,0.95437,0.9328,0.00989205,0.00989205,0.00989205
335,37286.5,0.72371,1.03505,1.044,0.86368,0.94919,0.93148,0.81688,0.65647,0.9551,0.93249,0.0098914,0.0098914,0.0098914
336,37390.2,0.74604,1.07138,1.06457,0.86368,0.94879,0.93005,0.81517,0.65666,0.95598,0.93278,0.00989075,0.00989075,0.00989075
337,37494.6,0.72999,1.10567,1.05641,0.86364,0.9486,0.92976,0.81458,0.65706,0.95553,0.93282,0.0098901,0.0098901,0.0098901
338,37599.6,0.72525,1.07029,1.03761,0.86341,0.94705,0.92964,0.81556,0.65782,0.95482,0.93317,0.00988945,0.00988945,0.00988945
339,37703,0.71236,1.06158,1.03918,0.86336,0.94515,0.929,0.81438,0.65805,0.95598,0.93383,0.00988879,0.00988879,0.00988879
340,37807.2,0.71032,1.03705,1.03785,0.86466,0.94515,0.93016,0.81409,0.65855,0.95722,0.93413,0.00988814,0.00988814,0.00988814
341,37910.5,0.71681,1.04276,1.05837,0.86578,0.94515,0.9287,0.81455,0.65896,0.95807,0.93451,0.00988748,0.00988748,0.00988748
342,38014.5,0.70787,1.06128,1.0424,0.86869,0.93935,0.92767,0.81159,0.65939,0.95958,0.93473,0.00988682,0.00988682,0.00988682
343,38118.4,0.71469,1.06796,1.04532,0.86905,0.94102,0.9278,0.81338,0.65973,0.961,0.93498,0.00988615,0.00988615,0.00988615
344,38221.9,0.71504,1.06285,1.04535,0.86669,0.94515,0.92807,0.81376,0.65928,0.96125,0.93492,0.00988549,0.00988549,0.00988549
345,38325.9,0.71512,1.03634,1.04652,0.86713,0.94515,0.92979,0.81469,0.65855,0.96145,0.93465,0.00988482,0.00988482,0.00988482
346,38430.3,0.71177,1.01107,1.04006,0.86666,0.94515,0.92827,0.81449,0.65814,0.96022,0.93455,0.00988416,0.00988416,0.00988416
347,38534.2,0.71105,1.05109,1.04235,0.86884,0.93933,0.92804,0.81515,0.65755,0.95792,0.93416,0.00988349,0.00988349,0.00988349
348,38637.6,0.72887,1.03668,1.05015,0.8689,0.93969,0.92861,0.81535,0.65758,0.95521,0.9343,0.00988281,0.00988281,0.00988281
349,38740,0.71876,1.04345,1.04041,0.86792,0.93831,0.9287,0.81578,0.65718,0.95586,0.93378,0.00988214,0.00988214,0.00988214
350,38843,0.71566,1.05162,1.04784,0.86787,0.93821,0.92938,0.81633,0.65729,0.95553,0.93358,0.00988147,0.00988147,0.00988147
351,38946.6,0.71974,1.07181,1.04574,0.86685,0.93883,0.92945,0.81706,0.65701,0.95389,0.93305,0.00988079,0.00988079,0.00988079
352,39049.6,0.72444,1.03054,1.05128,0.86695,0.93738,0.92979,0.81655,0.6565,0.95391,0.93294,0.00988011,0.00988011,0.00988011
353,39153.2,0.72461,1.04367,1.05459,0.86726,0.9376,0.92927,0.81699,0.65624,0.95384,0.93275,0.00987943,0.00987943,0.00987943
354,39257,0.72583,1.08743,1.04573,0.86744,0.93796,0.92942,0.81736,0.65638,0.95473,0.93276,0.00987874,0.00987874,0.00987874
355,39361.3,0.71582,1.05888,1.04821,0.8692,0.93897,0.93015,0.81802,0.65601,0.95425,0.93281,0.00987806,0.00987806,0.00987806
356,39467.2,0.71174,1.01646,1.04531,0.86775,0.94005,0.93071,0.81898,0.65593,0.95404,0.9327,0.00987737,0.00987737,0.00987737
357,39573.4,0.72381,1.04274,1.03313,0.87274,0.93875,0.93103,0.81946,0.65546,0.95462,0.93271,0.00987668,0.00987668,0.00987668
358,39677.7,0.71818,1.05819,1.05146,0.87085,0.94111,0.93088,0.81882,0.65553,0.95317,0.93264,0.00987599,0.00987599,0.00987599
359,39782.7,0.7142,1.03599,1.03918,0.87088,0.94037,0.93134,0.82005,0.65535,0.95569,0.93261,0.0098753,0.0098753,0.0098753
360,39887.8,0.7223,1.04713,1.0445,0.87082,0.93973,0.93033,0.81855,0.6554,0.95324,0.93257,0.0098746,0.0098746,0.0098746
361,39993.3,0.70675,1.01886,1.03971,0.87275,0.93976,0.93073,0.81841,0.65578,0.95592,0.93275,0.00987391,0.00987391,0.00987391
362,40097.3,0.72524,1.02376,1.04913,0.87271,0.93946,0.93111,0.82015,0.6553,0.95527,0.93246,0.00987321,0.00987321,0.00987321
363,40202.3,0.71103,1.05113,1.03205,0.87278,0.93959,0.93167,0.82068,0.65491,0.95292,0.93215,0.00987251,0.00987251,0.00987251
364,40307.9,0.70902,1.03272,1.03415,0.87279,0.94023,0.93107,0.81891,0.65434,0.95379,0.93209,0.00987181,0.00987181,0.00987181
365,40413.6,0.71026,1.03055,1.03859,0.87285,0.94058,0.93001,0.82005,0.6539,0.95162,0.93178,0.0098711,0.0098711,0.0098711
366,40519.1,0.71618,1.05268,1.04585,0.8704,0.94005,0.92924,0.81591,0.65405,0.95127,0.93181,0.0098704,0.0098704,0.0098704
367,40624.9,0.71426,1.03463,1.04319,0.87097,0.94515,0.92959,0.81716,0.65364,0.9504,0.93153,0.00986969,0.00986969,0.00986969
368,40729.4,0.69788,1.01737,1.03619,0.87031,0.94515,0.92961,0.81616,0.65308,0.95206,0.9316,0.00986898,0.00986898,0.00986898
369,40833.6,0.7248,1.05179,1.04879,0.8681,0.94515,0.92974,0.81658,0.65288,0.95124,0.93161,0.00986827,0.00986827,0.00986827
370,40939.1,0.70622,1.03356,1.03994,0.86703,0.94515,0.92958,0.81606,0.65267,0.95294,0.93187,0.00986755,0.00986755,0.00986755
371,41044.2,0.72125,1.05049,1.05055,0.86696,0.94515,0.93014,0.81595,0.65283,0.95382,0.93198,0.00986684,0.00986684,0.00986684
372,41149.3,0.69637,1.05346,1.02782,0.86659,0.94515,0.92887,0.81408,0.65207,0.95229,0.93157,0.00986612,0.00986612,0.00986612
373,41253.1,0.71517,0.99855,1.04303,0.86667,0.94515,0.92988,0.81559,0.65224,0.953,0.93167,0.0098654,0.0098654,0.0098654
374,41357.8,0.70535,1.04239,1.03507,0.86712,0.94515,0.92879,0.8155,0.6517,0.95165,0.93161,0.00986468,0.00986468,0.00986468
375,41462.5,0.70514,1.01332,1.03974,0.86812,0.94587,0.92964,0.8169,0.65137,0.94961,0.93162,0.00986396,0.00986396,0.00986396
376,41567.2,0.70694,1.02325,1.03805,0.86931,0.94515,0.92864,0.81593,0.65098,0.94829,0.93136,0.00986323,0.00986323,0.00986323
377,41671.7,0.71523,1.02857,1.03595,0.86898,0.94515,0.92915,0.81677,0.6507,0.94779,0.93137,0.0098625,0.0098625,0.0098625
378,41777,0.71434,1.00572,1.03868,0.86924,0.94515,0.92872,0.81628,0.65042,0.9477,0.93127,0.00986178,0.00986178,0.00986178
379,41881.4,0.71479,1.01727,1.03097,0.86889,0.94515,0.92994,0.81735,0.65056,0.95001,0.93146,0.00986104,0.00986104,0.00986104
380,41986,0.71187,1.04637,1.04329,0.8699,0.94515,0.9296,0.8162,0.65008,0.94948,0.93135,0.00986031,0.00986031,0.00986031
381,42091,0.72333,1.04612,1.05148,0.88029,0.92991,0.93035,0.81822,0.64957,0.9482,0.93109,0.00985958,0.00985958,0.00985958
382,42195.4,0.71209,1.02494,1.05028,0.87979,0.93011,0.93,0.81827,0.64934,0.94789,0.93099,0.00985884,0.00985884,0.00985884
383,42300.9,0.69859,1.00722,1.03028,0.8678,0.94269,0.9309,0.81827,0.64848,0.94789,0.93069,0.0098581,0.0098581,0.0098581
384,42406.4,0.72655,1.05626,1.05016,0.87937,0.93022,0.93084,0.81836,0.64825,0.94808,0.93073,0.00985736,0.00985736,0.00985736
385,42510.1,0.72034,1.05695,1.03936,0.87918,0.93095,0.93125,0.81916,0.64814,0.94759,0.9308,0.00985662,0.00985662,0.00985662
386,42613.5,0.70893,1.03512,1.03362,0.87912,0.93141,0.93188,0.81967,0.64782,0.94841,0.93081,0.00985588,0.00985588,0.00985588
387,42718.2,0.70531,1.05708,1.04463,0.87795,0.9324,0.93182,0.81976,0.6475,0.94669,0.93085,0.00985513,0.00985513,0.00985513
388,42823.2,0.72013,1.01886,1.04518,0.87981,0.93336,0.93095,0.81915,0.64702,0.94692,0.9309,0.00985438,0.00985438,0.00985438
389,42927.5,0.72231,1.08146,1.05359,0.8762,0.93768,0.93209,0.81974,0.64734,0.94713,0.93105,0.00985363,0.00985363,0.00985363
390,43033.4,0.71668,1.02212,1.04371,0.87619,0.93909,0.93115,0.82038,0.6471,0.9475,0.93112,0.00985288,0.00985288,0.00985288
391,43137.9,0.71343,1.03233,1.04526,0.87558,0.93996,0.93278,0.82227,0.64643,0.94545,0.93085,0.00985213,0.00985213,0.00985213
392,43243.7,0.70349,1.0485,1.03837,0.8754,0.94005,0.93238,0.82217,0.64603,0.94452,0.93078,0.00985137,0.00985137,0.00985137
393,43348.7,0.69798,1.02109,1.03763,0.87555,0.94005,0.93136,0.82103,0.64591,0.94356,0.9309,0.00985061,0.00985061,0.00985061
394,43453.9,0.69228,0.98955,1.02719,0.86791,0.9477,0.93276,0.82216,0.64569,0.94418,0.93075,0.00984985,0.00984985,0.00984985
395,43558.6,0.70815,1.02594,1.04136,0.87047,0.9426,0.93281,0.82314,0.6453,0.94332,0.93072,0.00984909,0.00984909,0.00984909
396,43662.9,0.71186,0.9951,1.03927,0.87207,0.94435,0.93101,0.82222,0.6448,0.94397,0.93056,0.00984833,0.00984833,0.00984833
397,43766.8,0.71019,1.03306,1.05111,0.87212,0.9477,0.93298,0.82589,0.64457,0.9431,0.93078,0.00984757,0.00984757,0.00984757
398,43871.5,0.70763,1.03238,1.0378,0.87183,0.9477,0.93291,0.82482,0.64447,0.94222,0.93076,0.0098468,0.0098468,0.0098468
399,43976.3,0.71098,1.04481,1.03422,0.87187,0.9477,0.93206,0.82434,0.64407,0.93914,0.93051,0.00984603,0.00984603,0.00984603
400,44081.1,0.70622,1.02998,1.03783,0.87194,0.9477,0.93252,0.82543,0.64362,0.93846,0.9304,0.00984526,0.00984526,0.00984526
401,44185.2,0.70875,1.30232,1.03557,0.87245,0.9477,0.93235,0.82507,0.6432,0.93885,0.93037,0.00984449,0.00984449,0.00984449
402,44290.3,0.70508,1.03677,1.03836,0.87187,0.9477,0.93069,0.82511,0.6434,0.93725,0.93073,0.00984371,0.00984371,0.00984371
403,44395.7,0.72029,1.0208,1.04493,0.87216,0.9477,0.93172,0.82574,0.64356,0.9349,0.93083,0.00984294,0.00984294,0.00984294
404,44500.8,0.71269,1.04008,1.03862,0.87259,0.9477,0.93277,0.8259,0.64391,0.93562,0.93118,0.00984216,0.00984216,0.00984216
405,44605.6,0.72173,1.02904,1.04751,0.86704,0.9477,0.93052,0.82354,0.64411,0.93674,0.93118,0.00984138,0.00984138,0.00984138
406,44710.9,0.7148,1.02685,1.04401,0.86662,0.94778,0.93148,0.82579,0.64451,0.9369,0.93137,0.0098406,0.0098406,0.0098406
407,44815.9,0.72009,1.03529,1.04931,0.87136,0.9477,0.93056,0.82455,0.64456,0.93777,0.9313,0.00983981,0.00983981,0.00983981
408,44920.7,0.70558,1.00341,1.03587,0.87286,0.9426,0.93235,0.82498,0.6442,0.9354,0.93112,0.00983903,0.00983903,0.00983903
409,45025.9,0.70096,1.01898,1.03551,0.874,0.94334,0.93237,0.82581,0.64469,0.9364,0.9313,0.00983824,0.00983824,0.00983824
410,45130.4,0.71593,1.00836,1.04121,0.87566,0.93974,0.93248,0.82561,0.64492,0.93564,0.9315,0.00983745,0.00983745,0.00983745
411,45234.6,0.71633,1.03607,1.0375,0.86588,0.95031,0.932,0.82512,0.64483,0.93386,0.93116,0.00983666,0.00983666,0.00983666
412,45339.2,0.70555,1.02611,1.03857,0.86578,0.95062,0.93307,0.82676,0.64455,0.9328,0.93116,0.00983586,0.00983586,0.00983586
413,45443,0.70401,1.03561,1.04177,0.86566,0.95107,0.93291,0.82558,0.64471,0.93341,0.9311,0.00983507,0.00983507,0.00983507
414,45547.1,0.71369,1.03255,1.04523,0.86571,0.95148,0.93239,0.82546,0.64485,0.93203,0.93134,0.00983427,0.00983427,0.00983427
415,45651.6,0.70771,1.03943,1.03197,0.86567,0.95133,0.93282,0.82713,0.64467,0.93131,0.93094,0.00983347,0.00983347,0.00983347
416,45756.8,0.70362,1.0084,1.04295,0.8655,0.95281,0.93279,0.82805,0.64466,0.93132,0.93102,0.00983267,0.00983267,0.00983267
417,45861.7,0.71133,1.04355,1.03952,0.86526,0.95281,0.93301,0.82755,0.64443,0.93032,0.93066,0.00983187,0.00983187,0.00983187
418,45966.6,0.71422,1.0461,1.03072,0.86533,0.95281,0.93362,0.82815,0.64433,0.92829,0.9308,0.00983106,0.00983106,0.00983106
419,46071.6,0.70644,0.98969,1.0326,0.87413,0.9375,0.93216,0.8269,0.64444,0.92746,0.93081,0.00983026,0.00983026,0.00983026
420,46176.7,0.70517,1.05573,1.04239,0.87424,0.9375,0.93257,0.82744,0.64378,0.92845,0.9306,0.00982945,0.00982945,0.00982945
421,46281.1,0.71578,1.02353,1.05263,0.87428,0.9375,0.93318,0.82777,0.64337,0.92676,0.93053,0.00982864,0.00982864,0.00982864
422,46385.4,0.69749,1.01369,1.0447,0.87423,0.9375,0.93304,0.82659,0.64335,0.92786,0.93066,0.00982783,0.00982783,0.00982783
423,46490.5,0.71701,1.01703,1.042,0.87413,0.9375,0.93203,0.82714,0.64266,0.92676,0.93038,0.00982701,0.00982701,0.00982701
424,46595.7,0.70087,0.99285,1.03265,0.87433,0.9375,0.93272,0.82659,0.64242,0.9245,0.93013,0.0098262,0.0098262,0.0098262
425,46701,0.69687,1.02059,1.04099,0.86805,0.9477,0.93271,0.82686,0.64203,0.92313,0.9298,0.00982538,0.00982538,0.00982538
426,46806.1,0.70195,1.05486,1.02815,0.87431,0.9375,0.9329,0.82795,0.6418,0.92415,0.92944,0.00982456,0.00982456,0.00982456
427,46912.1,0.70339,1.01404,1.0374,0.87088,0.94715,0.93272,0.82826,0.64099,0.92367,0.92906,0.00982374,0.00982374,0.00982374
428,47017.2,0.71268,1.01714,1.03772,0.87076,0.9477,0.93178,0.82761,0.64115,0.92358,0.92922,0.00982291,0.00982291,0.00982291
429,47121,0.68364,1.01429,1.02383,0.87072,0.94005,0.9323,0.82808,0.64127,0.92481,0.92957,0.00982209,0.00982209,0.00982209
430,47225.8,0.72665,1.02444,1.04938,0.87061,0.94046,0.93258,0.82686,0.64101,0.92383,0.92928,0.00982126,0.00982126,0.00982126
431,47331.1,0.70675,0.99103,1.03578,0.87163,0.94005,0.93305,0.82895,0.64141,0.92284,0.92968,0.00982043,0.00982043,0.00982043
432,47436.8,0.70753,1.04009,1.03337,0.87157,0.94005,0.93239,0.82758,0.64202,0.92115,0.92993,0.0098196,0.0098196,0.0098196
433,47541.2,0.71524,1.01761,1.04128,0.8722,0.94005,0.93127,0.82612,0.64215,0.91972,0.93017,0.00981877,0.00981877,0.00981877
434,47645.7,0.71631,1.03203,1.04524,0.8725,0.94005,0.93149,0.82676,0.64249,0.91828,0.93029,0.00981793,0.00981793,0.00981793
435,47749.1,0.71249,1.04254,1.04439,0.8785,0.93977,0.93117,0.8259,0.64254,0.91622,0.93009,0.0098171,0.0098171,0.0098171
436,47853.2,0.70475,1.02612,1.02696,0.87706,0.94005,0.93052,0.82614,0.6429,0.91655,0.93037,0.00981626,0.00981626,0.00981626
437,47958.4,0.68487,0.98289,1.03313,0.87678,0.94005,0.93117,0.82619,0.6428,0.91662,0.93033,0.00981542,0.00981542,0.00981542
438,48062.2,0.72224,1.01993,1.04691,0.8769,0.94005,0.93259,0.8277,0.64269,0.91629,0.93037,0.00981458,0.00981458,0.00981458
439,48166.6,0.71045,1.01647,1.04246,0.87696,0.94005,0.93172,0.82661,0.64244,0.91515,0.93031,0.00981373,0.00981373,0.00981373
440,48272.2,0.68821,1.00886,1.01987,0.87218,0.94525,0.93132,0.82613,0.64188,0.91388,0.93026,0.00981288,0.00981288,0.00981288
441,48376.7,0.69982,0.97946,1.0373,0.87837,0.94212,0.93203,0.8279,0.64134,0.91369,0.93008,0.00981204,0.00981204,0.00981204
442,48482.1,0.7094,0.99745,1.04112,0.87227,0.94631,0.9323,0.82866,0.64073,0.91156,0.92963,0.00981119,0.00981119,0.00981119
443,48587.6,0.70899,1.03053,1.03869,0.87688,0.94005,0.9326,0.82869,0.64039,0.91073,0.92955,0.00981034,0.00981034,0.00981034
444,48692.8,0.70677,0.99742,1.03687,0.87675,0.94005,0.9314,0.82865,0.64049,0.91163,0.92963,0.00980948,0.00980948,0.00980948
445,48797.2,0.6999,1.01139,1.03721,0.88064,0.94091,0.93279,0.82841,0.64087,0.91024,0.93034,0.00980863,0.00980863,0.00980863
446,48903.1,0.68953,0.98595,1.02982,0.8846,0.94095,0.93242,0.82762,0.64129,0.91192,0.93064,0.00980777,0.00980777,0.00980777
447,49007.9,0.70241,1.01307,1.03856,0.88176,0.93983,0.9318,0.82706,0.64105,0.91055,0.93053,0.00980691,0.00980691,0.00980691
448,49112.4,0.7109,1.00999,1.0404,0.88113,0.93974,0.93212,0.8267,0.64109,0.91106,0.9306,0.00980605,0.00980605,0.00980605
449,49216.9,0.68836,0.99615,1.03259,0.87962,0.94005,0.93163,0.82632,0.64062,0.91283,0.93046,0.00980519,0.00980519,0.00980519
450,49321.6,0.70041,1.01346,1.02763,0.88235,0.94249,0.93133,0.82592,0.6405,0.9133,0.93056,0.00980432,0.00980432,0.00980432
451,49426.9,0.70799,1.00783,1.03717,0.88061,0.93975,0.93089,0.82581,0.64051,0.91686,0.93049,0.00980345,0.00980345,0.00980345
452,49531.4,0.70564,0.98104,1.033,0.87982,0.94601,0.93172,0.82609,0.64043,0.91642,0.93041,0.00980259,0.00980259,0.00980259
453,49636.6,0.69497,1.00098,1.02884,0.87966,0.94596,0.93034,0.82518,0.64065,0.91432,0.93047,0.00980171,0.00980171,0.00980171
454,49742.4,0.71077,0.98363,1.03351,0.87868,0.94515,0.93033,0.82555,0.64045,0.91377,0.93043,0.00980084,0.00980084,0.00980084
455,49847.7,0.69052,1.01688,1.03351,0.87833,0.94515,0.93187,0.82715,0.63942,0.91263,0.92995,0.00979997,0.00979997,0.00979997
456,49952.1,0.71121,1.01151,1.0411,0.87751,0.94515,0.93102,0.82783,0.63842,0.9104,0.92917,0.00979909,0.00979909,0.00979909
457,50057.1,0.71168,0.99885,1.04269,0.87588,0.94575,0.93216,0.8278,0.63779,0.91128,0.9289,0.00979821,0.00979821,0.00979821
458,50161.4,0.69395,0.96542,1.03313,0.87566,0.94628,0.93077,0.82809,0.63692,0.91412,0.92836,0.00979733,0.00979733,0.00979733
459,50266.6,0.7079,1.00502,1.03399,0.87606,0.94615,0.92964,0.82655,0.63681,0.91228,0.92817,0.00979645,0.00979645,0.00979645
460,50372.1,0.70412,1.01933,1.03057,0.87427,0.94515,0.93099,0.82806,0.63669,0.914,0.92827,0.00979557,0.00979557,0.00979557
461,50477.3,0.69432,1.02245,1.02923,0.8745,0.94515,0.92977,0.82682,0.63656,0.91283,0.92792,0.00979468,0.00979468,0.00979468
462,50582,0.71332,1.01677,1.0399,0.87512,0.94515,0.93055,0.82734,0.63649,0.91152,0.92779,0.0097938,0.0097938,0.0097938
463,50687.2,0.70983,1.02933,1.04566,0.87675,0.94616,0.93192,0.82887,0.63657,0.91158,0.92777,0.00979291,0.00979291,0.00979291
464,50791.8,0.71264,1.03249,1.04489,0.87613,0.94515,0.9316,0.82864,0.63656,0.91011,0.92772,0.00979202,0.00979202,0.00979202
465,50894.4,0.69599,1.04053,1.03058,0.87757,0.94515,0.93178,0.82927,0.63646,0.91298,0.92744,0.00979112,0.00979112,0.00979112
466,50997.4,0.70557,1.00517,1.04981,0.87769,0.94473,0.93142,0.82914,0.63639,0.912,0.92735,0.00979023,0.00979023,0.00979023
467,51099.1,0.69937,1.03004,1.03213,0.87756,0.94452,0.93123,0.82963,0.6364,0.91316,0.92732,0.00978933,0.00978933,0.00978933
468,51198.1,0.70047,1.04879,1.03638,0.87737,0.9442,0.92941,0.82792,0.63616,0.91362,0.92738,0.00978843,0.00978843,0.00978843
469,51297.5,0.69242,0.99027,1.03211,0.87618,0.9426,0.92986,0.82753,0.63595,0.91592,0.92723,0.00978753,0.00978753,0.00978753
470,51396.2,0.70366,0.9949,1.02698,0.8748,0.9426,0.92952,0.82698,0.63525,0.91467,0.92669,0.00978663,0.00978663,0.00978663
471,51494.1,0.69697,0.97675,1.03496,0.87393,0.9433,0.92939,0.82715,0.63497,0.91496,0.92658,0.00978572,0.00978572,0.00978572
472,51593,0.68109,0.95918,1.02747,0.87219,0.9426,0.93017,0.8274,0.63531,0.91473,0.9266,0.00978482,0.00978482,0.00978482
473,51691.7,0.69396,1.03412,1.03266,0.87886,0.93725,0.92935,0.82591,0.63486,0.91394,0.92615,0.00978391,0.00978391,0.00978391
474,51790.6,0.69637,0.96327,1.03475,0.87936,0.93713,0.93053,0.82913,0.63444,0.91254,0.92576,0.009783,0.009783,0.009783
475,51890,0.71608,0.99056,1.03964,0.88202,0.93615,0.93025,0.82824,0.63408,0.91301,0.92571,0.00978209,0.00978209,0.00978209
476,51989,0.68533,1.03564,1.02499,0.88154,0.93536,0.9285,0.8255,0.6337,0.91222,0.92542,0.00978118,0.00978118,0.00978118
477,52088.2,0.69766,0.97446,1.03523,0.88144,0.93481,0.92896,0.82581,0.63406,0.91181,0.92533,0.00978026,0.00978026,0.00978026
478,52188.2,0.70324,0.99816,1.03416,0.87644,0.94212,0.92913,0.8259,0.6338,0.91135,0.92532,0.00977934,0.00977934,0.00977934
479,52288.1,0.69716,0.99276,1.02545,0.88089,0.93478,0.92938,0.82654,0.6332,0.90943,0.92517,0.00977842,0.00977842,0.00977842
480,52387.8,0.67715,0.99622,1.01991,0.88119,0.9351,0.93049,0.82744,0.63349,0.90918,0.92521,0.0097775,0.0097775,0.0097775
481,52487.5,0.71117,0.99624,1.04202,0.8813,0.93533,0.93194,0.82842,0.63363,0.90991,0.9254,0.00977658,0.00977658,0.00977658
482,52585.8,0.69233,0.99458,1.03203,0.88117,0.93582,0.93215,0.82799,0.63414,0.91049,0.92564,0.00977565,0.00977565,0.00977565
483,52684.8,0.69522,1.02245,1.03119,0.88125,0.93557,0.93057,0.82639,0.63423,0.91013,0.92547,0.00977473,0.00977473,0.00977473
484,52783.3,0.72162,1.06117,1.05676,0.8808,0.93591,0.93013,0.82642,0.63414,0.91425,0.92512,0.0097738,0.0097738,0.0097738
485,52881.5,0.7007,0.99541,1.03389,0.88082,0.93533,0.93091,0.82774,0.63435,0.91448,0.92504,0.00977287,0.00977287,0.00977287
486,52980.2,0.69905,0.97996,1.0315,0.88054,0.93487,0.93047,0.82628,0.6344,0.91176,0.92512,0.00977194,0.00977194,0.00977194
487,53080.2,0.68907,1.00451,1.03025,0.91162,0.89923,0.93024,0.82591,0.63461,0.91238,0.92496,0.009771,0.009771,0.009771
488,53179.3,0.71136,1.01191,1.03258,0.91162,0.89923,0.93074,0.8263,0.63501,0.91254,0.92504,0.00977007,0.00977007,0.00977007
489,53276.8,0.69458,0.99212,1.0223,0.91142,0.89923,0.93286,0.82802,0.63502,0.90998,0.92481,0.00976913,0.00976913,0.00976913
490,53375.1,0.67909,0.98913,1.0179,0.91227,0.90436,0.93297,0.82825,0.63489,0.91174,0.92452,0.00976819,0.00976819,0.00976819
491,53475,0.69136,0.97596,1.02425,0.91178,0.90466,0.93292,0.82814,0.63502,0.91292,0.9247,0.00976725,0.00976725,0.00976725
492,53574,0.69753,0.99339,1.0245,0.91185,0.90449,0.93204,0.82678,0.63538,0.91404,0.92471,0.0097663,0.0097663,0.0097663
493,53671.1,0.68917,1.00361,1.0254,0.91191,0.90428,0.93211,0.82742,0.63534,0.91502,0.92454,0.00976536,0.00976536,0.00976536
494,53769.2,0.7054,1.01675,1.04339,0.91053,0.90053,0.93347,0.82896,0.63599,0.91389,0.92516,0.00976441,0.00976441,0.00976441
495,53862.6,0.69661,1.02331,1.02691,0.91061,0.90086,0.93386,0.82898,0.63575,0.91328,0.92487,0.00976346,0.00976346,0.00976346
496,53955.5,0.69565,0.99694,1.03027,0.91065,0.901,0.93381,0.83025,0.63574,0.91266,0.9249,0.00976251,0.00976251,0.00976251
497,54048.8,0.68672,1.01858,1.02355,0.91074,0.90103,0.93388,0.82971,0.63617,0.91367,0.92517,0.00976156,0.00976156,0.00976156
498,54142.6,0.6865,0.94514,1.02009,0.91086,0.90145,0.93392,0.82986,0.63628,0.91455,0.92527,0.0097606,0.0097606,0.0097606
499,54236.4,0.70532,0.99849,1.04084,0.91037,0.90179,0.93356,0.82921,0.63626,0.91469,0.92516,0.00975965,0.00975965,0.00975965
500,54329.9,0.69582,1.01737,1.02953,0.91043,0.90179,0.93392,0.83078,0.63556,0.91571,0.92481,0.00975869,0.00975869,0.00975869
501,54422.4,0.6912,0.9802,1.01427,0.90056,0.91762,0.93413,0.83024,0.63542,0.91603,0.92454,0.00975773,0.00975773,0.00975773
502,54514.9,0.68834,0.97345,1.02416,0.90059,0.91791,0.93359,0.82977,0.63507,0.91662,0.9244,0.00975677,0.00975677,0.00975677
503,54608.2,0.68896,0.97654,1.02958,0.90063,0.91836,0.93376,0.83011,0.63502,0.91665,0.92423,0.0097558,0.0097558,0.0097558
504,54702,0.67648,0.97294,1.02564,0.90098,0.92174,0.93356,0.82978,0.63483,0.91668,0.92395,0.00975484,0.00975484,0.00975484
505,54795.5,0.70265,0.97648,1.03108,0.90107,0.92256,0.93337,0.82931,0.63485,0.91639,0.92386,0.00975387,0.00975387,0.00975387
506,54889.2,0.70227,0.99538,1.03023,0.90041,0.92284,0.93355,0.82998,0.63544,0.91612,0.92393,0.0097529,0.0097529,0.0097529
507,54983.1,0.68434,0.97286,1.03269,0.89982,0.92328,0.93374,0.82992,0.63542,0.91687,0.9239,0.00975193,0.00975193,0.00975193
508,55076.5,0.69395,0.97356,1.02713,0.89872,0.92347,0.93365,0.82942,0.63535,0.91604,0.92401,0.00975096,0.00975096,0.00975096
509,55169.5,0.69888,0.96692,1.02436,0.89741,0.92347,0.9335,0.82846,0.63545,0.9153,0.92404,0.00974998,0.00974998,0.00974998
510,55262.8,0.68911,0.95132,1.02494,0.89787,0.92347,0.93406,0.8297,0.63558,0.91675,0.92417,0.009749,0.009749,0.009749
511,55355.8,0.68409,0.98834,1.02967,0.90004,0.92327,0.93385,0.82824,0.63466,0.91645,0.92397,0.00974803,0.00974803,0.00974803
512,55448.9,0.68689,1.01638,1.02728,0.90111,0.92281,0.93415,0.82819,0.635,0.91552,0.92402,0.00974705,0.00974705,0.00974705
513,55543.4,0.68304,0.95186,1.01801,0.90102,0.92187,0.93376,0.82827,0.63508,0.91575,0.92417,0.00974606,0.00974606,0.00974606
514,55638.5,0.70028,0.99005,1.03246,0.90109,0.92244,0.93357,0.82789,0.63491,0.91469,0.924,0.00974508,0.00974508,0.00974508
515,55732.5,0.69222,0.97588,1.02172,0.89928,0.92229,0.93385,0.8284,0.6348,0.91079,0.92391,0.00974409,0.00974409,0.00974409
516,55826.5,0.6902,0.96773,1.03587,0.89913,0.92343,0.93407,0.82849,0.63563,0.90783,0.92395,0.0097431,0.0097431,0.0097431
517,55922.1,0.6842,0.97993,1.02575,0.89931,0.92496,0.93429,0.82867,0.63503,0.9081,0.92381,0.00974211,0.00974211,0.00974211
518,56015.7,0.69692,0.9782,1.02568,0.89961,0.9274,0.93505,0.82951,0.63496,0.90663,0.92375,0.00974112,0.00974112,0.00974112
519,56109.1,0.68352,0.96886,1.02563,0.89939,0.92743,0.93432,0.8286,0.63524,0.90593,0.92385,0.00974013,0.00974013,0.00974013
520,56201.8,0.69522,0.98035,1.02565,0.89933,0.92748,0.93413,0.82872,0.63532,0.90519,0.92407,0.00973913,0.00973913,0.00973913
521,56294.6,0.6961,0.94213,1.03241,0.89947,0.92751,0.93346,0.8285,0.63564,0.90346,0.92418,0.00973814,0.00973814,0.00973814
522,56387.1,0.6889,1.00145,1.03136,0.89956,0.92488,0.93377,0.82821,0.63564,0.9033,0.92437,0.00973714,0.00973714,0.00973714
523,56478.9,0.70196,0.99043,1.03839,0.90151,0.92596,0.93379,0.8287,0.63558,0.90337,0.92457,0.00973614,0.00973614,0.00973614
524,56571.7,0.6984,0.97583,1.02957,0.90053,0.92557,0.93493,0.82739,0.63548,0.90236,0.92466,0.00973513,0.00973513,0.00973513
525,56663.3,0.69697,1.00896,1.03519,0.90116,0.92538,0.93435,0.82756,0.63549,0.90221,0.9246,0.00973413,0.00973413,0.00973413
526,56755.2,0.68866,0.99541,1.0239,0.90115,0.92588,0.93462,0.82774,0.63517,0.90091,0.92467,0.00973312,0.00973312,0.00973312
527,56847.2,0.68983,0.96628,1.0303,0.90104,0.92602,0.93443,0.82735,0.63583,0.90275,0.92497,0.00973211,0.00973211,0.00973211
528,56939.9,0.67348,0.96766,1.01682,0.90128,0.92602,0.93457,0.82749,0.63567,0.9021,0.92481,0.0097311,0.0097311,0.0097311
529,57031.7,0.69693,0.95922,1.03792,0.90114,0.92602,0.93467,0.82941,0.63582,0.90681,0.92499,0.00973009,0.00973009,0.00973009
530,57124.4,0.69005,0.96018,1.0192,0.9005,0.92602,0.93766,0.82755,0.63583,0.906,0.92495,0.00972908,0.00972908,0.00972908
531,57216.5,0.68011,0.9712,1.0262,0.89984,0.92602,0.93832,0.8312,0.63553,0.90665,0.92497,0.00972806,0.00972806,0.00972806
532,57309.1,0.68735,0.97065,1.02404,0.89979,0.92602,0.93821,0.82983,0.63577,0.90495,0.92518,0.00972704,0.00972704,0.00972704
533,57401.8,0.6773,0.95303,1.01518,0.89952,0.92602,0.93833,0.82961,0.63588,0.90503,0.92517,0.00972603,0.00972603,0.00972603
534,57494.4,0.68457,0.97332,1.02818,0.90031,0.92602,0.93854,0.82855,0.63574,0.90438,0.92515,0.009725,0.009725,0.009725
535,57586.3,0.70588,0.98746,1.03772,0.90071,0.92602,0.93832,0.82868,0.63547,0.90429,0.92496,0.00972398,0.00972398,0.00972398
536,57679.5,0.6904,0.96781,1.02149,0.90092,0.92602,0.93868,0.83018,0.63529,0.90476,0.92509,0.00972296,0.00972296,0.00972296
537,57771.7,0.67869,0.9701,1.01385,0.90106,0.92602,0.93883,0.8291,0.63552,0.90336,0.92516,0.00972193,0.00972193,0.00972193
538,57865,0.68934,0.95725,1.01916,0.90098,0.92602,0.93859,0.82889,0.63581,0.90262,0.92523,0.0097209,0.0097209,0.0097209
539,57957.4,0.67234,0.97835,1.01951,0.90091,0.92602,0.939,0.82926,0.63579,0.90242,0.92512,0.00971987,0.00971987,0.00971987
540,58049.8,0.69145,1.00947,1.02075,0.90083,0.92602,0.93921,0.82972,0.63641,0.90234,0.92541,0.00971884,0.00971884,0.00971884
541,58142.2,0.68786,0.95812,1.02114,0.9007,0.92602,0.93882,0.82868,0.63646,0.90182,0.92544,0.0097178,0.0097178,0.0097178
542,58234.1,0.69376,0.97334,1.03224,0.90064,0.92602,0.93898,0.82799,0.6363,0.90216,0.92545,0.00971677,0.00971677,0.00971677
543,58326.5,0.6885,0.98375,1.02979,0.90067,0.92602,0.93923,0.82949,0.63627,0.90175,0.92542,0.00971573,0.00971573,0.00971573
544,58419.2,0.70025,0.97954,1.03569,0.90564,0.92305,0.93963,0.82899,0.63592,0.90188,0.92529,0.00971469,0.00971469,0.00971469
545,58511.2,0.6858,0.95504,1.02917,0.90439,0.92602,0.93923,0.82845,0.63553,0.90218,0.92518,0.00971365,0.00971365,0.00971365
546,58602.8,0.68993,0.97727,1.02497,0.90566,0.92602,0.93895,0.8277,0.63542,0.90182,0.92498,0.0097126,0.0097126,0.0097126
547,58694.4,0.70329,1.00029,1.0393,0.90581,0.92258,0.94012,0.82953,0.63583,0.902,0.92522,0.00971156,0.00971156,0.00971156
548,58786.7,0.67441,1.00763,1.00996,0.90586,0.92206,0.93921,0.82786,0.63551,0.90172,0.92502,0.00971051,0.00971051,0.00971051
549,58878.9,0.67561,0.95419,1.02721,0.90575,0.92208,0.93948,0.82881,0.63489,0.90129,0.92488,0.00970946,0.00970946,0.00970946
550,58970.6,0.68972,0.97532,1.02887,0.90574,0.92256,0.9384,0.82735,0.63474,0.90295,0.92481,0.00970841,0.00970841,0.00970841
551,59062.7,0.68394,0.98453,1.01834,0.90378,0.92347,0.93931,0.82695,0.63517,0.90278,0.92488,0.00970736,0.00970736,0.00970736
552,59154.8,0.69209,0.97294,1.02141,0.90338,0.92347,0.94004,0.82779,0.6349,0.90398,0.92485,0.00970631,0.00970631,0.00970631
553,59246.1,0.69107,1.00324,1.03024,0.90305,0.92347,0.93986,0.82832,0.6359,0.90764,0.9253,0.00970525,0.00970525,0.00970525
554,59337.4,0.67412,0.95716,1.01374,0.90487,0.92347,0.93973,0.82696,0.63545,0.90373,0.92493,0.00970419,0.00970419,0.00970419
555,59429.7,0.69134,1.00103,1.02845,0.90324,0.92347,0.94017,0.82771,0.63556,0.90459,0.92485,0.00970313,0.00970313,0.00970313
556,59521.7,0.69554,0.99787,1.03049,0.90264,0.92347,0.9398,0.82773,0.63581,0.90387,0.92512,0.00970207,0.00970207,0.00970207
557,59613.4,0.68391,0.94367,1.02173,0.90227,0.92371,0.94033,0.82768,0.63636,0.90447,0.92528,0.00970101,0.00970101,0.00970101
558,59705.7,0.67347,0.94084,1.01217,0.91065,0.91327,0.93997,0.82922,0.63635,0.90505,0.92521,0.00969994,0.00969994,0.00969994
559,59797.7,0.68498,0.95209,1.02278,0.90913,0.91327,0.93992,0.82982,0.63649,0.90618,0.92532,0.00969887,0.00969887,0.00969887
560,59889.5,0.67784,0.96681,1.02409,0.9099,0.91327,0.94009,0.83019,0.63847,0.90674,0.92653,0.0096978,0.0096978,0.0096978
561,59981.2,0.67639,0.98868,1.0303,0.91027,0.91327,0.94086,0.82938,0.63907,0.90598,0.92668,0.00969673,0.00969673,0.00969673
562,60071.7,0.69492,0.96477,1.02616,0.90963,0.91327,0.94094,0.83095,0.63833,0.90658,0.92629,0.00969566,0.00969566,0.00969566
563,60163,0.7007,0.95771,1.03705,0.90925,0.91327,0.94192,0.83209,0.63807,0.90824,0.92609,0.00969459,0.00969459,0.00969459
564,60253.8,0.6822,0.97724,1.02414,0.9094,0.91327,0.94123,0.83109,0.63863,0.9087,0.92609,0.00969351,0.00969351,0.00969351
565,60344.8,0.69934,0.94342,1.02819,0.91162,0.91327,0.94101,0.82988,0.63813,0.90824,0.92565,0.00969243,0.00969243,0.00969243
566,60435.8,0.67087,0.95046,1.01442,0.91162,0.91327,0.94199,0.83142,0.63785,0.90851,0.9254,0.00969135,0.00969135,0.00969135
567,60527.1,0.67923,0.9645,1.01897,0.91215,0.91327,0.94176,0.83127,0.63793,0.90936,0.92527,0.00969027,0.00969027,0.00969027
568,60618.2,0.68486,0.96597,1.01766,0.9123,0.91327,0.94165,0.83068,0.63822,0.90955,0.92516,0.00968918,0.00968918,0.00968918
569,60709.2,0.68647,0.96121,1.01797,0.91327,0.91327,0.94232,0.83262,0.63733,0.90935,0.92478,0.0096881,0.0096881,0.0096881
570,60800.3,0.67979,0.96654,1.01636,0.914,0.91328,0.94246,0.83099,0.63621,0.90899,0.92347,0.00968701,0.00968701,0.00968701
571,60892.1,0.6919,0.96295,1.03015,0.91408,0.91327,0.94238,0.8313,0.6356,0.90856,0.92298,0.00968592,0.00968592,0.00968592
572,60983,0.68865,0.97467,1.02888,0.91666,0.91529,0.94147,0.8302,0.63499,0.90713,0.9227,0.00968483,0.00968483,0.00968483
573,61074.9,0.68195,0.97243,1.02068,0.91673,0.91549,0.94162,0.83092,0.63454,0.90856,0.92255,0.00968374,0.00968374,0.00968374
574,61166.5,0.68142,0.92876,1.02306,0.91575,0.91582,0.94108,0.8302,0.63357,0.90917,0.92208,0.00968264,0.00968264,0.00968264
575,61257.2,0.68385,0.96378,1.02169,0.91637,0.91582,0.94321,0.83281,0.63346,0.90959,0.92211,0.00968155,0.00968155,0.00968155
576,61347.5,0.68853,0.96438,1.02986,0.91728,0.91582,0.94181,0.83139,0.63382,0.90887,0.92205,0.00968045,0.00968045,0.00968045
577,61439.2,0.66947,0.96254,1.02355,0.91738,0.91582,0.94184,0.8313,0.63328,0.90899,0.92178,0.00967935,0.00967935,0.00967935
578,61529.9,0.68037,0.93997,1.0182,0.9166,0.91582,0.94172,0.83262,0.63254,0.90664,0.92117,0.00967825,0.00967825,0.00967825
579,61620.3,0.68175,0.96609,1.01757,0.91603,0.91582,0.94193,0.83291,0.63255,0.90706,0.92104,0.00967714,0.00967714,0.00967714
580,61711.3,0.67349,0.97481,1.01761,0.91568,0.91582,0.94196,0.83243,0.63235,0.90661,0.92085,0.00967604,0.00967604,0.00967604
581,61802.5,0.70037,0.94224,1.0241,0.91434,0.91582,0.94154,0.83258,0.63243,0.90783,0.92092,0.00967493,0.00967493,0.00967493
582,61893.6,0.71858,0.99727,1.04091,0.91461,0.91582,0.94159,0.8344,0.63244,0.90942,0.92076,0.00967382,0.00967382,0.00967382
583,61984.2,0.6824,0.94701,1.02061,0.91529,0.91582,0.94048,0.83122,0.63243,0.90956,0.92069,0.00967271,0.00967271,0.00967271
584,62075.2,0.69252,0.96157,1.02606,0.91551,0.91582,0.94205,0.83268,0.63242,0.90997,0.9206,0.00967159,0.00967159,0.00967159
585,62166.5,0.66872,0.96259,1.01097,0.91555,0.91582,0.94241,0.83361,0.63242,0.91103,0.92045,0.00967048,0.00967048,0.00967048
586,62258,0.67838,0.9506,1.00851,0.9158,0.91582,0.94169,0.83374,0.63223,0.91168,0.92026,0.00966936,0.00966936,0.00966936
587,62349.4,0.69057,0.94936,1.02523,0.91592,0.91582,0.94144,0.83269,0.63228,0.91357,0.92049,0.00966824,0.00966824,0.00966824
588,62441.6,0.67577,0.97101,1.02594,0.91596,0.91582,0.94174,0.83327,0.63193,0.91109,0.92041,0.00966712,0.00966712,0.00966712
589,62532.9,0.68131,0.95011,1.01968,0.91617,0.91582,0.9406,0.83206,0.63206,0.9117,0.92059,0.009666,0.009666,0.009666
590,62622.7,0.67959,0.94085,1.01645,0.91632,0.91582,0.94041,0.83461,0.63169,0.91182,0.92053,0.00966488,0.00966488,0.00966488
591,62712.1,0.68424,0.97996,1.03188,0.91624,0.91582,0.94024,0.83318,0.63158,0.9109,0.92057,0.00966375,0.00966375,0.00966375
592,62798.4,0.67694,0.97692,1.01127,0.9166,0.91582,0.94022,0.83283,0.63183,0.91277,0.92074,0.00966262,0.00966262,0.00966262
593,62884.8,0.66898,0.9504,1.00103,0.91694,0.91582,0.94005,0.83185,0.63176,0.91275,0.92066,0.00966149,0.00966149,0.00966149
594,62971.6,0.68841,0.966,1.01458,0.91717,0.91582,0.93919,0.83341,0.63177,0.91127,0.9208,0.00966036,0.00966036,0.00966036
595,63058,0.67632,0.94311,1.01812,0.91713,0.91519,0.93953,0.83363,0.63153,0.91071,0.92068,0.00965923,0.00965923,0.00965923
596,63144.5,0.69173,0.97918,1.02061,0.91718,0.91458,0.94022,0.83365,0.63081,0.91057,0.92046,0.0096581,0.0096581,0.0096581
597,63230.9,0.68969,0.95924,1.03043,0.91715,0.91422,0.93934,0.83164,0.63098,0.90938,0.92057,0.00965696,0.00965696,0.00965696
598,63317.3,0.68144,0.96734,1.02737,0.91713,0.91365,0.94028,0.83327,0.6309,0.90726,0.92065,0.00965582,0.00965582,0.00965582
599,63403.9,0.68021,0.95889,1.01633,0.91697,0.91311,0.94042,0.83451,0.63111,0.90848,0.92078,0.00965468,0.00965468,0.00965468
600,63490.7,0.69397,0.95717,1.02632,0.91687,0.91292,0.94019,0.83404,0.63082,0.90629,0.92067,0.00965354,0.00965354,0.00965354
601,63577.4,0.6839,0.97091,1.01761,0.91681,0.9127,0.93976,0.83287,0.6304,0.9065,0.92049,0.00965239,0.00965239,0.00965239
602,63663.9,0.67955,0.94717,1.02109,0.91672,0.91241,0.93865,0.83117,0.63055,0.90528,0.92058,0.00965125,0.00965125,0.00965125
603,63750.3,0.67697,0.93236,1.01879,0.9167,0.91242,0.93853,0.83122,0.6302,0.90618,0.92053,0.0096501,0.0096501,0.0096501
604,63836.7,0.68375,0.94175,1.0178,0.91666,0.91239,0.93939,0.83182,0.63008,0.90589,0.92057,0.00964895,0.00964895,0.00964895
605,63923,0.68751,0.97282,1.01783,0.91662,0.91252,0.94017,0.83168,0.63024,0.90571,0.92049,0.0096478,0.0096478,0.0096478
606,64009,0.67448,0.95601,1.0118,0.91636,0.91234,0.9397,0.83079,0.63,0.90606,0.92036,0.00964665,0.00964665,0.00964665
607,64095.5,0.68859,0.97814,1.02334,0.91495,0.91278,0.93964,0.83223,0.63007,0.90657,0.92044,0.00964549,0.00964549,0.00964549
608,64182.3,0.67896,0.95372,1.01402,0.91406,0.9127,0.9394,0.83155,0.63038,0.90866,0.92059,0.00964433,0.00964433,0.00964433
609,64269.1,0.67262,0.95596,1.01609,0.91398,0.91222,0.93967,0.83222,0.63027,0.90817,0.9207,0.00964318,0.00964318,0.00964318
610,64355.5,0.69217,0.97165,1.02376,0.91268,0.91304,0.93937,0.83209,0.63099,0.90887,0.92087,0.00964202,0.00964202,0.00964202
611,64442.1,0.67741,0.95757,1.01818,0.91269,0.91303,0.93875,0.83133,0.63119,0.90857,0.92088,0.00964085,0.00964085,0.00964085
612,64528,0.67733,0.95378,1.02256,0.9127,0.91286,0.93929,0.83388,0.63149,0.90804,0.92091,0.00963969,0.00963969,0.00963969
613,64614.4,0.68906,0.93504,1.02131,0.91284,0.91275,0.9397,0.83373,0.6312,0.90654,0.92091,0.00963852,0.00963852,0.00963852
614,64700.9,0.67129,0.93457,1.0225,0.9131,0.91268,0.9395,0.83387,0.63135,0.90662,0.92092,0.00963736,0.00963736,0.00963736
615,64787.3,0.69084,0.96632,1.02529,0.91203,0.91304,0.93893,0.83324,0.63051,0.90762,0.92028,0.00963619,0.00963619,0.00963619
616,64873.6,0.68253,0.9717,1.0129,0.91219,0.913,0.93892,0.83319,0.63012,0.90649,0.9207,0.00963502,0.00963502,0.00963502
617,64960.3,0.67298,0.94596,1.00345,0.91205,0.91304,0.93906,0.83354,0.62953,0.90666,0.92046,0.00963384,0.00963384,0.00963384
618,65046.7,0.67489,0.95369,1.00389,0.91181,0.91299,0.93903,0.83329,0.62877,0.90585,0.92032,0.00963267,0.00963267,0.00963267
619,65132.8,0.68878,0.95163,1.02236,0.91127,0.91297,0.93894,0.83368,0.62783,0.90497,0.91997,0.00963149,0.00963149,0.00963149
620,65218.7,0.68587,0.95448,1.02356,0.90894,0.91448,0.93866,0.8338,0.62683,0.90411,0.91907,0.00963031,0.00963031,0.00963031
621,65305.7,0.67574,0.92526,1.01575,0.90881,0.913,0.939,0.83378,0.62598,0.90506,0.91868,0.00962913,0.00962913,0.00962913
622,65391.8,0.68821,0.99238,1.02726,0.90906,0.91545,0.939,0.83368,0.62664,0.90637,0.91964,0.00962795,0.00962795,0.00962795
623,65477.7,0.67604,0.96367,1.01626,0.90723,0.91805,0.9377,0.83201,0.62642,0.90517,0.91946,0.00962677,0.00962677,0.00962677
624,65564.1,0.67622,0.95886,1.0077,0.90863,0.92023,0.94028,0.83506,0.62648,0.90652,0.9189,0.00962558,0.00962558,0.00962558
625,65648.3,0.66883,0.91374,1.01399,0.90735,0.91983,0.9397,0.83437,0.62689,0.91292,0.91946,0.00962439,0.00962439,0.00962439
626,65731,0.6801,0.92627,1.01573,0.9073,0.92202,0.93929,0.83378,0.62702,0.91432,0.91941,0.0096232,0.0096232,0.0096232
627,65813.6,0.67836,0.9414,1.01997,0.8908,0.92857,0.93878,0.83306,0.62685,0.91459,0.91948,0.00962201,0.00962201,0.00962201
628,65896.3,0.68093,0.97327,1.02481,0.89148,0.92857,0.93896,0.8337,0.6265,0.91348,0.91938,0.00962082,0.00962082,0.00962082
629,65978.5,0.67532,0.9521,1.02712,0.8919,0.92857,0.93929,0.83358,0.62605,0.91177,0.91929,0.00961962,0.00961962,0.00961962
630,66060,0.68086,0.94618,1.02543,0.8921,0.92857,0.93921,0.83335,0.62521,0.90309,0.91883,0.00961843,0.00961843,0.00961843
631,66140.8,0.70326,0.96165,1.03485,0.89262,0.92857,0.93837,0.8337,0.62509,0.903,0.91878,0.00961723,0.00961723,0.00961723
632,66222.4,0.67632,0.94599,1.00731,0.89263,0.92857,0.93872,0.8342,0.62492,0.9029,0.91883,0.00961603,0.00961603,0.00961603
633,66302,0.69089,0.97703,1.02147,0.8928,0.92857,0.93844,0.83365,0.62481,0.90155,0.91884,0.00961483,0.00961483,0.00961483
634,66383.1,0.67428,0.94261,1.01401,0.89295,0.92857,0.93869,0.83459,0.62594,0.90731,0.91949,0.00961362,0.00961362,0.00961362
635,66463.4,0.69129,0.95928,1.01631,0.89391,0.92857,0.93841,0.83357,0.62555,0.90623,0.91911,0.00961242,0.00961242,0.00961242
636,66543.3,0.66987,0.92555,1.00954,0.89363,0.92857,0.93846,0.83395,0.62546,0.90431,0.91897,0.00961121,0.00961121,0.00961121
637,66623.5,0.6744,0.93287,1.01352,0.89363,0.92857,0.93842,0.83549,0.62567,0.90422,0.91909,0.00961,0.00961,0.00961
638,66703.7,0.66166,0.91979,1.00591,0.89374,0.92857,0.93846,0.83434,0.62589,0.90309,0.91915,0.00960879,0.00960879,0.00960879
639,66784.7,0.67687,0.95072,1.02143,0.89392,0.92857,0.93811,0.83403,0.62587,0.90236,0.91922,0.00960758,0.00960758,0.00960758
640,66864.4,0.6788,0.96089,1.01324,0.8939,0.92857,0.93788,0.8328,0.62575,0.90172,0.91929,0.00960636,0.00960636,0.00960636
641,66943.3,0.67822,0.92636,1.02093,0.89404,0.92857,0.93762,0.83261,0.62535,0.901,0.91896,0.00960515,0.00960515,0.00960515
642,67021.7,0.68281,0.98723,1.02807,0.89402,0.92857,0.93814,0.83438,0.62492,0.90222,0.91883,0.00960393,0.00960393,0.00960393
643,67100.5,0.67666,0.92226,1.01566,0.90145,0.92857,0.93775,0.83319,0.62509,0.90029,0.91896,0.00960271,0.00960271,0.00960271
644,67179.9,0.69018,0.93835,1.02157,0.90129,0.92857,0.93692,0.83308,0.62502,0.89439,0.91915,0.00960149,0.00960149,0.00960149
645,67258.2,0.67069,0.94186,1.01325,0.90113,0.92857,0.93687,0.83312,0.62502,0.89528,0.91917,0.00960026,0.00960026,0.00960026
646,67337.9,0.68664,0.95967,1.0104,0.9017,0.92857,0.93685,0.83384,0.62446,0.89485,0.91896,0.00959904,0.00959904,0.00959904
647,67416.8,0.68115,0.94473,1.0233,0.90182,0.92757,0.93539,0.83212,0.62455,0.89442,0.91896,0.00959781,0.00959781,0.00959781
648,67495.2,0.67051,0.96476,1.0159,0.90186,0.92724,0.93695,0.83385,0.62475,0.89413,0.9191,0.00959658,0.00959658,0.00959658
649,67573.7,0.67288,0.91823,1.01544,0.90094,0.92602,0.93711,0.83258,0.62423,0.89429,0.91897,0.00959535,0.00959535,0.00959535
650,67653.5,0.6779,0.93001,1.02013,0.90278,0.92602,0.93733,0.8337,0.62428,0.89473,0.91904,0.00959412,0.00959412,0.00959412
651,67733.1,0.67133,0.91867,1.01304,0.90426,0.92602,0.93771,0.83309,0.62455,0.89383,0.91915,0.00959289,0.00959289,0.00959289
652,67811.7,0.69025,0.96387,1.0241,0.90322,0.92602,0.93705,0.83319,0.62447,0.89353,0.91927,0.00959165,0.00959165,0.00959165
653,67890.8,0.67894,0.93402,1.01649,0.90391,0.92602,0.93761,0.83325,0.62426,0.89357,0.91871,0.00959041,0.00959041,0.00959041
654,67968.5,0.68444,0.97255,1.01841,0.90418,0.92602,0.93677,0.83135,0.62423,0.89483,0.91873,0.00958917,0.00958917,0.00958917
655,68046.7,0.66645,0.89937,1.0002,0.90579,0.92332,0.93711,0.83135,0.62425,0.89421,0.91877,0.00958793,0.00958793,0.00958793
656,68124.4,0.67881,0.9288,1.01922,0.90641,0.92306,0.93694,0.83225,0.62369,0.89404,0.91859,0.00958669,0.00958669,0.00958669
657,68201.9,0.67975,0.92759,1.01875,0.90622,0.92275,0.93733,0.83232,0.62374,0.89329,0.91861,0.00958544,0.00958544,0.00958544
658,68278.1,0.66963,0.95271,1.01582,0.90607,0.92289,0.93675,0.83179,0.62319,0.89202,0.91839,0.0095842,0.0095842,0.0095842
659,68354.9,0.66871,0.9684,1.01606,0.90579,0.92317,0.93712,0.83308,0.62306,0.89276,0.91827,0.00958295,0.00958295,0.00958295
660,68433.8,0.6833,0.947,1.02304,0.90571,0.9234,0.93716,0.83314,0.62281,0.8934,0.9182,0.0095817,0.0095817,0.0095817
661,68510.4,0.67423,0.90481,1.01498,0.90559,0.92328,0.93711,0.83305,0.62245,0.89268,0.918,0.00958044,0.00958044,0.00958044
662,68587,0.67003,0.94195,1.00943,0.90508,0.92347,0.93726,0.83289,0.62269,0.89203,0.91798,0.00957919,0.00957919,0.00957919
663,68664.5,0.67312,0.94626,1.01165,0.90501,0.92347,0.93676,0.83122,0.62291,0.89165,0.91773,0.00957793,0.00957793,0.00957793
664,68739.3,0.66218,0.92447,1.01249,0.90468,0.92347,0.93748,0.83243,0.62249,0.89269,0.91773,0.00957668,0.00957668,0.00957668
665,68816.8,0.69415,0.95011,1.02487,0.90497,0.92324,0.93609,0.83101,0.62274,0.89232,0.9177,0.00957542,0.00957542,0.00957542
666,68893.5,0.67983,0.98099,1.0053,0.90483,0.92347,0.93697,0.83147,0.62277,0.89113,0.9177,0.00957416,0.00957416,0.00957416
667,68971.1,0.66628,0.93538,1.00675,0.9046,0.92347,0.93758,0.83123,0.62312,0.8951,0.91807,0.00957289,0.00957289,0.00957289
668,69048.8,0.67129,0.94393,1.01244,0.90457,0.92347,0.9371,0.8313,0.6236,0.89743,0.91814,0.00957163,0.00957163,0.00957163
669,69126.3,0.67979,0.95457,1.01399,0.90485,0.92347,0.93761,0.83118,0.62343,0.89882,0.91807,0.00957036,0.00957036,0.00957036
670,69203.4,0.67639,0.93709,1.01809,0.90459,0.92347,0.93784,0.83244,0.62354,0.90031,0.91811,0.00956909,0.00956909,0.00956909
671,69280.4,0.66662,0.91454,1.0238,0.90463,0.92347,0.93707,0.8309,0.62401,0.90279,0.91819,0.00956782,0.00956782,0.00956782
672,69357.6,0.67809,0.94227,1.0067,0.90668,0.92092,0.93715,0.83123,0.62367,0.90245,0.91803,0.00956655,0.00956655,0.00956655
673,69435.1,0.67487,0.95155,1.01806,0.90756,0.92092,0.93672,0.8307,0.62299,0.90124,0.91767,0.00956528,0.00956528,0.00956528
674,69512,0.68334,0.93312,1.01477,0.90702,0.92099,0.93753,0.83199,0.62233,0.89965,0.91741,0.009564,0.009564,0.009564
675,69589.3,0.6792,0.92933,1.01729,0.90551,0.92347,0.93736,0.83169,0.62248,0.89867,0.9173,0.00956273,0.00956273,0.00956273
676,69665,0.66329,0.9413,1.01271,0.90543,0.92347,0.93752,0.83164,0.62242,0.89956,0.91718,0.00956145,0.00956145,0.00956145
677,69742.1,0.67271,0.92972,1.01552,0.90767,0.92062,0.93756,0.83173,0.6226,0.90314,0.91764,0.00956017,0.00956017,0.00956017
678,69818.8,0.66653,0.91098,1.01316,0.90545,0.92347,0.9365,0.83058,0.62258,0.90185,0.91771,0.00955888,0.00955888,0.00955888
679,69894.1,0.67792,0.92206,1.0192,0.90482,0.92347,0.93747,0.83241,0.6225,0.90383,0.91754,0.0095576,0.0095576,0.0095576
680,69972.3,0.67444,0.9212,1.01223,0.90473,0.92347,0.93734,0.83188,0.62336,0.9091,0.91792,0.00955631,0.00955631,0.00955631
681,70049.6,0.68913,0.95698,1.02867,0.90401,0.92347,0.93734,0.83228,0.62348,0.90817,0.91784,0.00955502,0.00955502,0.00955502
682,70125.8,0.65993,0.92545,1.00407,0.90532,0.92347,0.93747,0.83159,0.62303,0.90973,0.91757,0.00955373,0.00955373,0.00955373
683,70202.4,0.66158,0.93392,1.01041,0.90418,0.92347,0.93756,0.83039,0.62305,0.90886,0.91754,0.00955244,0.00955244,0.00955244
684,70278.7,0.66107,0.92784,1.00287,0.90467,0.92347,0.93747,0.83125,0.62286,0.90881,0.91753,0.00955115,0.00955115,0.00955115
685,70355.2,0.67897,0.93444,1.02856,0.90422,0.92347,0.9378,0.83123,0.62306,0.90808,0.91731,0.00954986,0.00954986,0.00954986
686,70431.4,0.6792,0.93797,1.01877,0.90447,0.92347,0.93718,0.83123,0.62303,0.90933,0.91727,0.00954856,0.00954856,0.00954856
687,70507,0.67648,0.97104,1.01292,0.90423,0.92259,0.93836,0.8305,0.62351,0.91118,0.91754,0.00954726,0.00954726,0.00954726
688,70582.7,0.68629,0.95053,1.02748,0.90387,0.92198,0.93764,0.83094,0.62373,0.91232,0.91738,0.00954596,0.00954596,0.00954596
689,70661.3,0.66631,0.92289,1.01661,0.90362,0.9217,0.9369,0.83061,0.62377,0.91393,0.91721,0.00954466,0.00954466,0.00954466
690,70738.8,0.68395,0.92861,1.02071,0.90326,0.92235,0.93664,0.83022,0.62359,0.91445,0.91705,0.00954335,0.00954335,0.00954335
691,70815.9,0.67894,0.93974,1.02576,0.90322,0.92227,0.93804,0.83145,0.62371,0.9152,0.91712,0.00954205,0.00954205,0.00954205
692,70892.8,0.67623,0.93751,1.01056,0.90326,0.92264,0.93754,0.83087,0.62387,0.91448,0.91706,0.00954074,0.00954074,0.00954074
693,70968.7,0.66514,0.94236,1.0134,0.90327,0.92276,0.93711,0.82919,0.62374,0.91252,0.91703,0.00953943,0.00953943,0.00953943
694,71045,0.68455,0.90476,1.0259,0.90336,0.92323,0.9366,0.82852,0.62397,0.91212,0.91707,0.00953812,0.00953812,0.00953812
695,71122.9,0.67081,0.94721,1.01732,0.90284,0.92407,0.93667,0.82819,0.62451,0.91166,0.9172,0.00953681,0.00953681,0.00953681
696,71199.4,0.65976,0.91742,0.99808,0.9038,0.92347,0.93775,0.8297,0.62466,0.9113,0.91697,0.00953549,0.00953549,0.00953549
697,71276.3,0.68212,0.92694,1.01857,0.90391,0.92347,0.93679,0.8285,0.62475,0.91225,0.91685,0.00953418,0.00953418,0.00953418
698,71352.7,0.67335,0.90501,1.01199,0.9053,0.91869,0.9358,0.82823,0.62423,0.91069,0.91663,0.00953286,0.00953286,0.00953286
699,71430,0.67537,0.94724,1.01275,0.90546,0.91905,0.93698,0.82978,0.6237,0.91121,0.91634,0.00953154,0.00953154,0.00953154
700,71507.3,0.66243,0.93038,1.01012,0.90568,0.91932,0.93712,0.83213,0.62324,0.91028,0.91616,0.00953022,0.00953022,0.00953022
701,71583.6,0.6841,0.9244,1.02697,0.90568,0.91898,0.93695,0.83044,0.62314,0.91172,0.91596,0.00952889,0.00952889,0.00952889
702,71662.2,0.6752,0.91379,1.01778,0.90526,0.91885,0.93771,0.83011,0.62365,0.91328,0.91592,0.00952757,0.00952757,0.00952757
703,71739.1,0.66108,0.92422,1.00828,0.90577,0.91852,0.93894,0.83255,0.6241,0.91484,0.91603,0.00952624,0.00952624,0.00952624
704,71815,0.66793,0.93841,1.01563,0.90639,0.91811,0.93792,0.83289,0.62405,0.91477,0.91595,0.00952491,0.00952491,0.00952491
705,71891.4,0.67267,0.92736,1.01223,0.90742,0.91839,0.93802,0.83334,0.62381,0.91281,0.91591,0.00952358,0.00952358,0.00952358
706,71966.6,0.6698,0.95343,1.01236,0.90774,0.91913,0.93738,0.83292,0.62332,0.91119,0.91569,0.00952225,0.00952225,0.00952225
707,72044,0.65797,0.93517,1.00581,0.9077,0.9194,0.93726,0.83308,0.62305,0.9078,0.9157,0.00952092,0.00952092,0.00952092
708,72121.4,0.67375,0.92006,1.01437,0.908,0.92006,0.93764,0.83247,0.62176,0.90295,0.91487,0.00951958,0.00951958,0.00951958
709,72196.3,0.68366,0.91651,1.01625,0.90811,0.92049,0.93743,0.83273,0.62141,0.90238,0.91489,0.00951824,0.00951824,0.00951824
710,72271.5,0.66767,0.91354,1.01133,0.90795,0.92049,0.93804,0.83239,0.6212,0.9021,0.91487,0.0095169,0.0095169,0.0095169
711,72348.9,0.68597,0.94539,1.0195,0.90189,0.92092,0.93726,0.83165,0.62114,0.90144,0.91478,0.00951556,0.00951556,0.00951556
712,72425.2,0.66591,0.90664,1.00943,0.90831,0.92092,0.93778,0.83187,0.62088,0.8995,0.91463,0.00951422,0.00951422,0.00951422
713,72501.8,0.679,0.92931,1.01452,0.9088,0.92092,0.93861,0.83397,0.62072,0.89678,0.91462,0.00951288,0.00951288,0.00951288
714,72577,0.66574,0.92414,1.01576,0.90887,0.92092,0.93936,0.83461,0.62036,0.89768,0.91457,0.00951153,0.00951153,0.00951153
715,72653.4,0.68349,0.97678,1.01668,0.90901,0.92092,0.93823,0.83303,0.62015,0.89886,0.91424,0.00951018,0.00951018,0.00951018
716,72731.1,0.66769,0.94018,1.00893,0.90941,0.92023,0.93825,0.8333,0.61997,0.89926,0.91423,0.00950883,0.00950883,0.00950883
717,72806.8,0.66785,0.9386,1.01892,0.90938,0.91965,0.93782,0.83329,0.61977,0.89776,0.91434,0.00950748,0.00950748,0.00950748
718,72883.3,0.67204,0.92847,1.01299,0.90929,0.91882,0.93797,0.83377,0.62002,0.8981,0.91454,0.00950613,0.00950613,0.00950613
719,72959.5,0.67374,0.93338,1.02655,0.90925,0.91837,0.93884,0.83419,0.61997,0.89735,0.91421,0.00950477,0.00950477,0.00950477
720,73034.4,0.67473,0.92734,1.01771,0.90947,0.91837,0.93917,0.83398,0.62011,0.89791,0.9141,0.00950341,0.00950341,0.00950341
721,73109.6,0.67199,0.91301,1.01087,0.90955,0.91837,0.93949,0.8337,0.62009,0.89762,0.91406,0.00950206,0.00950206,0.00950206
722,73185,0.67044,0.97819,1.01827,0.90945,0.91837,0.93819,0.83353,0.62208,0.9001,0.91464,0.0095007,0.0095007,0.0095007
723,73260.2,0.67159,0.91913,1.0164,0.90948,0.91837,0.93972,0.83385,0.62239,0.89938,0.91477,0.00949933,0.00949933,0.00949933
724,73335.9,0.65314,0.90823,1.00558,0.90944,0.91837,0.94048,0.8362,0.62229,0.89967,0.91492,0.00949797,0.00949797,0.00949797
725,73411,0.66367,0.89329,1.00325,0.90937,0.91837,0.94148,0.83649,0.62251,0.89981,0.91492,0.0094966,0.0094966,0.0094966
726,73485.8,0.67521,0.91611,1.0181,0.90954,0.91837,0.94014,0.83446,0.62246,0.90075,0.9149,0.00949524,0.00949524,0.00949524
727,73559.2,0.68197,0.94136,1.02091,0.91139,0.92064,0.94048,0.83402,0.62262,0.90244,0.91492,0.00949387,0.00949387,0.00949387
728,73634.1,0.68123,0.92469,1.01885,0.91121,0.92092,0.94179,0.8358,0.62231,0.90348,0.91482,0.0094925,0.0094925,0.0094925
729,73709.4,0.67357,0.94262,1.01713,0.90906,0.92092,0.94091,0.8366,0.6221,0.90352,0.91479,0.00949112,0.00949112,0.00949112
730,73784.4,0.66105,0.94866,0.99743,0.9102,0.92092,0.94102,0.83287,0.62168,0.90333,0.9145,0.00948975,0.00948975,0.00948975
731,73859,0.68574,0.93513,1.01677,0.90894,0.92092,0.94083,0.83649,0.62181,0.90392,0.91438,0.00948837,0.00948837,0.00948837
732,73934,0.67355,0.93125,1.02518,0.90656,0.92092,0.94119,0.83636,0.62168,0.90429,0.91422,0.009487,0.009487,0.009487
733,74008.7,0.67792,0.93546,1.02257,0.90621,0.92092,0.94127,0.83609,0.62091,0.90409,0.91366,0.00948562,0.00948562,0.00948562
734,74083.9,0.66025,0.91951,1.01474,0.90588,0.92092,0.94212,0.83854,0.62042,0.90372,0.91355,0.00948423,0.00948423,0.00948423
735,74158.5,0.66175,0.9099,1.01091,0.90609,0.92092,0.94065,0.83508,0.62039,0.9022,0.91353,0.00948285,0.00948285,0.00948285
736,74232.9,0.66039,0.93159,1.01399,0.90782,0.92092,0.94072,0.83564,0.61977,0.90413,0.91301,0.00948147,0.00948147,0.00948147
737,74307.2,0.68071,0.92111,1.014,0.91021,0.92092,0.94086,0.83789,0.61947,0.9041,0.91295,0.00948008,0.00948008,0.00948008
738,74380.5,0.66483,0.91744,1.01866,0.91062,0.92092,0.94103,0.83474,0.61986,0.90498,0.91324,0.00947869,0.00947869,0.00947869
739,74454.4,0.67016,0.9013,1.01105,0.91058,0.92092,0.94072,0.8359,0.61918,0.90483,0.91286,0.0094773,0.0094773,0.0094773
740,74529.5,0.67237,0.89931,1.01076,0.91196,0.92092,0.94094,0.83681,0.61912,0.90571,0.91296,0.00947591,0.00947591,0.00947591
741,74602.7,0.66306,0.90546,1.00612,0.91116,0.91837,0.94065,0.83629,0.619,0.90598,0.91277,0.00947452,0.00947452,0.00947452
742,74675.7,0.68544,0.93247,1.02249,0.90994,0.92092,0.94097,0.83645,0.6177,0.90438,0.91232,0.00947312,0.00947312,0.00947312
743,74748.1,0.6739,0.90541,1.00775,0.91094,0.92092,0.94058,0.83636,0.61781,0.90604,0.91236,0.00947172,0.00947172,0.00947172
744,74820.8,0.66255,0.90094,1.00561,0.91079,0.92092,0.9399,0.8359,0.61803,0.90615,0.91226,0.00947032,0.00947032,0.00947032
745,74894.1,0.67252,0.9113,1.01303,0.91122,0.92092,0.94087,0.8377,0.61783,0.90628,0.91209,0.00946892,0.00946892,0.00946892
746,74968.2,0.66885,0.93085,1.01869,0.91128,0.91837,0.93936,0.83322,0.61773,0.90681,0.91208,0.00946752,0.00946752,0.00946752
747,75041.3,0.66213,0.92078,1.0152,0.91113,0.91837,0.94023,0.8363,0.61766,0.90594,0.91191,0.00946612,0.00946612,0.00946612
748,75115.3,0.67811,0.92805,1.01519,0.90988,0.91837,0.94046,0.83644,0.61758,0.90581,0.91187,0.00946471,0.00946471,0.00946471
749,75188.3,0.66881,0.91617,1.00529,0.90981,0.91837,0.94085,0.83784,0.61773,0.90575,0.91201,0.0094633,0.0094633,0.0094633
750,75260.9,0.67131,0.92345,1.016,0.9118,0.91837,0.94061,0.83726,0.61716,0.9051,0.91206,0.00946189,0.00946189,0.00946189
751,75334.5,0.66431,0.9184,1.00908,0.91166,0.91837,0.93957,0.83442,0.61722,0.90347,0.91197,0.00946048,0.00946048,0.00946048
752,75407,0.66837,0.92943,1.016,0.90826,0.91837,0.93912,0.83628,0.61738,0.9043,0.91214,0.00945907,0.00945907,0.00945907
753,75482,0.66897,0.93165,1.00738,0.90668,0.91962,0.93907,0.83608,0.61699,0.90254,0.91217,0.00945765,0.00945765,0.00945765
754,75555.3,0.66031,0.89424,1.00131,0.9068,0.91909,0.93962,0.83758,0.61701,0.90375,0.9119,0.00945624,0.00945624,0.00945624
755,75628.5,0.67405,0.9351,1.01084,0.90706,0.91837,0.94075,0.8379,0.61684,0.90325,0.91177,0.00945482,0.00945482,0.00945482
756,75702,0.66742,0.89819,1.01341,0.90705,0.91837,0.94039,0.83748,0.61733,0.90182,0.91196,0.0094534,0.0094534,0.0094534
757,75775.5,0.66052,0.92692,1.01584,0.90771,0.91837,0.94064,0.8366,0.61702,0.90118,0.91183,0.00945198,0.00945198,0.00945198
758,75848.7,0.66994,0.92984,1.01428,0.90814,0.91837,0.94001,0.83729,0.61691,0.90199,0.91182,0.00945056,0.00945056,0.00945056
759,75922.3,0.65369,0.92935,1.00071,0.91105,0.91806,0.94019,0.83742,0.61666,0.90085,0.9115,0.00944913,0.00944913,0.00944913
760,75996.2,0.65025,0.91858,1.00416,0.90952,0.91749,0.94115,0.83819,0.61656,0.90289,0.91155,0.0094477,0.0094477,0.0094477
761,76069.6,0.67521,0.95045,1.01177,0.90847,0.91718,0.94078,0.83675,0.61647,0.90326,0.91148,0.00944628,0.00944628,0.00944628
762,76141.9,0.67422,0.93219,1.0102,0.90938,0.91898,0.93894,0.83605,0.61629,0.90139,0.91138,0.00944485,0.00944485,0.00944485
763,76214.5,0.66963,0.93841,1.00926,0.90943,0.91954,0.9397,0.83699,0.61613,0.9013,0.91116,0.00944341,0.00944341,0.00944341
764,76287.3,0.67735,0.92207,1.01248,0.90704,0.92092,0.93967,0.83743,0.61661,0.90193,0.91115,0.00944198,0.00944198,0.00944198
765,76361.9,0.67059,0.92695,1.01814,0.90674,0.92092,0.94035,0.83843,0.61609,0.90248,0.91101,0.00944054,0.00944054,0.00944054
766,76435.5,0.68055,0.94192,1.0193,0.90955,0.92078,0.94107,0.83807,0.61654,0.90357,0.91097,0.00943911,0.00943911,0.00943911
767,76507.5,0.66882,0.91483,1.00893,0.90713,0.92092,0.9413,0.8384,0.61666,0.90335,0.91087,0.00943767,0.00943767,0.00943767
768,76579.9,0.67382,0.90848,1.01766,0.90724,0.92019,0.94103,0.83705,0.6168,0.90355,0.91095,0.00943623,0.00943623,0.00943623
769,76651.6,0.668,0.91659,1.01201,0.90485,0.91837,0.94062,0.83696,0.61696,0.9033,0.91101,0.00943478,0.00943478,0.00943478
770,76724.4,0.67057,0.9131,1.01036,0.90739,0.91487,0.94028,0.83698,0.6167,0.90441,0.91099,0.00943334,0.00943334,0.00943334
771,76797.1,0.6551,0.89867,0.99954,0.90737,0.91491,0.93948,0.83591,0.61687,0.90554,0.91084,0.00943189,0.00943189,0.00943189
772,76870.1,0.66499,0.88165,1.00565,0.90727,0.91515,0.94021,0.83779,0.61712,0.90539,0.9109,0.00943045,0.00943045,0.00943045
773,76943.6,0.67406,0.92413,1.01711,0.90693,0.91508,0.94079,0.83777,0.61718,0.90616,0.91094,0.009429,0.009429,0.009429
774,77016.8,0.6697,0.92434,1.00928,0.89378,0.93018,0.93993,0.83813,0.61742,0.90584,0.9109,0.00942755,0.00942755,0.00942755
775,77090.5,0.66497,0.88092,1.00389,0.89371,0.93075,0.93875,0.83662,0.61728,0.90622,0.91072,0.00942609,0.00942609,0.00942609
776,77162.5,0.67447,0.88471,1.0055,0.89121,0.93112,0.93905,0.83687,0.61726,0.90581,0.91066,0.00942464,0.00942464,0.00942464
777,77236.6,0.65202,0.88905,1.01014,0.89347,0.93112,0.94017,0.83786,0.61707,0.90415,0.91073,0.00942318,0.00942318,0.00942318
778,77309.7,0.67376,0.94159,1.02054,0.89167,0.93112,0.94073,0.83947,0.61722,0.90422,0.91054,0.00942173,0.00942173,0.00942173
779,77383.3,0.66547,0.92452,1.00625,0.89168,0.93112,0.9392,0.83611,0.61756,0.90485,0.91073,0.00942027,0.00942027,0.00942027
780,77456.1,0.65941,0.9089,1.00919,0.89195,0.93112,0.93949,0.83887,0.61756,0.90359,0.9108,0.0094188,0.0094188,0.0094188
781,77529.9,0.66959,0.91942,1.00781,0.89188,0.93112,0.93841,0.83633,0.61763,0.90349,0.91106,0.00941734,0.00941734,0.00941734
782,77604.5,0.67433,0.91167,1.01955,0.89229,0.93112,0.93782,0.8359,0.61822,0.9039,0.91117,0.00941588,0.00941588,0.00941588
783,77679.9,0.66569,0.90634,1.00952,0.89233,0.93112,0.93872,0.8383,0.6189,0.90422,0.91142,0.00941441,0.00941441,0.00941441
784,77754.7,0.66667,0.90601,1.00532,0.89201,0.93112,0.93931,0.83709,0.61958,0.90309,0.91163,0.00941294,0.00941294,0.00941294
785,77828.9,0.65592,0.90999,1.00789,0.89165,0.93112,0.93798,0.83667,0.61947,0.9019,0.91167,0.00941147,0.00941147,0.00941147
786,77902.6,0.6534,0.92335,0.99864,0.89148,0.93112,0.93966,0.83606,0.61999,0.90423,0.91192,0.00941,0.00941,0.00941
787,77976.7,0.6747,0.91559,1.01421,0.89282,0.93112,0.93884,0.8363,0.61985,0.90469,0.91187,0.00940853,0.00940853,0.00940853
788,78052.1,0.65741,0.91238,1.00025,0.89256,0.93112,0.93869,0.83548,0.62033,0.90616,0.91198,0.00940705,0.00940705,0.00940705
789,78126.3,0.67334,0.95132,1.00674,0.89269,0.93112,0.93899,0.83599,0.62033,0.90692,0.91188,0.00940557,0.00940557,0.00940557
790,78200.8,0.64643,0.89342,0.99871,0.89505,0.93112,0.93867,0.83585,0.62015,0.90651,0.91149,0.0094041,0.0094041,0.0094041
791,78275.9,0.67011,0.91902,1.0041,0.89522,0.92959,0.93854,0.83601,0.61979,0.9057,0.91124,0.00940262,0.00940262,0.00940262
792,78350.1,0.66427,0.86113,1.01247,0.8974,0.92841,0.93873,0.83564,0.61962,0.90566,0.91086,0.00940113,0.00940113,0.00940113
793,78424.4,0.68452,0.92043,1.02058,0.89743,0.92723,0.93836,0.83539,0.61927,0.90389,0.91052,0.00939965,0.00939965,0.00939965
794,78498.1,0.67468,0.91215,1.01334,0.89986,0.92347,0.93881,0.83531,0.61863,0.90293,0.91003,0.00939816,0.00939816,0.00939816
795,78572.1,0.65465,0.91211,0.99718,0.90047,0.92254,0.93822,0.83489,0.61885,0.90537,0.91001,0.00939668,0.00939668,0.00939668
796,78645.5,0.67239,0.95808,1.01783,0.90031,0.92333,0.93827,0.83502,0.61928,0.90579,0.91013,0.00939519,0.00939519,0.00939519
797,78720.3,0.65516,0.89744,1.00206,0.90026,0.92347,0.93793,0.83422,0.61922,0.90413,0.90997,0.0093937,0.0093937,0.0093937
798,78794.4,0.66515,0.91269,1.01151,0.90026,0.92325,0.93838,0.83487,0.61942,0.90444,0.91001,0.00939221,0.00939221,0.00939221
799,78868.6,0.66204,0.94543,1.00746,0.90011,0.92337,0.93885,0.83529,0.6193,0.90236,0.9099,0.00939071,0.00939071,0.00939071
800,78942.1,0.6669,0.89819,1.01284,0.90016,0.92721,0.93883,0.83596,0.61955,0.90259,0.91019,0.00938922,0.00938922,0.00938922
801,79017,0.65446,0.91718,1.0048,0.89793,0.92796,0.93854,0.83561,0.61934,0.90176,0.90999,0.00938772,0.00938772,0.00938772
802,79090.5,0.66234,0.89842,1.01045,0.8971,0.92857,0.9389,0.8355,0.6195,0.90191,0.90984,0.00938622,0.00938622,0.00938622
803,79164.2,0.66263,0.93489,1.00731,0.89785,0.92838,0.93786,0.83426,0.61937,0.90138,0.90986,0.00938472,0.00938472,0.00938472
804,79236.3,0.65636,0.93304,0.99971,0.89777,0.92727,0.93821,0.83461,0.61919,0.90099,0.90974,0.00938322,0.00938322,0.00938322
805,79308.2,0.66741,0.89513,1.01217,0.89978,0.9264,0.93819,0.83376,0.61903,0.90066,0.90941,0.00938171,0.00938171,0.00938171
806,79381.4,0.67124,0.94118,1.004,0.89964,0.92643,0.93823,0.83392,0.61888,0.90067,0.90954,0.0093802,0.0093802,0.0093802
807,79452.4,0.67249,0.89797,1.01539,0.89913,0.92602,0.93811,0.83373,0.61858,0.89891,0.90932,0.0093787,0.0093787,0.0093787
808,79525.1,0.65983,0.92522,1.00792,0.88479,0.94133,0.93856,0.83435,0.61903,0.90001,0.90949,0.00937719,0.00937719,0.00937719
809,79598.7,0.68506,0.9335,1.01243,0.88484,0.94133,0.93823,0.83437,0.61855,0.89914,0.90935,0.00937568,0.00937568,0.00937568
810,79671.7,0.66939,0.9188,1.00666,0.89297,0.93123,0.93725,0.83227,0.61884,0.90015,0.9096,0.00937416,0.00937416,0.00937416
811,79744,0.66269,0.92231,1.01273,0.88478,0.94133,0.93684,0.83282,0.61864,0.89974,0.90955,0.00937265,0.00937265,0.00937265
812,79816.8,0.6742,0.92224,1.01375,0.88454,0.94133,0.93767,0.83266,0.6188,0.89966,0.9096,0.00937113,0.00937113,0.00937113
813,79890.8,0.66279,0.9063,1.01091,0.90119,0.92092,0.93775,0.83457,0.61855,0.90027,0.90971,0.00936961,0.00936961,0.00936961
814,79963.5,0.66722,0.91697,1.00939,0.90147,0.92092,0.93823,0.83559,0.61866,0.90116,0.90977,0.0093681,0.0093681,0.0093681
815,80036.7,0.66382,0.91298,1.01218,0.90245,0.92092,0.93858,0.8366,0.61939,0.90051,0.91002,0.00936657,0.00936657,0.00936657
816,80108.7,0.66597,0.89095,1.01245,0.89322,0.93112,0.93898,0.83624,0.61923,0.9005,0.90993,0.00936505,0.00936505,0.00936505
817,80180.6,0.67108,0.90601,1.01797,0.89296,0.93112,0.93777,0.83581,0.61922,0.90066,0.91011,0.00936353,0.00936353,0.00936353
818,80253.1,0.6635,0.93074,1.00233,0.89277,0.93112,0.93856,0.83656,0.61938,0.90069,0.91052,0.009362,0.009362,0.009362
819,80324.5,0.65792,0.92008,1.00123,0.9026,0.92092,0.93768,0.8359,0.61947,0.89965,0.91074,0.00936047,0.00936047,0.00936047
820,80395.6,0.66746,0.91677,1.01474,0.90274,0.92092,0.93898,0.83663,0.61919,0.89682,0.91071,0.00935894,0.00935894,0.00935894
821,80466.1,0.67121,0.91764,1.01081,0.90258,0.92092,0.93873,0.83622,0.6195,0.89812,0.91088,0.00935741,0.00935741,0.00935741
822,80538.3,0.66564,0.94114,1.0154,0.90258,0.92092,0.93891,0.83752,0.61958,0.8982,0.91107,0.00935588,0.00935588,0.00935588
823,80612,0.65996,0.91077,1.00415,0.90279,0.92092,0.93878,0.8368,0.61959,0.89732,0.91122,0.00935434,0.00935434,0.00935434
824,80684.7,0.65828,0.91677,1.0089,0.90257,0.92092,0.93819,0.83457,0.61946,0.89831,0.91134,0.0093528,0.0093528,0.0093528
825,80759.9,0.65634,0.88493,0.99908,0.90233,0.92092,0.93815,0.83492,0.61962,0.89946,0.91135,0.00935127,0.00935127,0.00935127
826,80832.9,0.65793,0.89602,1.00696,0.90206,0.92115,0.93824,0.83628,0.61892,0.90046,0.91097,0.00934973,0.00934973,0.00934973
827,80906.7,0.6577,0.90442,1.0045,0.90324,0.92347,0.93869,0.83503,0.61826,0.90129,0.91073,0.00934818,0.00934818,0.00934818
828,80980.4,0.66647,0.90123,1.00753,0.90474,0.92336,0.93844,0.83531,0.61832,0.90282,0.91089,0.00934664,0.00934664,0.00934664
829,81053.7,0.64696,0.89269,0.99862,0.9033,0.92347,0.93913,0.83658,0.61849,0.90296,0.91118,0.0093451,0.0093451,0.0093451
830,81127,0.6782,0.90385,1.02441,0.90791,0.9158,0.93868,0.83705,0.61846,0.90299,0.91118,0.00934355,0.00934355,0.00934355
831,81201.8,0.66125,0.90316,1.00444,0.90801,0.91602,0.93823,0.8358,0.61891,0.90192,0.91135,0.009342,0.009342,0.009342
832,81276.3,0.67595,0.92064,1.00721,0.90826,0.91675,0.93854,0.83555,0.61904,0.90103,0.91144,0.00934045,0.00934045,0.00934045
833,81350.8,0.677,0.93438,1.02085,0.90878,0.9172,0.93824,0.83616,0.61921,0.90115,0.91158,0.0093389,0.0093389,0.0093389
834,81423.4,0.66401,0.92179,1.01388,0.90982,0.91727,0.93774,0.83497,0.6192,0.90313,0.9115,0.00933734,0.00933734,0.00933734
835,81495.5,0.66192,0.91441,1.01268,0.91142,0.91579,0.93838,0.83601,0.61918,0.90117,0.91172,0.00933579,0.00933579,0.00933579
836,81569,0.6657,0.90745,1.0061,0.91159,0.91755,0.93768,0.83507,0.61925,0.90203,0.91183,0.00933423,0.00933423,0.00933423
837,81641.8,0.66307,0.89624,1.0027,0.91139,0.91548,0.9379,0.83561,0.61924,0.90016,0.91187,0.00933267,0.00933267,0.00933267
838,81714,0.66399,0.89476,1.00552,0.91156,0.91716,0.93824,0.83526,0.61913,0.90073,0.91164,0.00933111,0.00933111,0.00933111
839,81786.8,0.65252,0.93497,1.006,0.91116,0.91826,0.93745,0.83446,0.61951,0.90021,0.91177,0.00932955,0.00932955,0.00932955
840,81859.3,0.66611,0.8874,1.00818,0.91063,0.918,0.9375,0.83523,0.61969,0.9008,0.912,0.00932799,0.00932799,0.00932799
841,81932.2,0.67261,0.91706,1.02234,0.91052,0.91793,0.93853,0.83599,0.61946,0.9029,0.91219,0.00932642,0.00932642,0.00932642
842,82005.7,0.66763,1.00078,1.00156,0.91068,0.91815,0.93841,0.83548,0.61957,0.90246,0.91232,0.00932485,0.00932485,0.00932485
843,82079.7,0.68201,0.92213,1.01903,0.91269,0.91779,0.93744,0.83377,0.62012,0.90122,0.91243,0.00932328,0.00932328,0.00932328
844,82152.5,0.65257,0.9039,1.00437,0.9132,0.91787,0.93741,0.83433,0.62009,0.90218,0.91231,0.00932171,0.00932171,0.00932171
845,82226.8,0.66015,0.94012,1.0053,0.91426,0.91766,0.93792,0.83407,0.61927,0.90048,0.91173,0.00932014,0.00932014,0.00932014
846,82299.9,0.66247,0.91216,1.00428,0.91374,0.91769,0.9374,0.83453,0.61948,0.90113,0.91161,0.00931857,0.00931857,0.00931857
847,82372.7,0.6605,0.93119,1.01108,0.91326,0.91749,0.9384,0.8344,0.61961,0.90202,0.91163,0.00931699,0.00931699,0.00931699
848,82445.1,0.64371,0.88896,0.99607,0.91302,0.91754,0.93761,0.83386,0.61987,0.90435,0.91145,0.00931542,0.00931542,0.00931542
849,82517.9,0.6452,0.90151,0.9979,0.91338,0.91756,0.93743,0.83365,0.61998,0.90493,0.91131,0.00931384,0.00931384,0.00931384
850,82589.9,0.66585,0.91281,1.00936,0.91324,0.91776,0.93789,0.83398,0.61992,0.90425,0.91135,0.00931226,0.00931226,0.00931226
851,82661,0.65554,0.89707,1.00076,0.91161,0.91818,0.93826,0.83424,0.62008,0.90202,0.91146,0.00931067,0.00931067,0.00931067
852,82735.1,0.65736,0.89035,1.00745,0.91146,0.91871,0.93778,0.83375,0.62022,0.90064,0.91149,0.00930909,0.00930909,0.00930909
853,82807.2,0.66873,0.9037,1.01786,0.9113,0.91905,0.93811,0.83464,0.61985,0.90132,0.91134,0.0093075,0.0093075,0.0093075
854,82879.9,0.66128,0.90884,1.00422,0.9114,0.91919,0.9372,0.83312,0.61984,0.90326,0.91156,0.00930592,0.00930592,0.00930592
855,82952.4,0.65038,0.87266,1.00677,0.91137,0.91942,0.93769,0.83395,0.61968,0.90347,0.91182,0.00930433,0.00930433,0.00930433
856,83024.3,0.66342,0.90206,1.01041,0.91344,0.9194,0.93811,0.83385,0.61953,0.90917,0.91193,0.00930274,0.00930274,0.00930274
857,83096.7,0.66027,0.91768,1.00581,0.9135,0.91933,0.93874,0.83494,0.62001,0.90997,0.912,0.00930114,0.00930114,0.00930114
858,83168.2,0.67179,0.91069,1.01342,0.91441,0.91898,0.93719,0.83364,0.62009,0.90881,0.91198,0.00929955,0.00929955,0.00929955
859,83237.9,0.65835,0.92258,1.00373,0.91431,0.91876,0.93804,0.83402,0.62074,0.91288,0.91224,0.00929795,0.00929795,0.00929795
860,83307.9,0.65065,0.90477,0.99913,0.91422,0.91857,0.93791,0.833,0.62046,0.91452,0.91229,0.00929636,0.00929636,0.00929636
861,83378.5,0.66208,0.92871,1.00371,0.90961,0.92014,0.93821,0.833,0.62086,0.91276,0.91244,0.00929476,0.00929476,0.00929476
862,83448.9,0.66263,0.90336,1.00641,0.90955,0.91943,0.93815,0.83415,0.6209,0.91236,0.91249,0.00929316,0.00929316,0.00929316
863,83520.9,0.65649,0.88098,1.01036,0.90955,0.91935,0.93778,0.83341,0.62065,0.9108,0.91245,0.00929155,0.00929155,0.00929155
864,83593.9,0.6623,0.91653,0.99953,0.90959,0.91972,0.93686,0.83216,0.62052,0.90857,0.91233,0.00928995,0.00928995,0.00928995
865,83665.8,0.66984,0.90926,1.00661,0.90961,0.91985,0.93711,0.83216,0.62038,0.90974,0.91205,0.00928834,0.00928834,0.00928834
866,83738.3,0.64628,0.88362,1.00154,0.90961,0.9198,0.93701,0.8327,0.62013,0.9111,0.912,0.00928674,0.00928674,0.00928674
867,83809.5,0.65585,0.91661,1.00193,0.91189,0.92044,0.93755,0.83378,0.62042,0.91204,0.91224,0.00928513,0.00928513,0.00928513
868,83880.3,0.66284,0.90423,1.01353,0.91186,0.92019,0.9373,0.8327,0.62024,0.91162,0.91238,0.00928352,0.00928352,0.00928352
869,83951.8,0.67225,0.91638,1.01391,0.91415,0.92078,0.9371,0.83303,0.62014,0.90994,0.91223,0.0092819,0.0092819,0.0092819
870,84023.5,0.66743,0.91255,1.0099,0.91257,0.92485,0.93714,0.83225,0.62008,0.90956,0.91211,0.00928029,0.00928029,0.00928029
871,84095.6,0.65897,0.87519,1.00711,0.91121,0.92483,0.93806,0.83378,0.61995,0.90814,0.91212,0.00927867,0.00927867,0.00927867
872,84167.4,0.67017,0.90498,1.00925,0.91005,0.92449,0.93693,0.83276,0.61994,0.91392,0.91201,0.00927706,0.00927706,0.00927706
873,84238,0.65432,0.91567,1.00759,0.90982,0.92424,0.93694,0.83298,0.6194,0.91429,0.91204,0.00927544,0.00927544,0.00927544
874,84309.8,0.66754,0.89399,1.00448,0.90974,0.92411,0.93699,0.83385,0.61914,0.91335,0.91185,0.00927382,0.00927382,0.00927382
875,84380.4,0.65733,0.88549,1.00994,0.91166,0.91787,0.93561,0.83275,0.61951,0.91693,0.91206,0.00927219,0.00927219,0.00927219
876,84452,0.65063,0.88978,0.99649,0.91167,0.9179,0.93701,0.83458,0.6192,0.91348,0.91159,0.00927057,0.00927057,0.00927057
877,84523.2,0.63588,0.87213,0.994,0.90938,0.91707,0.93613,0.83346,0.61957,0.91426,0.9119,0.00926894,0.00926894,0.00926894
878,84594.8,0.65091,0.88575,0.99554,0.90993,0.91653,0.9376,0.83452,0.61968,0.91417,0.91205,0.00926732,0.00926732,0.00926732
