epoch,time,train/box_loss,train/cls_loss,train/dfl_loss,metrics/precision(B),metrics/recall(B),metrics/mAP50(B),metrics/mAP50-95(B),val/box_loss,val/cls_loss,val/dfl_loss,lr/pg0,lr/pg1,lr/pg2
1,152.775,1.27288,9.07518,1.47388,0.71383,0.73331,0.72347,0.548,0.98978,3.07666,1.21057,0.00331675,0.00331675,0.00331675
2,277.558,1.16956,4.22019,1.35824,0.73037,0.80714,0.83891,0.59018,1.1277,4.16016,1.32058,0.00665008,0.00665008,0.00665008
3,399.725,1.31497,3.32741,1.44518,0.55649,0.64945,0.68016,0.39266,1.66727,7.6573,1.87242,0.00998341,0.00998341,0.00998341
4,523.906,1.40039,3.19449,1.49038,0.68519,0.82075,0.7848,0.48638,1.45792,4.10363,1.56269,0.00999999,0.00999999,0.00999999
5,647.942,1.30628,2.92557,1.42897,0.78543,0.74275,0.80643,0.52537,1.33661,3.83489,1.43423,0.00999998,0.00999998,0.00999998
6,770.776,1.22618,2.68278,1.39268,0.77133,0.87018,0.85923,0.58585,1.27534,2.08993,1.3347,0.00999998,0.00999998,0.00999998
7,893.647,1.17721,2.51335,1.36725,0.74839,0.86647,0.84995,0.6228,1.09777,2.07952,1.26263,0.00999996,0.00999996,0.00999996
8,1017.22,1.17375,2.41642,1.36061,0.82869,0.85041,0.87801,0.61552,1.14519,2.10921,1.24774,0.00999995,0.00999995,0.00999995
9,1140.55,1.14125,2.39013,1.32953,0.77823,0.8328,0.84085,0.62182,1.03488,1.92091,1.17581,0.00999994,0.00999994,0.00999994
10,1263.15,1.10749,2.27953,1.30383,0.7882,0.83665,0.85188,0.61777,1.14107,1.93854,1.2525,0.00999992,0.00999992,0.00999992
11,1384.31,1.09634,2.26006,1.30918,0.81773,0.83383,0.85897,0.64943,1.0237,1.69559,1.18488,0.0099999,0.0099999,0.0099999
12,1507.91,1.09506,2.19943,1.3041,0.84764,0.85213,0.88274,0.62108,1.21021,1.7922,1.26973,0.00999988,0.00999988,0.00999988
13,1630.32,1.07917,2.13702,1.28534,0.80422,0.87545,0.87497,0.63319,1.11893,1.74893,1.22286,0.00999986,0.00999986,0.00999986
14,1754.09,1.02276,2.02736,1.24387,0.82795,0.82091,0.87091,0.68259,0.95295,1.83519,1.12338,0.00999983,0.00999983,0.00999983
15,1876.49,1.04219,2.1042,1.26858,0.87082,0.83404,0.87674,0.67861,0.92298,1.64955,1.12418,0.00999981,0.00999981,0.00999981
16,2000.33,1.02266,2.07075,1.2449,0.83455,0.81291,0.86686,0.6569,1.01132,1.74609,1.17113,0.00999978,0.00999978,0.00999978
17,2123.75,1.03092,1.98361,1.23887,0.82765,0.86224,0.8913,0.69284,0.99359,1.5873,1.14183,0.00999975,0.00999975,0.00999975
18,2246.31,0.98725,1.96065,1.23068,0.83745,0.8514,0.87868,0.69084,0.94131,1.54737,1.10741,0.00999972,0.00999972,0.00999972
19,2367.88,0.98839,1.96323,1.23033,0.84928,0.85389,0.894,0.67208,1.07033,1.58477,1.19009,0.00999968,0.00999968,0.00999968
20,2492.49,0.96984,1.90794,1.20562,0.83785,0.88581,0.89185,0.69775,0.89818,1.54364,1.10535,0.00999965,0.00999965,0.00999965
21,2615.68,0.98616,1.89944,1.21549,0.88846,0.79999,0.88523,0.67557,1.04034,1.60833,1.15478,0.00999961,0.00999961,0.00999961
22,2739.26,0.97822,1.93288,1.2132,0.83328,0.83009,0.88416,0.69813,0.94219,1.59551,1.12745,0.00999957,0.00999957,0.00999957
23,2863.71,0.94334,1.80765,1.19389,0.83316,0.84739,0.89136,0.7096,0.9362,1.59363,1.12271,0.00999953,0.00999953,0.00999953
24,2986.63,0.96977,1.86817,1.22768,0.86105,0.86431,0.88978,0.66401,0.98871,1.65912,1.14255,0.00999948,0.00999948,0.00999948
25,3110.44,0.96812,1.89648,1.2187,0.88306,0.86755,0.89324,0.68644,1.00508,1.58078,1.15825,0.00999944,0.00999944,0.00999944
26,3235.7,0.93139,1.83658,1.19007,0.86587,0.84624,0.88761,0.68622,0.97353,1.48949,1.12666,0.00999939,0.00999939,0.00999939
27,3359.25,0.9498,1.85498,1.19997,0.85659,0.8412,0.89482,0.71048,0.90361,1.51949,1.08863,0.00999934,0.00999934,0.00999934
28,3481.45,0.95368,1.82961,1.20214,0.84291,0.83914,0.87245,0.64597,1.08769,1.49927,1.18475,0.00999929,0.00999929,0.00999929
29,3602.75,0.94201,1.82027,1.20109,0.85904,0.8597,0.89837,0.69113,0.95194,1.52749,1.12279,0.00999923,0.00999923,0.00999923
30,3724.99,0.92349,1.78425,1.19501,0.86493,0.87545,0.89165,0.70214,0.95846,1.53807,1.1397,0.00999918,0.00999918,0.00999918
31,3847.87,0.9145,1.79158,1.17856,0.8314,0.85889,0.87635,0.68905,0.94994,1.60545,1.12508,0.00999912,0.00999912,0.00999912
32,3969.34,0.92891,1.80235,1.19119,0.84641,0.86759,0.90784,0.71782,0.92884,1.47871,1.12608,0.00999906,0.00999906,0.00999906
33,4090.13,0.91805,1.75035,1.18032,0.85082,0.87076,0.90553,0.72809,0.93458,1.48139,1.11076,0.009999,0.009999,0.009999
34,4213.9,0.92055,1.78641,1.18303,0.8459,0.89112,0.90669,0.71753,0.89479,1.51128,1.08984,0.00999894,0.00999894,0.00999894
35,4337.63,0.92522,1.72307,1.18398,0.81215,0.88272,0.88395,0.70897,0.92541,1.55826,1.10691,0.00999887,0.00999887,0.00999887
36,4459.9,0.92323,1.76019,1.18096,0.88382,0.82857,0.8981,0.71178,0.88984,1.48366,1.07462,0.0099988,0.0099988,0.0099988
37,4583.75,0.92008,1.74138,1.18225,0.87787,0.85368,0.90186,0.73957,0.85506,1.38101,1.0768,0.00999873,0.00999873,0.00999873
38,4704.7,0.89836,1.72855,1.15812,0.8214,0.86429,0.885,0.7154,0.90076,1.54689,1.08326,0.00999866,0.00999866,0.00999866
39,4826.57,0.90315,1.72789,1.17047,0.88706,0.84165,0.89223,0.71562,0.87223,1.38749,1.07181,0.00999859,0.00999859,0.00999859
40,4948.66,0.89084,1.6756,1.16446,0.86227,0.88832,0.89843,0.70936,0.89747,1.38258,1.07779,0.00999851,0.00999851,0.00999851
41,5071.28,0.89321,1.69407,1.16496,0.82957,0.89016,0.89684,0.72278,0.86763,1.49915,1.06068,0.00999844,0.00999844,0.00999844
42,5193.75,0.8861,1.66962,1.16739,0.87018,0.86674,0.89298,0.72009,0.86835,1.49612,1.07942,0.00999836,0.00999836,0.00999836
43,5315.87,0.89986,1.63909,1.16543,0.82623,0.89651,0.89842,0.72544,0.86567,1.53339,1.07582,0.00999828,0.00999828,0.00999828
44,5436.73,0.89278,1.60865,1.16464,0.8088,0.90245,0.89743,0.71976,0.90484,1.45218,1.08648,0.00999819,0.00999819,0.00999819
45,5558.75,0.88468,1.62861,1.15401,0.86122,0.88771,0.90512,0.73963,0.84243,1.37101,1.04486,0.00999811,0.00999811,0.00999811
46,5682.04,0.89496,1.62708,1.16374,0.84804,0.8915,0.91348,0.72751,0.88523,1.40378,1.07396,0.00999802,0.00999802,0.00999802
47,5805.59,0.86696,1.61024,1.14966,0.88874,0.86218,0.91006,0.7267,0.83162,1.39796,1.05221,0.00999793,0.00999793,0.00999793
48,5928.97,0.87204,1.60763,1.15063,0.83496,0.87935,0.90441,0.74414,0.79669,1.38166,1.02686,0.00999784,0.00999784,0.00999784
49,6049.66,0.87191,1.61641,1.1521,0.83146,0.89933,0.89781,0.72518,0.89471,1.4132,1.07711,0.00999775,0.00999775,0.00999775
50,6171.59,0.87617,1.60761,1.15241,0.86767,0.8597,0.90304,0.73104,0.82284,1.42489,1.0405,0.00999765,0.00999765,0.00999765
51,6294.17,0.87737,1.60657,1.14697,0.85268,0.88727,0.9044,0.73695,0.85596,1.37306,1.0534,0.00999756,0.00999756,0.00999756
52,6415.84,0.88379,1.6063,1.15351,0.87762,0.83604,0.91169,0.7435,0.85321,1.35389,1.04642,0.00999746,0.00999746,0.00999746
53,6536.95,0.86792,1.58939,1.14458,0.85502,0.88406,0.91569,0.76042,0.83653,1.34182,1.059,0.00999736,0.00999736,0.00999736
54,6659.26,0.86273,1.59889,1.14073,0.87707,0.89087,0.91225,0.74156,0.83152,1.298,1.04307,0.00999726,0.00999726,0.00999726
55,6780.33,0.868,1.55533,1.14847,0.88611,0.87273,0.90323,0.74914,0.81862,1.31976,1.04417,0.00999715,0.00999715,0.00999715
56,6901.38,0.85124,1.57123,1.13854,0.88951,0.86175,0.91782,0.75565,0.77128,1.30866,1.0136,0.00999704,0.00999704,0.00999704
57,7024.87,0.85365,1.58906,1.1328,0.89415,0.84415,0.90859,0.74271,0.82356,1.32979,1.04365,0.00999694,0.00999694,0.00999694
58,7148.71,0.8556,1.58093,1.13679,0.83772,0.91953,0.90526,0.74273,0.82333,1.25931,1.03776,0.00999683,0.00999683,0.00999683
59,7270.64,0.85816,1.56813,1.13707,0.83354,0.91079,0.90594,0.74305,0.83126,1.28807,1.03156,0.00999671,0.00999671,0.00999671
60,7393.29,0.85086,1.51285,1.13132,0.87555,0.87889,0.90633,0.75197,0.80036,1.26286,1.02463,0.0099966,0.0099966,0.0099966
61,7515.88,0.84429,1.5495,1.13492,0.88522,0.85319,0.90822,0.75329,0.8011,1.30308,1.02723,0.00999648,0.00999648,0.00999648
62,7639.62,0.83102,1.51154,1.11984,0.91014,0.82874,0.91173,0.75283,0.8106,1.27263,1.03795,0.00999636,0.00999636,0.00999636
63,7761.52,0.85015,1.57284,1.14319,0.8978,0.85193,0.91352,0.76143,0.82483,1.33587,1.04441,0.00999624,0.00999624,0.00999624
64,7881.75,0.85421,1.52608,1.14375,0.89479,0.85414,0.91286,0.75556,0.81812,1.32505,1.04447,0.00999612,0.00999612,0.00999612
65,8003.35,0.8406,1.55684,1.12637,0.89078,0.85018,0.91161,0.75228,0.80596,1.2936,1.03068,0.009996,0.009996,0.009996
66,8127.43,0.85265,1.49099,1.13792,0.88032,0.87103,0.91744,0.76291,0.78985,1.29551,1.02742,0.00999587,0.00999587,0.00999587
67,8249.02,0.83723,1.51285,1.11176,0.8597,0.87374,0.91493,0.75179,0.80229,1.23204,1.01997,0.00999574,0.00999574,0.00999574
68,8370.55,0.83625,1.50631,1.12165,0.87515,0.88978,0.91642,0.7628,0.79147,1.20055,1.02012,0.00999561,0.00999561,0.00999561
69,8492.97,0.83932,1.47421,1.11745,0.88589,0.84734,0.90833,0.75834,0.7823,1.28932,1.01133,0.00999548,0.00999548,0.00999548
70,8614.37,0.84476,1.50788,1.11855,0.88908,0.86221,0.90628,0.74543,0.79758,1.23228,1.02018,0.00999535,0.00999535,0.00999535
71,8735.81,0.83077,1.46763,1.12356,0.88356,0.88055,0.91761,0.76116,0.77215,1.2107,1.02118,0.00999521,0.00999521,0.00999521
72,8856.52,0.83964,1.48172,1.13412,0.8896,0.87682,0.90736,0.75783,0.78982,1.26044,1.02212,0.00999508,0.00999508,0.00999508
73,8976.79,0.83102,1.47592,1.1207,0.89124,0.8732,0.91027,0.75637,0.78142,1.26901,1.02988,0.00999494,0.00999494,0.00999494
74,9097.42,0.83122,1.47997,1.11456,0.88981,0.87381,0.91089,0.76018,0.78142,1.26084,1.02995,0.00999479,0.00999479,0.00999479
75,9219.84,0.83317,1.50586,1.11681,0.84598,0.89695,0.90456,0.76475,0.75309,1.2252,1.00824,0.00999465,0.00999465,0.00999465
76,9341.57,0.84219,1.49004,1.13372,0.86814,0.88149,0.90842,0.75936,0.78359,1.29263,1.01874,0.0099945,0.0099945,0.0099945
77,9462.26,0.8406,1.49006,1.12569,0.83993,0.89844,0.91296,0.77272,0.75844,1.2605,0.99719,0.00999436,0.00999436,0.00999436
78,9583.42,0.83279,1.51393,1.13258,0.85461,0.89316,0.91828,0.78126,0.76054,1.22043,1.00251,0.00999421,0.00999421,0.00999421
79,9705.38,0.82897,1.49549,1.1263,0.91127,0.85165,0.91832,0.76963,0.7795,1.26131,1.00725,0.00999406,0.00999406,0.00999406
80,9827.95,0.83738,1.47429,1.11285,0.89058,0.8833,0.91539,0.77134,0.77014,1.21379,1.00447,0.0099939,0.0099939,0.0099939
81,9949.82,0.8231,1.48406,1.11963,0.89169,0.88023,0.91478,0.75998,0.78307,1.24928,1.01626,0.00999375,0.00999375,0.00999375
82,10072.7,0.83715,1.4642,1.13088,0.88914,0.87939,0.92356,0.77505,0.75687,1.19171,1.00519,0.00999359,0.00999359,0.00999359
83,10196.7,0.8306,1.43328,1.12237,0.90002,0.86496,0.91186,0.7628,0.77868,1.22508,1.01763,0.00999343,0.00999343,0.00999343
84,10321.3,0.81951,1.40172,1.11006,0.8639,0.89534,0.91478,0.76914,0.78138,1.21695,1.02021,0.00999327,0.00999327,0.00999327
85,10444.4,0.82802,1.4656,1.1122,0.89174,0.8728,0.91546,0.78065,0.74889,1.18136,1.00561,0.00999311,0.00999311,0.00999311
86,10565.9,0.80709,1.43263,1.11401,0.89448,0.86884,0.91629,0.77556,0.78307,1.25717,1.02511,0.00999294,0.00999294,0.00999294
87,10688.3,0.8231,1.44458,1.12184,0.88794,0.89172,0.92211,0.7757,0.75528,1.18701,1.00013,0.00999278,0.00999278,0.00999278
88,10810.8,0.79549,1.41025,1.10125,0.88899,0.88808,0.9214,0.77728,0.75303,1.19837,1.00147,0.00999261,0.00999261,0.00999261
89,10932.5,0.79188,1.3715,1.10293,0.90191,0.8754,0.91933,0.77726,0.7419,1.17013,0.9955,0.00999244,0.00999244,0.00999244
90,11054.3,0.81539,1.43904,1.11382,0.89713,0.88705,0.92547,0.77872,0.74743,1.14441,0.99664,0.00999226,0.00999226,0.00999226
91,11174.7,0.80377,1.38195,1.09795,0.87735,0.89828,0.92658,0.78182,0.75006,1.14488,1.00237,0.00999209,0.00999209,0.00999209
92,11298.9,0.82329,1.43371,1.11867,0.89601,0.86416,0.92203,0.78216,0.73794,1.11795,0.99654,0.00999191,0.00999191,0.00999191
93,11422.7,0.80325,1.40488,1.10649,0.89946,0.86249,0.92229,0.78162,0.73827,1.13001,0.98816,0.00999173,0.00999173,0.00999173
94,11545.6,0.82038,1.37763,1.10689,0.86053,0.89613,0.91957,0.77626,0.73497,1.15485,0.98906,0.00999155,0.00999155,0.00999155
95,11668.3,0.80305,1.40095,1.09743,0.89176,0.88157,0.92297,0.77874,0.75277,1.15879,0.99628,0.00999137,0.00999137,0.00999137
96,11791.6,0.80367,1.39692,1.09517,0.90296,0.87883,0.91349,0.77068,0.7545,1.18059,1.00062,0.00999118,0.00999118,0.00999118
97,11916.9,0.81766,1.36657,1.11627,0.8986,0.87536,0.92493,0.77738,0.7662,1.14419,1.00106,0.009991,0.009991,0.009991
98,12041.1,0.84224,1.44864,1.12684,0.89748,0.88836,0.92597,0.78239,0.75036,1.11464,0.99102,0.00999081,0.00999081,0.00999081
99,12162.4,0.81616,1.41818,1.1184,0.89183,0.88573,0.92517,0.78664,0.73712,1.09856,0.98605,0.00999062,0.00999062,0.00999062
100,12284.7,0.79545,1.38885,1.09192,0.87657,0.90131,0.92924,0.78902,0.73468,1.10235,0.98872,0.00999043,0.00999043,0.00999043
101,12406.6,0.81083,1.45364,1.09986,0.89837,0.87745,0.93023,0.79894,0.71761,1.10152,0.98211,0.00999023,0.00999023,0.00999023
102,12529.4,0.80697,1.37298,1.10558,0.86441,0.90558,0.93247,0.7913,0.71599,1.10913,0.97818,0.00999004,0.00999004,0.00999004
103,12652.5,0.81113,1.39245,1.10814,0.90224,0.87525,0.9329,0.79659,0.72434,1.13187,0.98345,0.00998984,0.00998984,0.00998984
104,12773.6,0.78539,1.34706,1.08647,0.89599,0.88832,0.92853,0.79312,0.72978,1.13167,0.98114,0.00998964,0.00998964,0.00998964
105,12895.9,0.80291,1.38648,1.10513,0.89539,0.88573,0.92834,0.7934,0.73273,1.13756,0.98436,0.00998944,0.00998944,0.00998944
106,13017.9,0.78668,1.36759,1.09333,0.89942,0.87889,0.92858,0.79311,0.72415,1.11817,0.98299,0.00998923,0.00998923,0.00998923
107,13142.3,0.79649,1.39379,1.08831,0.90777,0.87811,0.93176,0.79605,0.72415,1.13312,0.97858,0.00998903,0.00998903,0.00998903
108,13265.3,0.81364,1.37437,1.10685,0.90152,0.88055,0.92914,0.7915,0.72166,1.11637,0.97793,0.00998882,0.00998882,0.00998882
109,13389.8,0.80315,1.40513,1.1086,0.91263,0.87729,0.9289,0.79966,0.7138,1.11988,0.97502,0.00998861,0.00998861,0.00998861
110,13512.8,0.79413,1.33664,1.09704,0.91742,0.87643,0.92771,0.80178,0.70414,1.11549,0.9748,0.0099884,0.0099884,0.0099884
111,13636.8,0.79537,1.38383,1.09694,0.90695,0.88397,0.93215,0.80092,0.70864,1.10185,0.97888,0.00998818,0.00998818,0.00998818
112,13759,0.79684,1.34456,1.09547,0.91043,0.88291,0.93198,0.80367,0.71658,1.10507,0.98333,0.00998797,0.00998797,0.00998797
113,13881.7,0.81018,1.37329,1.102,0.90604,0.8848,0.93071,0.80024,0.72976,1.08006,0.98647,0.00998775,0.00998775,0.00998775
114,14005.7,0.81532,1.37698,1.10893,0.91387,0.87385,0.9303,0.79745,0.72472,1.07018,0.98138,0.00998753,0.00998753,0.00998753
115,14127.4,0.79975,1.35728,1.10015,0.90882,0.88036,0.92985,0.80212,0.71063,1.06835,0.97444,0.00998731,0.00998731,0.00998731
116,14249.1,0.78866,1.32354,1.09041,0.90436,0.88525,0.9314,0.80132,0.71838,1.08805,0.98036,0.00998708,0.00998708,0.00998708
117,14371.3,0.7998,1.35831,1.09491,0.91589,0.86755,0.93072,0.80184,0.71979,1.0827,0.98322,0.00998686,0.00998686,0.00998686
118,14492.3,0.79139,1.32528,1.09539,0.90945,0.87495,0.93116,0.79884,0.71544,1.09511,0.97981,0.00998663,0.00998663,0.00998663
119,14614.5,0.78799,1.32784,1.09052,0.90791,0.86748,0.93119,0.79948,0.7151,1.10143,0.97903,0.0099864,0.0099864,0.0099864
120,14736.9,0.78803,1.32763,1.09711,0.90712,0.86237,0.92714,0.79489,0.71511,1.1065,0.98036,0.00998617,0.00998617,0.00998617
121,14858.7,0.7836,1.30837,1.0811,0.91131,0.86393,0.92611,0.79856,0.7094,1.1027,0.97837,0.00998594,0.00998594,0.00998594
122,14979.4,0.79728,1.34055,1.09974,0.9113,0.86496,0.92569,0.79637,0.71104,1.10857,0.97979,0.0099857,0.0099857,0.0099857
123,15101.3,0.80646,1.36059,1.1019,0.91489,0.86694,0.92779,0.80039,0.71001,1.10991,0.97769,0.00998546,0.00998546,0.00998546
124,15222.4,0.77426,1.31333,1.08302,0.90782,0.86712,0.92857,0.79681,0.71745,1.10799,0.98145,0.00998522,0.00998522,0.00998522
125,15343,0.77272,1.32615,1.08713,0.90129,0.86897,0.92899,0.79446,0.7177,1.11567,0.98247,0.00998498,0.00998498,0.00998498
126,15466.1,0.78067,1.29526,1.09734,0.90627,0.87239,0.92971,0.79844,0.71681,1.10931,0.98324,0.00998474,0.00998474,0.00998474
127,15587.4,0.78562,1.32089,1.09879,0.89125,0.87728,0.93053,0.79907,0.71145,1.10762,0.98132,0.0099845,0.0099845,0.0099845
128,15708.5,0.78254,1.30015,1.09458,0.90487,0.87077,0.93226,0.80023,0.70812,1.10378,0.97971,0.00998425,0.00998425,0.00998425
129,15828.9,0.77541,1.31597,1.0879,0.89646,0.88445,0.9316,0.80582,0.70771,1.10613,0.98102,0.009984,0.009984,0.009984
130,15950.4,0.797,1.31439,1.0899,0.91229,0.87695,0.93249,0.80625,0.70659,1.10764,0.98251,0.00998375,0.00998375,0.00998375
131,16071,0.79265,1.33102,1.10609,0.90862,0.87694,0.9323,0.80498,0.70698,1.10709,0.98379,0.0099835,0.0099835,0.0099835
132,16191.3,0.79073,1.32915,1.08389,0.90218,0.87714,0.9325,0.80765,0.70597,1.10241,0.98287,0.00998324,0.00998324,0.00998324
133,16312.9,0.78317,1.34516,1.08183,0.90877,0.8784,0.93234,0.80732,0.70849,1.1029,0.98355,0.00998298,0.00998298,0.00998298
134,16433.3,0.77797,1.36317,1.08967,0.9085,0.87828,0.93257,0.80878,0.71303,1.10423,0.98384,0.00998273,0.00998273,0.00998273
135,16554.8,0.77866,1.29781,1.08916,0.90526,0.87564,0.93301,0.80823,0.7101,1.11239,0.98337,0.00998247,0.00998247,0.00998247
136,16678.2,0.77665,1.31899,1.08735,0.90387,0.87557,0.93214,0.80695,0.70583,1.11067,0.9799,0.0099822,0.0099822,0.0099822
137,16799.9,0.77426,1.28272,1.09213,0.90641,0.87461,0.93165,0.80648,0.7064,1.1029,0.98127,0.00998194,0.00998194,0.00998194
138,16921,0.7697,1.30033,1.08495,0.90511,0.87441,0.93069,0.80604,0.7051,1.09717,0.97994,0.00998167,0.00998167,0.00998167
139,17042.1,0.77889,1.31451,1.08111,0.90454,0.87511,0.93078,0.8058,0.70463,1.08748,0.97773,0.0099814,0.0099814,0.0099814
140,17161.8,0.77529,1.26218,1.09616,0.89949,0.87509,0.93158,0.80631,0.7043,1.08309,0.97677,0.00998113,0.00998113,0.00998113
141,17282.3,0.772,1.2503,1.07542,0.89987,0.87695,0.93157,0.80622,0.70396,1.08418,0.97576,0.00998086,0.00998086,0.00998086
142,17404,0.78089,1.27368,1.08234,0.90015,0.88013,0.93247,0.8076,0.70431,1.08393,0.97643,0.00998059,0.00998059,0.00998059
143,17525.5,0.77506,1.28814,1.08352,0.9023,0.879,0.93406,0.80964,0.7046,1.08487,0.97614,0.00998031,0.00998031,0.00998031
144,17647.5,0.77893,1.30612,1.08392,0.90141,0.87589,0.93369,0.80924,0.7011,1.0781,0.97449,0.00998003,0.00998003,0.00998003
145,17769.7,0.76791,1.26577,1.07865,0.87791,0.89223,0.93352,0.80908,0.69797,1.07182,0.97275,0.00997975,0.00997975,0.00997975
146,17891.7,0.76924,1.25526,1.08226,0.88066,0.89221,0.93451,0.81177,0.69722,1.07563,0.97187,0.00997947,0.00997947,0.00997947
147,18011.6,0.76478,1.27371,1.08033,0.87848,0.89457,0.93467,0.81119,0.69446,1.07882,0.97069,0.00997919,0.00997919,0.00997919
148,18130.8,0.7743,1.28263,1.07517,0.88304,0.89172,0.93463,0.81009,0.69519,1.07604,0.97047,0.0099789,0.0099789,0.0099789
149,18251.7,0.78086,1.30255,1.08158,0.85782,0.92624,0.93544,0.81107,0.69722,1.07944,0.97175,0.00997861,0.00997861,0.00997861
150,18372.7,0.75684,1.24008,1.07061,0.84494,0.93421,0.93381,0.8085,0.69702,1.08062,0.97083,0.00997832,0.00997832,0.00997832
151,18492.7,0.77306,1.32756,1.09217,0.84438,0.93349,0.93422,0.81046,0.69762,1.07929,0.97074,0.00997803,0.00997803,0.00997803
152,18614.8,0.76126,1.26541,1.07402,0.85311,0.92752,0.9348,0.80954,0.69928,1.07575,0.97161,0.00997774,0.00997774,0.00997774
153,18734.2,0.77388,1.25866,1.06677,0.85227,0.92768,0.93441,0.80773,0.69906,1.07024,0.97077,0.00997744,0.00997744,0.00997744
154,18856.7,0.77878,1.24975,1.08666,0.85169,0.92753,0.93495,0.80853,0.69839,1.06841,0.96967,0.00997714,0.00997714,0.00997714
155,18978.7,0.78983,1.31182,1.09719,0.86943,0.90758,0.935,0.80863,0.69808,1.06908,0.96942,0.00997685,0.00997685,0.00997685
156,19098.8,0.76511,1.27302,1.08099,0.86906,0.90999,0.93543,0.8094,0.69614,1.06316,0.96753,0.00997654,0.00997654,0.00997654
157,19221.2,0.76148,1.26687,1.07915,0.8688,0.91229,0.93473,0.80773,0.69522,1.06172,0.96708,0.00997624,0.00997624,0.00997624
158,19342.5,0.77836,1.26916,1.0913,0.87153,0.91181,0.93475,0.80831,0.69563,1.06154,0.96704,0.00997594,0.00997594,0.00997594
159,19463.4,0.77435,1.31031,1.07873,0.87107,0.9122,0.93442,0.80997,0.69455,1.06044,0.96659,0.00997563,0.00997563,0.00997563
160,19583.5,0.76426,1.25458,1.07246,0.87251,0.91175,0.93446,0.8117,0.69506,1.06099,0.96718,0.00997532,0.00997532,0.00997532
161,19704,0.77202,1.24378,1.07951,0.87361,0.91141,0.93468,0.81182,0.69348,1.058,0.96664,0.00997501,0.00997501,0.00997501
162,19825.4,0.77752,1.24149,1.08808,0.87347,0.91043,0.93493,0.80972,0.69299,1.05431,0.96592,0.00997469,0.00997469,0.00997469
163,19945.4,0.77105,1.25894,1.08701,0.87031,0.90558,0.93429,0.81075,0.69107,1.05534,0.96452,0.00997438,0.00997438,0.00997438
164,20066.7,0.76751,1.2529,1.08772,0.871,0.90654,0.93337,0.81184,0.69046,1.05681,0.96388,0.00997406,0.00997406,0.00997406
165,20187.5,0.76695,1.27111,1.08008,0.88347,0.89569,0.93362,0.81311,0.68895,1.05443,0.96325,0.00997374,0.00997374,0.00997374
166,20309.7,0.76944,1.26455,1.08039,0.88478,0.89731,0.9334,0.81344,0.68795,1.05488,0.96261,0.00997342,0.00997342,0.00997342
167,20432.4,0.76324,1.2502,1.08167,0.88509,0.89576,0.93327,0.81351,0.68873,1.05367,0.96418,0.0099731,0.0099731,0.0099731
168,20553.3,0.76556,1.23836,1.08578,0.88577,0.89666,0.93348,0.81245,0.68884,1.05326,0.96458,0.00997277,0.00997277,0.00997277
169,20671.4,0.74608,1.2117,1.06709,0.88523,0.89383,0.9329,0.80868,0.69004,1.05216,0.96486,0.00997245,0.00997245,0.00997245
170,20790.3,0.74828,1.22988,1.06255,0.89249,0.89354,0.93211,0.80707,0.6915,1.05095,0.96552,0.00997212,0.00997212,0.00997212
171,20909.5,0.76062,1.21868,1.07961,0.89182,0.89354,0.93214,0.80779,0.69231,1.05314,0.96591,0.00997179,0.00997179,0.00997179
172,21029.3,0.7762,1.22904,1.08941,0.89432,0.89354,0.93173,0.8078,0.69156,1.05286,0.96598,0.00997146,0.00997146,0.00997146
173,21149.2,0.77343,1.26193,1.08545,0.89778,0.89354,0.93182,0.80812,0.68906,1.04747,0.9641,0.00997112,0.00997112,0.00997112
174,21269.6,0.75066,1.2503,1.06786,0.89835,0.89231,0.93098,0.8066,0.68853,1.04694,0.96335,0.00997079,0.00997079,0.00997079
175,21390.1,0.75553,1.20526,1.06586,0.89878,0.88836,0.93055,0.81035,0.68889,1.04866,0.96321,0.00997045,0.00997045,0.00997045
176,21508.6,0.74866,1.19014,1.06753,0.8998,0.89095,0.93052,0.80926,0.68863,1.04809,0.96302,0.00997011,0.00997011,0.00997011
177,21627.9,0.75798,1.2195,1.07277,0.89668,0.89095,0.92958,0.80624,0.68873,1.04732,0.96265,0.00996976,0.00996976,0.00996976
178,21748.7,0.75517,1.25226,1.07528,0.89707,0.89095,0.92922,0.80751,0.68923,1.04687,0.96301,0.00996942,0.00996942,0.00996942
179,21869.1,0.75638,1.18445,1.06554,0.8975,0.89095,0.92982,0.80901,0.6906,1.0458,0.96361,0.00996907,0.00996907,0.00996907
180,21989.2,0.76441,1.2473,1.08118,0.89791,0.89095,0.92936,0.80986,0.69055,1.04403,0.96371,0.00996873,0.00996873,0.00996873
181,22107.7,0.74776,1.20039,1.06948,0.89767,0.89095,0.92959,0.81012,0.69037,1.04013,0.96305,0.00996838,0.00996838,0.00996838
182,22223,0.76205,1.22313,1.08018,0.89725,0.89095,0.9296,0.81071,0.68872,1.04027,0.96208,0.00996802,0.00996802,0.00996802
183,22338.7,0.76705,1.21598,1.07499,0.8968,0.89095,0.92896,0.81087,0.68794,1.04013,0.9616,0.00996767,0.00996767,0.00996767
184,22453.9,0.74026,1.20612,1.05747,0.89596,0.89175,0.92989,0.81135,0.68685,1.03916,0.96107,0.00996731,0.00996731,0.00996731
185,22569.5,0.76277,1.23117,1.07612,0.89682,0.89095,0.93004,0.80861,0.68635,1.0375,0.9607,0.00996696,0.00996696,0.00996696
186,22684.7,0.76341,1.17586,1.06686,0.8968,0.89095,0.93028,0.80855,0.68521,1.04077,0.96041,0.0099666,0.0099666,0.0099666
187,22799.2,0.75363,1.22153,1.06025,0.89825,0.89095,0.93005,0.80809,0.68475,1.04065,0.96007,0.00996624,0.00996624,0.00996624
188,22913.5,0.74617,1.22261,1.05389,0.89912,0.89014,0.93072,0.80814,0.68451,1.03989,0.95994,0.00996587,0.00996587,0.00996587
189,23028.2,0.74464,1.21002,1.06629,0.89898,0.89021,0.93093,0.80853,0.68348,1.03747,0.95946,0.00996551,0.00996551,0.00996551
190,23144,0.74987,1.21404,1.06982,0.89891,0.8902,0.93048,0.80912,0.68359,1.03755,0.9594,0.00996514,0.00996514,0.00996514
191,23258.3,0.75466,1.22433,1.0633,0.89892,0.88983,0.93071,0.80931,0.68314,1.03,0.95916,0.00996477,0.00996477,0.00996477
192,23373.2,0.75574,1.19091,1.05887,0.89889,0.88974,0.9298,0.8087,0.68286,1.03409,0.95932,0.0099644,0.0099644,0.0099644
193,23495.1,0.75184,1.17513,1.06343,0.89885,0.88943,0.93027,0.80909,0.68267,1.03393,0.95929,0.00996402,0.00996402,0.00996402
194,23610.4,0.74822,1.16684,1.06377,0.89873,0.88909,0.92929,0.80855,0.68212,1.03187,0.95907,0.00996365,0.00996365,0.00996365
195,23727.3,0.75258,1.20166,1.06403,0.89998,0.88836,0.92899,0.80876,0.68261,1.03209,0.95956,0.00996327,0.00996327,0.00996327
196,23843.1,0.75499,1.19447,1.07219,0.90107,0.88836,0.92959,0.80904,0.68272,1.03182,0.9599,0.00996289,0.00996289,0.00996289
197,23958.8,0.75695,1.1959,1.07956,0.90068,0.88836,0.93002,0.80892,0.68222,1.02867,0.95953,0.00996251,0.00996251,0.00996251
198,24074.4,0.76145,1.23428,1.07113,0.90037,0.88836,0.92948,0.80765,0.682,1.02943,0.95932,0.00996213,0.00996213,0.00996213
199,24190.1,0.77043,1.21371,1.07661,0.90133,0.88836,0.92898,0.8081,0.68147,1.02878,0.95923,0.00996174,0.00996174,0.00996174
200,24303.4,0.74325,1.22807,1.06314,0.90109,0.88836,0.92946,0.80765,0.68093,1.02887,0.95898,0.00996136,0.00996136,0.00996136
201,24418.6,0.75312,1.17132,1.06485,0.90129,0.88836,0.92923,0.80901,0.68083,1.02655,0.95876,0.00996097,0.00996097,0.00996097
202,24534.2,0.74228,1.17081,1.06024,0.90347,0.88836,0.92992,0.80961,0.68055,1.02534,0.95884,0.00996058,0.00996058,0.00996058
203,24649.7,0.747,1.16369,1.06542,0.9037,0.88806,0.92942,0.81108,0.67999,1.02428,0.95884,0.00996018,0.00996018,0.00996018
204,24766.9,0.74584,1.19732,1.06199,0.90368,0.8879,0.92926,0.81211,0.67926,1.02501,0.95828,0.00995979,0.00995979,0.00995979
205,24884.7,0.74698,1.1845,1.06827,0.90366,0.88811,0.92912,0.81176,0.67885,1.02379,0.95809,0.00995939,0.00995939,0.00995939
206,25001.3,0.74814,1.16299,1.06964,0.90364,0.88812,0.93016,0.812,0.67875,1.02322,0.95805,0.00995899,0.00995899,0.00995899
207,25118.8,0.74612,1.15072,1.06053,0.90364,0.88817,0.92989,0.81101,0.67835,1.02333,0.95802,0.00995859,0.00995859,0.00995859
208,25235.3,0.74386,1.15848,1.05726,0.90347,0.88836,0.92978,0.81134,0.67898,1.02254,0.95842,0.00995819,0.00995819,0.00995819
209,25351.1,0.74446,1.16905,1.05819,0.90389,0.88714,0.92929,0.81093,0.67918,1.02209,0.95863,0.00995779,0.00995779,0.00995779
210,25468,0.7464,1.19428,1.0643,0.90391,0.8871,0.92984,0.81019,0.67864,1.02094,0.95829,0.00995738,0.00995738,0.00995738
211,25584.7,0.73961,1.12691,1.05659,0.90386,0.88707,0.9295,0.81078,0.67823,1.01865,0.95824,0.00995697,0.00995697,0.00995697
212,25701.5,0.73988,1.15813,1.06248,0.90383,0.8871,0.92973,0.81126,0.67708,1.01913,0.95745,0.00995656,0.00995656,0.00995656
213,25818.4,0.74528,1.16161,1.05921,0.90383,0.88721,0.92943,0.81086,0.6768,1.01902,0.95741,0.00995615,0.00995615,0.00995615
214,25934,0.74924,1.16237,1.06474,0.90381,0.88734,0.92874,0.81041,0.67632,1.01908,0.95732,0.00995574,0.00995574,0.00995574
215,26049.4,0.75042,1.17963,1.06405,0.90378,0.88769,0.92936,0.81182,0.67603,1.01749,0.95734,0.00995532,0.00995532,0.00995532
216,26165.4,0.74085,1.14173,1.05381,0.90379,0.88789,0.92929,0.81176,0.6765,1.01725,0.95745,0.0099549,0.0099549,0.0099549
217,26281.8,0.76003,1.20397,1.06677,0.88393,0.9184,0.92969,0.81097,0.67645,1.01684,0.95753,0.00995448,0.00995448,0.00995448
218,26398.9,0.74322,1.14788,1.05544,0.8845,0.91834,0.92924,0.80933,0.67646,1.01765,0.95777,0.00995406,0.00995406,0.00995406
219,26515.3,0.75171,1.16637,1.07167,0.88432,0.91844,0.9297,0.80979,0.67627,1.0197,0.95792,0.00995364,0.00995364,0.00995364
220,26631.2,0.75318,1.18428,1.06987,0.89454,0.90928,0.9301,0.81085,0.67618,1.0192,0.95773,0.00995321,0.00995321,0.00995321
221,26748.9,0.73116,1.11901,1.05844,0.89456,0.90951,0.92984,0.80988,0.67592,1.01791,0.95749,0.00995278,0.00995278,0.00995278
222,26866.9,0.75711,1.19988,1.06182,0.8923,0.90839,0.92915,0.81012,0.67556,1.01763,0.95737,0.00995235,0.00995235,0.00995235
223,26983.5,0.73724,1.14742,1.06193,0.89177,0.91021,0.92989,0.81254,0.67542,1.01682,0.95714,0.00995192,0.00995192,0.00995192
224,27100.9,0.74613,1.16594,1.06659,0.89254,0.91026,0.92951,0.81297,0.67528,1.01507,0.95707,0.00995149,0.00995149,0.00995149
225,27218.3,0.74771,1.14941,1.07616,0.88961,0.91852,0.92978,0.81106,0.67583,1.01353,0.95702,0.00995105,0.00995105,0.00995105
226,27336.2,0.73398,1.15217,1.05898,0.89106,0.90783,0.93014,0.81203,0.67547,1.01288,0.95681,0.00995062,0.00995062,0.00995062
227,27453.2,0.7571,1.12353,1.0708,0.89384,0.90732,0.93003,0.81316,0.67495,1.01112,0.95674,0.00995018,0.00995018,0.00995018
228,27570.5,0.7346,1.17436,1.04783,0.89382,0.90726,0.92947,0.81297,0.67515,1.01086,0.95673,0.00994974,0.00994974,0.00994974
229,27687.6,0.73025,1.14065,1.03928,0.89429,0.90715,0.92934,0.81273,0.67455,1.00812,0.95654,0.00994929,0.00994929,0.00994929
230,27804.7,0.74514,1.15378,1.05707,0.89434,0.90708,0.93001,0.81358,0.67478,1.00737,0.9568,0.00994885,0.00994885,0.00994885
231,27921.8,0.7373,1.14302,1.05262,0.89475,0.9071,0.9305,0.81416,0.67498,1.00708,0.95651,0.0099484,0.0099484,0.0099484
232,28039.8,0.74263,1.16123,1.06302,0.89491,0.90706,0.93027,0.81487,0.67503,1.00686,0.95661,0.00994795,0.00994795,0.00994795
233,28157.5,0.74896,1.12281,1.05331,0.89523,0.90708,0.93034,0.81406,0.67419,1.00663,0.9563,0.0099475,0.0099475,0.0099475
234,28275.2,0.74712,1.17261,1.06256,0.89449,0.90712,0.92966,0.81143,0.6741,1.00719,0.95588,0.00994705,0.00994705,0.00994705
235,28392.1,0.73722,1.1598,1.05704,0.89394,0.90708,0.92895,0.81069,0.67339,1.00862,0.95563,0.00994659,0.00994659,0.00994659
236,28508.6,0.73988,1.14519,1.05486,0.89469,0.90707,0.92829,0.80985,0.67272,1.00783,0.95531,0.00994614,0.00994614,0.00994614
237,28625.4,0.73716,1.13525,1.05008,0.89371,0.90685,0.92815,0.81049,0.67241,1.00746,0.95499,0.00994568,0.00994568,0.00994568
238,28742.2,0.74186,1.17774,1.05639,0.89277,0.9069,0.92825,0.81077,0.67224,1.00694,0.9549,0.00994522,0.00994522,0.00994522
239,28860.1,0.73359,1.13244,1.05372,0.88491,0.91886,0.92837,0.81117,0.67267,1.00598,0.95503,0.00994476,0.00994476,0.00994476
240,28977.4,0.74734,1.16138,1.05683,0.88578,0.91967,0.92929,0.81404,0.67245,1.00685,0.95479,0.00994429,0.00994429,0.00994429
241,29094,0.74273,1.13756,1.05814,0.88586,0.92022,0.92929,0.81324,0.67246,1.00707,0.95493,0.00994383,0.00994383,0.00994383
242,29211.4,0.73358,1.12523,1.04932,0.88577,0.91957,0.92978,0.81409,0.67231,1.00481,0.9547,0.00994336,0.00994336,0.00994336
243,29328,0.73796,1.1452,1.0498,0.88585,0.92022,0.92951,0.81212,0.67235,1.00576,0.95488,0.00994289,0.00994289,0.00994289
244,29444.9,0.75227,1.16759,1.07106,0.88581,0.91996,0.92997,0.81289,0.67275,1.00669,0.95504,0.00994242,0.00994242,0.00994242
245,29561.5,0.73426,1.13308,1.05924,0.88573,0.91945,0.92969,0.81235,0.67282,1.00728,0.95495,0.00994194,0.00994194,0.00994194
246,29678.1,0.74754,1.12576,1.06118,0.88577,0.91974,0.92924,0.81117,0.67246,1.00666,0.95459,0.00994147,0.00994147,0.00994147
247,29795.2,0.74181,1.16288,1.06007,0.90002,0.90183,0.93009,0.81266,0.67203,1.00677,0.95434,0.00994099,0.00994099,0.00994099
248,29912.7,0.74079,1.13243,1.06343,0.89601,0.9067,0.92984,0.81296,0.67173,1.00346,0.954,0.00994051,0.00994051,0.00994051
249,30029.7,0.75677,1.15913,1.06946,0.90007,0.90224,0.93119,0.81392,0.67182,1.00469,0.95411,0.00994003,0.00994003,0.00994003
250,30145.7,0.73852,1.14752,1.0557,0.89713,0.90678,0.93114,0.81491,0.67141,1.00397,0.95379,0.00993954,0.00993954,0.00993954
251,30262.5,0.7462,1.15641,1.05785,0.89843,0.90662,0.93004,0.81442,0.67123,1.00403,0.95341,0.00993906,0.00993906,0.00993906
252,30379.7,0.73853,1.10785,1.05812,0.89839,0.90642,0.93075,0.81549,0.67166,1.00389,0.95357,0.00993857,0.00993857,0.00993857
253,30495.6,0.72176,1.14115,1.05662,0.89626,0.9044,0.92988,0.81403,0.67173,1.00645,0.95364,0.00993808,0.00993808,0.00993808
254,30613.9,0.73666,1.16348,1.05687,0.8984,0.90655,0.93082,0.8142,0.67189,1.00673,0.95382,0.00993759,0.00993759,0.00993759
255,30731.1,0.72778,1.10887,1.04707,0.89841,0.90655,0.93059,0.81406,0.67216,1.00763,0.95397,0.0099371,0.0099371,0.0099371
256,30847.7,0.73806,1.12728,1.06192,0.89839,0.90641,0.92995,0.81528,0.67196,1.00577,0.9535,0.0099366,0.0099366,0.0099366
257,30965,0.7327,1.12662,1.05151,0.89566,0.90693,0.9297,0.81477,0.67248,1.00565,0.95377,0.0099361,0.0099361,0.0099361
258,31081.8,0.73478,1.10942,1.0484,0.89644,0.90381,0.92967,0.8152,0.67236,1.00469,0.95366,0.0099356,0.0099356,0.0099356
259,31197.2,0.72593,1.08398,1.04296,0.89317,0.90697,0.92891,0.81376,0.67279,1.00467,0.95373,0.0099351,0.0099351,0.0099351
260,31313.7,0.72275,1.09429,1.03939,0.88725,0.91336,0.92851,0.81067,0.67253,1.00342,0.95352,0.0099346,0.0099346,0.0099346
261,31431.4,0.74577,1.10137,1.05263,0.88606,0.91375,0.92851,0.8104,0.67317,1.00357,0.9537,0.0099341,0.0099341,0.0099341
262,31548.1,0.72977,1.10052,1.04959,0.88586,0.91385,0.92926,0.81297,0.67328,1.00371,0.9537,0.00993359,0.00993359,0.00993359
263,31665,0.72342,1.09763,1.04337,0.88594,0.91371,0.92921,0.81311,0.67275,1.00259,0.95337,0.00993308,0.00993308,0.00993308
264,31781.6,0.72965,1.12331,1.0547,0.88599,0.91369,0.9296,0.81141,0.67313,1.00272,0.95368,0.00993257,0.00993257,0.00993257
265,31899.1,0.73842,1.12546,1.05337,0.89063,0.9128,0.9302,0.81483,0.67289,1.00239,0.95357,0.00993206,0.00993206,0.00993206
266,32016.7,0.72581,1.10392,1.04922,0.89047,0.91277,0.93041,0.81573,0.67313,1.00268,0.95334,0.00993154,0.00993154,0.00993154
267,32133.4,0.73196,1.10238,1.04282,0.89076,0.90982,0.92936,0.81407,0.67292,1.00226,0.9532,0.00993103,0.00993103,0.00993103
268,32251.1,0.73191,1.093,1.05481,0.89088,0.90984,0.92892,0.81146,0.67287,1.00326,0.95317,0.00993051,0.00993051,0.00993051
269,32368.3,0.72167,1.09374,1.04985,0.89116,0.90975,0.92903,0.81192,0.67238,1.00604,0.9531,0.00992999,0.00992999,0.00992999
270,32484.6,0.71629,1.08536,1.03408,0.89093,0.90985,0.92842,0.81079,0.67295,1.00495,0.95339,0.00992946,0.00992946,0.00992946
271,32601.4,0.73428,1.08159,1.05394,0.89281,0.91189,0.92857,0.81124,0.67317,1.00723,0.95365,0.00992894,0.00992894,0.00992894
272,32718.6,0.73311,1.13473,1.06181,0.89054,0.91278,0.92858,0.81132,0.67297,1.00527,0.95379,0.00992841,0.00992841,0.00992841
273,32836.3,0.71103,1.09403,1.0443,0.89046,0.91281,0.92837,0.8105,0.67347,1.0073,0.95407,0.00992789,0.00992789,0.00992789
274,32952.7,0.71337,1.0964,1.03842,0.89046,0.91284,0.92847,0.8107,0.67313,1.00764,0.95394,0.00992736,0.00992736,0.00992736
275,33069.2,0.72312,1.0928,1.0467,0.89038,0.91296,0.92894,0.81172,0.67339,1.00844,0.9544,0.00992682,0.00992682,0.00992682
276,33187.1,0.7348,1.10078,1.05277,0.89007,0.91314,0.92776,0.81299,0.67341,1.00986,0.95444,0.00992629,0.00992629,0.00992629
277,33304.1,0.72117,1.08538,1.03939,0.89011,0.91307,0.92791,0.81034,0.67337,1.00777,0.95469,0.00992576,0.00992576,0.00992576
278,33420.4,0.7336,1.07483,1.05641,0.89026,0.91308,0.92806,0.81074,0.67387,1.00807,0.95492,0.00992522,0.00992522,0.00992522
279,33537.2,0.73754,1.08821,1.04829,0.89094,0.91282,0.92744,0.81112,0.6741,1.00712,0.95528,0.00992468,0.00992468,0.00992468
280,33654.6,0.71865,1.09435,1.04499,0.89184,0.91279,0.9276,0.8107,0.67423,1.00786,0.95539,0.00992414,0.00992414,0.00992414
281,33770.9,0.73049,1.07718,1.0487,0.89211,0.91278,0.9276,0.81055,0.67432,1.00964,0.95544,0.00992359,0.00992359,0.00992359
282,33888.4,0.72084,1.12742,1.0428,0.89204,0.91284,0.92792,0.81074,0.67406,1.01117,0.95535,0.00992305,0.00992305,0.00992305
283,34005.3,0.7455,1.13145,1.05249,0.89213,0.91292,0.92842,0.81119,0.67462,1.01074,0.95556,0.0099225,0.0099225,0.0099225
284,34122.7,0.72372,1.10403,1.05113,0.89216,0.91304,0.9278,0.80941,0.6749,1.01113,0.95588,0.00992195,0.00992195,0.00992195
285,34239.1,0.71315,1.07167,1.0354,0.89219,0.91302,0.92874,0.81118,0.67521,1.01152,0.95613,0.0099214,0.0099214,0.0099214
286,34357.2,0.7212,1.05923,1.04465,0.89223,0.91305,0.92852,0.81447,0.67569,1.00882,0.95636,0.00992085,0.00992085,0.00992085
287,34474.3,0.73569,1.08099,1.05322,0.89223,0.91308,0.92889,0.81489,0.67628,1.00856,0.95677,0.00992029,0.00992029,0.00992029
288,34590.9,0.72629,1.09568,1.04974,0.8924,0.91311,0.92847,0.81344,0.67655,1.00878,0.95705,0.00991974,0.00991974,0.00991974
289,34708.5,0.71281,1.05988,1.03886,0.8923,0.9131,0.92868,0.81326,0.67714,1.00854,0.95743,0.00991918,0.00991918,0.00991918
290,34824.7,0.71252,1.06366,1.04223,0.89227,0.91306,0.92918,0.81301,0.67738,1.00849,0.95782,0.00991862,0.00991862,0.00991862
291,34940.8,0.73176,1.1078,1.04951,0.89216,0.91306,0.9286,0.81217,0.67736,1.00821,0.95794,0.00991805,0.00991805,0.00991805
292,35057,0.72369,1.03796,1.04089,0.89213,0.91305,0.92832,0.81157,0.67753,1.00852,0.95813,0.00991749,0.00991749,0.00991749
293,35172.9,0.72675,1.11199,1.044,0.89216,0.91297,0.92858,0.81192,0.67714,1.0073,0.958,0.00991692,0.00991692,0.00991692
294,35290.1,0.72966,1.10934,1.05913,0.89129,0.91358,0.92948,0.81128,0.67726,1.00659,0.95826,0.00991635,0.00991635,0.00991635
295,35406.3,0.72802,1.10602,1.05712,0.89118,0.9138,0.92862,0.81307,0.67699,1.00807,0.95819,0.00991578,0.00991578,0.00991578
296,35523.1,0.73594,1.07569,1.06136,0.89107,0.91378,0.92851,0.81236,0.67664,1.006,0.95807,0.00991521,0.00991521,0.00991521
297,35639.7,0.72315,1.079,1.04414,0.89101,0.91377,0.92877,0.81304,0.67631,1.00527,0.95808,0.00991464,0.00991464,0.00991464
298,35756.6,0.72047,1.05387,1.04712,0.89091,0.91389,0.92865,0.81347,0.67545,1.00381,0.95754,0.00991406,0.00991406,0.00991406
299,35871.9,0.71503,1.06664,1.04464,0.89126,0.91364,0.92916,0.81281,0.67554,1.00455,0.95756,0.00991348,0.00991348,0.00991348
300,35989.2,0.72667,1.07853,1.04611,0.89145,0.91362,0.9293,0.81202,0.67537,1.00444,0.95756,0.0099129,0.0099129,0.0099129
301,36105.8,0.73126,1.07386,1.04868,0.89154,0.91364,0.92882,0.81259,0.67558,1.00601,0.95776,0.00991232,0.00991232,0.00991232
302,36221.5,0.72705,1.10562,1.05,0.89162,0.91364,0.92967,0.81329,0.67543,1.00504,0.95781,0.00991174,0.00991174,0.00991174
303,36337.3,0.72346,1.08329,1.05758,0.89362,0.91362,0.9297,0.81339,0.67549,1.00372,0.95802,0.00991115,0.00991115,0.00991115
304,36454.1,0.7329,1.10303,1.05625,0.9138,0.89239,0.92896,0.81272,0.67557,1.00377,0.95817,0.00991056,0.00991056,0.00991056
305,36571.5,0.72315,1.07952,1.04028,0.89335,0.91362,0.92922,0.81285,0.67554,1.00422,0.95829,0.00990998,0.00990998,0.00990998
306,36687.7,0.71557,1.04316,1.0407,0.89536,0.91597,0.92911,0.81245,0.67552,1.00643,0.95859,0.00990938,0.00990938,0.00990938
307,36804.2,0.73499,1.07673,1.05145,0.89538,0.91606,0.92895,0.81302,0.67519,1.00608,0.9586,0.00990879,0.00990879,0.00990879
308,36920.2,0.72043,1.06933,1.04416,0.89535,0.91583,0.92922,0.81239,0.67612,1.005,0.95907,0.0099082,0.0099082,0.0099082
309,37037,0.71768,1.05733,1.04314,0.89537,0.91593,0.92945,0.81285,0.67674,1.00662,0.95935,0.0099076,0.0099076,0.0099076
310,37153.1,0.72873,1.07252,1.04863,0.89532,0.91607,0.92952,0.81324,0.6772,1.00552,0.95982,0.009907,0.009907,0.009907
311,37269.6,0.71472,1.07934,1.03805,0.89483,0.91602,0.92956,0.81372,0.67663,1.00575,0.9594,0.0099064,0.0099064,0.0099064
312,37387,0.72237,1.08603,1.0455,0.89482,0.91606,0.92942,0.81286,0.67608,1.00591,0.95936,0.0099058,0.0099058,0.0099058
313,37503.6,0.71511,1.0767,1.04137,0.89489,0.91607,0.92994,0.81367,0.67618,1.00405,0.9592,0.00990519,0.00990519,0.00990519
314,37619.5,0.72485,1.0779,1.0448,0.8949,0.91609,0.93025,0.81422,0.67641,1.00484,0.95919,0.00990458,0.00990458,0.00990458
315,37735.8,0.72734,1.06965,1.03703,0.89466,0.91604,0.93042,0.8139,0.67584,1.00329,0.95875,0.00990397,0.00990397,0.00990397
316,37853,0.71521,1.0436,1.04142,0.89461,0.91603,0.9304,0.81379,0.67591,1.00315,0.95895,0.00990336,0.00990336,0.00990336
317,37968.6,0.71927,1.07092,1.04525,0.89473,0.91598,0.93036,0.81449,0.67551,1.00028,0.9588,0.00990275,0.00990275,0.00990275
318,38085,0.7197,1.0678,1.05489,0.89501,0.91569,0.93032,0.81563,0.67596,1.00208,0.95889,0.00990214,0.00990214,0.00990214
319,38201.2,0.72442,1.06459,1.04561,0.89488,0.91566,0.93049,0.81563,0.67593,1.00173,0.95888,0.00990152,0.00990152,0.00990152
320,38318,0.71222,1.04541,1.03786,0.89486,0.91567,0.93038,0.81513,0.67588,1.00282,0.95897,0.0099009,0.0099009,0.0099009
321,38434.7,0.71359,1.05826,1.02936,0.91504,0.89328,0.93074,0.81609,0.67581,1.00175,0.95899,0.00990028,0.00990028,0.00990028
322,38551.6,0.71738,1.07249,1.03832,0.91505,0.89334,0.93075,0.81609,0.6755,1.00022,0.95878,0.00989966,0.00989966,0.00989966
323,38668.9,0.71666,1.04322,1.03886,0.91506,0.89348,0.93055,0.81575,0.67544,1.00078,0.95854,0.00989904,0.00989904,0.00989904
324,38785,0.71269,1.0593,1.04224,0.91508,0.8936,0.93112,0.81689,0.67462,1.00037,0.95813,0.00989841,0.00989841,0.00989841
325,38902.6,0.71709,1.04702,1.04315,0.91508,0.89368,0.9312,0.8178,0.67349,0.99954,0.9571,0.00989778,0.00989778,0.00989778
326,39018.7,0.70756,1.05671,1.03198,0.9151,0.89387,0.93156,0.81862,0.67319,0.99805,0.95681,0.00989715,0.00989715,0.00989715
327,39135.8,0.69932,1.03397,1.02799,0.91514,0.8942,0.93201,0.81773,0.67336,1.00088,0.95702,0.00989652,0.00989652,0.00989652
328,39253.9,0.6967,1.02834,1.04363,0.91525,0.89522,0.93148,0.81779,0.67357,1.00055,0.95712,0.00989589,0.00989589,0.00989589
329,39371.3,0.73881,1.07097,1.05621,0.91541,0.8967,0.93164,0.81712,0.67374,0.99989,0.9571,0.00989525,0.00989525,0.00989525
330,39488.2,0.70981,1.05465,1.03812,0.9151,0.89717,0.93201,0.81772,0.67417,1.00003,0.95743,0.00989461,0.00989461,0.00989461
331,39606.3,0.71267,1.08474,1.03768,0.91493,0.89715,0.93239,0.81835,0.67441,1.00017,0.95777,0.00989398,0.00989398,0.00989398
332,39725.3,0.70298,1.04725,1.03399,0.91439,0.8972,0.93265,0.81824,0.67449,0.99972,0.95797,0.00989333,0.00989333,0.00989333
333,39843.9,0.71684,1.04858,1.04549,0.91371,0.89721,0.93225,0.81783,0.67456,0.99999,0.95796,0.00989269,0.00989269,0.00989269
334,39961.1,0.70256,1.03037,1.0319,0.91355,0.89727,0.93192,0.81778,0.67437,1.00004,0.95791,0.00989205,0.00989205,0.00989205
335,40078.7,0.71859,1.05195,1.04009,0.8973,0.91613,0.93222,0.81759,0.67456,1.00111,0.95814,0.0098914,0.0098914,0.0098914
336,40197.6,0.69945,1.0142,1.02972,0.89745,0.91595,0.93241,0.81736,0.6745,1.00048,0.95812,0.00989075,0.00989075,0.00989075
337,40315.5,0.70228,1.04391,1.03246,0.89744,0.91586,0.93285,0.81789,0.67414,1.00126,0.95799,0.0098901,0.0098901,0.0098901
338,40434.5,0.71257,1.07731,1.04257,0.8974,0.91556,0.9325,0.81782,0.67365,1.00149,0.95772,0.00988945,0.00988945,0.00988945
339,40552.9,0.71186,1.04623,1.04208,0.91331,0.89775,0.93307,0.81853,0.67357,1.00194,0.95744,0.00988879,0.00988879,0.00988879
340,40671.4,0.70434,1.0561,1.02557,0.89734,0.91515,0.93351,0.81901,0.67343,1.00355,0.95754,0.00988814,0.00988814,0.00988814
341,40789.5,0.72698,1.06213,1.04229,0.89735,0.91526,0.93375,0.81945,0.67405,1.00454,0.95767,0.00988748,0.00988748,0.00988748
342,40908.8,0.70923,1.04819,1.03204,0.89734,0.9152,0.93326,0.81907,0.67358,1.0026,0.95752,0.00988682,0.00988682,0.00988682
343,41027.5,0.71409,1.03788,1.03882,0.89733,0.91511,0.93328,0.819,0.67373,1.00273,0.95765,0.00988615,0.00988615,0.00988615
344,41151,0.71237,1.01654,1.03779,0.91259,0.8971,0.93355,0.82045,0.6745,1.00352,0.95795,0.00988549,0.00988549,0.00988549
345,41268.8,0.69901,1.03055,1.03363,0.91251,0.89712,0.93364,0.82027,0.67421,1.00377,0.95783,0.00988482,0.00988482,0.00988482
346,41387.9,0.70733,1.06758,1.03032,0.91246,0.89717,0.93376,0.82014,0.6742,1.00309,0.95765,0.00988416,0.00988416,0.00988416
347,41507.7,0.7077,1.05165,1.02364,0.91245,0.89719,0.93372,0.82011,0.6741,1.00403,0.95766,0.00988349,0.00988349,0.00988349
348,41626.8,0.70723,1.02642,1.04059,0.91233,0.89722,0.93369,0.82002,0.67357,1.00354,0.95725,0.00988281,0.00988281,0.00988281
349,41744.2,0.70662,1.05449,1.04499,0.91225,0.89729,0.93323,0.81968,0.67278,1.00364,0.95635,0.00988214,0.00988214,0.00988214
350,41863.4,0.70983,1.03835,1.02968,0.91325,0.89742,0.93361,0.82066,0.67246,1.00183,0.95623,0.00988147,0.00988147,0.00988147
351,41980.4,0.72113,1.02565,1.04437,0.91356,0.89734,0.93374,0.82017,0.67331,1.00129,0.95703,0.00988079,0.00988079,0.00988079
352,42098.1,0.70535,1.02668,1.03418,0.91317,0.8973,0.93393,0.82021,0.67393,1.00254,0.95755,0.00988011,0.00988011,0.00988011
353,42217.3,0.70944,1.05265,1.03502,0.91265,0.89721,0.93333,0.81996,0.67357,1.00015,0.95732,0.00987943,0.00987943,0.00987943
354,42334.8,0.70747,1.03742,1.03449,0.91248,0.89716,0.93323,0.81932,0.67322,1.00018,0.95732,0.00987874,0.00987874,0.00987874
355,42453.6,0.6944,1.04906,1.03511,0.91266,0.89722,0.93317,0.81937,0.67302,0.99867,0.95699,0.00987806,0.00987806,0.00987806
356,42570.3,0.71179,1.02174,1.03087,0.9156,0.89714,0.93364,0.81989,0.67215,0.99919,0.95657,0.00987737,0.00987737,0.00987737
357,42688.1,0.71051,1.04519,1.03482,0.91375,0.89727,0.93334,0.82006,0.67194,0.99876,0.95627,0.00987668,0.00987668,0.00987668
358,42806,0.72186,1.05671,1.0443,0.91553,0.89724,0.93305,0.82009,0.6719,0.99989,0.95617,0.00987599,0.00987599,0.00987599
359,42923.2,0.70753,1.04398,1.03167,0.91468,0.89727,0.93241,0.81963,0.6721,0.99786,0.9561,0.0098753,0.0098753,0.0098753
360,43040.1,0.71889,1.02359,1.03761,0.91556,0.89732,0.93258,0.81993,0.67259,0.99826,0.95628,0.0098746,0.0098746,0.0098746
361,43158.2,0.70262,1.06638,1.04137,0.91682,0.89737,0.93245,0.81964,0.67248,0.99758,0.95613,0.00987391,0.00987391,0.00987391
362,43275.5,0.70908,0.99671,1.03311,0.91782,0.89741,0.9326,0.81977,0.6728,1.00002,0.95646,0.00987321,0.00987321,0.00987321
363,43393.6,0.70913,1.02591,1.0344,0.91779,0.89711,0.93198,0.81858,0.67302,0.99844,0.95653,0.00987251,0.00987251,0.00987251
364,43511.2,0.7151,1.07348,1.02905,0.91547,0.89745,0.93263,0.8192,0.67398,0.99914,0.95731,0.00987181,0.00987181,0.00987181
365,43628.7,0.69887,1.03081,1.03016,0.91523,0.89518,0.9322,0.81894,0.67457,0.99912,0.95773,0.0098711,0.0098711,0.0098711
366,43746.8,0.69771,1.03755,1.03417,0.91527,0.89558,0.93152,0.81812,0.67447,0.99891,0.95774,0.0098704,0.0098704,0.0098704
367,43863.9,0.70659,1.03751,1.03488,0.91532,0.89611,0.93166,0.81891,0.67452,0.99822,0.95782,0.00986969,0.00986969,0.00986969
368,43982.3,0.7025,1.02659,1.03722,0.91535,0.8964,0.93131,0.81731,0.67453,0.99747,0.95779,0.00986898,0.00986898,0.00986898
369,44100.5,0.69609,1.01237,1.02636,0.91542,0.8971,0.93259,0.81893,0.67479,0.99936,0.95811,0.00986827,0.00986827,0.00986827
370,44220,0.70135,1.02179,1.03529,0.91534,0.89634,0.93195,0.81816,0.67469,0.99924,0.95769,0.00986755,0.00986755,0.00986755
371,44338.1,0.69552,0.99433,1.03595,0.91526,0.89562,0.93158,0.81766,0.6748,0.99804,0.95762,0.00986684,0.00986684,0.00986684
372,44455.9,0.70195,1.01709,1.03034,0.91527,0.89571,0.93126,0.81768,0.67478,0.99848,0.95761,0.00986612,0.00986612,0.00986612
373,44573.9,0.69501,1.03119,1.03923,0.91535,0.89649,0.93168,0.81836,0.67473,0.99867,0.95773,0.0098654,0.0098654,0.0098654
374,44691.4,0.70949,1.04073,1.02704,0.89145,0.92241,0.9324,0.81836,0.67429,0.99711,0.95743,0.00986468,0.00986468,0.00986468
375,44809.5,0.71024,1.01496,1.03529,0.89146,0.92252,0.93152,0.81739,0.67429,0.99692,0.9574,0.00986396,0.00986396,0.00986396
376,44927.4,0.71477,1.07719,1.03911,0.89153,0.92245,0.93248,0.81833,0.67444,0.99936,0.95766,0.00986323,0.00986323,0.00986323
377,45043.8,0.71377,1.04152,1.02941,0.89162,0.92278,0.93155,0.81739,0.67391,0.99748,0.9574,0.0098625,0.0098625,0.0098625
378,45161.6,0.69802,1.04059,1.03283,0.89165,0.92312,0.9325,0.81857,0.67395,0.99543,0.95747,0.00986178,0.00986178,0.00986178
379,45279.1,0.71395,1.04437,1.03372,0.89177,0.92339,0.93247,0.81808,0.67448,0.99739,0.95747,0.00986104,0.00986104,0.00986104
380,45396,0.702,0.99973,1.01971,0.89186,0.92392,0.93239,0.81804,0.67428,0.99897,0.95773,0.00986031,0.00986031,0.00986031
381,45513.9,0.71617,1.02985,1.0369,0.89184,0.924,0.93181,0.8182,0.67389,0.99861,0.95753,0.00985958,0.00985958,0.00985958
382,45631.8,0.71396,1.01231,1.03728,0.89184,0.92431,0.93208,0.81743,0.67421,0.99754,0.95742,0.00985884,0.00985884,0.00985884
383,45749.4,0.69917,1.04408,1.02606,0.8901,0.92467,0.93229,0.81733,0.67407,0.99687,0.95744,0.0098581,0.0098581,0.0098581
384,45867.8,0.7037,1.01546,1.02788,0.88951,0.92467,0.93234,0.81764,0.67361,0.99631,0.95718,0.00985736,0.00985736,0.00985736
385,45986.2,0.70002,1.02653,1.02408,0.91295,0.89768,0.93255,0.81897,0.67372,0.99671,0.95723,0.00985662,0.00985662,0.00985662
386,46104.2,0.70552,1.03134,1.0355,0.88985,0.92489,0.93205,0.81846,0.6732,0.99602,0.95729,0.00985588,0.00985588,0.00985588
387,46222,0.68931,1.00514,1.01514,0.88921,0.92467,0.93229,0.82018,0.67379,0.99927,0.95788,0.00985513,0.00985513,0.00985513
388,46340.8,0.70448,1.04676,1.03292,0.88888,0.92467,0.9322,0.82047,0.67456,0.99804,0.95821,0.00985438,0.00985438,0.00985438
389,46458.7,0.70802,1.02459,1.03376,0.88905,0.92467,0.93237,0.81968,0.67416,0.99369,0.95763,0.00985363,0.00985363,0.00985363
390,46577.7,0.70919,1.04817,1.03445,0.88899,0.92467,0.93191,0.81982,0.67426,0.99301,0.95739,0.00985288,0.00985288,0.00985288
391,46695.7,0.69604,1.00301,1.02828,0.89,0.9258,0.93254,0.82028,0.67412,0.99413,0.95729,0.00985213,0.00985213,0.00985213
392,46814.8,0.69517,1.01311,1.02764,0.89011,0.92628,0.93199,0.81954,0.67453,0.99568,0.95757,0.00985137,0.00985137,0.00985137
393,46933.3,0.70887,1.04621,1.04214,0.8919,0.92985,0.93433,0.82037,0.67464,0.99713,0.95751,0.00985061,0.00985061,0.00985061
394,47050.9,0.7084,1.00858,1.02506,0.89058,0.92985,0.93377,0.81991,0.67414,0.99669,0.95721,0.00984985,0.00984985,0.00984985
395,47168.9,0.70683,1.01883,1.03496,0.89053,0.92985,0.93435,0.82037,0.67477,0.99689,0.95738,0.00984909,0.00984909,0.00984909
396,47287.4,0.70136,1.0193,1.0285,0.89026,0.92985,0.93412,0.81982,0.67457,0.99699,0.95719,0.00984833,0.00984833,0.00984833
397,47405.5,0.7126,1.04113,1.03708,0.89035,0.92985,0.93385,0.81952,0.6741,0.99683,0.95712,0.00984757,0.00984757,0.00984757
398,47523.2,0.69619,1.02587,1.02896,0.89067,0.92985,0.93348,0.81872,0.674,0.99715,0.95689,0.0098468,0.0098468,0.0098468
399,47640.9,0.7063,1.03449,1.02521,0.8911,0.92985,0.93431,0.81969,0.67453,0.99937,0.95711,0.00984603,0.00984603,0.00984603
400,47759.2,0.71045,0.99303,1.0258,0.89142,0.92985,0.93347,0.81718,0.6748,0.99756,0.95745,0.00984526,0.00984526,0.00984526
401,47877.2,0.70541,1.06111,1.03568,0.89025,0.92985,0.93384,0.81884,0.67486,0.99812,0.95755,0.00984449,0.00984449,0.00984449
402,47995.2,0.70779,1.05467,1.03272,0.89022,0.92985,0.93418,0.81897,0.67478,0.99779,0.95741,0.00984371,0.00984371,0.00984371
403,48113.1,0.7179,1.01619,1.03626,0.89022,0.92985,0.93358,0.81799,0.67478,0.99767,0.95767,0.00984294,0.00984294,0.00984294
404,48231.3,0.70761,1.03955,1.03144,0.89024,0.92985,0.93428,0.81916,0.67448,0.99581,0.95766,0.00984216,0.00984216,0.00984216
405,48348.8,0.70248,1.0045,1.03062,0.89043,0.92985,0.9338,0.81847,0.67471,0.99578,0.95785,0.00984138,0.00984138,0.00984138
406,48466.4,0.69872,0.98087,1.02638,0.89029,0.92985,0.93354,0.81862,0.67463,0.99659,0.95766,0.0098406,0.0098406,0.0098406
407,48584.1,0.69969,1.01311,1.02014,0.89088,0.92985,0.93349,0.81826,0.67437,0.99622,0.95734,0.00983981,0.00983981,0.00983981
408,48702.1,0.70904,0.99722,1.0328,0.89116,0.92985,0.93295,0.81837,0.67427,0.99571,0.95718,0.00983903,0.00983903,0.00983903
409,48821,0.69288,1.001,1.02301,0.89106,0.92985,0.93253,0.81842,0.67359,0.9943,0.95654,0.00983824,0.00983824,0.00983824
410,48939.9,0.70614,0.99309,1.03114,0.89115,0.92985,0.9326,0.81773,0.67264,0.99471,0.95599,0.00983745,0.00983745,0.00983745
411,49058.5,0.71239,1.04639,1.03178,0.89172,0.92985,0.93283,0.8181,0.67095,0.97955,0.95478,0.00983666,0.00983666,0.00983666
412,49177.7,0.70139,0.99678,1.02825,0.89234,0.92985,0.93239,0.81812,0.67058,0.97921,0.95455,0.00983586,0.00983586,0.00983586
413,49296.3,0.70186,1.04254,1.02575,0.89216,0.92985,0.93201,0.81774,0.67069,0.98284,0.95483,0.00983507,0.00983507,0.00983507
414,49414.7,0.70162,1.00066,1.02863,0.8938,0.92985,0.93217,0.81766,0.67054,0.98335,0.9547,0.00983427,0.00983427,0.00983427
415,49532.3,0.7018,1.00869,1.02172,0.89398,0.92726,0.93293,0.81829,0.67025,0.98238,0.95442,0.00983347,0.00983347,0.00983347
416,49650.6,0.69149,1.02499,1.02339,0.8938,0.92726,0.93289,0.81851,0.67026,0.98182,0.95434,0.00983267,0.00983267,0.00983267
417,49768.7,0.7053,1.0331,1.03097,0.89331,0.92726,0.93296,0.81956,0.67034,0.98241,0.954,0.00983187,0.00983187,0.00983187
418,49886.9,0.70258,1.01768,1.02614,0.89374,0.92726,0.93284,0.8195,0.67004,0.98209,0.95359,0.00983106,0.00983106,0.00983106
419,50005.9,0.69556,1.01581,1.02674,0.89418,0.92658,0.93319,0.81981,0.66986,0.98147,0.95343,0.00983026,0.00983026,0.00983026
420,50122.8,0.6981,1.04121,1.02394,0.89597,0.91949,0.93265,0.82003,0.66991,0.98204,0.95279,0.00982945,0.00982945,0.00982945
421,50240.7,0.69123,0.97488,1.01516,0.89588,0.91975,0.93263,0.82016,0.66957,0.98102,0.95266,0.00982864,0.00982864,0.00982864
422,50359.2,0.69098,0.97845,1.02421,0.8966,0.91949,0.93221,0.82009,0.66934,0.97795,0.9523,0.00982783,0.00982783,0.00982783
423,50477.8,0.6868,1.02753,1.02083,0.89691,0.91949,0.93307,0.82114,0.66893,0.97838,0.95194,0.00982701,0.00982701,0.00982701
424,50595.6,0.71377,1.00606,1.03658,0.89847,0.92088,0.93344,0.8208,0.66894,0.9792,0.95189,0.0098262,0.0098262,0.0098262
425,50713.2,0.68469,0.98808,1.01296,0.89723,0.91949,0.93364,0.82096,0.66751,0.97722,0.95125,0.00982538,0.00982538,0.00982538
426,50831.7,0.70247,1.00435,1.01681,0.89731,0.91949,0.93354,0.82047,0.66717,0.97793,0.95127,0.00982456,0.00982456,0.00982456
427,50948.9,0.6736,0.95186,1.01843,0.89753,0.91949,0.93418,0.82186,0.66711,0.97656,0.9514,0.00982374,0.00982374,0.00982374
428,51067.6,0.69421,1.00944,1.03089,0.89782,0.91949,0.93361,0.82067,0.66658,0.97613,0.95115,0.00982291,0.00982291,0.00982291
429,51186,0.69543,1.00321,1.01821,0.89849,0.92028,0.93293,0.82108,0.66635,0.97632,0.95138,0.00982209,0.00982209,0.00982209
430,51304.4,0.69835,1.00776,1.02339,0.89845,0.92031,0.93306,0.82072,0.66635,0.98818,0.95149,0.00982126,0.00982126,0.00982126
431,51422.3,0.69248,0.9868,1.02462,0.91825,0.90251,0.93313,0.81997,0.66614,0.98972,0.95148,0.00982043,0.00982043,0.00982043
432,51539.7,0.69616,1.02696,1.03228,0.91632,0.90279,0.93308,0.8205,0.66569,0.98758,0.95143,0.0098196,0.0098196,0.0098196
433,51657.3,0.70378,1.0036,1.03501,0.91563,0.90319,0.93387,0.8224,0.6654,0.97598,0.95096,0.00981877,0.00981877,0.00981877
434,51774.9,0.68416,1.00263,1.02374,0.91572,0.90324,0.93372,0.82216,0.66594,0.98642,0.9515,0.00981793,0.00981793,0.00981793
435,51892.8,0.70879,1.02169,1.0401,0.91533,0.90351,0.93427,0.82223,0.66585,0.98946,0.95164,0.0098171,0.0098171,0.0098171
436,52010.9,0.68678,1.01778,1.02291,0.91564,0.9036,0.93297,0.82151,0.6657,0.98987,0.95128,0.00981626,0.00981626,0.00981626
437,52127.9,0.69714,1.00908,1.02196,0.91612,0.90516,0.93241,0.82084,0.66557,0.99072,0.95141,0.00981542,0.00981542,0.00981542
438,52245.1,0.69401,0.98728,1.0287,0.91612,0.90722,0.93267,0.82096,0.66484,0.99177,0.95065,0.00981458,0.00981458,0.00981458
439,52362.8,0.68364,0.98264,1.02286,0.91517,0.90731,0.93285,0.82161,0.66493,0.99119,0.95068,0.00981373,0.00981373,0.00981373
440,52480.7,0.68768,0.99887,1.02294,0.91666,0.90766,0.93423,0.82211,0.66469,0.99251,0.95074,0.00981288,0.00981288,0.00981288
441,52599,0.67906,0.98534,1.01845,0.91654,0.90785,0.93404,0.82164,0.66434,0.99192,0.95063,0.00981204,0.00981204,0.00981204
442,52716.7,0.69423,0.99196,1.02066,0.91645,0.90882,0.93395,0.82139,0.6644,0.99117,0.95058,0.00981119,0.00981119,0.00981119
443,52833.7,0.69498,1.02058,1.01991,0.91584,0.90912,0.93415,0.81988,0.66457,0.99058,0.95059,0.00981034,0.00981034,0.00981034
444,52950.5,0.69407,0.95479,1.02449,0.91643,0.90959,0.93435,0.82038,0.66455,0.98997,0.95019,0.00980948,0.00980948,0.00980948
445,53068,0.70714,0.99667,1.03161,0.91638,0.90935,0.93488,0.82105,0.66395,0.97646,0.94989,0.00980863,0.00980863,0.00980863
446,53185.1,0.69947,1.00486,1.02652,0.91669,0.91298,0.93472,0.822,0.6632,0.97694,0.94942,0.00980777,0.00980777,0.00980777
447,53302.6,0.69976,0.98824,1.02427,0.91389,0.91431,0.9339,0.8212,0.66311,0.97626,0.94913,0.00980691,0.00980691,0.00980691
448,53419.9,0.69266,0.97939,1.02803,0.9127,0.91431,0.93375,0.82087,0.66307,0.97617,0.94882,0.00980605,0.00980605,0.00980605
449,53538.4,0.68902,0.99784,1.01403,0.91051,0.91431,0.93455,0.82127,0.66301,0.97525,0.94875,0.00980519,0.00980519,0.00980519
450,53656.4,0.69647,1.03233,1.02701,0.91584,0.91431,0.93405,0.82061,0.66302,0.9738,0.94837,0.00980432,0.00980432,0.00980432
451,53773.9,0.69994,0.98068,1.02676,0.91622,0.91431,0.93398,0.82034,0.66375,0.97789,0.94876,0.00980345,0.00980345,0.00980345
452,53892.6,0.69548,0.96588,1.02012,0.91698,0.91431,0.93375,0.8208,0.66319,0.97699,0.94858,0.00980259,0.00980259,0.00980259
453,54010.1,0.70604,1.02257,1.03404,0.91693,0.91431,0.93417,0.82127,0.6624,0.976,0.94852,0.00980171,0.00980171,0.00980171
454,54127.8,0.69988,0.98115,1.02511,0.91875,0.91385,0.93404,0.82004,0.66203,0.97489,0.94852,0.00980084,0.00980084,0.00980084
455,54245.9,0.69492,0.9915,1.02423,0.91906,0.91338,0.9341,0.82079,0.66175,0.97452,0.94835,0.00979997,0.00979997,0.00979997
456,54363.1,0.6956,0.99012,1.02541,0.91917,0.91268,0.934,0.82104,0.6607,0.97402,0.94789,0.00979909,0.00979909,0.00979909
457,54480.7,0.68385,0.97862,1.02102,0.91915,0.91252,0.93403,0.82167,0.66011,0.97467,0.94759,0.00979821,0.00979821,0.00979821
458,54598.6,0.69386,1.00286,1.02735,0.91915,0.91238,0.93383,0.82077,0.65948,0.97415,0.94734,0.00979733,0.00979733,0.00979733
459,54716.2,0.69014,0.99243,1.01887,0.91906,0.91274,0.9339,0.82092,0.65937,0.9745,0.9471,0.00979645,0.00979645,0.00979645
460,54836.4,0.69655,1.00656,1.0199,0.91865,0.91296,0.93366,0.82102,0.659,0.9764,0.94678,0.00979557,0.00979557,0.00979557
461,54954.2,0.68818,0.97308,1.02799,0.91853,0.91302,0.93381,0.82074,0.66008,0.97664,0.94785,0.00979468,0.00979468,0.00979468
462,55071.3,0.69306,0.99081,1.02923,0.91864,0.91296,0.93376,0.82183,0.66012,0.97377,0.94779,0.0097938,0.0097938,0.0097938
463,55188.5,0.7026,1.0266,1.01807,0.9194,0.91431,0.93416,0.82119,0.65914,0.97382,0.94676,0.00979291,0.00979291,0.00979291
464,55305.9,0.69687,0.97439,1.02785,0.92055,0.91387,0.93422,0.82134,0.65942,0.97385,0.94675,0.00979202,0.00979202,0.00979202
465,55423.2,0.68543,0.99874,1.02417,0.92095,0.91347,0.93451,0.81983,0.65906,0.98452,0.94673,0.00979112,0.00979112,0.00979112
466,55542.7,0.68912,0.99897,1.02708,0.92059,0.91388,0.93445,0.82023,0.65871,0.98254,0.94669,0.00979023,0.00979023,0.00979023
467,55659.7,0.70045,1.00247,1.02047,0.92068,0.91375,0.93457,0.82088,0.65802,0.98102,0.9464,0.00978933,0.00978933,0.00978933
468,55777.2,0.69749,0.993,1.02586,0.92122,0.91332,0.93466,0.82187,0.65764,0.97785,0.94591,0.00978843,0.00978843,0.00978843
469,55895,0.67395,1.00049,1.00626,0.92039,0.91345,0.93491,0.82093,0.65861,0.97986,0.94665,0.00978753,0.00978753,0.00978753
470,56011.6,0.67992,0.97976,1.01553,0.91838,0.91347,0.93486,0.82135,0.65832,0.98009,0.94654,0.00978663,0.00978663,0.00978663
471,56124.9,0.68601,0.97071,1.02309,0.91812,0.9133,0.93483,0.82144,0.65777,0.97089,0.94601,0.00978572,0.00978572,0.00978572
472,56236.2,0.67771,0.95832,1.00845,0.91801,0.9131,0.93493,0.82188,0.65791,0.97128,0.94571,0.00978482,0.00978482,0.00978482
473,56346.3,0.69358,0.98396,1.02207,0.91806,0.91305,0.93421,0.82003,0.65798,0.97126,0.94577,0.00978391,0.00978391,0.00978391
474,56456.9,0.68946,0.99527,1.01975,0.91818,0.91288,0.93404,0.82013,0.65795,0.97223,0.94581,0.009783,0.009783,0.009783
475,56566.9,0.68911,0.9859,1.02375,0.91849,0.91275,0.9351,0.82319,0.65822,0.97136,0.94583,0.00978209,0.00978209,0.00978209
476,56677.2,0.69218,0.97903,1.01924,0.91838,0.91255,0.93519,0.82292,0.65795,0.97045,0.94546,0.00978118,0.00978118,0.00978118
477,56787.6,0.68181,1.01209,1.01572,0.91826,0.91232,0.9352,0.82365,0.65798,0.97163,0.94473,0.00978026,0.00978026,0.00978026
478,56898.2,0.67937,0.97175,1.01125,0.91783,0.91215,0.93532,0.82313,0.65733,0.9695,0.9443,0.00977934,0.00977934,0.00977934
479,57008.5,0.68202,0.9929,1.02362,0.91691,0.91212,0.93515,0.82258,0.65753,0.97169,0.94451,0.00977842,0.00977842,0.00977842
480,57119.6,0.68707,1.02107,1.02104,0.91684,0.91225,0.93521,0.82269,0.65704,0.96941,0.94404,0.0097775,0.0097775,0.0097775
481,57229.6,0.6836,1.01875,1.01659,0.91689,0.91272,0.9353,0.82313,0.6571,0.97076,0.94451,0.00977658,0.00977658,0.00977658
482,57340,0.67905,0.97506,1.00774,0.91697,0.91352,0.93536,0.82303,0.65681,0.96928,0.94425,0.00977565,0.00977565,0.00977565
483,57450.1,0.69208,0.94436,1.01142,0.91162,0.9169,0.9357,0.82324,0.65646,0.96896,0.94414,0.00977473,0.00977473,0.00977473
484,57560.4,0.69028,1.01121,1.03402,0.91126,0.9169,0.93592,0.82385,0.65651,0.96915,0.944,0.0097738,0.0097738,0.0097738
485,57670.7,0.69201,0.97441,1.02293,0.91096,0.9169,0.93642,0.82409,0.65622,0.96707,0.94391,0.00977287,0.00977287,0.00977287
486,57781.1,0.68823,0.98887,1.00949,0.91097,0.9169,0.93675,0.82433,0.65616,0.96632,0.94389,0.00977194,0.00977194,0.00977194
487,57891.7,0.68873,0.98395,1.01305,0.9111,0.9169,0.93715,0.82518,0.65593,0.96605,0.94373,0.009771,0.009771,0.009771
488,58002.7,0.68868,0.9874,1.01825,0.91487,0.91622,0.93676,0.82428,0.65531,0.96713,0.9435,0.00977007,0.00977007,0.00977007
489,58112.9,0.68699,0.96019,1.0173,0.91498,0.91609,0.93656,0.824,0.65521,0.96665,0.9432,0.00976913,0.00976913,0.00976913
490,58222.6,0.68272,0.96429,1.02006,0.91502,0.91591,0.93679,0.82369,0.65495,0.96649,0.94303,0.00976819,0.00976819,0.00976819
491,58329.8,0.68674,0.98026,1.02515,0.91512,0.91567,0.93633,0.82307,0.65438,0.96491,0.94246,0.00976725,0.00976725,0.00976725
492,58438.3,0.69142,1.00991,1.01911,0.91535,0.91542,0.93637,0.8232,0.65446,0.96488,0.94316,0.0097663,0.0097663,0.0097663
493,58542.2,0.70263,1.03588,1.03045,0.91554,0.9155,0.93658,0.82326,0.65361,0.96321,0.94246,0.00976536,0.00976536,0.00976536
494,58645.9,0.68141,0.98718,1.01189,0.91542,0.9155,0.93651,0.8229,0.65353,0.966,0.94259,0.00976441,0.00976441,0.00976441
495,58750.3,0.68813,0.99025,1.01904,0.91528,0.9157,0.93669,0.82318,0.65389,0.96777,0.94275,0.00976346,0.00976346,0.00976346
496,58853.8,0.68492,0.98764,1.0121,0.91533,0.91576,0.93638,0.82244,0.65325,0.96623,0.94253,0.00976251,0.00976251,0.00976251
497,58956.4,0.68499,0.97538,1.02518,0.91535,0.91604,0.93623,0.82303,0.65356,0.96816,0.94272,0.00976156,0.00976156,0.00976156
498,59058.2,0.67765,0.97966,1.012,0.91548,0.9162,0.93623,0.82382,0.65293,0.96679,0.94235,0.0097606,0.0097606,0.0097606
499,59160.3,0.69934,0.99671,1.01862,0.91543,0.91645,0.93649,0.82414,0.65309,0.96736,0.94255,0.00975965,0.00975965,0.00975965
500,59258.7,0.67366,0.96735,1.01113,0.91555,0.91652,0.93608,0.82466,0.65266,0.96684,0.94251,0.00975869,0.00975869,0.00975869
501,59356.8,0.69178,0.96178,1.0254,0.91553,0.91674,0.93606,0.82473,0.65285,0.96843,0.94279,0.00975773,0.00975773,0.00975773
502,59455.5,0.69815,1.01026,1.01898,0.916,0.91662,0.93635,0.82577,0.65256,0.96752,0.9429,0.00975677,0.00975677,0.00975677
503,59553.8,0.6893,0.96638,1.02409,0.91499,0.9169,0.93631,0.82571,0.65282,0.96849,0.94305,0.0097558,0.0097558,0.0097558
504,59651.8,0.69839,0.99111,1.02938,0.91591,0.9169,0.93634,0.82685,0.65273,0.96866,0.94316,0.00975484,0.00975484,0.00975484
505,59750.7,0.67161,0.98808,1.00404,0.91482,0.9169,0.93662,0.82732,0.65323,0.9679,0.94349,0.00975387,0.00975387,0.00975387
506,59848.4,0.69515,0.97141,1.0233,0.91472,0.9169,0.93601,0.8268,0.65288,0.9671,0.94374,0.0097529,0.0097529,0.0097529
507,59946.8,0.69044,1.00651,1.016,0.91618,0.9169,0.93616,0.82785,0.65365,0.967,0.94396,0.00975193,0.00975193,0.00975193
508,60045.1,0.70073,1.01258,1.01858,0.91716,0.9169,0.93572,0.82738,0.65348,0.96631,0.94378,0.00975096,0.00975096,0.00975096
509,60143.5,0.67308,0.96643,1.00517,0.91257,0.91718,0.93589,0.82645,0.65515,0.97689,0.94501,0.00974998,0.00974998,0.00974998
510,60241.6,0.68545,0.97469,1.0105,0.91231,0.91723,0.93567,0.82522,0.65585,0.97535,0.94508,0.009749,0.009749,0.009749
511,60339.8,0.67028,0.94446,1.01125,0.91768,0.91714,0.93571,0.82622,0.65604,0.97799,0.94533,0.00974803,0.00974803,0.00974803
512,60437.7,0.69144,0.98759,1.01585,0.91476,0.91718,0.93572,0.8272,0.65646,0.98016,0.94547,0.00974705,0.00974705,0.00974705
513,60535.8,0.67989,0.96719,1.01582,0.91374,0.91716,0.93596,0.82675,0.65635,0.97988,0.94546,0.00974606,0.00974606,0.00974606
514,60634.5,0.67078,0.96479,1.00569,0.91337,0.91715,0.93591,0.82658,0.65633,0.98014,0.9453,0.00974508,0.00974508,0.00974508
515,60732.2,0.68525,0.96613,1.00726,0.91268,0.91716,0.93575,0.82803,0.65627,0.97872,0.94464,0.00974409,0.00974409,0.00974409
516,60829.9,0.69722,0.98101,1.02295,0.91269,0.91716,0.93636,0.8298,0.65607,0.97652,0.9444,0.0097431,0.0097431,0.0097431
517,60925.8,0.68028,0.96732,1.02657,0.91322,0.91717,0.93642,0.82636,0.65627,0.97672,0.94455,0.00974211,0.00974211,0.00974211
518,61021.2,0.67167,0.95969,1.0151,0.91567,0.91714,0.93647,0.82768,0.65564,0.97461,0.94442,0.00974112,0.00974112,0.00974112
519,61115,0.6838,0.96449,1.00785,0.9052,0.92891,0.93611,0.82731,0.65573,0.97495,0.94439,0.00974013,0.00974013,0.00974013
520,61207.9,0.69459,0.96835,1.01826,0.90527,0.92956,0.93563,0.82778,0.65502,0.9738,0.94402,0.00973913,0.00973913,0.00973913
521,61300.9,0.68877,0.97138,1.01841,0.90505,0.92993,0.93682,0.82977,0.6555,0.97389,0.9442,0.00973814,0.00973814,0.00973814
522,61394.4,0.67602,0.96851,1.00988,0.90482,0.92991,0.93733,0.82981,0.65513,0.97316,0.94395,0.00973714,0.00973714,0.00973714
523,61486.9,0.6907,0.94074,1.0218,0.90461,0.92995,0.93721,0.82907,0.65462,0.9742,0.94366,0.00973614,0.00973614,0.00973614
524,61580.1,0.70021,0.98881,1.02689,0.90439,0.92998,0.9365,0.82898,0.65421,0.97239,0.9436,0.00973513,0.00973513,0.00973513
525,61673.1,0.68007,0.9631,1.01287,0.90427,0.92999,0.93736,0.83096,0.65411,0.97464,0.94351,0.00973413,0.00973413,0.00973413
526,61765.4,0.68442,0.96577,1.01607,0.90432,0.92994,0.93719,0.83047,0.65428,0.97541,0.94376,0.00973312,0.00973312,0.00973312
527,61857.3,0.69473,0.97096,1.0232,0.90432,0.92995,0.93721,0.82939,0.65426,0.97661,0.94373,0.00973211,0.00973211,0.00973211
528,61950,0.67758,0.96999,1.00963,0.90436,0.92996,0.93689,0.831,0.65393,0.97527,0.94374,0.0097311,0.0097311,0.0097311
529,62042.9,0.67179,0.95684,1.00621,0.90227,0.92996,0.93649,0.82651,0.65372,0.97382,0.94351,0.00973009,0.00973009,0.00973009
530,62137.3,0.69451,0.96618,1.01837,0.90438,0.92998,0.93698,0.82753,0.65294,0.97216,0.94312,0.00972908,0.00972908,0.00972908
531,62230.7,0.69135,0.97471,1.02488,0.90227,0.92999,0.93681,0.82647,0.65263,0.97262,0.94296,0.00972806,0.00972806,0.00972806
532,62323.2,0.69147,0.95172,1.01689,0.90228,0.92998,0.93686,0.82729,0.65213,0.97172,0.9426,0.00972704,0.00972704,0.00972704
533,62416.2,0.68859,0.97936,1.01397,0.90233,0.92994,0.93717,0.82751,0.65181,0.9708,0.94198,0.00972603,0.00972603,0.00972603
534,62508.9,0.68455,0.9806,1.01101,0.90235,0.92993,0.93703,0.82752,0.65087,0.96446,0.9414,0.009725,0.009725,0.009725
535,62604.2,0.68242,0.97695,1.019,0.90241,0.92993,0.93728,0.82777,0.65088,0.96237,0.94093,0.00972398,0.00972398,0.00972398
536,62696.7,0.67196,0.95535,1.0079,0.90252,0.92994,0.93707,0.82696,0.65106,0.96064,0.94067,0.00972296,0.00972296,0.00972296
537,62788.9,0.68054,0.96409,1.02176,0.90472,0.92995,0.93744,0.82711,0.65108,0.95942,0.94094,0.00972193,0.00972193,0.00972193
538,62881.3,0.67622,0.95158,1.00551,0.90272,0.92999,0.93705,0.82708,0.65103,0.95893,0.94086,0.0097209,0.0097209,0.0097209
539,62974.6,0.68285,0.96718,1.01551,0.9027,0.93001,0.93682,0.82811,0.65085,0.95691,0.94097,0.00971987,0.00971987,0.00971987
540,63068.4,0.66992,0.9608,0.99987,0.90474,0.93007,0.93751,0.8291,0.65075,0.95659,0.94077,0.00971884,0.00971884,0.00971884
541,63158.4,0.6837,0.96663,1.01975,0.90285,0.93003,0.93723,0.82786,0.65042,0.95493,0.94046,0.0097178,0.0097178,0.0097178
542,63249.6,0.68277,0.97369,1.01486,0.90314,0.93001,0.93723,0.82926,0.65065,0.95718,0.94023,0.00971677,0.00971677,0.00971677
543,63337.7,0.67819,0.96283,1.01496,0.90317,0.92968,0.93696,0.82883,0.65029,0.95591,0.93993,0.00971573,0.00971573,0.00971573
544,63425.6,0.68915,0.98053,1.01091,0.90315,0.92952,0.93636,0.82556,0.65076,0.95675,0.9401,0.00971469,0.00971469,0.00971469
545,63513.5,0.67091,0.96148,1.01208,0.90315,0.92958,0.93642,0.82673,0.65121,0.95487,0.94055,0.00971365,0.00971365,0.00971365
546,63601.1,0.68754,0.97318,1.01922,0.91718,0.91449,0.93655,0.82582,0.65062,0.95172,0.93976,0.0097126,0.0097126,0.0097126
547,63688.3,0.68849,0.95496,1.02411,0.91715,0.91449,0.93702,0.82703,0.65033,0.95198,0.93917,0.00971156,0.00971156,0.00971156
548,63776.1,0.69332,0.97763,1.02494,0.9171,0.91454,0.93684,0.82573,0.65035,0.95097,0.93907,0.00971051,0.00971051,0.00971051
549,63863.3,0.67416,0.95276,1.01135,0.91708,0.91454,0.93677,0.82716,0.65038,0.95196,0.93925,0.00970946,0.00970946,0.00970946
550,63950.4,0.67475,0.93675,1.01524,0.91696,0.91453,0.93713,0.82962,0.65025,0.95083,0.93886,0.00970841,0.00970841,0.00970841
551,64037.7,0.68887,0.96225,1.01395,0.91671,0.91455,0.93729,0.83107,0.65001,0.94952,0.93879,0.00970736,0.00970736,0.00970736
552,64125.1,0.67121,0.9331,0.99948,0.91654,0.91462,0.93691,0.82959,0.65051,0.94965,0.9389,0.00970631,0.00970631,0.00970631
553,64211.8,0.68917,0.98221,1.02357,0.91705,0.91516,0.93731,0.82978,0.6505,0.94982,0.93869,0.00970525,0.00970525,0.00970525
554,64299.9,0.68842,0.95238,1.02187,0.91705,0.91524,0.93794,0.83128,0.65135,0.95093,0.93901,0.00970419,0.00970419,0.00970419
555,64386.6,0.67793,0.97295,1.01004,0.91706,0.91535,0.93755,0.82774,0.65162,0.95084,0.93921,0.00970313,0.00970313,0.00970313
556,64471.9,0.67636,0.95787,1.01321,0.91708,0.91552,0.93775,0.8289,0.65201,0.95092,0.93926,0.00970207,0.00970207,0.00970207
557,64554.9,0.68136,0.99692,1.02368,0.91708,0.91552,0.93742,0.82795,0.65206,0.9513,0.93936,0.00970101,0.00970101,0.00970101
558,64639.3,0.68725,0.97528,1.01761,0.91709,0.91557,0.93679,0.82625,0.65218,0.95043,0.93938,0.00969994,0.00969994,0.00969994
559,64723,0.69744,0.99905,1.02029,0.91707,0.91539,0.93772,0.82773,0.65272,0.95252,0.93928,0.00969887,0.00969887,0.00969887
560,64807.1,0.69008,1.01239,1.02499,0.91724,0.91718,0.93749,0.82692,0.64606,0.93149,0.93454,0.0096978,0.0096978,0.0096978
561,64890.5,0.70063,0.99086,1.03691,0.91721,0.91691,0.93698,0.82833,0.64563,0.93198,0.93445,0.00969673,0.00969673,0.00969673
562,64972.7,0.66463,0.92866,0.99898,0.91505,0.91489,0.93793,0.82862,0.64544,0.93135,0.9344,0.00969566,0.00969566,0.00969566
563,65055.4,0.66949,0.93991,1.00798,0.9148,0.91488,0.93753,0.83043,0.64549,0.93019,0.9344,0.00969459,0.00969459,0.00969459
564,65138.2,0.69357,0.99642,1.01407,0.91473,0.91485,0.93701,0.82958,0.64501,0.92793,0.93422,0.00969351,0.00969351,0.00969351
565,65220.5,0.68847,0.9317,1.01135,0.91486,0.91482,0.93732,0.82846,0.64452,0.9283,0.93403,0.00969243,0.00969243,0.00969243
566,65304.3,0.66192,0.96059,1.00319,0.91555,0.91466,0.93683,0.8283,0.64411,0.92767,0.93368,0.00969135,0.00969135,0.00969135
567,65388.1,0.68056,0.95887,1.01973,0.9153,0.91467,0.93632,0.8286,0.64365,0.925,0.93346,0.00969027,0.00969027,0.00969027
568,65471.3,0.67679,0.95092,1.00636,0.91525,0.91468,0.93684,0.83031,0.6432,0.9238,0.93329,0.00968918,0.00968918,0.00968918
569,65554.7,0.66995,0.95812,1.00713,0.9128,0.91809,0.93705,0.83094,0.64284,0.92279,0.93297,0.0096881,0.0096881,0.0096881
570,65637.8,0.69344,0.98176,1.02491,0.91178,0.91745,0.93621,0.83177,0.6425,0.92118,0.93251,0.00968701,0.00968701,0.00968701
571,65720.5,0.68643,0.96443,1.01447,0.91103,0.91748,0.93677,0.83223,0.64252,0.92239,0.93262,0.00968592,0.00968592,0.00968592
572,65804,0.68381,0.9542,1.00861,0.91073,0.91958,0.93763,0.83156,0.64211,0.92272,0.93232,0.00968483,0.00968483,0.00968483
573,65887.6,0.6792,0.95654,1.01235,0.91075,0.91979,0.93694,0.8306,0.64116,0.92182,0.93198,0.00968374,0.00968374,0.00968374
574,65971.1,0.67154,0.95384,1.00845,0.90842,0.91862,0.93733,0.83147,0.64057,0.92176,0.93165,0.00968264,0.00968264,0.00968264
575,66053.8,0.68437,0.97363,1.01239,0.90837,0.9182,0.93648,0.83064,0.64008,0.92179,0.93144,0.00968155,0.00968155,0.00968155
576,66137.1,0.68606,0.94395,1.01817,0.9083,0.91757,0.93677,0.831,0.63942,0.92043,0.93131,0.00968045,0.00968045,0.00968045
577,66220.7,0.6788,0.94673,1.00615,0.90768,0.91676,0.93709,0.83111,0.63905,0.91923,0.931,0.00967935,0.00967935,0.00967935
578,66303.9,0.67178,0.93713,1.00517,0.90777,0.91764,0.93632,0.83125,0.63833,0.91755,0.93078,0.00967825,0.00967825,0.00967825
579,66387.5,0.68485,0.9845,1.0157,0.90883,0.92282,0.93681,0.83122,0.63862,0.91964,0.9307,0.00967714,0.00967714,0.00967714
580,66469.8,0.67217,0.98353,1.01522,0.90789,0.91932,0.93626,0.83066,0.63795,0.91946,0.93076,0.00967604,0.00967604,0.00967604
581,66553.1,0.68496,0.95285,1.01131,0.90728,0.92208,0.93575,0.83055,0.63807,0.92089,0.93105,0.00967493,0.00967493,0.00967493
582,66634.7,0.68344,0.95856,1.0127,0.90698,0.92208,0.93714,0.83287,0.6381,0.92128,0.93095,0.00967382,0.00967382,0.00967382
583,66716.9,0.69448,0.96522,1.02202,0.90686,0.92208,0.93676,0.83171,0.6378,0.92064,0.93096,0.00967271,0.00967271,0.00967271
584,66799.2,0.6792,0.93022,1.01297,0.90598,0.92208,0.93612,0.83062,0.63758,0.9187,0.93077,0.00967159,0.00967159,0.00967159
585,66882.3,0.67476,0.92084,1.01749,0.90588,0.92208,0.93686,0.83133,0.63753,0.92288,0.93111,0.00967048,0.00967048,0.00967048
586,66961.7,0.68595,0.94677,1.01814,0.906,0.92208,0.937,0.83191,0.63768,0.92204,0.9313,0.00966936,0.00966936,0.00966936
587,67040.4,0.68828,0.96559,1.01537,0.9067,0.92279,0.93749,0.8321,0.6375,0.9228,0.93137,0.00966824,0.00966824,0.00966824
588,67119.6,0.68271,0.93402,1.02079,0.90672,0.92286,0.93683,0.83171,0.63762,0.92669,0.93171,0.00966712,0.00966712,0.00966712
589,67198.7,0.67901,0.93201,1.01468,0.90673,0.92295,0.93738,0.83236,0.63748,0.92716,0.93169,0.009666,0.009666,0.009666
590,67277.3,0.66332,0.93858,0.99488,0.90616,0.9232,0.93646,0.83042,0.63756,0.92644,0.93187,0.00966488,0.00966488,0.00966488
591,67356.4,0.67579,0.93497,1.01055,0.90633,0.92315,0.93587,0.83025,0.63757,0.9261,0.93194,0.00966375,0.00966375,0.00966375
592,67432.4,0.67672,0.97637,1.01453,0.90641,0.92308,0.93641,0.83113,0.63757,0.92586,0.93209,0.00966262,0.00966262,0.00966262
593,67509.2,0.67259,0.93748,1.01149,0.90648,0.92299,0.93573,0.83044,0.6377,0.9246,0.93219,0.00966149,0.00966149,0.00966149
594,67587.2,0.67613,0.92815,1.01139,0.90649,0.92294,0.93503,0.82888,0.6376,0.92453,0.93237,0.00966036,0.00966036,0.00966036
595,67664.6,0.66959,0.96704,1.00272,0.90652,0.92296,0.93508,0.82995,0.63754,0.92259,0.93235,0.00965923,0.00965923,0.00965923
596,67740,0.6832,0.95532,1.02059,0.9067,0.92295,0.93469,0.82939,0.63715,0.92333,0.93233,0.0096581,0.0096581,0.0096581
597,67814.7,0.69679,0.95507,1.01979,0.9069,0.92295,0.93492,0.83002,0.63678,0.92106,0.93233,0.00965696,0.00965696,0.00965696
598,67890.7,0.67098,0.93204,1.00301,0.90672,0.92304,0.93501,0.82983,0.63642,0.9179,0.93209,0.00965582,0.00965582,0.00965582
599,67965.1,0.66395,0.95621,1.00249,0.90665,0.92303,0.93531,0.83053,0.63628,0.91791,0.9322,0.00965468,0.00965468,0.00965468
600,68040.8,0.66719,0.94052,0.99815,0.90658,0.92303,0.93557,0.83054,0.6357,0.916,0.932,0.00965354,0.00965354,0.00965354
601,68115.7,0.67256,0.95669,1.00181,0.90653,0.92305,0.93473,0.83026,0.63608,0.91604,0.93228,0.00965239,0.00965239,0.00965239
602,68190.2,0.67399,0.94277,1.00651,0.90657,0.92302,0.93476,0.83,0.63684,0.92035,0.93248,0.00965125,0.00965125,0.00965125
603,68264.9,0.67578,0.93179,1.00774,0.90643,0.92306,0.93513,0.83007,0.63686,0.91901,0.93255,0.0096501,0.0096501,0.0096501
604,68340.5,0.68232,0.96454,1.01667,0.90634,0.92299,0.93474,0.82985,0.63699,0.9202,0.93295,0.00964895,0.00964895,0.00964895
605,68415.4,0.68051,0.9751,1.009,0.90638,0.92312,0.93489,0.83039,0.63649,0.9194,0.93234,0.0096478,0.0096478,0.0096478
606,68491.7,0.6907,0.97211,1.0131,0.90638,0.92312,0.93475,0.83046,0.63661,0.9189,0.93246,0.00964665,0.00964665,0.00964665
607,68567.8,0.68268,0.94116,1.01181,0.9089,0.92291,0.93535,0.8306,0.63664,0.92,0.93252,0.00964549,0.00964549,0.00964549
608,68643.5,0.67064,0.91795,1.00948,0.90888,0.92279,0.93585,0.83064,0.63774,0.91942,0.9327,0.00964433,0.00964433,0.00964433
609,68717.4,0.68412,0.96745,1.0183,0.90886,0.92261,0.93576,0.82934,0.63861,0.91983,0.93347,0.00964318,0.00964318,0.00964318
610,68790,0.67955,0.97323,1.01382,0.90712,0.92041,0.93517,0.82886,0.63865,0.92173,0.93319,0.00964202,0.00964202,0.00964202
611,68864.1,0.67684,0.97995,1.01329,0.90693,0.92045,0.93502,0.82928,0.63988,0.92185,0.93451,0.00964085,0.00964085,0.00964085
612,68938,0.6848,0.94124,1.01369,0.90882,0.9222,0.93482,0.82921,0.63985,0.92165,0.9343,0.00963969,0.00963969,0.00963969
613,69011.6,0.67178,0.91972,1.00207,0.90729,0.92031,0.93451,0.82833,0.64042,0.92297,0.93487,0.00963852,0.00963852,0.00963852
614,69086.4,0.67104,0.9786,1.00174,0.90728,0.92031,0.93463,0.82819,0.64015,0.92373,0.93432,0.00963736,0.00963736,0.00963736
615,69160.4,0.67383,0.94112,1.00727,0.90755,0.92026,0.9344,0.82884,0.64041,0.92316,0.93443,0.00963619,0.00963619,0.00963619
616,69235.5,0.67519,0.95698,1.00267,0.90879,0.92193,0.93477,0.82892,0.64028,0.92464,0.93447,0.00963502,0.00963502,0.00963502
617,69311,0.6728,0.97288,1.00869,0.90884,0.92236,0.93458,0.82821,0.64024,0.92297,0.93456,0.00963384,0.00963384,0.00963384
618,69386,0.68083,0.92758,1.01188,0.90883,0.92228,0.93468,0.82861,0.63994,0.92161,0.9344,0.00963267,0.00963267,0.00963267
619,69461.8,0.67678,0.94655,1.01365,0.90876,0.92165,0.9348,0.8283,0.64706,0.94509,0.93935,0.00963149,0.00963149,0.00963149
620,69537.5,0.66826,0.95558,1.0083,0.90871,0.92274,0.9353,0.82766,0.64659,0.94486,0.9388,0.00963031,0.00963031,0.00963031
621,69613,0.67255,0.95731,1.00972,0.90816,0.92266,0.93492,0.82815,0.64652,0.94402,0.93872,0.00962913,0.00962913,0.00962913
622,69687.8,0.69318,0.96408,1.02468,0.90885,0.92257,0.93486,0.82821,0.64684,0.94632,0.93883,0.00962795,0.00962795,0.00962795
623,69762.9,0.68117,0.94496,1.02172,0.9091,0.92243,0.93572,0.82948,0.64739,0.94639,0.93921,0.00962677,0.00962677,0.00962677
624,69836.9,0.66474,0.94902,1.00276,0.9098,0.92235,0.93477,0.82818,0.64721,0.94663,0.93872,0.00962558,0.00962558,0.00962558
625,69909.9,0.65854,0.92271,0.99991,0.90951,0.92226,0.93411,0.82787,0.64717,0.94647,0.93877,0.00962439,0.00962439,0.00962439
626,69983.9,0.6845,0.96311,1.01564,0.90953,0.92221,0.93413,0.82704,0.64755,0.94758,0.93875,0.0096232,0.0096232,0.0096232
627,70055.9,0.67993,0.9339,1.00932,0.90957,0.9221,0.93421,0.82799,0.64784,0.94911,0.93937,0.00962201,0.00962201,0.00962201
628,70129.8,0.67081,0.92382,1.0093,0.90958,0.92182,0.93442,0.82696,0.64846,0.9496,0.93955,0.00962082,0.00962082,0.00962082
629,70203.9,0.67979,0.96274,1.01598,0.9093,0.92143,0.93442,0.82785,0.64823,0.94921,0.93937,0.00961962,0.00961962,0.00961962
630,70276.5,0.67684,0.92315,1.00748,0.90861,0.92064,0.93422,0.82793,0.64839,0.9485,0.93893,0.00961843,0.00961843,0.00961843
631,70351.4,0.67171,0.91602,1.01073,0.90861,0.92058,0.93443,0.82715,0.64863,0.94727,0.93895,0.00961723,0.00961723,0.00961723
632,70424.9,0.6832,0.96932,1.00829,0.90862,0.92069,0.9341,0.82757,0.64827,0.94546,0.93861,0.00961603,0.00961603,0.00961603
633,70497.7,0.6816,0.94229,1.01609,0.90866,0.92125,0.9329,0.8256,0.64682,0.93798,0.93774,0.00961483,0.00961483,0.00961483
634,70570.6,0.6583,0.94885,1.00412,0.91074,0.92126,0.9336,0.82688,0.64641,0.93705,0.93749,0.00961362,0.00961362,0.00961362
635,70643.7,0.6763,0.8978,1.01538,0.91076,0.92132,0.93365,0.82632,0.64624,0.93605,0.93744,0.00961242,0.00961242,0.00961242
636,70715.9,0.67399,0.92835,1.00552,0.91067,0.9215,0.93344,0.82708,0.64629,0.9332,0.93746,0.00961121,0.00961121,0.00961121
637,70788.9,0.66387,0.91869,1.00749,0.91063,0.92175,0.93348,0.82706,0.64601,0.93424,0.93776,0.00961,0.00961,0.00961
638,70861.1,0.67574,0.92714,1.00938,0.91072,0.92216,0.93356,0.82673,0.64559,0.93249,0.93781,0.00960879,0.00960879,0.00960879
639,70935.1,0.67635,0.93266,1.00024,0.91076,0.92236,0.93319,0.82786,0.64567,0.93178,0.93777,0.00960758,0.00960758,0.00960758
640,71007.8,0.67225,0.95905,1.01776,0.91067,0.92238,0.93388,0.82848,0.6458,0.93105,0.93791,0.00960636,0.00960636,0.00960636
641,71079.4,0.66528,0.95189,0.99767,0.9109,0.92246,0.93406,0.82882,0.64547,0.92892,0.93738,0.00960515,0.00960515,0.00960515
642,71152.1,0.67965,0.92615,1.00981,0.91095,0.92257,0.93391,0.82838,0.64635,0.93452,0.9375,0.00960393,0.00960393,0.00960393
643,71225.4,0.65724,0.94434,0.99508,0.91096,0.92262,0.93387,0.82876,0.64634,0.93329,0.93768,0.00960271,0.00960271,0.00960271
644,71299.3,0.67809,0.9751,0.99798,0.91101,0.92264,0.93427,0.82908,0.64555,0.92732,0.93734,0.00960149,0.00960149,0.00960149
645,71373.3,0.68394,0.9371,0.9961,0.91093,0.92262,0.93365,0.82862,0.64575,0.92768,0.93741,0.00960026,0.00960026,0.00960026
646,71447.3,0.67979,0.98193,1.01053,0.91114,0.92259,0.93386,0.82878,0.64583,0.92729,0.93737,0.00959904,0.00959904,0.00959904
647,71521.7,0.67049,0.95048,1.01393,0.91202,0.9223,0.93392,0.82867,0.64556,0.92649,0.93744,0.00959781,0.00959781,0.00959781
648,71596.4,0.67493,0.93193,1.00824,0.91219,0.92228,0.93409,0.82832,0.64577,0.92701,0.93793,0.00959658,0.00959658,0.00959658
649,71670.6,0.6772,0.95989,1.01177,0.9122,0.92231,0.93403,0.82773,0.64536,0.92849,0.9378,0.00959535,0.00959535,0.00959535
650,71743.4,0.68525,0.93641,1.01552,0.91222,0.92234,0.93379,0.82776,0.64553,0.92724,0.93787,0.00959412,0.00959412,0.00959412
651,71814.9,0.67209,0.9287,1.00005,0.91234,0.92236,0.93407,0.82691,0.6452,0.92734,0.93734,0.00959289,0.00959289,0.00959289
652,71886.7,0.66465,0.93562,1.00202,0.91242,0.92233,0.93406,0.82708,0.64475,0.92836,0.93704,0.00959165,0.00959165,0.00959165
653,71958.2,0.66891,0.92275,1.0113,0.91247,0.92229,0.93417,0.82703,0.64441,0.92848,0.93691,0.00959041,0.00959041,0.00959041
654,72029.1,0.6737,0.9522,0.9996,0.91245,0.92232,0.93406,0.82724,0.64469,0.92651,0.93701,0.00958917,0.00958917,0.00958917
655,72101,0.66618,0.91116,1.00681,0.9124,0.92235,0.93515,0.82837,0.64474,0.9258,0.93726,0.00958793,0.00958793,0.00958793
656,72173.5,0.66124,0.91306,1.00537,0.91249,0.92233,0.93453,0.82742,0.64472,0.92666,0.93746,0.00958669,0.00958669,0.00958669
657,72244.9,0.66385,0.95431,1.00082,0.91263,0.92242,0.93491,0.82804,0.64388,0.92463,0.93694,0.00958544,0.00958544,0.00958544
658,72316.1,0.67775,0.91425,1.01278,0.91292,0.92252,0.93448,0.82858,0.6434,0.92339,0.93681,0.0095842,0.0095842,0.0095842
659,72387,0.66128,0.91846,1.00092,0.91305,0.9227,0.93489,0.82916,0.64297,0.92483,0.9365,0.00958295,0.00958295,0.00958295
660,72457.5,0.67908,0.92539,1.01679,0.91347,0.92281,0.93509,0.82846,0.64302,0.92387,0.9366,0.0095817,0.0095817,0.0095817
661,72529.8,0.67772,0.93215,1.0021,0.91377,0.92291,0.93514,0.82948,0.64294,0.9245,0.93637,0.00958044,0.00958044,0.00958044
662,72603.6,0.68553,0.92733,1.00508,0.9139,0.92305,0.93595,0.8304,0.64299,0.92535,0.93655,0.00957919,0.00957919,0.00957919
663,72680.6,0.67135,0.90056,1.00199,0.91397,0.92316,0.9367,0.83166,0.64293,0.92451,0.93619,0.00957793,0.00957793,0.00957793
664,72751.6,0.6643,0.90605,1.00611,0.91406,0.92327,0.9364,0.8314,0.64378,0.93273,0.93622,0.00957668,0.00957668,0.00957668
665,72823.2,0.6808,0.96125,1.00658,0.91423,0.9234,0.93701,0.83073,0.64426,0.93223,0.93653,0.00957542,0.00957542,0.00957542
666,72895.7,0.67633,0.96114,1.01431,0.91429,0.92353,0.93724,0.83071,0.64461,0.93,0.93663,0.00957416,0.00957416,0.00957416
667,72968.7,0.67467,0.96074,1.00788,0.91444,0.92354,0.93733,0.8307,0.64491,0.92975,0.93702,0.00957289,0.00957289,0.00957289
668,73042.6,0.6606,0.93611,0.99795,0.91452,0.92356,0.93736,0.83075,0.64517,0.93013,0.93715,0.00957163,0.00957163,0.00957163
669,73115.8,0.68662,0.95098,1.01272,0.91466,0.92351,0.93753,0.8306,0.64566,0.92943,0.93745,0.00957036,0.00957036,0.00957036
670,73188.5,0.67615,0.907,1.00962,0.91465,0.92355,0.93762,0.83094,0.64551,0.92896,0.93751,0.00956909,0.00956909,0.00956909
671,73262,0.6701,0.9221,1.00387,0.91462,0.92362,0.93763,0.83093,0.646,0.92857,0.93752,0.00956782,0.00956782,0.00956782
672,73333.6,0.66861,0.93727,1.00533,0.91457,0.9237,0.93747,0.83038,0.64539,0.92722,0.93725,0.00956655,0.00956655,0.00956655
673,73406.1,0.69301,0.93813,1.01399,0.91455,0.92376,0.93789,0.8306,0.64624,0.92916,0.93754,0.00956528,0.00956528,0.00956528
674,73477.6,0.67188,0.9385,1.00021,0.91456,0.92374,0.93789,0.83167,0.64653,0.93014,0.93771,0.009564,0.009564,0.009564
675,73549.1,0.67356,0.93687,1.00939,0.91454,0.92375,0.93787,0.83078,0.6468,0.92933,0.93788,0.00956273,0.00956273,0.00956273
676,73620.8,0.66944,0.9359,1.00941,0.91452,0.92376,0.9383,0.83156,0.647,0.93038,0.93803,0.00956145,0.00956145,0.00956145
677,73692.8,0.667,0.92969,1.00375,0.9145,0.92371,0.9383,0.83187,0.64706,0.92914,0.93792,0.00956017,0.00956017,0.00956017
678,73762.9,0.6683,0.91388,1.00827,0.91452,0.92373,0.93821,0.83351,0.64667,0.93012,0.93766,0.00955888,0.00955888,0.00955888
679,73834.3,0.65505,0.93317,0.99549,0.91447,0.92373,0.93882,0.83419,0.64703,0.93017,0.93781,0.0095576,0.0095576,0.0095576
680,73907.7,0.65839,0.92884,0.99854,0.91447,0.92367,0.93894,0.83383,0.64655,0.92801,0.93721,0.00955631,0.00955631,0.00955631
681,73981.6,0.66793,0.94046,1.00943,0.91448,0.9236,0.93892,0.83406,0.64624,0.92723,0.9369,0.00955502,0.00955502,0.00955502
682,74057.3,0.66241,0.93936,0.99822,0.91446,0.92352,0.93995,0.83342,0.64601,0.92609,0.93704,0.00955373,0.00955373,0.00955373
683,74130.7,0.67163,0.9565,1.00706,0.91443,0.92349,0.94021,0.83295,0.64558,0.9262,0.93661,0.00955244,0.00955244,0.00955244
684,74202.8,0.66103,0.94288,0.9983,0.9144,0.92341,0.9402,0.83569,0.64544,0.92613,0.93625,0.00955115,0.00955115,0.00955115
685,74275,0.68049,0.91894,1.00122,0.91458,0.9233,0.93978,0.83529,0.64555,0.92832,0.93618,0.00954986,0.00954986,0.00954986
686,74346.4,0.67028,0.9582,0.99784,0.91456,0.92329,0.93957,0.83366,0.64527,0.9269,0.93586,0.00954856,0.00954856,0.00954856
687,74419.3,0.66825,0.92562,0.99956,0.91453,0.92326,0.94105,0.83475,0.64572,0.92547,0.93604,0.00954726,0.00954726,0.00954726
688,74490.5,0.6533,0.96652,0.99924,0.9146,0.92324,0.94068,0.83413,0.64038,0.90673,0.93351,0.00954596,0.00954596,0.00954596
689,74561.5,0.67313,0.94488,1.01256,0.91481,0.92317,0.93932,0.83296,0.64061,0.90473,0.93354,0.00954466,0.00954466,0.00954466
690,74635.6,0.66701,0.93205,1.0032,0.91502,0.92313,0.94008,0.8366,0.64079,0.90499,0.93377,0.00954335,0.00954335,0.00954335
691,74708.2,0.64719,0.93184,0.99377,0.91538,0.92305,0.93994,0.83424,0.64075,0.9061,0.93324,0.00954205,0.00954205,0.00954205
692,74780.5,0.66756,0.91827,1.01034,0.91581,0.923,0.94006,0.83673,0.64601,0.92461,0.93557,0.00954074,0.00954074,0.00954074
693,74851.8,0.67156,0.88712,1.00606,0.9162,0.92298,0.94125,0.83824,0.64611,0.92389,0.93551,0.00953943,0.00953943,0.00953943
694,74922.7,0.66239,0.91529,1.00643,0.91666,0.92293,0.93994,0.83652,0.6461,0.9252,0.93524,0.00953812,0.00953812,0.00953812
695,74994.6,0.65726,0.91581,0.99732,0.91717,0.92273,0.93981,0.83569,0.64566,0.92433,0.93543,0.00953681,0.00953681,0.00953681
696,75067.1,0.66669,0.91137,1.00096,0.91742,0.92258,0.93905,0.83534,0.64565,0.92304,0.93536,0.00953549,0.00953549,0.00953549
697,75142.7,0.66698,0.90927,0.99781,0.91706,0.92261,0.94118,0.83776,0.64567,0.92281,0.93539,0.00953418,0.00953418,0.00953418
698,75214.1,0.68382,0.92674,1.00955,0.91676,0.92259,0.93983,0.83565,0.64573,0.92482,0.93559,0.00953286,0.00953286,0.00953286
699,75287.6,0.66561,0.92214,1.00495,0.91696,0.92231,0.94103,0.83716,0.64597,0.92559,0.9354,0.00953154,0.00953154,0.00953154
700,75359.9,0.66641,0.8856,1.0087,0.91691,0.92235,0.93933,0.83594,0.64574,0.92609,0.93538,0.00953022,0.00953022,0.00953022
701,75431.9,0.66345,0.92782,0.99605,0.91686,0.92232,0.94258,0.83676,0.64619,0.92715,0.93575,0.00952889,0.00952889,0.00952889
702,75503.5,0.67542,0.92959,1.01204,0.9166,0.92235,0.94122,0.83629,0.64571,0.92652,0.9355,0.00952757,0.00952757,0.00952757
703,75574.6,0.6632,0.94545,1.00811,0.91648,0.92233,0.94157,0.83566,0.64521,0.92511,0.93529,0.00952624,0.00952624,0.00952624
704,75647.3,0.67005,0.92899,1.01045,0.91666,0.92216,0.94079,0.83496,0.6453,0.92423,0.93541,0.00952491,0.00952491,0.00952491
705,75720,0.6726,0.94129,1.00908,0.91738,0.92208,0.9411,0.83522,0.64539,0.92413,0.93528,0.00952358,0.00952358,0.00952358
706,75791.7,0.6521,0.91172,0.99635,0.91835,0.92208,0.94053,0.83513,0.64495,0.92644,0.9352,0.00952225,0.00952225,0.00952225
707,75862.2,0.66086,0.9655,0.99674,0.91883,0.92208,0.94059,0.83481,0.64492,0.92453,0.93548,0.00952092,0.00952092,0.00952092
708,75933.9,0.66331,0.91522,1.00236,0.91922,0.92208,0.94034,0.83537,0.64422,0.92467,0.93511,0.00951958,0.00951958,0.00951958
709,76005.2,0.67097,0.92124,0.99842,0.91993,0.92208,0.94067,0.83501,0.6437,0.92586,0.93455,0.00951824,0.00951824,0.00951824
710,76075.1,0.66663,0.95668,1.01192,0.92264,0.9218,0.93926,0.83391,0.64328,0.92361,0.93462,0.0095169,0.0095169,0.0095169
711,76145.5,0.66124,0.91766,0.99754,0.9226,0.92053,0.94,0.83404,0.6425,0.92525,0.93401,0.00951556,0.00951556,0.00951556
712,76217.5,0.66655,0.94378,1.00827,0.92288,0.92107,0.94058,0.83375,0.64142,0.91272,0.93349,0.00951422,0.00951422,0.00951422
713,76290.3,0.6574,0.93019,1.00346,0.92293,0.92158,0.94077,0.83513,0.64137,0.91161,0.93343,0.00951288,0.00951288,0.00951288
714,76363.3,0.6656,0.92139,0.9985,0.92283,0.92031,0.93919,0.83426,0.64064,0.91281,0.93326,0.00951153,0.00951153,0.00951153
715,76434.1,0.67144,0.94884,1.01285,0.92284,0.91983,0.93939,0.83556,0.64144,0.9254,0.93396,0.00951018,0.00951018,0.00951018
716,76507.4,0.65822,0.90531,1.00403,0.92218,0.92208,0.93937,0.83567,0.64102,0.92596,0.93345,0.00950883,0.00950883,0.00950883
717,76579.4,0.66207,0.91231,0.99536,0.92229,0.92208,0.94067,0.83691,0.64092,0.92476,0.9336,0.00950748,0.00950748,0.00950748
718,76652.3,0.65714,0.93902,1.00215,0.92261,0.92189,0.93921,0.83615,0.64093,0.92502,0.93357,0.00950613,0.00950613,0.00950613
719,76724.8,0.67059,0.92061,1.01866,0.92262,0.92188,0.94058,0.83687,0.64093,0.92412,0.93346,0.00950477,0.00950477,0.00950477
720,76798.2,0.66206,0.90426,0.99964,0.92259,0.92141,0.9401,0.83802,0.64097,0.92265,0.93358,0.00950341,0.00950341,0.00950341
721,76869.1,0.66564,0.8966,1.00419,0.92268,0.92208,0.94046,0.83839,0.64084,0.92413,0.93367,0.00950206,0.00950206,0.00950206
722,76940,0.65903,0.9053,0.99595,0.92187,0.92208,0.93947,0.83811,0.6405,0.92409,0.93339,0.0095007,0.0095007,0.0095007
723,77013.5,0.66154,0.89683,1.00256,0.92221,0.92208,0.93996,0.83797,0.64029,0.92466,0.93345,0.00949933,0.00949933,0.00949933
724,77087.4,0.67954,0.93689,1.00783,0.92242,0.92208,0.94065,0.83954,0.64074,0.92494,0.93364,0.00949797,0.00949797,0.00949797
725,77159.9,0.66586,0.91915,1.0065,0.92304,0.92208,0.94065,0.83874,0.64091,0.92602,0.93375,0.0094966,0.0094966,0.0094966
726,77234.6,0.67108,0.90104,1.00397,0.92102,0.92208,0.94016,0.83821,0.64077,0.92632,0.93365,0.00949524,0.00949524,0.00949524
727,77307.5,0.66807,0.92834,1.00566,0.92159,0.92208,0.94095,0.84018,0.64063,0.92675,0.93381,0.00949387,0.00949387,0.00949387
728,77381.5,0.65832,0.92789,1.00005,0.92176,0.92208,0.94042,0.83875,0.64066,0.9268,0.93385,0.0094925,0.0094925,0.0094925
729,77452.4,0.64635,0.89107,0.99763,0.92237,0.92208,0.94071,0.83865,0.64046,0.92561,0.93383,0.00949112,0.00949112,0.00949112
730,77525.1,0.66413,0.91505,1.00109,0.92283,0.92208,0.9399,0.83778,0.64076,0.9263,0.93404,0.00948975,0.00948975,0.00948975
731,77598.5,0.6734,0.9342,1.01576,0.92335,0.92208,0.93969,0.83582,0.64067,0.92597,0.93429,0.00948837,0.00948837,0.00948837
732,77672.6,0.66935,0.94,1.00849,0.92375,0.92208,0.94074,0.83678,0.64108,0.92696,0.93427,0.009487,0.009487,0.009487
733,77745.7,0.6776,0.92819,1.01272,0.92389,0.92208,0.93957,0.83681,0.64086,0.92892,0.93425,0.00948562,0.00948562,0.00948562
734,77819.2,0.65226,0.89674,0.99915,0.92453,0.92195,0.93988,0.83731,0.6408,0.92894,0.93414,0.00948423,0.00948423,0.00948423
735,77891.9,0.66944,0.93221,0.99975,0.92212,0.91949,0.94044,0.83692,0.64113,0.92977,0.93426,0.00948285,0.00948285,0.00948285
736,77965.5,0.65824,0.90744,0.99879,0.92293,0.91949,0.9394,0.83279,0.64125,0.93075,0.93414,0.00948147,0.00948147,0.00948147
737,78037.8,0.66262,0.89777,0.99921,0.92378,0.91949,0.93969,0.83359,0.64055,0.93036,0.934,0.00948008,0.00948008,0.00948008
738,78108.6,0.66039,0.882,0.99361,0.923,0.91949,0.93977,0.83349,0.64088,0.93095,0.93414,0.00947869,0.00947869,0.00947869
739,78179.2,0.68263,0.92723,1.01279,0.92369,0.91949,0.93916,0.83305,0.64036,0.9281,0.93411,0.0094773,0.0094773,0.0094773
740,78249.6,0.69019,0.96264,1.0136,0.92353,0.91949,0.94032,0.83518,0.64029,0.92951,0.93413,0.00947591,0.00947591,0.00947591
741,78320.2,0.671,0.93195,1.0116,0.92729,0.91171,0.93993,0.83392,0.63984,0.93022,0.93415,0.00947452,0.00947452,0.00947452
742,78394,0.65648,0.91581,0.99612,0.9276,0.91171,0.93936,0.83375,0.64009,0.92934,0.93406,0.00947312,0.00947312,0.00947312
743,78466.5,0.6726,0.93299,1.00262,0.92791,0.91171,0.94006,0.83426,0.63995,0.92974,0.93422,0.00947172,0.00947172,0.00947172
744,78540.7,0.66631,0.90462,1.00621,0.92805,0.91171,0.94055,0.83364,0.64018,0.92899,0.93423,0.00947032,0.00947032,0.00947032
745,78614.3,0.6614,0.91717,0.9907,0.92852,0.91171,0.93901,0.83358,0.63998,0.93021,0.93406,0.00946892,0.00946892,0.00946892
746,78688.3,0.67345,0.90945,1.00685,0.92816,0.91171,0.93902,0.83349,0.63949,0.92952,0.93405,0.00946752,0.00946752,0.00946752
747,78762.7,0.6555,0.92642,0.99443,0.91558,0.93655,0.93953,0.83473,0.63983,0.93017,0.93396,0.00946612,0.00946612,0.00946612
748,78836.2,0.67497,0.93985,1.00296,0.91566,0.9373,0.93962,0.83446,0.63961,0.93158,0.93381,0.00946471,0.00946471,0.00946471
749,78909.4,0.67421,0.93837,1.00598,0.91543,0.93753,0.94052,0.83686,0.63882,0.93061,0.93346,0.0094633,0.0094633,0.0094633
750,78982.5,0.65849,0.88586,0.99721,0.915,0.93774,0.94039,0.83534,0.63824,0.93041,0.93318,0.00946189,0.00946189,0.00946189
751,79053.8,0.65795,0.89326,1.0006,0.91472,0.93799,0.94029,0.8349,0.63798,0.93065,0.93292,0.00946048,0.00946048,0.00946048
752,79124,0.65654,0.92124,0.99614,0.91476,0.93812,0.94065,0.83526,0.63707,0.92844,0.93259,0.00945907,0.00945907,0.00945907
753,79195.2,0.67412,0.9155,1.00416,0.91499,0.93823,0.94054,0.83507,0.63684,0.92925,0.93231,0.00945765,0.00945765,0.00945765
754,79266,0.65604,0.90212,1.0026,0.91525,0.93836,0.94067,0.83649,0.63607,0.92721,0.9319,0.00945624,0.00945624,0.00945624
755,79338.1,0.67131,0.90618,1.00713,0.91513,0.9385,0.9406,0.83641,0.636,0.92743,0.93195,0.00945482,0.00945482,0.00945482
756,79411.5,0.66875,0.93301,1.01054,0.91486,0.93871,0.94053,0.83669,0.63619,0.92732,0.93195,0.0094534,0.0094534,0.0094534
757,79482.7,0.66091,0.91138,1.00041,0.91371,0.93926,0.94168,0.83715,0.63571,0.92804,0.93185,0.00945198,0.00945198,0.00945198
758,79555.3,0.67222,0.91364,1.01068,0.91357,0.93923,0.94156,0.83681,0.63529,0.92744,0.93147,0.00945056,0.00945056,0.00945056
759,79628,0.65631,0.90807,1.00152,0.9135,0.93937,0.94135,0.83784,0.63488,0.92726,0.93136,0.00944913,0.00944913,0.00944913
760,79699.2,0.65281,0.8864,0.99132,0.91364,0.93959,0.94113,0.83936,0.63441,0.92693,0.93126,0.0094477,0.0094477,0.0094477
761,79770.9,0.65608,0.94798,1.00701,0.91295,0.94016,0.94096,0.84211,0.63412,0.92633,0.931,0.00944628,0.00944628,0.00944628
762,79842.6,0.65582,0.89376,0.99069,0.91323,0.94807,0.94119,0.83831,0.6332,0.92494,0.93065,0.00944485,0.00944485,0.00944485
763,79914.4,0.65583,0.90542,0.99378,0.91314,0.94807,0.94052,0.83772,0.6326,0.92514,0.9304,0.00944341,0.00944341,0.00944341
764,79986.7,0.66038,0.91526,1.00322,0.91241,0.94758,0.94092,0.83987,0.63205,0.92458,0.93043,0.00944198,0.00944198,0.00944198
765,80058.1,0.66355,0.89876,1.00714,0.91039,0.94807,0.94022,0.83882,0.63253,0.92518,0.93096,0.00944054,0.00944054,0.00944054
766,80130.3,0.66674,0.90054,0.99543,0.9117,0.94798,0.9407,0.83963,0.63241,0.92556,0.93113,0.00943911,0.00943911,0.00943911
767,80202.3,0.668,0.9168,1.00465,0.91156,0.94785,0.94031,0.83901,0.63257,0.92941,0.9314,0.00943767,0.00943767,0.00943767
768,80273.3,0.66699,0.91421,1.00561,0.9115,0.94774,0.93993,0.83712,0.63223,0.92821,0.93138,0.00943623,0.00943623,0.00943623
769,80343.7,0.66366,0.91584,0.99964,0.91135,0.94737,0.93989,0.8367,0.6323,0.929,0.93146,0.00943478,0.00943478,0.00943478
770,80414.7,0.67173,0.91817,1.00611,0.91134,0.94657,0.93971,0.83733,0.633,0.92991,0.93183,0.00943334,0.00943334,0.00943334
771,80483.5,0.66499,0.92319,1.00364,0.91121,0.94621,0.93913,0.83717,0.63248,0.92148,0.9317,0.00943189,0.00943189,0.00943189
772,80554.8,0.66429,0.88103,1.00277,0.91104,0.94542,0.93902,0.83669,0.63245,0.92103,0.93173,0.00943045,0.00943045,0.00943045
773,80627.8,0.67661,0.94336,1.0098,0.91103,0.94409,0.93959,0.83756,0.63278,0.92086,0.93188,0.009429,0.009429,0.009429
774,80700.1,0.66897,0.92392,0.99937,0.9097,0.94288,0.93943,0.83714,0.63264,0.91997,0.9318,0.00942755,0.00942755,0.00942755
775,80771.8,0.65829,0.92752,0.99526,0.90965,0.94288,0.94043,0.83839,0.63258,0.92089,0.93181,0.00942609,0.00942609,0.00942609
776,80844.3,0.65345,0.93181,1.0041,0.91032,0.94288,0.93961,0.83801,0.63555,0.93012,0.93358,0.00942464,0.00942464,0.00942464
777,80915.8,0.65965,0.90547,0.99679,0.91099,0.94288,0.94035,0.83894,0.63522,0.92696,0.93374,0.00942318,0.00942318,0.00942318
778,80987.4,0.65464,0.90375,0.99402,0.90929,0.94029,0.93812,0.83604,0.63531,0.92506,0.934,0.00942173,0.00942173,0.00942173
779,81058.8,0.64957,0.88615,0.99222,0.91121,0.94227,0.93952,0.8376,0.63529,0.92529,0.93419,0.00942027,0.00942027,0.00942027
780,81131.7,0.64809,0.8847,0.99269,0.91105,0.94192,0.9382,0.83722,0.6353,0.92348,0.93415,0.0094188,0.0094188,0.0094188
781,81204.8,0.65453,0.90146,0.9925,0.91088,0.94202,0.93983,0.83844,0.63612,0.92367,0.9349,0.00941734,0.00941734,0.00941734
782,81278,0.66677,0.94329,1.00026,0.91085,0.94162,0.93884,0.83811,0.63327,0.91304,0.93323,0.00941588,0.00941588,0.00941588
783,81349.5,0.65799,0.88475,1.00028,0.91065,0.94065,0.93886,0.83688,0.63332,0.9121,0.93349,0.00941441,0.00941441,0.00941441
784,81421.2,0.66315,0.89769,1.00393,0.91044,0.93959,0.93917,0.83664,0.6333,0.9103,0.93372,0.00941294,0.00941294,0.00941294
785,81490.2,0.67021,0.91223,1.00579,0.91068,0.93902,0.93853,0.83564,0.63309,0.91551,0.93379,0.00941147,0.00941147,0.00941147
786,81562.2,0.64998,0.88108,0.99406,0.91056,0.93912,0.93941,0.83639,0.63336,0.91655,0.93395,0.00941,0.00941,0.00941
787,81634.2,0.66255,0.90146,1.00178,0.93416,0.91758,0.93855,0.83633,0.63277,0.91682,0.93402,0.00940853,0.00940853,0.00940853
788,81707.5,0.67234,0.93346,1.0092,0.90561,0.94351,0.93916,0.83603,0.63292,0.91831,0.93395,0.00940705,0.00940705,0.00940705
789,81778.9,0.66633,0.91023,1.00293,0.9057,0.94387,0.93862,0.83532,0.63304,0.91937,0.93404,0.00940557,0.00940557,0.00940557
790,81850.6,0.65743,0.92002,1.00597,0.90187,0.95066,0.93972,0.83646,0.63274,0.91995,0.93377,0.0094041,0.0094041,0.0094041
791,81921.5,0.67042,0.92384,0.99917,0.90521,0.95066,0.93864,0.83604,0.63255,0.92202,0.93402,0.00940262,0.00940262,0.00940262
792,81993.1,0.66572,0.91123,1.00763,0.90402,0.94807,0.94007,0.8366,0.63358,0.93047,0.93463,0.00940113,0.00940113,0.00940113
793,82066.5,0.65261,0.88963,0.99157,0.90496,0.94807,0.93864,0.83561,0.63328,0.92887,0.93475,0.00939965,0.00939965,0.00939965
794,82139.3,0.65816,0.89965,0.99386,0.93376,0.91686,0.93986,0.83704,0.63339,0.93092,0.93471,0.00939816,0.00939816,0.00939816
795,82210.9,0.66265,0.90217,1.00466,0.93365,0.91726,0.93884,0.83601,0.63339,0.92998,0.9347,0.00939668,0.00939668,0.00939668
796,82278.8,0.6646,0.91673,0.99828,0.93355,0.91724,0.93872,0.83454,0.6336,0.93353,0.93484,0.00939519,0.00939519,0.00939519
797,82348.1,0.65693,0.88242,1.00343,0.93354,0.91706,0.93964,0.83589,0.63373,0.93545,0.93492,0.0093937,0.0093937,0.0093937
798,82416.7,0.65751,0.89511,0.99895,0.93366,0.91698,0.93912,0.83573,0.634,0.93358,0.93504,0.00939221,0.00939221,0.00939221
799,82484.4,0.65382,0.91811,0.99795,0.93377,0.91709,0.93888,0.83487,0.63352,0.93408,0.93479,0.00939071,0.00939071,0.00939071
800,82552.3,0.64236,0.8963,0.9945,0.93375,0.91714,0.93929,0.83552,0.6335,0.93496,0.93486,0.00938922,0.00938922,0.00938922
801,82622,0.67362,0.95785,1.00177,0.93381,0.91672,0.93873,0.83509,0.63351,0.93563,0.93469,0.00938772,0.00938772,0.00938772
802,82692.8,0.66798,0.89797,0.99892,0.93387,0.91655,0.93884,0.83567,0.63225,0.92775,0.93391,0.00938622,0.00938622,0.00938622
803,82762.3,0.66488,0.91695,0.99485,0.93377,0.917,0.93895,0.83455,0.63168,0.92523,0.93367,0.00938472,0.00938472,0.00938472
804,82832.3,0.66597,0.90552,1.00183,0.91393,0.93735,0.93779,0.83425,0.63177,0.92734,0.93365,0.00938322,0.00938322,0.00938322
805,82903.6,0.66612,0.91077,1.00241,0.91262,0.9377,0.93917,0.83514,0.6319,0.92686,0.93358,0.00938171,0.00938171,0.00938171
806,82974.5,0.65418,0.88083,0.99332,0.91282,0.9377,0.93894,0.83474,0.63212,0.92679,0.93392,0.0093802,0.0093802,0.0093802
807,83044.8,0.64687,0.89539,0.98972,0.9128,0.9377,0.93832,0.83524,0.63244,0.92702,0.93421,0.0093787,0.0093787,0.0093787
808,83113.1,0.6392,0.88715,0.98955,0.91178,0.9377,0.93864,0.83605,0.63272,0.92868,0.93451,0.00937719,0.00937719,0.00937719
809,83182.2,0.65107,0.87522,0.98919,0.9122,0.9377,0.93838,0.8339,0.63319,0.92989,0.93464,0.00937568,0.00937568,0.00937568
810,83251.1,0.65465,0.90441,0.99598,0.91252,0.9377,0.93814,0.83409,0.63364,0.93299,0.93491,0.00937416,0.00937416,0.00937416
811,83320.4,0.64763,0.89359,0.99231,0.91246,0.9377,0.93759,0.83371,0.63422,0.93309,0.93502,0.00937265,0.00937265,0.00937265
812,83391.4,0.66995,0.89841,1.00527,0.91208,0.9377,0.93848,0.83455,0.63473,0.93423,0.9352,0.00937113,0.00937113,0.00937113
813,83461.1,0.66247,0.89907,0.99864,0.91196,0.9377,0.9384,0.83439,0.63474,0.93561,0.93525,0.00936961,0.00936961,0.00936961
814,83532.1,0.66098,0.89945,1.00236,0.91194,0.9377,0.93729,0.83391,0.63466,0.93689,0.93525,0.0093681,0.0093681,0.0093681
815,83602.6,0.65093,0.89538,0.99387,0.91189,0.9377,0.93732,0.83351,0.6344,0.93725,0.93499,0.00936657,0.00936657,0.00936657
816,83674,0.64556,0.92595,0.99151,0.91168,0.93804,0.93759,0.83441,0.63446,0.93745,0.93499,0.00936505,0.00936505,0.00936505
817,83746,0.65487,0.95129,0.99543,0.9117,0.93816,0.93765,0.83437,0.63425,0.93694,0.93488,0.00936353,0.00936353,0.00936353
818,83818,0.65654,0.90912,0.99547,0.91213,0.9377,0.93743,0.83471,0.63386,0.93537,0.93468,0.009362,0.009362,0.009362
819,83888,0.66044,0.89631,0.98852,0.91219,0.9377,0.93742,0.83453,0.63429,0.93583,0.93484,0.00936047,0.00936047,0.00936047
820,83959.6,0.65387,0.90292,0.99275,0.91194,0.93771,0.93684,0.83464,0.63437,0.93357,0.93475,0.00935894,0.00935894,0.00935894
821,84031.3,0.66905,0.90858,1.00261,0.91211,0.9377,0.93745,0.83541,0.63453,0.93149,0.93494,0.00935741,0.00935741,0.00935741
822,84102.6,0.66011,0.90664,0.99779,0.91202,0.9377,0.93715,0.83582,0.6338,0.93245,0.93424,0.00935588,0.00935588,0.00935588
823,84173.7,0.65743,0.88193,1.00321,0.91192,0.9377,0.93734,0.83321,0.63396,0.93254,0.93418,0.00935434,0.00935434,0.00935434
824,84244.7,0.65707,0.88262,1.00197,0.91192,0.9377,0.93791,0.83442,0.63395,0.93339,0.93408,0.0093528,0.0093528,0.0093528
825,84315.4,0.65314,0.91815,0.98275,0.91194,0.93831,0.93725,0.83469,0.63376,0.93266,0.93404,0.00935127,0.00935127,0.00935127
826,84385.4,0.65416,0.91069,0.99759,0.912,0.9389,0.93809,0.83429,0.63405,0.93437,0.93405,0.00934973,0.00934973,0.00934973
827,84455.2,0.64771,0.92266,0.98532,0.91205,0.9395,0.93806,0.83456,0.63332,0.92785,0.93345,0.00934818,0.00934818,0.00934818
828,84525.5,0.64788,0.86899,0.98795,0.9121,0.94009,0.93755,0.83414,0.6335,0.92954,0.93314,0.00934664,0.00934664,0.00934664
829,84597.1,0.66922,0.93123,1.00555,0.91206,0.94029,0.9367,0.83304,0.63365,0.93079,0.93313,0.0093451,0.0093451,0.0093451
830,84667.9,0.64862,0.88228,0.99206,0.91075,0.94029,0.93812,0.83505,0.63426,0.9308,0.93343,0.00934355,0.00934355,0.00934355
831,84738.7,0.6632,0.89697,1.0024,0.91072,0.94029,0.93692,0.83513,0.63416,0.93102,0.93292,0.009342,0.009342,0.009342
832,84810,0.6665,0.88808,1.00036,0.91084,0.94029,0.93815,0.837,0.63479,0.93124,0.93298,0.00934045,0.00934045,0.00934045
833,84879.1,0.65378,0.87877,0.99852,0.90995,0.94037,0.93723,0.8356,0.63507,0.93178,0.93326,0.0093389,0.0093389,0.0093389
834,84947.9,0.66193,0.90775,1.00215,0.90999,0.94081,0.93748,0.83658,0.63515,0.93204,0.93331,0.00933734,0.00933734,0.00933734
835,85017.4,0.65351,0.88625,0.98561,0.91,0.94118,0.93635,0.83503,0.63454,0.9275,0.93309,0.00933579,0.00933579,0.00933579
836,85086.1,0.64736,0.87889,0.98213,0.91004,0.94147,0.93729,0.83517,0.63385,0.91872,0.93257,0.00933423,0.00933423,0.00933423
837,85155,0.65773,0.89991,0.99879,0.91013,0.94209,0.93684,0.83418,0.63341,0.91911,0.93245,0.00933267,0.00933267,0.00933267
838,85223.8,0.64647,0.88094,0.97935,0.90951,0.94288,0.93784,0.83574,0.63841,0.93819,0.9353,0.00933111,0.00933111,0.00933111
839,85293.5,0.64923,0.89026,0.99558,0.90709,0.94288,0.93749,0.83551,0.63822,0.93802,0.935,0.00932955,0.00932955,0.00932955
840,85364,0.6559,0.88691,1.00215,0.90583,0.943,0.93777,0.8347,0.63912,0.94131,0.93608,0.00932799,0.00932799,0.00932799
841,85434.6,0.6545,0.90325,0.99543,0.90583,0.94312,0.93718,0.83519,0.639,0.94115,0.9359,0.00932642,0.00932642,0.00932642
842,85505.1,0.64935,0.88408,0.98831,0.90581,0.94318,0.93731,0.83549,0.63918,0.93879,0.93584,0.00932485,0.00932485,0.00932485
843,85575.4,0.67252,0.92742,1.0086,0.90574,0.94373,0.93787,0.8356,0.63336,0.92073,0.93273,0.00932328,0.00932328,0.00932328
844,85647.7,0.66009,0.89422,1.00461,0.90563,0.94443,0.93691,0.83499,0.63306,0.9196,0.93236,0.00932171,0.00932171,0.00932171
845,85718.5,0.66474,0.89342,0.99723,0.93283,0.91522,0.93826,0.83803,0.63318,0.91346,0.93213,0.00932014,0.00932014,0.00932014
846,85788.1,0.64672,0.88509,0.99356,0.93322,0.91492,0.93772,0.83626,0.6335,0.91284,0.93221,0.00931857,0.00931857,0.00931857
847,85857,0.64965,0.87415,0.9887,0.93332,0.91487,0.93826,0.83795,0.63357,0.91126,0.93217,0.00931699,0.00931699,0.00931699
848,85927.9,0.65449,0.89979,0.99215,0.93338,0.91468,0.93779,0.83699,0.63357,0.90927,0.93209,0.00931542,0.00931542,0.00931542
849,85996.1,0.66635,0.95837,0.99811,0.93345,0.91466,0.93857,0.83786,0.63388,0.90779,0.93212,0.00931384,0.00931384,0.00931384
850,86063.6,0.66033,0.90492,0.99879,0.93354,0.91461,0.93819,0.83716,0.63833,0.9264,0.93463,0.00931226,0.00931226,0.00931226
851,86132.2,0.64986,0.90908,1.00175,0.93361,0.91455,0.93826,0.83814,0.63347,0.90483,0.93195,0.00931067,0.00931067,0.00931067
852,86200.9,0.64655,0.91005,0.99406,0.93373,0.91444,0.93808,0.8378,0.63349,0.90598,0.93199,0.00930909,0.00930909,0.00930909
853,86269.7,0.64833,0.88413,0.99849,0.93383,0.91446,0.9377,0.83767,0.63781,0.92201,0.93447,0.0093075,0.0093075,0.0093075
854,86339.6,0.6603,0.89105,1.00827,0.93441,0.91436,0.93809,0.83767,0.63774,0.92363,0.93449,0.00930592,0.00930592,0.00930592
855,86408.5,0.64593,0.86874,0.98117,0.93475,0.91429,0.93875,0.83793,0.63799,0.92108,0.93461,0.00930433,0.00930433,0.00930433
856,86476.7,0.64934,0.89083,0.98765,0.93493,0.91424,0.93806,0.83677,0.63797,0.92096,0.93445,0.00930274,0.00930274,0.00930274
857,86545.5,0.65607,0.88707,0.99158,0.93502,0.9142,0.93865,0.83796,0.63784,0.92133,0.93465,0.00930114,0.00930114,0.00930114
858,86614.8,0.65278,0.85993,0.99318,0.93508,0.91417,0.93866,0.83689,0.6365,0.91578,0.93377,0.00929955,0.00929955,0.00929955
859,86684.3,0.65687,0.89478,0.98891,0.93498,0.91426,0.93846,0.83717,0.63683,0.91566,0.93372,0.00929795,0.00929795,0.00929795
860,86752.8,0.65481,0.90109,0.99202,0.93516,0.91421,0.93821,0.83799,0.63634,0.91674,0.93337,0.00929636,0.00929636,0.00929636
861,86822.5,0.64793,0.90311,0.99214,0.93524,0.91423,0.93865,0.83834,0.63664,0.9191,0.93363,0.00929476,0.00929476,0.00929476
