epoch,time,train/box_loss,train/cls_loss,train/dfl_loss,metrics/precision(B),metrics/recall(B),metrics/mAP50(B),metrics/mAP50-95(B),val/box_loss,val/cls_loss,val/dfl_loss,lr/pg0,lr/pg1,lr/pg2
1,81.1669,1.22701,7.5821,1.46284,0.63002,0.74669,0.7614,0.56223,1.05204,3.34982,1.18426,0.00330827,0.00330827,0.00330827
2,141.058,1.06036,4.22864,1.28369,0.69614,0.70255,0.69727,0.51388,1.35703,3.39357,1.44064,0.0066416,0.0066416,0.0066416
3,201.337,1.13976,3.24205,1.32726,0.57471,0.41683,0.44573,0.3318,1.96318,5.87404,2.17845,0.00997493,0.00997493,0.00997493
4,260.628,1.29297,3.12479,1.43571,0.5985,0.62794,0.72691,0.4556,1.57896,4.60974,1.72523,0.00999999,0.00999999,0.00999999
5,319.707,1.23663,2.77354,1.41112,0.53795,0.6639,0.77877,0.5212,1.31322,3.75023,1.42663,0.00999998,0.00999998,0.00999998
6,379.289,1.1828,2.62479,1.39509,0.58566,0.65039,0.69639,0.45612,1.65325,4.90387,1.78006,0.00999998,0.00999998,0.00999998
7,439.993,1.1462,2.36559,1.35155,0.68879,0.66468,0.70821,0.49657,1.6108,2.86046,1.65465,0.00999996,0.00999996,0.00999996
8,500.511,1.13371,2.30433,1.34649,0.80805,0.83631,0.8609,0.60016,1.27098,2.6258,1.36262,0.00999995,0.00999995,0.00999995
9,560.426,1.08794,2.21146,1.30246,0.717,0.85731,0.87608,0.61778,1.21034,2.10613,1.31757,0.00999994,0.00999994,0.00999994
10,621.457,1.09572,2.19074,1.31374,0.82291,0.87863,0.87019,0.6477,1.08548,1.75518,1.23734,0.00999992,0.00999992,0.00999992
11,681.772,1.07882,2.0911,1.3058,0.82606,0.88163,0.88865,0.60136,1.30524,1.75159,1.34633,0.0099999,0.0099999,0.0099999
12,742.264,1.0675,2.09742,1.28822,0.84826,0.86749,0.88795,0.65595,1.13538,1.956,1.24915,0.00999988,0.00999988,0.00999988
13,801.183,1.02186,1.94706,1.23932,0.83694,0.88938,0.88882,0.63771,1.19803,1.79088,1.29873,0.00999986,0.00999986,0.00999986
14,861.021,1.04431,1.99523,1.28185,0.87561,0.81435,0.84933,0.53778,1.52619,2.11986,1.52676,0.00999983,0.00999983,0.00999983
15,920.29,1.00902,1.89354,1.24145,0.76127,0.74676,0.86288,0.6303,1.12077,2.01463,1.27542,0.00999981,0.00999981,0.00999981
16,980.67,0.99425,1.91719,1.24071,0.83953,0.79646,0.85082,0.66153,1.02189,1.82058,1.21667,0.00999978,0.00999978,0.00999978
17,1040.45,0.98821,1.86971,1.22956,0.84444,0.83362,0.87793,0.66233,1.03531,1.80516,1.16876,0.00999975,0.00999975,0.00999975
18,1100.1,0.99696,1.83897,1.22924,0.7993,0.88384,0.88709,0.69696,1.01707,1.63718,1.18536,0.00999972,0.00999972,0.00999972
19,1159.05,0.96403,1.82752,1.20555,0.74674,0.85965,0.88327,0.66867,1.06536,1.7037,1.2057,0.00999968,0.00999968,0.00999968
20,1219.09,0.97272,1.77247,1.2207,0.83282,0.84177,0.85134,0.66734,1.09952,1.80111,1.25267,0.00999965,0.00999965,0.00999965
21,1278.63,0.95634,1.77463,1.22497,0.82683,0.88145,0.89771,0.67759,1.10531,1.5612,1.20016,0.00999961,0.00999961,0.00999961
22,1337.99,0.95993,1.76023,1.22155,0.85626,0.86755,0.9063,0.70387,0.98687,1.51473,1.1246,0.00999957,0.00999957,0.00999957
23,1398.22,0.95918,1.74656,1.21209,0.79642,0.81707,0.89686,0.69288,1.00488,1.65441,1.14787,0.00999953,0.00999953,0.00999953
24,1458.03,0.94971,1.70368,1.21111,0.86502,0.84303,0.90936,0.71631,1.01694,1.53603,1.16069,0.00999948,0.00999948,0.00999948
25,1517.13,0.93209,1.74472,1.19359,0.82267,0.85732,0.90312,0.67588,1.08182,1.56491,1.18854,0.00999944,0.00999944,0.00999944
26,1576.48,0.94514,1.72597,1.19776,0.80765,0.80968,0.87028,0.63412,1.10615,1.78366,1.21393,0.00999939,0.00999939,0.00999939
27,1635.58,0.92033,1.68228,1.19076,0.83231,0.92099,0.90947,0.68449,1.08706,1.38339,1.18383,0.00999934,0.00999934,0.00999934
28,1694.54,0.92824,1.63269,1.19764,0.84271,0.88981,0.90109,0.69324,0.97103,1.46035,1.11687,0.00999929,0.00999929,0.00999929
29,1753.87,0.91776,1.65007,1.18115,0.81789,0.9232,0.90945,0.73229,0.9539,1.42463,1.11761,0.00999923,0.00999923,0.00999923
30,1812.59,0.92878,1.63128,1.19583,0.82711,0.89655,0.90903,0.71193,0.97477,1.4675,1.12525,0.00999918,0.00999918,0.00999918
31,1872.37,0.90663,1.581,1.17144,0.86713,0.87746,0.92222,0.72302,1.02118,1.42089,1.14082,0.00999912,0.00999912,0.00999912
32,1931.77,0.91877,1.62654,1.18123,0.85717,0.91566,0.9244,0.72041,0.97292,1.34251,1.10469,0.00999906,0.00999906,0.00999906
33,1991.79,0.89482,1.58453,1.17211,0.8573,0.86004,0.90891,0.72982,0.96001,1.42581,1.1095,0.009999,0.009999,0.009999
34,2051.89,0.92761,1.66835,1.1969,0.82451,0.8917,0.89505,0.66319,1.1103,1.45554,1.22153,0.00999894,0.00999894,0.00999894
35,2111.48,0.90637,1.59015,1.17085,0.84277,0.8956,0.9109,0.69768,1.01327,1.4503,1.14058,0.00999887,0.00999887,0.00999887
36,2172.09,0.88287,1.52747,1.16103,0.88931,0.91339,0.92163,0.72787,0.99796,1.32331,1.09771,0.0099988,0.0099988,0.0099988
37,2231.9,0.89391,1.5458,1.15438,0.83367,0.90509,0.90216,0.65356,1.16776,1.50273,1.21502,0.00999873,0.00999873,0.00999873
38,2293.02,0.88732,1.62139,1.15653,0.85254,0.90807,0.91254,0.717,0.92396,1.42268,1.08348,0.00999866,0.00999866,0.00999866
39,2353.6,0.88782,1.56855,1.16077,0.85136,0.92626,0.92054,0.72045,1.0237,1.38173,1.13503,0.00999859,0.00999859,0.00999859
40,2413.93,0.90336,1.56675,1.17377,0.82791,0.92334,0.90923,0.73105,0.91138,1.30695,1.06674,0.00999851,0.00999851,0.00999851
41,2473.7,0.87503,1.48452,1.14273,0.85597,0.90222,0.90745,0.68616,1.05563,1.34421,1.14006,0.00999844,0.00999844,0.00999844
42,2534.04,0.88964,1.49593,1.16096,0.86514,0.92512,0.90786,0.69977,1.00185,1.32772,1.10744,0.00999836,0.00999836,0.00999836
43,2594.73,0.85521,1.51169,1.14086,0.85912,0.87667,0.92757,0.72392,0.98613,1.37315,1.11614,0.00999828,0.00999828,0.00999828
44,2654.47,0.87128,1.49866,1.14131,0.86017,0.91869,0.92478,0.73357,0.9214,1.29977,1.07824,0.00999819,0.00999819,0.00999819
45,2714.41,0.87385,1.46262,1.14374,0.83075,0.91786,0.89455,0.6419,1.25517,1.48634,1.27468,0.00999811,0.00999811,0.00999811
46,2773.75,0.85276,1.46229,1.12914,0.88836,0.88816,0.91272,0.69177,1.08485,1.34538,1.17422,0.00999802,0.00999802,0.00999802
47,2833.3,0.85612,1.50665,1.139,0.84147,0.91567,0.91396,0.7225,0.93315,1.3131,1.09835,0.00999793,0.00999793,0.00999793
48,2893.77,0.86891,1.4569,1.13983,0.85069,0.91832,0.92527,0.71923,1.03053,1.32432,1.14008,0.00999784,0.00999784,0.00999784
49,2953.63,0.85097,1.41358,1.1372,0.86,0.92189,0.92684,0.73914,0.89043,1.25362,1.07309,0.00999775,0.00999775,0.00999775
50,3013.77,0.85444,1.42103,1.13698,0.83709,0.94461,0.91794,0.7226,0.99259,1.34914,1.1124,0.00999765,0.00999765,0.00999765
51,3072.81,0.84176,1.4637,1.13155,0.88828,0.90493,0.9207,0.70496,1.03585,1.32736,1.14478,0.00999756,0.00999756,0.00999756
52,3130.45,0.85,1.42291,1.13862,0.83059,0.92543,0.91653,0.74722,0.91702,1.29599,1.07179,0.00999746,0.00999746,0.00999746
53,3189.7,0.84995,1.47117,1.13677,0.84456,0.91845,0.91158,0.75147,0.87127,1.29062,1.06821,0.00999736,0.00999736,0.00999736
54,3249.73,0.85121,1.46659,1.12329,0.86388,0.91235,0.92478,0.73209,0.95537,1.2837,1.10043,0.00999726,0.00999726,0.00999726
55,3310.06,0.8487,1.40299,1.12763,0.86233,0.91832,0.90424,0.71279,0.93699,1.27259,1.0805,0.00999715,0.00999715,0.00999715
56,3369.98,0.84739,1.41908,1.13421,0.84091,0.91482,0.92826,0.74619,0.95829,1.30056,1.08604,0.00999704,0.00999704,0.00999704
57,3429.63,0.84633,1.4047,1.12679,0.85404,0.88998,0.90192,0.73035,0.87731,1.3089,1.05056,0.00999694,0.00999694,0.00999694
58,3489.04,0.85009,1.39944,1.13019,0.8777,0.92437,0.90449,0.72443,0.95261,1.22686,1.10056,0.00999683,0.00999683,0.00999683
59,3548.76,0.8256,1.35917,1.11898,0.89502,0.90186,0.91924,0.73979,0.88353,1.20273,1.04391,0.00999671,0.00999671,0.00999671
60,3609.17,0.824,1.3912,1.10358,0.87119,0.91526,0.88931,0.72564,0.88122,1.28102,1.05263,0.0099966,0.0099966,0.0099966
61,3669.91,0.84295,1.38219,1.12875,0.87165,0.91241,0.91055,0.69979,1.01369,1.29847,1.11034,0.00999648,0.00999648,0.00999648
62,3729.77,0.82748,1.34148,1.12262,0.87067,0.91551,0.90153,0.71408,0.9239,1.2879,1.07599,0.00999636,0.00999636,0.00999636
63,3789.6,0.84267,1.36582,1.12552,0.87565,0.913,0.91321,0.73704,0.85777,1.18872,1.03818,0.00999624,0.00999624,0.00999624
64,3849.08,0.83537,1.35897,1.1232,0.89692,0.91129,0.92233,0.7413,0.91948,1.20059,1.07706,0.00999612,0.00999612,0.00999612
65,3908.65,0.83141,1.36286,1.12623,0.88075,0.91331,0.90594,0.73619,0.90385,1.21699,1.06077,0.009996,0.009996,0.009996
66,3967.91,0.82699,1.31696,1.11832,0.87406,0.91055,0.90785,0.72112,0.93577,1.26158,1.07354,0.00999587,0.00999587,0.00999587
67,4026.92,0.8289,1.34725,1.13608,0.86812,0.9339,0.92148,0.75827,0.86885,1.19818,1.04091,0.00999574,0.00999574,0.00999574
68,4086.77,0.83678,1.33591,1.12291,0.8727,0.91705,0.91389,0.75795,0.83064,1.23258,1.02006,0.00999561,0.00999561,0.00999561
69,4147.75,0.81805,1.33865,1.12352,0.87377,0.9208,0.90255,0.73535,0.90307,1.22197,1.07349,0.00999548,0.00999548,0.00999548
70,4207.32,0.80184,1.30067,1.10107,0.88341,0.91422,0.92686,0.73803,0.97926,1.17199,1.09754,0.00999535,0.00999535,0.00999535
71,4266.41,0.82116,1.33891,1.10765,0.86689,0.94461,0.91355,0.73132,0.9259,1.19027,1.08273,0.00999521,0.00999521,0.00999521
72,4325.18,0.81992,1.30347,1.10988,0.89562,0.92505,0.92037,0.73613,0.92795,1.1976,1.0682,0.00999508,0.00999508,0.00999508
73,4384.95,0.80807,1.3325,1.10547,0.88443,0.91506,0.91667,0.74134,0.89747,1.22383,1.06927,0.00999494,0.00999494,0.00999494
74,4444.95,0.82054,1.32444,1.11818,0.87898,0.89732,0.91427,0.7475,0.90128,1.19575,1.05782,0.00999479,0.00999479,0.00999479
75,4504.96,0.80343,1.29369,1.09451,0.90687,0.91686,0.9173,0.73866,0.91301,1.17189,1.05977,0.00999465,0.00999465,0.00999465
76,4566.99,0.81355,1.30039,1.10734,0.90068,0.92332,0.92896,0.75658,0.86088,1.13345,1.03946,0.0099945,0.0099945,0.0099945
77,4626.95,0.80495,1.3061,1.10654,0.87373,0.92653,0.91652,0.73208,0.90833,1.22494,1.0558,0.00999436,0.00999436,0.00999436
78,4686.22,0.81146,1.27206,1.10555,0.89466,0.9499,0.9251,0.74065,0.94173,1.15211,1.07614,0.00999421,0.00999421,0.00999421
79,4746.27,0.81552,1.28051,1.10124,0.88266,0.92175,0.9208,0.7211,0.97204,1.2158,1.09354,0.00999406,0.00999406,0.00999406
80,4805.66,0.80396,1.29643,1.10618,0.84215,0.93667,0.93074,0.75054,0.93681,1.17132,1.07879,0.0099939,0.0099939,0.0099939
81,4864.87,0.79549,1.25668,1.0911,0.86513,0.94335,0.92638,0.75876,0.86719,1.12149,1.03299,0.00999375,0.00999375,0.00999375
82,4923.88,0.80011,1.28258,1.09895,0.86873,0.94328,0.92464,0.75956,0.86822,1.14176,1.04444,0.00999359,0.00999359,0.00999359
83,4984.15,0.8073,1.27622,1.11119,0.8858,0.89732,0.9217,0.75089,0.88245,1.19425,1.05791,0.00999343,0.00999343,0.00999343
84,5045.57,0.7964,1.23827,1.10175,0.8804,0.93419,0.92989,0.76636,0.86681,1.17005,1.03865,0.00999327,0.00999327,0.00999327
85,5105.46,0.79113,1.27792,1.09607,0.88941,0.9289,0.92663,0.75392,0.88539,1.16281,1.03334,0.00999311,0.00999311,0.00999311
86,5164.98,0.80403,1.26654,1.10742,0.86022,0.94482,0.92262,0.74662,0.88574,1.14704,1.03934,0.00999294,0.00999294,0.00999294
87,5225.09,0.782,1.2387,1.08013,0.87312,0.93419,0.91892,0.75085,0.87335,1.13516,1.03516,0.00999278,0.00999278,0.00999278
88,5284.48,0.78276,1.23795,1.08901,0.88326,0.92543,0.91664,0.75648,0.8926,1.15041,1.04661,0.00999261,0.00999261,0.00999261
89,5343.63,0.78538,1.22786,1.08698,0.87789,0.92426,0.91407,0.74766,0.84938,1.14705,1.02874,0.00999244,0.00999244,0.00999244
90,5402.63,0.80007,1.25946,1.09768,0.86241,0.92691,0.90481,0.71765,0.93118,1.21408,1.06592,0.00999226,0.00999226,0.00999226
91,5462.09,0.77102,1.20086,1.08501,0.87609,0.93261,0.9048,0.71525,0.92672,1.15998,1.05862,0.00999209,0.00999209,0.00999209
92,5522,0.78047,1.24207,1.08331,0.88278,0.94143,0.93678,0.77385,0.83636,1.02532,1.01264,0.00999191,0.00999191,0.00999191
93,5581.79,0.79085,1.23197,1.1,0.89258,0.91606,0.91951,0.75841,0.84644,1.05803,1.02327,0.00999173,0.00999173,0.00999173
94,5640.24,0.79777,1.23651,1.10584,0.88718,0.92784,0.92687,0.75909,0.88675,1.09447,1.03829,0.00999155,0.00999155,0.00999155
95,5701.27,0.80678,1.22285,1.09866,0.88057,0.9129,0.92654,0.74756,0.89149,1.09642,1.04915,0.00999137,0.00999137,0.00999137
96,5760.95,0.79297,1.23743,1.08716,0.87358,0.92642,0.93275,0.77167,0.85257,1.1251,1.02103,0.00999118,0.00999118,0.00999118
97,5821.43,0.78071,1.22776,1.08705,0.89857,0.93155,0.9275,0.74449,0.91034,1.06713,1.05903,0.009991,0.009991,0.009991
98,5881.29,0.7934,1.21285,1.0914,0.90251,0.92097,0.93358,0.77777,0.86558,1.07223,1.03398,0.00999081,0.00999081,0.00999081
99,5941.51,0.78253,1.20746,1.08606,0.88265,0.95007,0.93233,0.77165,0.84503,1.06808,1.02195,0.00999062,0.00999062,0.00999062
100,6000.48,0.77118,1.21585,1.08198,0.87317,0.93684,0.91865,0.75508,0.83665,1.11181,1.02574,0.00999043,0.00999043,0.00999043
101,6059.91,0.80783,1.32073,1.11893,0.90094,0.92361,0.92952,0.75516,0.88492,1.05848,1.02552,0.00999023,0.00999023,0.00999023
102,6119.01,0.80461,1.24556,1.09852,0.90376,0.93325,0.92547,0.75411,0.89504,1.06582,1.04823,0.00999004,0.00999004,0.00999004
103,6178.11,0.79358,1.21856,1.0939,0.88809,0.9296,0.92704,0.76006,0.85287,1.08739,1.01565,0.00998984,0.00998984,0.00998984
104,6237.16,0.77803,1.15563,1.08359,0.86486,0.94573,0.93278,0.77144,0.84549,1.07578,1.01424,0.00998964,0.00998964,0.00998964
105,6296.66,0.78473,1.2035,1.08579,0.89217,0.92646,0.92249,0.75013,0.89418,1.08852,1.04043,0.00998944,0.00998944,0.00998944
106,6356.08,0.77131,1.19464,1.07413,0.91189,0.90577,0.92373,0.76772,0.83845,1.05615,1.01273,0.00998923,0.00998923,0.00998923
107,6416.4,0.7681,1.18236,1.08006,0.90548,0.92097,0.91951,0.7558,0.86497,1.10028,1.03139,0.00998903,0.00998903,0.00998903
108,6476.75,0.77868,1.18556,1.08249,0.8933,0.92626,0.92961,0.77093,0.83148,1.07243,1.01232,0.00998882,0.00998882,0.00998882
109,6537.47,0.77045,1.13508,1.07795,0.87414,0.94303,0.92078,0.77878,0.80338,1.0578,1.00146,0.00998861,0.00998861,0.00998861
110,6597.39,0.76976,1.20182,1.08067,0.88576,0.92097,0.92781,0.75437,0.87842,1.0966,1.041,0.0099884,0.0099884,0.0099884
111,6656.62,0.77013,1.16514,1.07546,0.89617,0.94726,0.93705,0.78764,0.8189,1.04262,1.00492,0.00998818,0.00998818,0.00998818
112,6715.68,0.77997,1.18579,1.08656,0.89771,0.95277,0.92365,0.75939,0.87496,1.01601,1.02886,0.00998797,0.00998797,0.00998797
113,6774.69,0.77611,1.20223,1.07858,0.91034,0.92304,0.9157,0.75522,0.87279,1.06849,1.02456,0.00998775,0.00998775,0.00998775
114,6834.06,0.76045,1.16011,1.0783,0.90174,0.94457,0.92279,0.75702,0.8391,1.031,1.01285,0.00998753,0.00998753,0.00998753
115,6892.61,0.78588,1.18001,1.09174,0.89877,0.93352,0.92442,0.75856,0.87429,1.04936,1.03048,0.00998731,0.00998731,0.00998731
116,6953.11,0.75049,1.15962,1.07488,0.88308,0.92944,0.91858,0.75011,0.9056,1.11273,1.04899,0.00998708,0.00998708,0.00998708
117,7013.41,0.76989,1.18025,1.07396,0.86972,0.94528,0.90562,0.74258,0.84454,1.03813,1.02552,0.00998686,0.00998686,0.00998686
118,7072.55,0.76795,1.19851,1.07987,0.90589,0.92097,0.91525,0.76109,0.83173,1.01586,1.01776,0.00998663,0.00998663,0.00998663
119,7131.78,0.75993,1.15567,1.07963,0.87484,0.95244,0.909,0.74787,0.84724,1.05575,1.02469,0.0099864,0.0099864,0.0099864
120,7191.98,0.76557,1.16522,1.074,0.90156,0.91567,0.91155,0.74307,0.87894,1.06964,1.03813,0.00998617,0.00998617,0.00998617
121,7251.97,0.7635,1.19518,1.07902,0.88464,0.94764,0.9193,0.75198,0.88677,1.04845,1.04057,0.00998594,0.00998594,0.00998594
122,7311.39,0.76385,1.19079,1.07103,0.92281,0.92361,0.92056,0.74914,0.9164,1.04065,1.05834,0.0099857,0.0099857,0.0099857
123,7371.33,0.76837,1.16602,1.07499,0.90608,0.92829,0.92309,0.75981,0.86477,1.04708,1.03275,0.00998546,0.00998546,0.00998546
124,7431.35,0.75626,1.15948,1.06728,0.90264,0.93905,0.92932,0.755,0.91536,1.0749,1.06405,0.00998522,0.00998522,0.00998522
125,7491.41,0.75655,1.12156,1.07043,0.89509,0.93747,0.91796,0.74165,0.93795,1.08698,1.07326,0.00998498,0.00998498,0.00998498
126,7550.84,0.7573,1.22125,1.05937,0.89093,0.94091,0.93491,0.76306,0.92013,1.07081,1.06516,0.00998474,0.00998474,0.00998474
127,7610.03,0.77565,1.14336,1.0856,0.87242,0.96295,0.94098,0.75809,0.91823,1.04986,1.06056,0.0099845,0.0099845,0.0099845
128,7669.98,0.74762,1.12185,1.07,0.879,0.95537,0.94508,0.77319,0.88907,1.02828,1.05209,0.00998425,0.00998425,0.00998425
129,7730.03,0.76091,1.15903,1.0695,0.86853,0.9596,0.93624,0.77696,0.83337,1.01171,1.02041,0.009984,0.009984,0.009984
130,7790.22,0.7561,1.14638,1.06767,0.89162,0.96022,0.93782,0.78133,0.85039,1.01564,1.02657,0.00998375,0.00998375,0.00998375
131,7849.59,0.76017,1.16452,1.08173,0.89842,0.95251,0.92142,0.75927,0.86909,1.00468,1.03481,0.0099835,0.0099835,0.0099835
132,7909.21,0.74225,1.16494,1.06305,0.90049,0.93948,0.93407,0.77455,0.86047,1.02877,1.03115,0.00998324,0.00998324,0.00998324
133,7969.32,0.75359,1.15515,1.0657,0.91044,0.93419,0.91689,0.75124,0.85899,1.02084,1.02993,0.00998298,0.00998298,0.00998298
134,8029.61,0.75492,1.13863,1.0637,0.89041,0.94213,0.91687,0.7559,0.84617,1.03558,1.02239,0.00998273,0.00998273,0.00998273
135,8089.33,0.7546,1.1354,1.06748,0.90678,0.93291,0.93009,0.77078,0.85005,1.03327,1.02302,0.00998247,0.00998247,0.00998247
136,8149.56,0.75513,1.13093,1.06558,0.90086,0.93306,0.93017,0.76791,0.86165,1.0444,1.02354,0.0099822,0.0099822,0.0099822
137,8209.05,0.75028,1.12015,1.06787,0.88511,0.9492,0.93486,0.77132,0.87024,1.04093,1.02855,0.00998194,0.00998194,0.00998194
138,8268.6,0.74026,1.10811,1.05907,0.89425,0.94742,0.9377,0.76913,0.87554,1.03147,1.03179,0.00998167,0.00998167,0.00998167
139,8328.47,0.74429,1.17679,1.06015,0.91107,0.93097,0.92531,0.76291,0.86683,1.03126,1.02945,0.0099814,0.0099814,0.0099814
140,8388.27,0.7458,1.12141,1.05951,0.91231,0.92222,0.93354,0.77773,0.84863,1.02255,1.01735,0.00998113,0.00998113,0.00998113
141,8447.62,0.74796,1.10697,1.0656,0.90487,0.94077,0.93422,0.77553,0.81866,0.98004,0.98845,0.00998086,0.00998086,0.00998086
142,8506.61,0.73868,1.09356,1.06128,0.8902,0.95264,0.93857,0.77512,0.84024,0.98984,1.00134,0.00998059,0.00998059,0.00998059
143,8566.13,0.75801,1.13187,1.07455,0.91438,0.92097,0.93711,0.78283,0.82552,0.99653,0.99988,0.00998031,0.00998031,0.00998031
144,8625.71,0.75377,1.11477,1.06516,0.9033,0.9398,0.92673,0.76596,0.85929,1.00018,1.01621,0.00998003,0.00998003,0.00998003
145,8685.29,0.74547,1.11506,1.05758,0.90415,0.94726,0.93193,0.77363,0.84484,0.97939,1.01196,0.00997975,0.00997975,0.00997975
146,8745.03,0.75295,1.12834,1.06193,0.90452,0.93665,0.92095,0.75942,0.87418,0.98779,1.02602,0.00997947,0.00997947,0.00997947
147,8804.83,0.75592,1.10583,1.0652,0.88908,0.94894,0.92486,0.75961,0.87159,0.98983,1.02434,0.00997919,0.00997919,0.00997919
148,8865,0.75625,1.1124,1.06619,0.87981,0.95423,0.92573,0.76434,0.8632,0.98539,1.02077,0.0099789,0.0099789,0.0099789
149,8924.2,0.73875,1.12033,1.0576,0.88163,0.95532,0.92354,0.76349,0.86179,0.96688,1.01565,0.00997861,0.00997861,0.00997861
150,8983.94,0.73558,1.07301,1.06059,0.90532,0.93311,0.93353,0.76401,0.87651,0.97531,1.02316,0.00997832,0.00997832,0.00997832
151,9044.01,0.74681,1.09576,1.06228,0.89747,0.95007,0.931,0.76257,0.8788,0.97572,1.02854,0.00997803,0.00997803,0.00997803
152,9104.39,0.74414,1.08126,1.05604,0.89193,0.94478,0.92752,0.76317,0.8659,0.95869,1.02328,0.00997774,0.00997774,0.00997774
153,9163.58,0.75664,1.10886,1.0729,0.9,0.94421,0.92881,0.75953,0.86128,0.98408,1.02092,0.00997744,0.00997744,0.00997744
154,9224.32,0.74595,1.08487,1.0613,0.90608,0.93872,0.93008,0.76379,0.87018,1.00079,1.02546,0.00997714,0.00997714,0.00997714
155,9284.52,0.75336,1.12072,1.06887,0.91408,0.93028,0.93609,0.77335,0.85629,0.96778,1.02227,0.00997685,0.00997685,0.00997685
156,9344.74,0.74706,1.09184,1.06302,0.90917,0.93155,0.92727,0.77361,0.84012,0.96119,1.01345,0.00997654,0.00997654,0.00997654
157,9405.07,0.74337,1.0845,1.06274,0.91353,0.92881,0.92817,0.76769,0.84827,0.99109,1.01551,0.00997624,0.00997624,0.00997624
158,9465.58,0.74003,1.09779,1.05941,0.90178,0.93635,0.92583,0.76872,0.83485,0.97861,1.00514,0.00997594,0.00997594,0.00997594
159,9525.39,0.73596,1.08778,1.05801,0.90743,0.9256,0.925,0.76818,0.8264,0.97164,0.99448,0.00997563,0.00997563,0.00997563
160,9586.08,0.73891,1.09236,1.05264,0.90802,0.93265,0.93169,0.77396,0.83398,0.97527,1.00084,0.00997532,0.00997532,0.00997532
161,9645.16,0.72423,1.06188,1.05592,0.91074,0.9289,0.92756,0.76981,0.84688,0.99054,1.01174,0.00997501,0.00997501,0.00997501
162,9704.55,0.73583,1.07712,1.04708,0.90592,0.92954,0.9258,0.76941,0.84845,0.97691,1.00941,0.00997469,0.00997469,0.00997469
163,9763.73,0.73565,1.13981,1.05221,0.90179,0.92626,0.93025,0.76819,0.85254,0.98358,1.01218,0.00997438,0.00997438,0.00997438
164,9822.78,0.73895,1.08328,1.06013,0.89083,0.94442,0.93696,0.77327,0.86409,1.00162,1.01639,0.00997406,0.00997406,0.00997406
165,9881.62,0.72516,1.1274,1.04527,0.90594,0.93342,0.94052,0.77567,0.86812,0.98651,1.01497,0.00997374,0.00997374,0.00997374
166,9941.12,0.74587,1.07457,1.06474,0.90215,0.94054,0.93569,0.77207,0.87233,0.99699,1.01777,0.00997342,0.00997342,0.00997342
167,10001.4,0.72746,1.0517,1.05247,0.91165,0.93369,0.93534,0.77547,0.8594,0.9873,1.01271,0.0099731,0.0099731,0.0099731
168,10060.6,0.74338,1.06618,1.07228,0.9083,0.93148,0.93347,0.76939,0.85906,0.98493,1.01394,0.00997277,0.00997277,0.00997277
169,10119.7,0.7207,1.05664,1.0489,0.9042,0.94061,0.93121,0.77336,0.85303,0.98239,1.01129,0.00997245,0.00997245,0.00997245
170,10179.6,0.71868,1.07692,1.05138,0.90252,0.94547,0.92745,0.76857,0.8553,0.97909,1.01192,0.00997212,0.00997212,0.00997212
171,10239.5,0.72856,1.04413,1.05564,0.88801,0.95818,0.92694,0.76261,0.86709,0.98346,1.01803,0.00997179,0.00997179,0.00997179
172,10299.2,0.72973,1.06552,1.0499,0.90593,0.94258,0.92739,0.76751,0.85499,0.9808,1.01226,0.00997146,0.00997146,0.00997146
173,10360.1,0.7263,1.15056,1.0486,0.8929,0.95121,0.92663,0.77151,0.85003,0.97533,1.0108,0.00997112,0.00997112,0.00997112
174,10419.4,0.71108,1.02438,1.04105,0.89066,0.96302,0.92496,0.7688,0.83019,0.97,1.00279,0.00997079,0.00997079,0.00997079
175,10479.1,0.72528,1.04096,1.05012,0.90486,0.95236,0.92738,0.77312,0.82205,0.96217,0.99988,0.00997045,0.00997045,0.00997045
176,10538.8,0.71035,1.02478,1.03596,0.90977,0.9494,0.92714,0.76574,0.82527,0.96091,1.00156,0.00997011,0.00997011,0.00997011
177,10598.3,0.72311,1.06625,1.05219,0.90783,0.94441,0.92703,0.76262,0.8348,0.9698,1.00017,0.00996976,0.00996976,0.00996976
178,10657.3,0.73196,1.05241,1.0554,0.90605,0.94456,0.92494,0.76227,0.83469,0.97657,1.00066,0.00996942,0.00996942,0.00996942
179,10716.6,0.71719,1.03776,1.04687,0.90214,0.94393,0.92581,0.76665,0.83928,0.97907,1.00274,0.00996907,0.00996907,0.00996907
180,10776.1,0.72991,1.05933,1.04918,0.87919,0.96048,0.92687,0.77255,0.83641,0.97952,1.00107,0.00996873,0.00996873,0.00996873
181,10835.4,0.73247,1.12297,1.05973,0.90183,0.9415,0.92767,0.77601,0.83741,0.98323,1.00239,0.00996838,0.00996838,0.00996838
182,10894.7,0.7324,1.07237,1.05788,0.90224,0.94112,0.93376,0.77819,0.83992,0.96576,1.00476,0.00996802,0.00996802,0.00996802
183,10954,0.72456,1.04864,1.04923,0.89785,0.94722,0.93957,0.78234,0.83456,0.95271,1.00198,0.00996767,0.00996767,0.00996767
184,11013.9,0.71871,1.04568,1.03378,0.90265,0.94659,0.93878,0.78737,0.83791,0.95494,1.00315,0.00996731,0.00996731,0.00996731
185,11073,0.73048,1.05727,1.0572,0.90387,0.94594,0.94319,0.79081,0.83196,0.94966,1.00114,0.00996696,0.00996696,0.00996696
186,11132.2,0.72213,1.03402,1.05319,0.90406,0.94718,0.9454,0.79402,0.83135,0.94885,1.00122,0.0099666,0.0099666,0.0099666
187,11191.4,0.71114,1.01744,1.03044,0.90503,0.94965,0.94421,0.78719,0.83362,0.95476,1.00346,0.00996624,0.00996624,0.00996624
188,11250.1,0.71824,1.04411,1.04683,0.90318,0.94478,0.94264,0.78814,0.82985,0.95965,1.00153,0.00996587,0.00996587,0.00996587
189,11309.5,0.70897,1.05069,1.03873,0.90487,0.94397,0.94299,0.78841,0.83667,0.96356,1.00848,0.00996551,0.00996551,0.00996551
190,11368.9,0.71949,1.03923,1.04413,0.90197,0.94335,0.94457,0.79242,0.83781,0.9637,1.0106,0.00996514,0.00996514,0.00996514
191,11428.4,0.70383,1.15528,1.03636,0.90426,0.93565,0.94176,0.79273,0.84264,0.96398,1.01286,0.00996477,0.00996477,0.00996477
192,11487.8,0.71711,1.02215,1.0518,0.90211,0.94383,0.94225,0.79653,0.83638,0.96734,1.01188,0.0099644,0.0099644,0.0099644
193,11546.4,0.72638,1.04878,1.04876,0.89244,0.95295,0.93954,0.79265,0.8238,0.96252,1.00361,0.00996402,0.00996402,0.00996402
194,11605.5,0.72261,1.03286,1.06067,0.89412,0.9548,0.93979,0.7948,0.81793,0.96094,1.00205,0.00996365,0.00996365,0.00996365
195,11664.8,0.73687,1.12829,1.07303,0.89532,0.95174,0.93859,0.79256,0.81199,0.95593,0.99973,0.00996327,0.00996327,0.00996327
196,11724.6,0.7211,1.02749,1.0549,0.89387,0.95213,0.93769,0.79033,0.81303,0.96061,0.99922,0.00996289,0.00996289,0.00996289
197,11784.5,0.71418,1.03048,1.04869,0.90224,0.94489,0.93349,0.78344,0.81263,0.9523,0.99968,0.00996251,0.00996251,0.00996251
198,11844.4,0.71281,1.0064,1.04377,0.89869,0.94845,0.93482,0.78803,0.80891,0.94131,0.99674,0.00996213,0.00996213,0.00996213
199,11904.4,0.71294,1.0118,1.04434,0.90018,0.94744,0.94252,0.7997,0.8088,0.93638,0.99494,0.00996174,0.00996174,0.00996174
200,11964.4,0.71529,1.02355,1.04935,0.90073,0.94721,0.93758,0.78741,0.81264,0.94401,0.99603,0.00996136,0.00996136,0.00996136
201,12025,0.71984,1.01955,1.0445,0.9019,0.945,0.94144,0.79625,0.81276,0.94554,0.99626,0.00996097,0.00996097,0.00996097
202,12084.6,0.72942,1.03215,1.04875,0.90168,0.94202,0.93882,0.79571,0.81338,0.94253,0.99654,0.00996058,0.00996058,0.00996058
203,12144.5,0.71603,1.02293,1.05469,0.9066,0.94078,0.93567,0.78911,0.81283,0.94384,0.99607,0.00996018,0.00996018,0.00996018
204,12203.9,0.71395,1.07807,1.04372,0.90307,0.94568,0.93192,0.78745,0.81018,0.94069,0.99571,0.00995979,0.00995979,0.00995979
205,12263.8,0.70235,1.1218,1.03987,0.90113,0.94742,0.93088,0.78185,0.81889,0.94218,0.99996,0.00995939,0.00995939,0.00995939
206,12324.2,0.73186,1.06583,1.06069,0.89658,0.95722,0.93106,0.77841,0.82464,0.93974,1.00242,0.00995899,0.00995899,0.00995899
207,12384.4,0.71599,1.04406,1.05156,0.90064,0.95619,0.93071,0.77982,0.82413,0.94186,1.00145,0.00995859,0.00995859,0.00995859
208,12444.5,0.703,1.02668,1.03109,0.89936,0.95784,0.9314,0.78293,0.82158,0.93902,1.00019,0.00995819,0.00995819,0.00995819
209,12503.7,0.70912,0.98679,1.03444,0.90275,0.95255,0.92581,0.77577,0.82367,0.93801,1.00178,0.00995779,0.00995779,0.00995779
210,12562.9,0.69937,1.01483,1.03853,0.90432,0.94726,0.929,0.77939,0.82505,0.94268,1.00304,0.00995738,0.00995738,0.00995738
211,12621.6,0.71425,1.03062,1.04302,0.90311,0.95774,0.92534,0.77542,0.82392,0.93783,1.00272,0.00995697,0.00995697,0.00995697
212,12679.4,0.6944,0.98427,1.02794,0.90192,0.95772,0.92744,0.77686,0.82627,0.93428,1.00331,0.00995656,0.00995656,0.00995656
213,12737.9,0.70368,1.00792,1.04657,0.89857,0.95707,0.92815,0.77613,0.8258,0.93162,1.00199,0.00995615,0.00995615,0.00995615
214,12796.5,0.71063,1.02513,1.04483,0.89757,0.95611,0.93257,0.78443,0.82194,0.93014,1.00005,0.00995574,0.00995574,0.00995574
215,12855.5,0.69961,0.97505,1.03633,0.89847,0.9559,0.93656,0.78795,0.82179,0.93122,1.00072,0.00995532,0.00995532,0.00995532
216,12914.6,0.6939,0.99956,1.03088,0.89716,0.95644,0.94133,0.79166,0.82098,0.93205,0.99949,0.0099549,0.0099549,0.0099549
217,12974.4,0.70438,0.99247,1.03547,0.90004,0.95621,0.93948,0.78742,0.82093,0.93439,0.99915,0.00995448,0.00995448,0.00995448
218,13033.3,0.70121,1.02903,1.03804,0.90073,0.95771,0.94012,0.79034,0.82026,0.93552,0.99869,0.00995406,0.00995406,0.00995406
219,13092.9,0.68491,0.97443,1.03176,0.91836,0.94196,0.94074,0.79135,0.81779,0.94346,0.99877,0.00995364,0.00995364,0.00995364
220,13152.8,0.69124,0.98505,1.02722,0.91776,0.93571,0.94157,0.79316,0.81643,0.94631,0.99877,0.00995321,0.00995321,0.00995321
221,13212.4,0.69483,0.9805,1.0285,0.92227,0.93291,0.94243,0.79231,0.8163,0.94434,0.99876,0.00995278,0.00995278,0.00995278
222,13272,0.68488,0.97265,1.02762,0.92021,0.93773,0.93166,0.78361,0.81471,0.93915,0.99755,0.00995235,0.00995235,0.00995235
223,13332.7,0.70302,1.0148,1.03712,0.91629,0.94087,0.92919,0.7798,0.81023,0.93834,0.99551,0.00995192,0.00995192,0.00995192
224,13393.1,0.67662,0.9332,1.01559,0.91525,0.93907,0.94087,0.79142,0.80868,0.93847,0.99521,0.00995149,0.00995149,0.00995149
225,13453.2,0.66384,0.96046,1.01575,0.91183,0.93667,0.93891,0.79232,0.80427,0.93672,0.99367,0.00995105,0.00995105,0.00995105
226,13513.2,0.69049,0.96011,1.03354,0.90869,0.9505,0.93972,0.79125,0.80267,0.9356,0.99235,0.00995062,0.00995062,0.00995062
227,13572.4,0.67802,0.95832,1.02252,0.91221,0.93932,0.9362,0.78491,0.80151,0.93312,0.99143,0.00995018,0.00995018,0.00995018
228,13631.9,0.69427,0.98082,1.04282,0.90171,0.95255,0.93932,0.78746,0.80314,0.93359,0.99259,0.00994974,0.00994974,0.00994974
229,13691.4,0.67389,0.96874,1.02111,0.90536,0.9485,0.93769,0.78668,0.80349,0.93353,0.99329,0.00994929,0.00994929,0.00994929
230,13751.7,0.67296,0.95564,1.01621,0.90644,0.94726,0.93744,0.7872,0.80225,0.93386,0.99173,0.00994885,0.00994885,0.00994885
231,13811.4,0.6896,0.99333,1.02772,0.90633,0.94398,0.93671,0.78677,0.80095,0.93077,0.99,0.0099484,0.0099484,0.0099484
232,13872.2,0.67165,0.93594,1.01251,0.90459,0.94496,0.9336,0.78522,0.79901,0.93105,0.98943,0.00994795,0.00994795,0.00994795
233,13931.5,0.67221,0.94598,1.01691,0.902,0.94264,0.93362,0.78858,0.79774,0.92995,0.98876,0.0099475,0.0099475,0.0099475
234,13992.3,0.67473,1.01331,1.01096,0.90465,0.9483,0.93481,0.78741,0.79924,0.92788,0.99004,0.00994705,0.00994705,0.00994705
235,14051.8,0.68899,0.97049,1.02745,0.90475,0.9467,0.93158,0.7847,0.79714,0.92886,0.98902,0.00994659,0.00994659,0.00994659
236,14111.4,0.67588,0.98274,1.02043,0.89899,0.9513,0.92609,0.78111,0.79474,0.93183,0.98743,0.00994614,0.00994614,0.00994614
237,14171.4,0.66852,0.94802,1.01097,0.89978,0.9484,0.92404,0.77916,0.79364,0.93099,0.98638,0.00994568,0.00994568,0.00994568
238,14231.1,0.67685,0.94075,1.02432,0.90024,0.94834,0.92407,0.77978,0.79221,0.92764,0.98581,0.00994522,0.00994522,0.00994522
239,14290.1,0.679,0.96902,1.02412,0.89613,0.9529,0.92525,0.78192,0.79087,0.92486,0.98507,0.00994476,0.00994476,0.00994476
240,14350.1,0.67655,0.97215,1.03078,0.89637,0.95221,0.92538,0.78216,0.79102,0.92533,0.98518,0.00994429,0.00994429,0.00994429
241,14410.3,0.69522,1.32383,1.03356,0.89367,0.95255,0.92522,0.77994,0.79153,0.92701,0.98554,0.00994383,0.00994383,0.00994383
242,14470.5,0.68508,0.94591,1.0241,0.89615,0.95255,0.92599,0.78086,0.78953,0.92738,0.98432,0.00994336,0.00994336,0.00994336
243,14528.8,0.6657,0.97497,1.02077,0.89679,0.95255,0.92869,0.78574,0.78878,0.9258,0.98438,0.00994289,0.00994289,0.00994289
244,14587.3,0.68225,0.94698,1.02962,0.89923,0.95222,0.92885,0.78567,0.78693,0.92459,0.9828,0.00994242,0.00994242,0.00994242
245,14642.8,0.66082,0.95636,1.01017,0.89937,0.95216,0.92865,0.7853,0.78567,0.92192,0.98252,0.00994194,0.00994194,0.00994194
246,14698.5,0.66101,0.935,1.0205,0.9028,0.95092,0.92862,0.7846,0.78446,0.91893,0.98194,0.00994147,0.00994147,0.00994147
247,14754.6,0.6805,0.9631,1.02576,0.90258,0.94854,0.9302,0.78706,0.78174,0.91918,0.98011,0.00994099,0.00994099,0.00994099
248,14811.6,0.67564,0.96729,1.03903,0.89993,0.94577,0.92738,0.78522,0.77968,0.9199,0.97899,0.00994051,0.00994051,0.00994051
249,14868,0.66509,1.14682,1.02208,0.89992,0.94524,0.92495,0.78387,0.77899,0.92326,0.97858,0.00994003,0.00994003,0.00994003
250,14924.7,0.67045,0.95501,1.02084,0.8979,0.94816,0.92709,0.78647,0.77731,0.92325,0.97798,0.00993954,0.00993954,0.00993954
251,14980.8,0.66537,1.03144,1.02522,0.8957,0.94685,0.93163,0.79188,0.77628,0.92548,0.97778,0.00993906,0.00993906,0.00993906
252,15037.3,0.66466,0.91138,1.01069,0.89548,0.94693,0.93324,0.79229,0.77446,0.92761,0.97595,0.00993857,0.00993857,0.00993857
253,15093.6,0.65537,0.9777,1.00507,0.8955,0.94831,0.93298,0.79237,0.77107,0.9253,0.97432,0.00993808,0.00993808,0.00993808
254,15150,0.6767,0.96052,1.02785,0.89565,0.94847,0.93391,0.79297,0.77031,0.92414,0.97372,0.00993759,0.00993759,0.00993759
255,15206.1,0.66843,0.93036,1.02289,0.89566,0.94848,0.93078,0.79164,0.7676,0.92505,0.97059,0.0099371,0.0099371,0.0099371
256,15263.2,0.67864,0.9162,1.01544,0.89579,0.94976,0.93145,0.79247,0.76566,0.92501,0.96881,0.0099366,0.0099366,0.0099366
257,15320.2,0.67669,0.90536,1.01544,0.89577,0.94956,0.93291,0.79305,0.7647,0.92613,0.96804,0.0099361,0.0099361,0.0099361
258,15376.1,0.67176,0.96964,1.02661,0.89576,0.94951,0.93181,0.79325,0.76396,0.9263,0.96719,0.0099356,0.0099356,0.0099356
259,15432.4,0.67774,1.00374,1.03228,0.89573,0.94913,0.93168,0.79232,0.76319,0.9258,0.96629,0.0099351,0.0099351,0.0099351
260,15488.3,0.65059,0.9093,1.00502,0.89568,0.94863,0.93033,0.79134,0.76194,0.92414,0.96614,0.0099346,0.0099346,0.0099346
261,15546.3,0.6578,0.91887,1.01367,0.89544,0.94637,0.9324,0.79093,0.75984,0.92496,0.96493,0.0099341,0.0099341,0.0099341
262,15602.3,0.64981,0.90347,0.99895,0.89607,0.9457,0.93453,0.79345,0.75999,0.9245,0.96449,0.00993359,0.00993359,0.00993359
263,15657.8,0.65801,0.94929,1.01094,0.89892,0.9457,0.93271,0.79146,0.76,0.92528,0.96424,0.00993308,0.00993308,0.00993308
264,15713,0.66688,0.93655,1.02106,0.90008,0.94672,0.93378,0.79241,0.75972,0.92383,0.96408,0.00993257,0.00993257,0.00993257
265,15768.4,0.6532,0.92131,1.00867,0.90014,0.94736,0.93429,0.79318,0.75845,0.92294,0.96334,0.00993206,0.00993206,0.00993206
266,15824.5,0.65827,0.90184,1.02099,0.88659,0.95905,0.93085,0.78881,0.75777,0.92433,0.96283,0.00993154,0.00993154,0.00993154
267,15880.9,0.64964,0.90735,0.99884,0.88469,0.9618,0.93103,0.79097,0.75803,0.92683,0.96299,0.00993103,0.00993103,0.00993103
268,15937,0.66356,0.92441,1.01969,0.88438,0.96313,0.93013,0.79128,0.75724,0.92672,0.96285,0.00993051,0.00993051,0.00993051
269,15993.2,0.66313,0.92152,1.02537,0.88436,0.96313,0.93227,0.79292,0.75673,0.92877,0.9623,0.00992999,0.00992999,0.00992999
270,16048.9,0.65995,1.00357,1.02771,0.88469,0.96313,0.93121,0.79183,0.75571,0.93028,0.9615,0.00992946,0.00992946,0.00992946
271,16105.8,0.66753,0.91498,1.0275,0.88459,0.96144,0.93303,0.79293,0.75478,0.93153,0.96109,0.00992894,0.00992894,0.00992894
272,16163.2,0.64266,0.94935,1.0023,0.89822,0.95114,0.93248,0.79278,0.75378,0.93088,0.96064,0.00992841,0.00992841,0.00992841
273,16219.8,0.65615,0.90952,1.01627,0.89592,0.94834,0.93158,0.79236,0.75248,0.93046,0.96006,0.00992789,0.00992789,0.00992789
274,16276.4,0.65558,0.91588,1.00326,0.89594,0.94835,0.93078,0.79186,0.75136,0.93016,0.95945,0.00992736,0.00992736,0.00992736
275,16333.1,0.65365,0.92418,1.01704,0.89597,0.9486,0.93165,0.79231,0.7499,0.92897,0.95918,0.00992682,0.00992682,0.00992682
276,16389.7,0.65907,0.88573,1.01347,0.89574,0.94918,0.93182,0.79404,0.74868,0.92816,0.95881,0.00992629,0.00992629,0.00992629
277,16446.1,0.66069,0.91814,1.01195,0.89585,0.94889,0.93073,0.79278,0.74767,0.92638,0.95833,0.00992576,0.00992576,0.00992576
278,16502.5,0.63124,0.87295,0.99132,0.89623,0.94883,0.93128,0.7945,0.74739,0.92823,0.95833,0.00992522,0.00992522,0.00992522
279,16558.1,0.64477,0.89963,1.01448,0.89658,0.94879,0.93176,0.79455,0.74623,0.9262,0.95767,0.00992468,0.00992468,0.00992468
280,16613.5,0.64259,0.88235,1.00844,0.89662,0.94869,0.92999,0.79387,0.74476,0.92609,0.95713,0.00992414,0.00992414,0.00992414
281,16668.8,0.65404,0.91475,1.01791,0.89635,0.94859,0.92751,0.79278,0.74431,0.92731,0.95698,0.00992359,0.00992359,0.00992359
282,16723.9,0.64938,0.91096,1.01619,0.89592,0.94861,0.92819,0.79341,0.74374,0.92524,0.95643,0.00992305,0.00992305,0.00992305
283,16778.9,0.65706,0.91632,1.01781,0.89574,0.9487,0.92813,0.79497,0.74295,0.92292,0.95614,0.0099225,0.0099225,0.0099225
284,16834.2,0.64791,0.87887,1.0134,0.89379,0.95196,0.92726,0.79417,0.74167,0.92322,0.95556,0.00992195,0.00992195,0.00992195
285,16889.6,0.65107,0.91444,1.00836,0.89383,0.95235,0.92881,0.79515,0.74092,0.9237,0.95494,0.0099214,0.0099214,0.0099214
286,16945.4,0.65347,0.89216,1.01239,0.89059,0.95676,0.92882,0.79572,0.74012,0.92358,0.95462,0.00992085,0.00992085,0.00992085
287,17001.9,0.66004,0.90382,1.01537,0.89344,0.95678,0.92891,0.79628,0.73909,0.92411,0.95434,0.00992029,0.00992029,0.00992029
288,17059.1,0.65093,0.8953,1.00946,0.89368,0.95673,0.92928,0.79585,0.73802,0.92251,0.95421,0.00991974,0.00991974,0.00991974
289,17114.7,0.64541,0.88846,1.0043,0.89342,0.95601,0.92987,0.79736,0.73721,0.91955,0.95415,0.00991918,0.00991918,0.00991918
290,17170,0.65099,0.91377,1.01352,0.89328,0.956,0.92948,0.79728,0.73658,0.91833,0.95381,0.00991862,0.00991862,0.00991862
291,17225.8,0.65353,0.90027,1.00671,0.89556,0.95591,0.93345,0.80163,0.73626,0.91592,0.95375,0.00991805,0.00991805,0.00991805
292,17281.8,0.65568,0.99358,1.00616,0.89566,0.9555,0.93325,0.80017,0.7358,0.91497,0.95366,0.00991749,0.00991749,0.00991749
293,17338.1,0.63478,0.89292,1.00173,0.89268,0.95556,0.93299,0.80087,0.73503,0.9127,0.95328,0.00991692,0.00991692,0.00991692
294,17393.9,0.63356,0.85542,0.98847,0.89305,0.95527,0.93182,0.7991,0.73464,0.91118,0.95292,0.00991635,0.00991635,0.00991635
295,17450.2,0.63855,0.89012,0.99635,0.8954,0.9553,0.93116,0.80052,0.7344,0.91132,0.95292,0.00991578,0.00991578,0.00991578
296,17505.4,0.64098,0.85563,1.00402,0.8955,0.9554,0.93048,0.79954,0.73406,0.91483,0.95296,0.00991521,0.00991521,0.00991521
297,17561.6,0.64998,0.88541,1.01367,0.89277,0.95583,0.93135,0.80087,0.73377,0.91309,0.95286,0.00991464,0.00991464,0.00991464
298,17617.4,0.64862,0.88,1.01149,0.89276,0.95591,0.93374,0.80509,0.7329,0.91395,0.95227,0.00991406,0.00991406,0.00991406
299,17673.8,0.64475,0.86724,1.01064,0.89235,0.95519,0.93223,0.80473,0.73125,0.91406,0.95152,0.00991348,0.00991348,0.00991348
300,17729.2,0.64251,0.85731,1.0065,0.89231,0.95519,0.93037,0.80296,0.72997,0.91361,0.95086,0.0099129,0.0099129,0.0099129
301,17784.8,0.64644,0.90413,1.00865,0.89236,0.95519,0.93185,0.80354,0.72958,0.91332,0.95066,0.00991232,0.00991232,0.00991232
302,17840.8,0.64417,0.86919,1.01322,0.89259,0.95519,0.92974,0.80337,0.72843,0.91197,0.95052,0.00991174,0.00991174,0.00991174
303,17896.4,0.6468,0.89512,1.00521,0.89263,0.95519,0.93068,0.80403,0.72748,0.90995,0.94964,0.00991115,0.00991115,0.00991115
304,17951.4,0.6346,1.03402,0.99153,0.89045,0.95519,0.93025,0.80481,0.72683,0.90986,0.94959,0.00991056,0.00991056,0.00991056
305,18007.6,0.62939,0.87462,0.99566,0.89047,0.95519,0.92993,0.80396,0.72561,0.90971,0.94904,0.00990998,0.00990998,0.00990998
306,18064.3,0.64877,0.91195,1.0116,0.89033,0.95519,0.93012,0.80332,0.72493,0.9091,0.94863,0.00990938,0.00990938,0.00990938
307,18121,0.65328,0.89412,1.01537,0.89053,0.95519,0.93099,0.80392,0.7248,0.91166,0.94856,0.00990879,0.00990879,0.00990879
308,18177.1,0.66556,0.92197,1.01892,0.88997,0.95519,0.93051,0.80314,0.72423,0.9099,0.94828,0.0099082,0.0099082,0.0099082
309,18233.1,0.63872,0.86586,0.99744,0.89071,0.95519,0.92984,0.80308,0.72438,0.90952,0.94819,0.0099076,0.0099076,0.0099076
310,18289.2,0.63883,0.89071,1.00209,0.89055,0.95519,0.92997,0.80301,0.72366,0.90909,0.94765,0.009907,0.009907,0.009907
311,18345.6,0.63515,0.85684,1.00647,0.89017,0.95519,0.93071,0.80407,0.72361,0.91263,0.94753,0.0099064,0.0099064,0.0099064
312,18401.4,0.64022,0.86267,1.00062,0.89118,0.95519,0.92985,0.80193,0.72314,0.91189,0.9472,0.0099058,0.0099058,0.0099058
313,18457.1,0.63606,0.84594,1.0004,0.89172,0.95519,0.93028,0.80245,0.72334,0.9128,0.94732,0.00990519,0.00990519,0.00990519
314,18512.2,0.63524,0.8688,0.99699,0.89161,0.95519,0.93162,0.80398,0.72304,0.91046,0.9472,0.00990458,0.00990458,0.00990458
315,18566.7,0.63407,0.9959,0.99669,0.89151,0.95519,0.93106,0.80258,0.7225,0.91101,0.94653,0.00990397,0.00990397,0.00990397
316,18620.5,0.64925,0.8879,1.01856,0.89163,0.95486,0.9321,0.80358,0.72231,0.91133,0.94565,0.00990336,0.00990336,0.00990336
317,18673.7,0.6487,0.86875,1.01082,0.89168,0.9548,0.93313,0.80447,0.72113,0.91125,0.94493,0.00990275,0.00990275,0.00990275
318,18726.9,0.63062,0.88881,1.0023,0.89278,0.95285,0.93067,0.80274,0.72088,0.91023,0.94487,0.00990214,0.00990214,0.00990214
319,18781.1,0.63955,0.88659,1.0084,0.89279,0.95277,0.93262,0.80446,0.72007,0.90834,0.94466,0.00990152,0.00990152,0.00990152
320,18834.9,0.6355,0.85095,0.99182,0.89809,0.94283,0.93156,0.80318,0.7195,0.90673,0.94433,0.0099009,0.0099009,0.0099009
321,18889.2,0.62671,0.86678,0.98555,0.8995,0.9427,0.93235,0.80309,0.71909,0.9086,0.94426,0.00990028,0.00990028,0.00990028
322,18942.7,0.63946,0.87899,1.00421,0.8926,0.95239,0.93454,0.80608,0.71882,0.90967,0.9441,0.00989966,0.00989966,0.00989966
323,18997.4,0.64841,0.86094,1.01023,0.89254,0.95222,0.93297,0.80562,0.71858,0.90948,0.94407,0.00989904,0.00989904,0.00989904
324,19050.8,0.62589,0.86175,0.99679,0.90028,0.94285,0.93211,0.80426,0.71822,0.9093,0.94389,0.00989841,0.00989841,0.00989841
325,19104.6,0.6387,0.86724,0.99305,0.90037,0.9429,0.93406,0.80546,0.71779,0.90923,0.94374,0.00989778,0.00989778,0.00989778
326,19159.3,0.62499,0.82166,0.99029,0.90222,0.9448,0.93164,0.80351,0.71734,0.9089,0.94368,0.00989715,0.00989715,0.00989715
327,19211.7,0.62405,0.84539,0.99804,0.90224,0.94511,0.93217,0.80387,0.7171,0.907,0.94352,0.00989652,0.00989652,0.00989652
328,19264.4,0.62758,0.85262,0.99222,0.89698,0.9499,0.93441,0.80697,0.71739,0.90756,0.94371,0.00989589,0.00989589,0.00989589
329,19317.8,0.61934,0.83878,0.98826,0.89681,0.9499,0.93524,0.80738,0.71673,0.90738,0.94353,0.00989525,0.00989525,0.00989525
330,19370,0.62725,0.83258,1.00305,0.89317,0.95328,0.93553,0.80694,0.7171,0.90773,0.9439,0.00989461,0.00989461,0.00989461
331,19422.7,0.63344,0.90893,0.99584,0.8965,0.9499,0.9361,0.80883,0.71678,0.90723,0.94384,0.00989398,0.00989398,0.00989398
332,19476,0.62862,0.85256,0.99006,0.89674,0.94943,0.93591,0.80892,0.71672,0.9068,0.9436,0.00989333,0.00989333,0.00989333
333,19528.7,0.63657,0.83725,1.00123,0.89649,0.94936,0.93527,0.8078,0.71644,0.90779,0.94334,0.00989269,0.00989269,0.00989269
334,19581.7,0.65004,0.82184,1.01903,0.89685,0.94924,0.9364,0.80915,0.71639,0.90605,0.94334,0.00989205,0.00989205,0.00989205
335,19634.6,0.6238,0.90098,1.0009,0.89743,0.94909,0.93612,0.80914,0.71597,0.90636,0.94312,0.0098914,0.0098914,0.0098914
336,19687.9,0.62342,0.84396,0.9939,0.89726,0.94901,0.93587,0.81054,0.71569,0.90694,0.94295,0.00989075,0.00989075,0.00989075
337,19740.6,0.6335,0.84393,1.00153,0.90019,0.94885,0.93638,0.81061,0.71569,0.90649,0.94275,0.0098901,0.0098901,0.0098901
338,19793.7,0.62038,0.8298,0.99122,0.90006,0.94874,0.93561,0.81003,0.71538,0.90443,0.94258,0.00988945,0.00988945,0.00988945
339,19847.3,0.62409,0.83174,0.99258,0.90041,0.94878,0.93563,0.81008,0.71519,0.90625,0.9426,0.00988879,0.00988879,0.00988879
340,19900.1,0.62502,0.85319,0.99929,0.89787,0.94881,0.93547,0.81001,0.71466,0.90395,0.9423,0.00988814,0.00988814,0.00988814
341,19954,0.63649,0.85177,1.00577,0.89762,0.94873,0.93586,0.81091,0.71441,0.90186,0.94217,0.00988748,0.00988748,0.00988748
342,20007.4,0.63574,0.84187,1.00171,0.89783,0.94862,0.93527,0.81119,0.71404,0.90199,0.94179,0.00988682,0.00988682,0.00988682
343,20061.3,0.63717,0.85621,1.00486,0.89766,0.94858,0.93523,0.81021,0.71372,0.90197,0.94162,0.00988615,0.00988615,0.00988615
344,20113.5,0.62944,0.82843,0.9932,0.8976,0.94847,0.93569,0.81112,0.71323,0.90118,0.94147,0.00988549,0.00988549,0.00988549
345,20167,0.62135,0.82306,0.99781,0.89712,0.94865,0.93511,0.81008,0.71293,0.90193,0.94123,0.00988482,0.00988482,0.00988482
346,20221.4,0.63047,0.83302,0.99802,0.89718,0.94865,0.93519,0.81091,0.71248,0.90123,0.94105,0.00988416,0.00988416,0.00988416
347,20275,0.62269,0.80584,0.99792,0.89729,0.94849,0.93511,0.80939,0.71247,0.90145,0.94104,0.00988349,0.00988349,0.00988349
348,20328.6,0.62283,0.83913,0.98934,0.89741,0.94841,0.93505,0.80971,0.71191,0.90172,0.9409,0.00988281,0.00988281,0.00988281
349,20381.5,0.61856,0.84439,1.00044,0.89756,0.94844,0.93602,0.81115,0.7116,0.90059,0.94049,0.00988214,0.00988214,0.00988214
350,20434.5,0.62093,0.83632,0.98794,0.89789,0.94854,0.93575,0.81043,0.71151,0.90096,0.94056,0.00988147,0.00988147,0.00988147
351,20488.3,0.62606,0.81553,1.00321,0.899,0.94847,0.93595,0.81142,0.71131,0.90052,0.94027,0.00988079,0.00988079,0.00988079
352,20541.8,0.61173,0.80618,0.99373,0.89933,0.94853,0.93623,0.81225,0.71074,0.89916,0.93987,0.00988011,0.00988011,0.00988011
353,20595.4,0.61955,0.82126,0.99065,0.89934,0.94851,0.93671,0.81273,0.71035,0.89881,0.93967,0.00987943,0.00987943,0.00987943
354,20648.8,0.62427,0.8278,0.98885,0.89939,0.94868,0.93669,0.81198,0.70949,0.89906,0.93923,0.00987874,0.00987874,0.00987874
355,20702.6,0.62142,0.83768,0.99904,0.89938,0.94872,0.93624,0.81228,0.7089,0.89978,0.93894,0.00987806,0.00987806,0.00987806
356,20757.8,0.60926,0.83148,0.98583,0.89943,0.94873,0.93635,0.81219,0.70858,0.89875,0.9386,0.00987737,0.00987737,0.00987737
357,20812.9,0.6307,0.83995,0.99591,0.89948,0.94883,0.9365,0.81296,0.70819,0.89853,0.93845,0.00987668,0.00987668,0.00987668
358,20866.9,0.61569,0.80222,0.99101,0.89951,0.94903,0.93623,0.81329,0.70736,0.89806,0.93815,0.00987599,0.00987599,0.00987599
359,20920.7,0.63207,0.82643,1.00894,0.89952,0.9491,0.93533,0.81247,0.70675,0.89808,0.93806,0.0098753,0.0098753,0.0098753
360,20974.5,0.6238,0.80857,0.99251,0.89952,0.9492,0.93568,0.81239,0.70649,0.89844,0.93826,0.0098746,0.0098746,0.0098746
361,21028.8,0.61342,0.84517,0.98462,0.8995,0.94934,0.93668,0.81261,0.70628,0.89796,0.9381,0.00987391,0.00987391,0.00987391
362,21081.8,0.61717,0.81747,0.99125,0.89952,0.94956,0.93667,0.81251,0.70636,0.89746,0.93816,0.00987321,0.00987321,0.00987321
363,21135.2,0.60323,0.79658,0.98154,0.89953,0.94963,0.93519,0.81085,0.7058,0.89629,0.93792,0.00987251,0.00987251,0.00987251
364,21189.2,0.63476,0.83241,1.0003,0.89952,0.94975,0.93474,0.81131,0.70603,0.8957,0.93814,0.00987181,0.00987181,0.00987181
365,21243.9,0.61609,0.81641,0.98589,0.8995,0.9499,0.93632,0.81187,0.7058,0.89567,0.93798,0.0098711,0.0098711,0.0098711
366,21298.7,0.6206,0.82706,0.98793,0.89943,0.9499,0.93699,0.81217,0.70566,0.8938,0.93788,0.0098704,0.0098704,0.0098704
367,21353.3,0.60492,0.80418,0.98061,0.89921,0.9499,0.93604,0.81111,0.70577,0.89463,0.93811,0.00986969,0.00986969,0.00986969
368,21406.7,0.61009,0.99921,0.98606,0.89914,0.9499,0.93568,0.81079,0.70475,0.89311,0.93751,0.00986898,0.00986898,0.00986898
369,21461.1,0.60777,0.81167,0.97962,0.8989,0.9499,0.93605,0.81129,0.70458,0.89457,0.93752,0.00986827,0.00986827,0.00986827
370,21514.6,0.61629,0.82563,0.99059,0.8989,0.9499,0.93541,0.81001,0.70439,0.89464,0.93744,0.00986755,0.00986755,0.00986755
371,21568.8,0.62061,0.83604,0.99748,0.89876,0.9499,0.93553,0.81011,0.7034,0.89339,0.93697,0.00986684,0.00986684,0.00986684
372,21624.3,0.61419,0.80284,0.98779,0.89863,0.9499,0.93585,0.80983,0.70357,0.89352,0.93707,0.00986612,0.00986612,0.00986612
373,21678.2,0.62075,0.82667,0.98606,0.89859,0.9499,0.93592,0.81011,0.70332,0.89376,0.93717,0.0098654,0.0098654,0.0098654
374,21732,0.61799,0.82801,0.99455,0.89863,0.9499,0.93581,0.81036,0.70327,0.89317,0.93721,0.00986468,0.00986468,0.00986468
375,21785.2,0.59992,0.81112,0.97222,0.89873,0.9499,0.93615,0.80905,0.70321,0.89302,0.93715,0.00986396,0.00986396,0.00986396
376,21839.1,0.60811,0.88291,0.97253,0.89885,0.9499,0.93667,0.81124,0.70301,0.89274,0.93704,0.00986323,0.00986323,0.00986323
377,21894.2,0.60847,0.82214,0.98278,0.89904,0.9499,0.93634,0.81029,0.70297,0.89362,0.93705,0.0098625,0.0098625,0.0098625
378,21948.8,0.603,0.84422,0.9814,0.8991,0.9499,0.93736,0.81282,0.70232,0.89186,0.93668,0.00986178,0.00986178,0.00986178
379,22002.7,0.61627,0.81601,0.99666,0.89997,0.9499,0.93677,0.81198,0.70183,0.8912,0.93646,0.00986104,0.00986104,0.00986104
380,22055.2,0.59966,0.81543,0.98153,0.90002,0.94979,0.93758,0.81333,0.7018,0.89083,0.93624,0.00986031,0.00986031,0.00986031
381,22109.4,0.61552,0.82543,0.99934,0.89994,0.94957,0.93665,0.81233,0.70142,0.8907,0.93603,0.00985958,0.00985958,0.00985958
382,22162.6,0.59661,0.78817,0.98712,0.89922,0.9499,0.93709,0.81323,0.7014,0.89048,0.93617,0.00985884,0.00985884,0.00985884
383,22216,0.62883,0.82487,0.99906,0.89932,0.9499,0.93633,0.81405,0.70111,0.89164,0.93618,0.0098581,0.0098581,0.0098581
384,22269.9,0.61143,0.80569,0.98819,0.89942,0.9499,0.93639,0.81375,0.70116,0.89404,0.93617,0.00985736,0.00985736,0.00985736
385,22324.6,0.61395,0.83573,0.9862,0.89949,0.9499,0.93666,0.81278,0.7012,0.89378,0.93638,0.00985662,0.00985662,0.00985662
386,22378.1,0.60837,0.79031,0.98212,0.89959,0.9499,0.93594,0.81205,0.70125,0.89413,0.93661,0.00985588,0.00985588,0.00985588
387,22431.2,0.61329,0.7862,0.98575,0.90017,0.95046,0.93664,0.81245,0.70125,0.89415,0.93665,0.00985513,0.00985513,0.00985513
388,22483.6,0.59792,0.7721,0.98271,0.90003,0.94993,0.93678,0.81364,0.70144,0.89277,0.93682,0.00985438,0.00985438,0.00985438
389,22535.1,0.61888,0.81256,0.98673,0.90237,0.94976,0.93545,0.81321,0.70208,0.89257,0.93736,0.00985363,0.00985363,0.00985363
390,22587.7,0.59295,0.79045,0.96899,0.90216,0.94779,0.93686,0.81511,0.70177,0.89147,0.93746,0.00985288,0.00985288,0.00985288
391,22641,0.61033,0.80159,0.98711,0.9025,0.94726,0.93605,0.81297,0.702,0.8908,0.93752,0.00985213,0.00985213,0.00985213
392,22694.2,0.60737,0.8139,0.97861,0.90071,0.94726,0.93689,0.81429,0.70184,0.8908,0.93718,0.00985137,0.00985137,0.00985137
393,22747.4,0.61648,0.82413,0.99556,0.89983,0.95077,0.93706,0.81239,0.70192,0.89237,0.93731,0.00985061,0.00985061,0.00985061
394,22800.9,0.61113,0.78411,0.97649,0.89985,0.95143,0.93719,0.81406,0.70156,0.89148,0.93709,0.00984985,0.00984985,0.00984985
395,22853.4,0.61869,0.8038,0.99593,0.89972,0.95196,0.93664,0.81229,0.70187,0.89158,0.93721,0.00984909,0.00984909,0.00984909
396,22906.9,0.61047,0.79164,0.99104,0.89949,0.95255,0.93729,0.81314,0.70183,0.89184,0.93727,0.00984833,0.00984833,0.00984833
397,22960.8,0.60582,0.78361,0.98296,0.89878,0.95255,0.93862,0.81466,0.70194,0.89106,0.9371,0.00984757,0.00984757,0.00984757
398,23015.3,0.6046,0.7882,0.97418,0.88439,0.96675,0.93777,0.81375,0.70217,0.89227,0.93718,0.0098468,0.0098468,0.0098468
399,23068.8,0.60335,0.79223,0.98224,0.88448,0.96693,0.93744,0.81441,0.70276,0.89491,0.93755,0.00984603,0.00984603,0.00984603
400,23122.9,0.59262,0.86363,0.97172,0.88498,0.9662,0.93877,0.81408,0.70236,0.89593,0.93729,0.00984526,0.00984526,0.00984526
401,23176.1,0.60314,0.86607,0.97775,0.88512,0.96608,0.93725,0.81309,0.70247,0.89542,0.93743,0.00984449,0.00984449,0.00984449
402,23229.7,0.60912,0.79173,0.98093,0.88588,0.96313,0.93853,0.81441,0.702,0.89382,0.93726,0.00984371,0.00984371,0.00984371
403,23282.3,0.6002,0.77096,0.98801,0.88605,0.96313,0.93922,0.81464,0.70199,0.89346,0.93739,0.00984294,0.00984294,0.00984294
404,23336.4,0.59104,0.86971,0.96824,0.88615,0.96313,0.93871,0.81472,0.70234,0.89431,0.93738,0.00984216,0.00984216,0.00984216
405,23390.8,0.6036,0.79815,0.98384,0.88626,0.96313,0.93756,0.81447,0.70215,0.8938,0.93748,0.00984138,0.00984138,0.00984138
406,23445.2,0.6154,0.78407,0.98619,0.88677,0.96313,0.93795,0.81881,0.70135,0.89297,0.93712,0.0098406,0.0098406,0.0098406
407,23497.7,0.60569,0.77757,0.98122,0.88711,0.96313,0.93631,0.81481,0.70108,0.89256,0.93709,0.00983981,0.00983981,0.00983981
408,23551.2,0.59521,0.77948,0.96464,0.88856,0.96305,0.93783,0.81869,0.70109,0.89388,0.93711,0.00983903,0.00983903,0.00983903
409,23604.7,0.60581,0.79296,0.98897,0.88822,0.96313,0.93849,0.81768,0.70041,0.89396,0.93712,0.00983824,0.00983824,0.00983824
410,23659,0.60837,0.77061,0.99156,0.88804,0.96313,0.93911,0.82022,0.70017,0.89499,0.93686,0.00983745,0.00983745,0.00983745
411,23713.8,0.60447,0.77755,0.97882,0.90175,0.94679,0.93767,0.81948,0.69995,0.89513,0.93646,0.00983666,0.00983666,0.00983666
412,23767.5,0.60398,0.79246,0.97987,0.90164,0.94686,0.93956,0.81814,0.7,0.89467,0.93634,0.00983586,0.00983586,0.00983586
413,23822.2,0.62587,0.80509,1.0006,0.90146,0.94724,0.9394,0.81997,0.69996,0.89374,0.9364,0.00983507,0.00983507,0.00983507
414,23875,0.6049,0.77624,0.97684,0.90155,0.94706,0.93989,0.82282,0.69967,0.89412,0.93613,0.00983427,0.00983427,0.00983427
415,23927.8,0.60016,0.80565,0.97788,0.90147,0.94692,0.93844,0.81884,0.69965,0.89503,0.93619,0.00983347,0.00983347,0.00983347
416,23980.2,0.61226,0.7774,0.99053,0.90135,0.94671,0.93718,0.81978,0.69904,0.89447,0.93598,0.00983267,0.00983267,0.00983267
417,24033.5,0.59968,0.77781,0.98026,0.90119,0.94655,0.93712,0.82102,0.69962,0.89491,0.93643,0.00983187,0.00983187,0.00983187
418,24085.8,0.60543,0.76145,0.98041,0.90107,0.94659,0.93789,0.82223,0.69991,0.89358,0.93668,0.00983106,0.00983106,0.00983106
419,24138.7,0.6206,0.79259,0.9832,0.88521,0.96386,0.9374,0.82127,0.69942,0.89261,0.93661,0.00983026,0.00983026,0.00983026
420,24192.1,0.61492,0.78724,0.98226,0.88519,0.96326,0.93942,0.82273,0.69933,0.89332,0.93676,0.00982945,0.00982945,0.00982945
421,24244.5,0.59438,0.78303,0.98417,0.88534,0.96313,0.93785,0.82174,0.69905,0.89346,0.93661,0.00982864,0.00982864,0.00982864
422,24298.3,0.61972,0.78191,0.98706,0.88552,0.96313,0.93874,0.82134,0.69884,0.89332,0.9367,0.00982783,0.00982783,0.00982783
423,24350.3,0.60106,0.76229,0.97112,0.88544,0.96313,0.93876,0.8216,0.69926,0.89353,0.93684,0.00982701,0.00982701,0.00982701
424,24402.2,0.59808,0.77486,0.97935,0.8877,0.96519,0.93877,0.82188,0.69905,0.89257,0.93671,0.0098262,0.0098262,0.0098262
425,24455.1,0.60583,0.7738,0.98858,0.88759,0.96553,0.93825,0.82047,0.6992,0.89241,0.93685,0.00982538,0.00982538,0.00982538
426,24507.1,0.60779,0.7774,0.98183,0.88756,0.96585,0.93763,0.82047,0.69909,0.89123,0.93684,0.00982456,0.00982456,0.00982456
427,24559.8,0.59661,0.76719,0.97224,0.88534,0.96611,0.93832,0.82154,0.699,0.88857,0.9368,0.00982374,0.00982374,0.00982374
428,24612.9,0.60515,0.79622,0.97498,0.88526,0.9662,0.93684,0.82023,0.69853,0.88853,0.93659,0.00982291,0.00982291,0.00982291
429,24665.6,0.59906,0.76847,0.97569,0.88531,0.9664,0.93852,0.82218,0.69834,0.88832,0.93643,0.00982209,0.00982209,0.00982209
430,24717.9,0.58888,0.78531,0.96435,0.88536,0.96651,0.93808,0.82222,0.69706,0.88719,0.93592,0.00982126,0.00982126,0.00982126
431,24769.3,0.62873,0.78331,1.01248,0.88531,0.96664,0.93737,0.82209,0.69618,0.88584,0.93555,0.00982043,0.00982043,0.00982043
432,24821,0.59129,0.77673,0.97649,0.88433,0.96577,0.93743,0.82092,0.69612,0.88533,0.9355,0.0098196,0.0098196,0.0098196
433,24874.3,0.60815,0.76667,0.98687,0.88395,0.96577,0.93759,0.82072,0.69562,0.8842,0.93523,0.00981877,0.00981877,0.00981877
434,24927.5,0.60479,0.77698,0.9735,0.88356,0.96577,0.93591,0.82,0.69559,0.88265,0.93534,0.00981793,0.00981793,0.00981793
435,24980.2,0.59771,0.76177,0.98006,0.88304,0.96598,0.93697,0.81945,0.69608,0.88283,0.9357,0.0098171,0.0098171,0.0098171
436,25032.6,0.58696,0.75735,0.97226,0.88305,0.96632,0.93419,0.82067,0.6956,0.88186,0.93556,0.00981626,0.00981626,0.00981626
437,25085.1,0.5974,0.78491,0.97872,0.88308,0.96654,0.93681,0.82479,0.69536,0.88138,0.93542,0.00981542,0.00981542,0.00981542
438,25138.1,0.61621,0.77844,1.011,0.88312,0.96629,0.93638,0.82326,0.69475,0.88108,0.93513,0.00981458,0.00981458,0.00981458
439,25191.8,0.59331,0.77378,0.97109,0.8852,0.96585,0.93612,0.82233,0.69448,0.8809,0.93492,0.00981373,0.00981373,0.00981373
440,25244.3,0.60358,0.80705,0.97392,0.88523,0.96479,0.93616,0.82527,0.69358,0.87811,0.93437,0.00981288,0.00981288,0.00981288
441,25301.1,0.58723,0.77688,0.97649,0.8852,0.96453,0.9351,0.82338,0.69315,0.87692,0.93415,0.00981204,0.00981204,0.00981204
442,25352.8,0.59302,0.7532,0.97372,0.8852,0.96447,0.93763,0.82273,0.69297,0.87762,0.93426,0.00981119,0.00981119,0.00981119
443,25404.8,0.57929,0.75074,0.96561,0.88519,0.96445,0.93754,0.82188,0.69238,0.875,0.93389,0.00981034,0.00981034,0.00981034
444,25457.5,0.59857,0.77092,0.98135,0.88516,0.96454,0.93693,0.82062,0.69267,0.87693,0.93415,0.00980948,0.00980948,0.00980948
445,25509.3,0.59155,0.76245,0.97997,0.88492,0.96542,0.93464,0.81951,0.69295,0.87638,0.93425,0.00980863,0.00980863,0.00980863
446,25561.6,0.58597,0.76474,0.96476,0.88491,0.96563,0.93771,0.82169,0.69349,0.87676,0.93463,0.00980777,0.00980777,0.00980777
447,25612.4,0.60899,0.77861,0.98248,0.88471,0.96577,0.93739,0.82226,0.69393,0.87858,0.93499,0.00980691,0.00980691,0.00980691
448,25663.4,0.58692,0.77503,0.9794,0.88403,0.96577,0.93743,0.82052,0.69476,0.87734,0.93537,0.00980605,0.00980605,0.00980605
449,25714.5,0.60418,0.77737,0.98647,0.88523,0.96557,0.93704,0.82048,0.69525,0.87774,0.93563,0.00980519,0.00980519,0.00980519
450,25765.2,0.59357,0.76306,0.96468,0.88505,0.96577,0.93693,0.81974,0.69522,0.87837,0.93572,0.00980432,0.00980432,0.00980432
451,25815.9,0.60447,0.77248,0.98544,0.88458,0.96577,0.93341,0.81727,0.69492,0.87886,0.93574,0.00980345,0.00980345,0.00980345
452,25866.4,0.59125,0.76666,0.96395,0.88443,0.96577,0.93541,0.81806,0.6948,0.87949,0.93567,0.00980259,0.00980259,0.00980259
453,25916.7,0.59112,0.74915,0.97947,0.88422,0.96577,0.93546,0.81846,0.69434,0.87869,0.93541,0.00980171,0.00980171,0.00980171
454,25967,0.60069,0.78905,0.97479,0.88527,0.96512,0.93792,0.82118,0.69401,0.87736,0.93546,0.00980084,0.00980084,0.00980084
455,26018.1,0.58885,0.75399,0.97158,0.88524,0.96495,0.93846,0.82141,0.69344,0.8773,0.93528,0.00979997,0.00979997,0.00979997
456,26069.1,0.58408,0.75216,0.9698,0.88511,0.96432,0.93753,0.82064,0.6932,0.87656,0.93516,0.00979909,0.00979909,0.00979909
457,26120,0.57696,0.72221,0.96569,0.88494,0.96299,0.93816,0.82243,0.69252,0.87653,0.93491,0.00979821,0.00979821,0.00979821
458,26171.1,0.5975,0.87059,0.97015,0.88493,0.96284,0.93946,0.82217,0.69232,0.87627,0.935,0.00979733,0.00979733,0.00979733
459,26222.4,0.58437,0.75544,0.95947,0.88497,0.96264,0.93721,0.82122,0.69234,0.8776,0.93517,0.00979645,0.00979645,0.00979645
460,26273,0.59799,0.77207,0.97761,0.88498,0.9628,0.93921,0.82131,0.69237,0.87709,0.93533,0.00979557,0.00979557,0.00979557
461,26323.9,0.58646,0.77387,0.96901,0.88159,0.96577,0.93844,0.82146,0.69226,0.87763,0.93531,0.00979468,0.00979468,0.00979468
462,26374.8,0.61434,0.85957,0.99509,0.90199,0.94377,0.93978,0.82234,0.69306,0.881,0.93585,0.0097938,0.0097938,0.0097938
463,26426.3,0.58668,0.77251,0.97255,0.90344,0.94381,0.93896,0.82258,0.69299,0.88079,0.93552,0.00979291,0.00979291,0.00979291
464,26478,0.58628,0.74845,0.97011,0.90358,0.94391,0.93896,0.82314,0.69263,0.88162,0.93526,0.00979202,0.00979202,0.00979202
465,26530.7,0.58211,0.73371,0.97581,0.90344,0.94411,0.94022,0.82407,0.69194,0.88198,0.93505,0.00979112,0.00979112,0.00979112
466,26582.4,0.59734,0.75064,0.97884,0.90352,0.94422,0.94022,0.82404,0.69172,0.88115,0.93476,0.00979023,0.00979023,0.00979023
467,26634,0.58401,0.75126,0.9682,0.9034,0.94428,0.94035,0.82395,0.69137,0.88276,0.93454,0.00978933,0.00978933,0.00978933
468,26685.8,0.59755,0.74055,0.96851,0.90335,0.94422,0.93956,0.82329,0.69092,0.88248,0.93448,0.00978843,0.00978843,0.00978843
469,26736.8,0.58909,0.75952,0.97297,0.90338,0.94406,0.9393,0.8229,0.69083,0.88142,0.93451,0.00978753,0.00978753,0.00978753
470,26788.9,0.57337,0.73628,0.96471,0.90337,0.94416,0.93961,0.82409,0.69018,0.88023,0.93406,0.00978663,0.00978663,0.00978663
471,26841,0.58409,0.74589,0.96663,0.90321,0.94427,0.93967,0.82342,0.6897,0.87877,0.93373,0.00978572,0.00978572,0.00978572
472,26892.6,0.57151,0.84845,0.94868,0.90325,0.94439,0.94076,0.82524,0.68916,0.87862,0.9332,0.00978482,0.00978482,0.00978482
473,26944.2,0.59928,0.74932,0.97467,0.90321,0.94434,0.94032,0.82405,0.68899,0.87962,0.933,0.00978391,0.00978391,0.00978391
474,26994.5,0.57853,0.7532,0.96244,0.9034,0.94406,0.9402,0.82457,0.68878,0.87775,0.93282,0.009783,0.009783,0.009783
475,27044.8,0.59548,0.77296,0.96603,0.90353,0.94373,0.94007,0.82475,0.68865,0.8787,0.93274,0.00978209,0.00978209,0.00978209
476,27096.6,0.59146,0.74795,0.97097,0.90323,0.94354,0.94003,0.82452,0.68839,0.87752,0.93247,0.00978118,0.00978118,0.00978118
477,27147.8,0.57492,0.7277,0.96358,0.90278,0.94317,0.93944,0.82398,0.68826,0.8757,0.9324,0.00978026,0.00978026,0.00978026
478,27199.1,0.57859,0.75219,0.97206,0.9026,0.94309,0.9405,0.82524,0.6884,0.87638,0.9324,0.00977934,0.00977934,0.00977934
479,27251.2,0.5912,0.76179,0.98076,0.90022,0.94434,0.94114,0.82565,0.68822,0.87589,0.9321,0.00977842,0.00977842,0.00977842
480,27302.5,0.58225,0.74337,0.96501,0.90007,0.94391,0.94045,0.82542,0.68767,0.87523,0.93196,0.0097775,0.0097775,0.0097775
481,27354.6,0.58528,0.73938,0.9676,0.89978,0.94389,0.94163,0.82642,0.68767,0.87584,0.93184,0.00977658,0.00977658,0.00977658
482,27405.9,0.59173,0.7275,0.97363,0.89974,0.94349,0.93985,0.82516,0.68808,0.87439,0.93197,0.00977565,0.00977565,0.00977565
483,27457.3,0.5928,0.76407,0.97512,0.90193,0.94191,0.9405,0.82637,0.68747,0.87456,0.9318,0.00977473,0.00977473,0.00977473
484,27508.9,0.58339,0.77035,0.96591,0.90424,0.94185,0.94148,0.82719,0.68756,0.87387,0.93179,0.0097738,0.0097738,0.0097738
485,27560,0.57765,0.74569,0.95824,0.90288,0.94239,0.94094,0.82604,0.6874,0.87508,0.93143,0.00977287,0.00977287,0.00977287
486,27612.1,0.57898,0.74111,0.96495,0.90067,0.94387,0.94222,0.8272,0.6873,0.87254,0.93136,0.00977194,0.00977194,0.00977194
487,27665.8,0.57764,0.74545,0.96168,0.90045,0.94365,0.94272,0.83034,0.6875,0.87315,0.93139,0.009771,0.009771,0.009771
488,27717,0.57908,0.74344,0.96192,0.89434,0.94893,0.94171,0.82617,0.68764,0.87274,0.93148,0.00977007,0.00977007,0.00977007
489,27768.2,0.59574,0.81472,0.98567,0.89407,0.95189,0.94176,0.82595,0.68768,0.87112,0.93156,0.00976913,0.00976913,0.00976913
490,27820.9,0.57519,0.74692,0.95145,0.89438,0.95175,0.94209,0.82802,0.68849,0.87258,0.93211,0.00976819,0.00976819,0.00976819
491,27872.1,0.57537,0.73769,0.96391,0.89435,0.95204,0.94212,0.82729,0.68886,0.87209,0.93228,0.00976725,0.00976725,0.00976725
492,27923.2,0.57572,0.75235,0.96623,0.89451,0.95208,0.94272,0.82932,0.68861,0.87103,0.93206,0.0097663,0.0097663,0.0097663
493,27974.7,0.58413,0.75137,0.96434,0.89436,0.95233,0.94261,0.83011,0.68838,0.87091,0.93198,0.00976536,0.00976536,0.00976536
494,28027.2,0.5893,0.78013,0.97224,0.89432,0.95231,0.94222,0.82961,0.6883,0.8706,0.93195,0.00976441,0.00976441,0.00976441
495,28079.5,0.5789,0.75152,0.97368,0.89424,0.95216,0.94315,0.83038,0.6874,0.87049,0.93141,0.00976346,0.00976346,0.00976346
496,28130.9,0.58357,0.76678,0.97179,0.89423,0.95164,0.94314,0.83135,0.68748,0.87109,0.93154,0.00976251,0.00976251,0.00976251
497,28181.9,0.58528,0.71896,0.96393,0.89309,0.95341,0.94236,0.83091,0.68663,0.86954,0.93108,0.00976156,0.00976156,0.00976156
498,28233.7,0.57876,0.74474,0.96768,0.89298,0.95337,0.94227,0.83088,0.68728,0.87018,0.93163,0.0097606,0.0097606,0.0097606
499,28283.4,0.57614,0.73171,0.96331,0.89399,0.94994,0.94248,0.83079,0.68774,0.87962,0.93283,0.00975965,0.00975965,0.00975965
500,28333.2,0.57517,0.73379,0.96264,0.89397,0.94919,0.94244,0.83016,0.68738,0.8793,0.93287,0.00975869,0.00975869,0.00975869
501,28383.9,0.58785,0.73551,0.97411,0.89393,0.9492,0.94331,0.83187,0.68693,0.88054,0.93273,0.00975773,0.00975773,0.00975773
502,28434.6,0.58549,0.74452,0.97283,0.89381,0.94928,0.94317,0.83104,0.68658,0.87953,0.9326,0.00975677,0.00975677,0.00975677
503,28485.4,0.56769,0.72425,0.95412,0.89255,0.95318,0.94392,0.83053,0.68666,0.8796,0.9327,0.0097558,0.0097558,0.0097558
504,28536.5,0.57352,0.76003,0.95766,0.89343,0.9496,0.94338,0.8318,0.68586,0.88012,0.93252,0.00975484,0.00975484,0.00975484
505,28587.3,0.56635,0.70815,0.9524,0.89253,0.95331,0.94377,0.83256,0.68544,0.88044,0.9323,0.00975387,0.00975387,0.00975387
506,28638.8,0.57302,0.73498,0.96311,0.89353,0.94948,0.94336,0.83347,0.68406,0.87965,0.93168,0.0097529,0.0097529,0.0097529
507,28690.2,0.56277,0.79567,0.94841,0.89234,0.95319,0.94384,0.83189,0.68389,0.88021,0.9314,0.00975193,0.00975193,0.00975193
508,28742.8,0.56985,0.72339,0.96738,0.89245,0.95325,0.94393,0.83337,0.68372,0.87935,0.93131,0.00975096,0.00975096,0.00975096
509,28793.5,0.57029,0.73145,0.9676,0.8925,0.95315,0.94396,0.83409,0.68325,0.88007,0.93109,0.00974998,0.00974998,0.00974998
510,28844.5,0.58313,0.73208,0.97269,0.89249,0.95329,0.94403,0.83665,0.68286,0.87976,0.93082,0.009749,0.009749,0.009749
511,28896.1,0.58673,0.74593,0.97506,0.89124,0.95462,0.94403,0.83661,0.68293,0.87988,0.93091,0.00974803,0.00974803,0.00974803
512,28948.3,0.56516,0.74884,0.95352,0.89159,0.95443,0.94399,0.83464,0.68249,0.87854,0.93054,0.00974705,0.00974705,0.00974705
513,28999.2,0.56669,0.73115,0.96088,0.89182,0.95443,0.94356,0.83629,0.68201,0.87927,0.93037,0.00974606,0.00974606,0.00974606
514,29050.7,0.56653,0.74806,0.96233,0.89193,0.95419,0.94348,0.83576,0.6811,0.8799,0.92983,0.00974508,0.00974508,0.00974508
515,29102.3,0.56605,0.70292,0.95211,0.8938,0.95111,0.94318,0.83603,0.68052,0.87842,0.92934,0.00974409,0.00974409,0.00974409
516,29154.7,0.57413,0.73948,0.96648,0.89283,0.95319,0.94438,0.83783,0.6796,0.87849,0.92896,0.0097431,0.0097431,0.0097431
517,29205.9,0.57508,0.71846,0.96118,0.89189,0.95415,0.94439,0.83804,0.67846,0.8796,0.92839,0.00974211,0.00974211,0.00974211
518,29257.5,0.58331,0.75113,0.97229,0.89354,0.94983,0.94305,0.83675,0.67722,0.8796,0.92776,0.00974112,0.00974112,0.00974112
519,29308.7,0.58841,0.74651,0.96191,0.89356,0.94961,0.94389,0.83714,0.67656,0.879,0.92768,0.00974013,0.00974013,0.00974013
520,29360,0.59308,0.74849,0.97868,0.8936,0.9494,0.94464,0.83786,0.67621,0.87985,0.92767,0.00973913,0.00973913,0.00973913
521,29411.2,0.57828,0.73878,0.96917,0.89332,0.94948,0.94459,0.8381,0.67535,0.88,0.92745,0.00973814,0.00973814,0.00973814
522,29463.3,0.57419,0.7299,0.96245,0.89333,0.94953,0.94524,0.8385,0.67476,0.8798,0.92733,0.00973714,0.00973714,0.00973714
523,29514.8,0.57308,0.72254,0.96508,0.89333,0.94959,0.94522,0.83903,0.6742,0.87927,0.9272,0.00973614,0.00973614,0.00973614
524,29567.2,0.58946,0.75489,0.97543,0.89341,0.94959,0.94499,0.84037,0.67432,0.87934,0.92745,0.00973513,0.00973513,0.00973513
525,29619.1,0.5763,0.77114,0.96957,0.89336,0.94962,0.94472,0.8406,0.67397,0.87924,0.9273,0.00973413,0.00973413,0.00973413
526,29669.1,0.5753,0.72238,0.96034,0.89339,0.94939,0.94507,0.84044,0.67373,0.88139,0.9276,0.00973312,0.00973312,0.00973312
527,29719.8,0.57898,0.72356,0.96685,0.89357,0.94938,0.94504,0.83978,0.67354,0.88067,0.9273,0.00973211,0.00973211,0.00973211
528,29771.8,0.56595,0.72116,0.95791,0.89387,0.94931,0.94519,0.84001,0.67249,0.88087,0.9269,0.0097311,0.0097311,0.0097311
529,29823.2,0.56963,0.73991,0.96505,0.89396,0.94932,0.94517,0.83979,0.67215,0.88176,0.92657,0.00973009,0.00973009,0.00973009
530,29875,0.57456,0.76331,0.96058,0.89394,0.9495,0.9455,0.8389,0.67144,0.88327,0.92638,0.00972908,0.00972908,0.00972908
531,29926.7,0.589,0.76816,0.98099,0.89401,0.94943,0.94542,0.83957,0.67069,0.88265,0.92595,0.00972806,0.00972806,0.00972806
532,29976.6,0.57329,0.73537,0.95984,0.89404,0.94968,0.94548,0.84012,0.67033,0.88256,0.92567,0.00972704,0.00972704,0.00972704
533,30027.1,0.58753,0.72482,0.96277,0.89394,0.94979,0.94625,0.84025,0.66993,0.8837,0.92557,0.00972603,0.00972603,0.00972603
534,30078.4,0.5858,0.74791,0.9682,0.89419,0.95213,0.94628,0.84046,0.66965,0.88363,0.92522,0.009725,0.009725,0.009725
535,30129.5,0.57424,0.74403,0.97221,0.89393,0.95255,0.94616,0.84059,0.66804,0.88316,0.92459,0.00972398,0.00972398,0.00972398
536,30180.4,0.56476,0.71475,0.95549,0.89364,0.95255,0.94477,0.84137,0.66765,0.88369,0.92446,0.00972296,0.00972296,0.00972296
537,30232.6,0.55999,0.72079,0.9624,0.89363,0.95255,0.94475,0.84263,0.66772,0.88381,0.9246,0.00972193,0.00972193,0.00972193
538,30283.3,0.55854,0.71975,0.95787,0.8951,0.95255,0.94474,0.84187,0.66756,0.88314,0.9245,0.0097209,0.0097209,0.0097209
539,30334.3,0.57209,0.71973,0.96103,0.89564,0.95255,0.94536,0.83783,0.66726,0.88214,0.92427,0.00971987,0.00971987,0.00971987
540,30385.5,0.56767,0.73357,0.96291,0.89475,0.95255,0.94608,0.84088,0.66659,0.88264,0.92422,0.00971884,0.00971884,0.00971884
541,30436.5,0.57302,0.7398,0.95801,0.89604,0.95255,0.94605,0.8415,0.6664,0.8818,0.92414,0.0097178,0.0097178,0.0097178
542,30488.1,0.56765,0.7393,0.95908,0.89626,0.95255,0.94598,0.84283,0.66587,0.88125,0.92383,0.00971677,0.00971677,0.00971677
543,30538.4,0.55169,0.77465,0.94922,0.89571,0.95255,0.9456,0.84311,0.66549,0.88235,0.9237,0.00971573,0.00971573,0.00971573
544,30590.6,0.56307,0.72101,0.95955,0.89503,0.95255,0.9454,0.84333,0.66534,0.87998,0.92343,0.00971469,0.00971469,0.00971469
545,30642.7,0.57605,0.72398,0.96669,0.89624,0.95231,0.94576,0.84102,0.66516,0.88145,0.92337,0.00971365,0.00971365,0.00971365
546,30693.7,0.5768,0.72994,0.96022,0.89442,0.9499,0.94541,0.84039,0.665,0.88195,0.92319,0.0097126,0.0097126,0.0097126
547,30744.4,0.57596,0.70794,0.9607,0.89456,0.9499,0.94575,0.84125,0.66463,0.88104,0.9231,0.00971156,0.00971156,0.00971156
548,30795.4,0.55565,0.70112,0.94655,0.89651,0.95184,0.94588,0.84087,0.66387,0.87902,0.92263,0.00971051,0.00971051,0.00971051
549,30845.5,0.56521,0.7705,0.95123,0.89665,0.952,0.94574,0.84028,0.66382,0.8788,0.92269,0.00970946,0.00970946,0.00970946
550,30896.8,0.5815,0.71138,0.96534,0.89673,0.95198,0.94544,0.84259,0.66347,0.87889,0.92226,0.00970841,0.00970841,0.00970841
551,30948.2,0.56156,0.71655,0.95919,0.89714,0.95181,0.94555,0.84221,0.66344,0.87748,0.92195,0.00970736,0.00970736,0.00970736
552,31000.4,0.57579,0.71103,0.96227,0.89748,0.95174,0.94529,0.84251,0.66311,0.87813,0.92176,0.00970631,0.00970631,0.00970631
553,31051.9,0.58516,0.73204,0.97466,0.89817,0.95145,0.94546,0.84238,0.66266,0.87676,0.92156,0.00970525,0.00970525,0.00970525
554,31102.6,0.57064,0.72883,0.96054,0.89788,0.95156,0.9455,0.84295,0.66198,0.87643,0.92151,0.00970419,0.00970419,0.00970419
555,31153,0.56879,0.71984,0.9667,0.89793,0.95153,0.94577,0.84352,0.66215,0.87614,0.92172,0.00970313,0.00970313,0.00970313
556,31202.9,0.57822,0.73676,0.96717,0.89701,0.94927,0.94547,0.8433,0.66237,0.87771,0.92185,0.00970207,0.00970207,0.00970207
557,31253.4,0.58066,0.73475,0.97217,0.89714,0.94819,0.94577,0.8432,0.66228,0.87695,0.92177,0.00970101,0.00970101,0.00970101
558,31303.3,0.56869,0.70606,0.95994,0.89721,0.9485,0.94637,0.84443,0.6622,0.87657,0.92192,0.00969994,0.00969994,0.00969994
559,31354.3,0.56601,0.69993,0.94829,0.89434,0.9499,0.94538,0.84379,0.66203,0.87688,0.92201,0.00969887,0.00969887,0.00969887
560,31407.5,0.56415,0.70266,0.95457,0.89432,0.9499,0.94541,0.84362,0.66224,0.8772,0.92216,0.0096978,0.0096978,0.0096978
561,31459.6,0.56092,0.7174,0.9587,0.89252,0.9499,0.9444,0.84304,0.66189,0.87586,0.92217,0.00969673,0.00969673,0.00969673
562,31509.6,0.56667,0.7118,0.95585,0.8911,0.9499,0.94458,0.84293,0.66177,0.87366,0.92221,0.00969566,0.00969566,0.00969566
563,31560.3,0.58158,0.76935,0.96676,0.89332,0.9486,0.94542,0.84344,0.66157,0.87489,0.92198,0.00969459,0.00969459,0.00969459
564,31612.1,0.56784,0.73675,0.95708,0.8914,0.9499,0.94525,0.84385,0.6613,0.87544,0.92186,0.00969351,0.00969351,0.00969351
565,31663.6,0.58218,0.73712,0.96934,0.89157,0.9499,0.94559,0.84404,0.66069,0.87479,0.92153,0.00969243,0.00969243,0.00969243
566,31713.6,0.57289,0.73923,0.95704,0.89122,0.9499,0.94476,0.84376,0.66091,0.87437,0.92189,0.00969135,0.00969135,0.00969135
567,31765.8,0.55933,0.69195,0.94846,0.89104,0.9499,0.94484,0.84396,0.66053,0.87559,0.92183,0.00969027,0.00969027,0.00969027
568,31816.6,0.58158,0.74702,0.96635,0.89122,0.9499,0.94486,0.84409,0.66036,0.87693,0.92153,0.00968918,0.00968918,0.00968918
569,31865.6,0.58166,0.72689,0.9606,0.89136,0.9499,0.94501,0.84377,0.66037,0.87684,0.92188,0.0096881,0.0096881,0.0096881
570,31915.8,0.55673,0.7356,0.9588,0.89195,0.9499,0.94511,0.84373,0.66006,0.87626,0.92196,0.00968701,0.00968701,0.00968701
571,31966.3,0.57342,0.72762,0.95812,0.89191,0.94976,0.94475,0.84379,0.66019,0.87669,0.92203,0.00968592,0.00968592,0.00968592
572,32018.7,0.57527,0.72842,0.96028,0.89184,0.94955,0.94496,0.84439,0.65973,0.87413,0.92184,0.00968483,0.00968483,0.00968483
573,32068.1,0.57253,0.73981,0.96239,0.89191,0.94959,0.94521,0.845,0.65932,0.87455,0.92183,0.00968374,0.00968374,0.00968374
574,32117.9,0.56912,0.71322,0.95774,0.89203,0.94953,0.94502,0.84445,0.65901,0.87385,0.92194,0.00968264,0.00968264,0.00968264
575,32166.8,0.56423,0.70753,0.95239,0.8918,0.94954,0.94505,0.84438,0.65836,0.87457,0.92183,0.00968155,0.00968155,0.00968155
576,32216.9,0.56374,0.70441,0.95929,0.88936,0.94962,0.94535,0.84519,0.65791,0.87358,0.9219,0.00968045,0.00968045,0.00968045
577,32265.6,0.56593,0.72066,0.95651,0.88965,0.94975,0.94528,0.84527,0.65733,0.87423,0.9217,0.00967935,0.00967935,0.00967935
578,32314.8,0.57041,0.71535,0.96807,0.89173,0.94956,0.94448,0.84248,0.65702,0.87507,0.92154,0.00967825,0.00967825,0.00967825
579,32363.7,0.57237,0.7242,0.95915,0.88925,0.94942,0.94502,0.8437,0.65701,0.87549,0.92145,0.00967714,0.00967714,0.00967714
580,32412.5,0.56956,0.72424,0.96354,0.88909,0.94957,0.94493,0.84443,0.65656,0.87437,0.92115,0.00967604,0.00967604,0.00967604
581,32460.7,0.57766,0.72414,0.97795,0.88912,0.94985,0.94617,0.84618,0.65658,0.87374,0.9212,0.00967493,0.00967493,0.00967493
582,32510.1,0.56591,0.71413,0.96371,0.88915,0.95007,0.946,0.84533,0.65672,0.87721,0.92136,0.00967382,0.00967382,0.00967382
583,32560.2,0.56873,0.74312,0.95897,0.88912,0.94977,0.94625,0.84542,0.65586,0.877,0.92102,0.00967271,0.00967271,0.00967271
584,32610.7,0.56881,0.71395,0.95465,0.8891,0.94964,0.946,0.84534,0.65533,0.87762,0.92083,0.00967159,0.00967159,0.00967159
585,32662.6,0.5556,0.7175,0.94832,0.8891,0.94965,0.94623,0.84598,0.65481,0.87794,0.9204,0.00967048,0.00967048,0.00967048
586,32713.2,0.57711,0.72376,0.9632,0.88913,0.94995,0.94708,0.84643,0.65449,0.87705,0.92006,0.00966936,0.00966936,0.00966936
587,32762.7,0.56722,0.72174,0.96088,0.88916,0.95015,0.94688,0.84619,0.65386,0.87683,0.91956,0.00966824,0.00966824,0.00966824
588,32813.3,0.56443,0.70622,0.95958,0.88913,0.94979,0.94669,0.84704,0.65319,0.87634,0.91926,0.00966712,0.00966712,0.00966712
589,32863.9,0.57662,0.69804,0.97525,0.88914,0.94982,0.94708,0.84736,0.6532,0.8777,0.91922,0.009666,0.009666,0.009666
590,32915.6,0.56103,0.71441,0.95965,0.88915,0.94986,0.94675,0.84534,0.65267,0.87869,0.91896,0.00966488,0.00966488,0.00966488
591,32966.6,0.57186,0.70056,0.95957,0.88887,0.95149,0.94648,0.84484,0.65252,0.87696,0.91887,0.00966375,0.00966375,0.00966375
592,33016.8,0.55187,0.70496,0.95367,0.88709,0.95143,0.94739,0.84564,0.65258,0.87657,0.91883,0.00966262,0.00966262,0.00966262
593,33067.3,0.56414,0.69912,0.94614,0.88687,0.95119,0.94729,0.84574,0.65252,0.87737,0.91872,0.00966149,0.00966149,0.00966149
594,33117.4,0.5596,0.71612,0.95724,0.88688,0.95106,0.94726,0.84548,0.65231,0.87798,0.91859,0.00966036,0.00966036,0.00966036
595,33168.8,0.55757,0.72361,0.95696,0.88657,0.95106,0.94672,0.84488,0.65212,0.87903,0.91841,0.00965923,0.00965923,0.00965923
596,33220.2,0.55425,0.70509,0.94725,0.88661,0.95065,0.94676,0.84317,0.65212,0.87795,0.91837,0.0096581,0.0096581,0.0096581
597,33271.2,0.54762,0.70759,0.95346,0.88738,0.95029,0.94681,0.84062,0.65244,0.87954,0.91872,0.00965696,0.00965696,0.00965696
598,33323.6,0.55878,0.72106,0.96073,0.88762,0.95015,0.94684,0.8436,0.65269,0.87887,0.9187,0.00965582,0.00965582,0.00965582
599,33376.7,0.56142,0.69706,0.95486,0.88746,0.95023,0.94667,0.84049,0.65274,0.87895,0.91889,0.00965468,0.00965468,0.00965468
600,33426.8,0.57176,0.71845,0.9528,0.88747,0.95027,0.94672,0.84001,0.65222,0.87724,0.91837,0.00965354,0.00965354,0.00965354
601,33477.4,0.56714,0.73916,0.94884,0.88736,0.95034,0.94674,0.83992,0.65148,0.87816,0.91775,0.00965239,0.00965239,0.00965239
602,33530,0.56691,0.7232,0.96389,0.88933,0.95023,0.94671,0.8397,0.6514,0.87762,0.91751,0.00965125,0.00965125,0.00965125
603,33580,0.55461,0.71065,0.95503,0.8929,0.93419,0.94645,0.84028,0.65127,0.87829,0.91747,0.0096501,0.0096501,0.0096501
604,33629.8,0.5635,0.69945,0.94937,0.89481,0.93419,0.9465,0.84062,0.65129,0.87819,0.9176,0.00964895,0.00964895,0.00964895
605,33679.7,0.553,0.70958,0.94674,0.89484,0.93335,0.94679,0.84069,0.65034,0.87818,0.91708,0.0096478,0.0096478,0.0096478
606,33729.8,0.56063,0.70204,0.9563,0.89474,0.93327,0.94687,0.84038,0.64948,0.87793,0.91675,0.00964665,0.00964665,0.00964665
607,33779.6,0.56759,0.70892,0.95114,0.87668,0.95784,0.94694,0.84158,0.64911,0.87788,0.91655,0.00964549,0.00964549,0.00964549
608,33830.9,0.57361,0.69819,0.96552,0.8767,0.95784,0.94688,0.84136,0.64824,0.87751,0.91626,0.00964433,0.00964433,0.00964433
609,33880.8,0.56491,0.70411,0.96645,0.87896,0.95784,0.9467,0.84089,0.64795,0.87727,0.91607,0.00964318,0.00964318,0.00964318
610,33931.4,0.54597,0.69719,0.94025,0.87835,0.95784,0.94708,0.84132,0.64758,0.87746,0.91595,0.00964202,0.00964202,0.00964202
611,33982.5,0.55035,0.70421,0.95876,0.87551,0.95784,0.94687,0.84092,0.6472,0.87888,0.91596,0.00964085,0.00964085,0.00964085
612,34033.5,0.56511,0.70387,0.95817,0.8908,0.93895,0.94681,0.84126,0.64676,0.87913,0.91596,0.00963969,0.00963969,0.00963969
613,34082.7,0.53901,0.66893,0.94697,0.89071,0.93919,0.94707,0.84199,0.64682,0.87828,0.91596,0.00963852,0.00963852,0.00963852
614,34132.1,0.5696,0.71757,0.94981,0.87949,0.95784,0.94736,0.841,0.64651,0.8785,0.91591,0.00963736,0.00963736,0.00963736
615,34181.4,0.57671,0.71598,0.96294,0.88028,0.9556,0.94752,0.84118,0.64652,0.87782,0.91617,0.00963619,0.00963619,0.00963619
616,34231.6,0.55465,0.69801,0.95801,0.88031,0.9555,0.94788,0.84465,0.64648,0.87592,0.9162,0.00963502,0.00963502,0.00963502
617,34282.9,0.5511,0.6853,0.95107,0.87816,0.95504,0.94742,0.84129,0.64627,0.87788,0.91627,0.00963384,0.00963384,0.00963384
618,34334.3,0.56838,0.70938,0.95409,0.87816,0.95531,0.94739,0.84062,0.64638,0.87681,0.91671,0.00963267,0.00963267,0.00963267
619,34383.2,0.55876,0.69254,0.96554,0.87839,0.95476,0.94743,0.84179,0.64614,0.87618,0.91686,0.00963149,0.00963149,0.00963149
620,34431.9,0.5601,0.70115,0.95578,0.87836,0.95489,0.94752,0.84244,0.64574,0.87574,0.91645,0.00963031,0.00963031,0.00963031
621,34480.4,0.57072,0.71558,0.95331,0.8806,0.95526,0.94776,0.84092,0.64479,0.87417,0.9162,0.00962913,0.00962913,0.00962913
622,34529.9,0.54359,0.69665,0.95262,0.88065,0.95527,0.94782,0.8411,0.64395,0.87275,0.91569,0.00962795,0.00962795,0.00962795
623,34579.8,0.54083,0.68524,0.94174,0.88075,0.9553,0.94773,0.84115,0.64329,0.87191,0.91558,0.00962677,0.00962677,0.00962677
624,34629.9,0.55975,0.69226,0.95793,0.8828,0.95519,0.94826,0.84202,0.64338,0.8709,0.91581,0.00962558,0.00962558,0.00962558
625,34679.2,0.55141,0.70307,0.95675,0.88199,0.95519,0.94811,0.84185,0.64306,0.87055,0.91615,0.00962439,0.00962439,0.00962439
626,34729.5,0.55094,0.67898,0.95305,0.88128,0.95519,0.94849,0.84242,0.64284,0.87041,0.91604,0.0096232,0.0096232,0.0096232
627,34779.8,0.56033,0.89432,0.95477,0.88308,0.95704,0.94828,0.84164,0.64278,0.86847,0.91623,0.00962201,0.00962201,0.00962201
628,34828.5,0.56288,0.69384,0.96478,0.88349,0.95602,0.94862,0.84234,0.64278,0.86895,0.91638,0.00962082,0.00962082,0.00962082
629,34877.4,0.56948,0.72473,0.96176,0.88126,0.95553,0.94849,0.84299,0.64315,0.86842,0.91682,0.00961962,0.00961962,0.00961962
630,34926.6,0.55609,0.70911,0.95423,0.87505,0.95784,0.94876,0.84335,0.64364,0.86896,0.91723,0.00961843,0.00961843,0.00961843
631,34976.2,0.56586,0.72577,0.95434,0.87815,0.95784,0.94895,0.84375,0.64308,0.8696,0.91706,0.00961723,0.00961723,0.00961723
632,35026.6,0.55195,0.71348,0.95894,0.87467,0.95784,0.94834,0.84307,0.64269,0.86864,0.91715,0.00961603,0.00961603,0.00961603
633,35075.8,0.5543,0.69656,0.9497,0.87324,0.95784,0.94831,0.84324,0.64223,0.86728,0.91687,0.00961483,0.00961483,0.00961483
634,35125.6,0.56476,0.74542,0.95949,0.88741,0.94081,0.94885,0.84346,0.64205,0.86769,0.91677,0.00961362,0.00961362,0.00961362
635,35176,0.54424,0.68605,0.94813,0.88728,0.94082,0.94899,0.8439,0.64214,0.86695,0.91678,0.00961242,0.00961242,0.00961242
636,35224.6,0.55308,0.66062,0.95264,0.88949,0.94082,0.94906,0.8441,0.64154,0.86644,0.91636,0.00961121,0.00961121,0.00961121
637,35273.5,0.56609,0.70822,0.95647,0.87804,0.95709,0.94938,0.84385,0.64124,0.86457,0.91601,0.00961,0.00961,0.00961
638,35321.9,0.55636,0.70088,0.95222,0.88434,0.94478,0.94928,0.84387,0.64154,0.86533,0.91613,0.00960879,0.00960879,0.00960879
639,35371.1,0.54799,0.67737,0.94953,0.88608,0.94478,0.94926,0.84393,0.64121,0.86638,0.91592,0.00960758,0.00960758,0.00960758
640,35420.5,0.57202,0.71539,0.96065,0.88631,0.94478,0.94934,0.84343,0.6411,0.86429,0.91588,0.00960636,0.00960636,0.00960636
641,35470,0.55509,0.69063,0.96231,0.88735,0.94593,0.94935,0.84417,0.64102,0.86357,0.91564,0.00960515,0.00960515,0.00960515
642,35518.3,0.55297,0.70106,0.95277,0.88757,0.94639,0.94951,0.8441,0.64079,0.86312,0.91545,0.00960393,0.00960393,0.00960393
643,35567.9,0.54379,0.6789,0.94529,0.8878,0.94642,0.94953,0.84453,0.64075,0.86155,0.9153,0.00960271,0.00960271,0.00960271
644,35618.3,0.55763,0.69669,0.95147,0.88837,0.94459,0.94926,0.8431,0.64024,0.85908,0.91515,0.00960149,0.00960149,0.00960149
645,35667.8,0.55793,0.72907,0.94968,0.88842,0.94465,0.94935,0.84368,0.6407,0.85717,0.9156,0.00960026,0.00960026,0.00960026
646,35717.7,0.55684,0.69477,0.94866,0.88872,0.94447,0.94938,0.84377,0.64024,0.85421,0.91509,0.00959904,0.00959904,0.00959904
647,35766.8,0.55365,0.6799,0.9562,0.89634,0.95468,0.94965,0.84348,0.63998,0.85381,0.91491,0.00959781,0.00959781,0.00959781
648,35815.9,0.56818,0.7004,0.9605,0.89633,0.95455,0.94957,0.84321,0.6395,0.85314,0.9148,0.00959658,0.00959658,0.00959658
649,35865,0.55714,0.70678,0.94948,0.89632,0.95445,0.9496,0.84343,0.6391,0.85407,0.91466,0.00959535,0.00959535,0.00959535
650,35914.3,0.53737,0.68731,0.94328,0.89628,0.95409,0.94977,0.84407,0.63901,0.85269,0.91488,0.00959412,0.00959412,0.00959412
651,35963.5,0.549,0.67743,0.95096,0.89626,0.95388,0.9497,0.84295,0.63892,0.85136,0.91485,0.00959289,0.00959289,0.00959289
652,36012,0.54864,0.6613,0.9529,0.89623,0.95365,0.94981,0.84453,0.63856,0.85232,0.91487,0.00959165,0.00959165,0.00959165
653,36060.7,0.54804,0.72787,0.9422,0.89828,0.95308,0.95047,0.8448,0.63808,0.85144,0.91481,0.00959041,0.00959041,0.00959041
654,36110.4,0.54817,0.68946,0.94451,0.89827,0.95306,0.95028,0.84545,0.63797,0.85235,0.91485,0.00958917,0.00958917,0.00958917
655,36159.7,0.55715,0.69712,0.95609,0.89842,0.95296,0.95025,0.84442,0.63711,0.85155,0.91465,0.00958793,0.00958793,0.00958793
656,36208.8,0.55815,0.68619,0.95647,0.89777,0.95297,0.9505,0.84551,0.63664,0.85078,0.91462,0.00958669,0.00958669,0.00958669
657,36258.4,0.55459,0.70567,0.94843,0.89658,0.95281,0.9505,0.84407,0.63649,0.8499,0.91441,0.00958544,0.00958544,0.00958544
658,36309.1,0.54918,0.68629,0.94971,0.89617,0.953,0.95057,0.84632,0.63637,0.84763,0.9146,0.0095842,0.0095842,0.0095842
659,36357.6,0.54961,0.68256,0.95605,0.89616,0.95292,0.95043,0.84502,0.63602,0.84728,0.91468,0.00958295,0.00958295,0.00958295
660,36406.6,0.54345,0.68032,0.94778,0.8962,0.95331,0.95045,0.84564,0.63624,0.84736,0.91469,0.0095817,0.0095817,0.0095817
661,36457.5,0.53887,0.66436,0.94314,0.89622,0.95346,0.95058,0.84429,0.63568,0.8456,0.91423,0.00958044,0.00958044,0.00958044
662,36506,0.5348,0.68699,0.9475,0.89626,0.9538,0.95095,0.84441,0.63584,0.84724,0.91446,0.00957919,0.00957919,0.00957919
663,36555,0.55956,0.71241,0.94967,0.89628,0.95401,0.951,0.84624,0.63587,0.84451,0.91474,0.00957793,0.00957793,0.00957793
664,36604.6,0.55776,0.69474,0.94904,0.89629,0.95406,0.95178,0.84729,0.6358,0.84254,0.91493,0.00957668,0.00957668,0.00957668
665,36653.7,0.54399,0.70136,0.94735,0.89626,0.95374,0.95129,0.84587,0.63603,0.84304,0.91511,0.00957542,0.00957542,0.00957542
666,36702.9,0.56194,0.70654,0.95736,0.89631,0.95424,0.95187,0.84651,0.63639,0.84425,0.91578,0.00957416,0.00957416,0.00957416
667,36751.4,0.55113,0.68936,0.94952,0.89628,0.95396,0.95187,0.84762,0.63645,0.84347,0.91583,0.00957289,0.00957289,0.00957289
668,36800.6,0.55206,0.67941,0.96024,0.89624,0.9536,0.95135,0.84422,0.63666,0.84335,0.91636,0.00957163,0.00957163,0.00957163
669,36850.6,0.54563,0.68341,0.94612,0.89626,0.95376,0.9518,0.84539,0.63704,0.84331,0.91695,0.00957036,0.00957036,0.00957036
670,36899,0.54966,0.69701,0.94301,0.8962,0.95319,0.95126,0.84482,0.6376,0.84119,0.91754,0.00956909,0.00956909,0.00956909
671,36947.7,0.54595,0.68439,0.94751,0.89007,0.94478,0.95171,0.84534,0.63777,0.83983,0.91787,0.00956782,0.00956782,0.00956782
672,36997.5,0.54436,0.69639,0.94855,0.8917,0.94694,0.95039,0.84414,0.63782,0.84182,0.91811,0.00956655,0.00956655,0.00956655
673,37047.8,0.55632,0.70464,0.94804,0.88918,0.94508,0.95139,0.84489,0.63821,0.84045,0.91872,0.00956528,0.00956528,0.00956528
674,37097,0.54781,0.6901,0.93924,0.88945,0.94717,0.95174,0.84451,0.63791,0.84147,0.91862,0.009564,0.009564,0.009564
675,37147.2,0.54571,0.68958,0.95164,0.88944,0.94492,0.95159,0.84471,0.6382,0.84091,0.91889,0.00956273,0.00956273,0.00956273
676,37199.6,0.53859,0.68727,0.93962,0.88939,0.94691,0.95121,0.84539,0.63846,0.84188,0.91888,0.00956145,0.00956145,0.00956145
677,37249,0.5672,0.69628,0.95825,0.88965,0.94611,0.95115,0.84602,0.63853,0.84282,0.91917,0.00956017,0.00956017,0.00956017
678,37299.8,0.55509,0.7014,0.95309,0.88979,0.94599,0.95085,0.84516,0.63909,0.84192,0.91985,0.00955888,0.00955888,0.00955888
679,37350.7,0.54449,0.68032,0.94756,0.88992,0.94596,0.95107,0.8454,0.6394,0.84128,0.92024,0.0095576,0.0095576,0.0095576
680,37399.4,0.53961,0.67547,0.94476,0.88994,0.94556,0.95136,0.84638,0.63893,0.84046,0.92012,0.00955631,0.00955631,0.00955631
681,37448.2,0.53938,0.67703,0.938,0.89012,0.94536,0.95102,0.84559,0.6388,0.8403,0.92058,0.00955502,0.00955502,0.00955502
682,37497.8,0.564,0.68335,0.95549,0.89016,0.94501,0.95115,0.84548,0.63911,0.83981,0.92109,0.00955373,0.00955373,0.00955373
683,37547,0.55822,0.70894,0.95613,0.89026,0.94402,0.95118,0.84836,0.63952,0.84004,0.92137,0.00955244,0.00955244,0.00955244
684,37596.6,0.54929,0.69601,0.94102,0.89054,0.94317,0.9512,0.84797,0.63983,0.83985,0.92182,0.00955115,0.00955115,0.00955115
685,37646.5,0.55077,0.67807,0.94434,0.89081,0.94238,0.95128,0.84824,0.63965,0.83751,0.92174,0.00954986,0.00954986,0.00954986
686,37696.8,0.54385,0.67202,0.94314,0.8909,0.94,0.95162,0.84616,0.63948,0.83731,0.92157,0.00954856,0.00954856,0.00954856
687,37746.8,0.5465,0.69506,0.95186,0.89124,0.94047,0.95159,0.84881,0.63896,0.8372,0.92137,0.00954726,0.00954726,0.00954726
688,37796.1,0.54641,0.67819,0.94861,0.89139,0.94059,0.95166,0.84861,0.63865,0.83575,0.92108,0.00954596,0.00954596,0.00954596
689,37848.2,0.55825,0.71837,0.95334,0.89166,0.94075,0.95099,0.84761,0.6382,0.83804,0.92077,0.00954466,0.00954466,0.00954466
690,37898.1,0.54982,0.73952,0.94385,0.88957,0.94086,0.95147,0.84871,0.63843,0.83897,0.92077,0.00954335,0.00954335,0.00954335
691,37948.7,0.54571,0.69649,0.94927,0.88957,0.94125,0.95206,0.84845,0.63795,0.8391,0.92045,0.00954205,0.00954205,0.00954205
692,37998.9,0.54638,0.69455,0.94974,0.88995,0.94128,0.95181,0.84812,0.63807,0.83946,0.92047,0.00954074,0.00954074,0.00954074
693,38047.9,0.53819,0.67847,0.94053,0.88929,0.94192,0.95195,0.84851,0.63855,0.83986,0.92099,0.00953943,0.00953943,0.00953943
694,38097.3,0.54218,0.68846,0.94457,0.88943,0.94187,0.95206,0.84852,0.63865,0.83866,0.92094,0.00953812,0.00953812,0.00953812
695,38144.7,0.54726,0.69217,0.94576,0.88948,0.94177,0.9521,0.84858,0.63825,0.84015,0.92062,0.00953681,0.00953681,0.00953681
696,38193.4,0.55863,0.68179,0.95637,0.89182,0.94169,0.95205,0.84842,0.63745,0.84051,0.92018,0.00953549,0.00953549,0.00953549
697,38242.1,0.55772,0.68465,0.95092,0.89205,0.94181,0.95229,0.84874,0.63763,0.84021,0.92046,0.00953418,0.00953418,0.00953418
698,38292.1,0.53784,0.77438,0.94632,0.89181,0.94174,0.95245,0.84888,0.63744,0.84222,0.92047,0.00953286,0.00953286,0.00953286
699,38341.6,0.55103,0.70749,0.95597,0.89192,0.94176,0.95216,0.84907,0.63688,0.84352,0.92014,0.00953154,0.00953154,0.00953154
700,38391.4,0.53773,0.67476,0.93894,0.89226,0.94197,0.95243,0.84922,0.63602,0.84299,0.91991,0.00953022,0.00953022,0.00953022
701,38440.1,0.55235,0.6982,0.94831,0.88997,0.94248,0.95214,0.84883,0.63608,0.84408,0.92022,0.00952889,0.00952889,0.00952889
702,38489.2,0.56278,0.70635,0.95302,0.88994,0.94325,0.95205,0.84891,0.63623,0.84537,0.9205,0.00952757,0.00952757,0.00952757
703,38537.7,0.54059,0.84871,0.92751,0.88954,0.94357,0.95212,0.84891,0.63635,0.84556,0.92082,0.00952624,0.00952624,0.00952624
704,38587.3,0.56584,0.72058,0.95662,0.88856,0.94474,0.95243,0.84942,0.63633,0.8467,0.92122,0.00952491,0.00952491,0.00952491
705,38637.1,0.54086,0.69169,0.94668,0.8865,0.94742,0.95253,0.84917,0.63611,0.84538,0.92113,0.00952358,0.00952358,0.00952358
706,38686.4,0.53651,0.67704,0.94581,0.90157,0.9385,0.95233,0.84945,0.63571,0.84431,0.92134,0.00952225,0.00952225,0.00952225
707,38735.3,0.56257,0.69718,0.96213,0.90165,0.93929,0.9527,0.84998,0.63569,0.84658,0.92227,0.00952092,0.00952092,0.00952092
708,38784.7,0.54907,0.70028,0.94644,0.90174,0.94017,0.95251,0.8507,0.6354,0.84761,0.92206,0.00951958,0.00951958,0.00951958
709,38832.5,0.54595,0.67353,0.9458,0.90176,0.94038,0.95225,0.84957,0.63608,0.84703,0.92286,0.00951824,0.00951824,0.00951824
710,38881.9,0.53251,0.67758,0.94444,0.90172,0.93997,0.95237,0.84927,0.63641,0.84818,0.92354,0.0095169,0.0095169,0.0095169
711,38931.6,0.52892,0.65109,0.93848,0.90173,0.94006,0.95212,0.84873,0.63632,0.85054,0.92398,0.00951556,0.00951556,0.00951556
712,38981.3,0.54339,0.69325,0.94709,0.90168,0.93954,0.95216,0.84819,0.63645,0.85132,0.92441,0.00951422,0.00951422,0.00951422
713,39031.5,0.52786,0.67847,0.94675,0.90166,0.93934,0.9524,0.84843,0.63635,0.85199,0.92447,0.00951288,0.00951288,0.00951288
714,39081.2,0.53861,0.68927,0.9382,0.88819,0.94742,0.95206,0.8484,0.63681,0.8533,0.92476,0.00951153,0.00951153,0.00951153
715,39129.8,0.55698,0.68837,0.95559,0.90164,0.93914,0.95201,0.84829,0.63695,0.85194,0.92542,0.00951018,0.00951018,0.00951018
716,39178.4,0.54745,0.7002,0.95729,0.90162,0.93897,0.95251,0.84934,0.63677,0.8504,0.92569,0.00950883,0.00950883,0.00950883
717,39228.6,0.53947,0.68597,0.94593,0.90164,0.9391,0.95274,0.84847,0.63638,0.85011,0.92579,0.00950748,0.00950748,0.00950748
718,39278.4,0.54145,0.6844,0.95098,0.90165,0.93929,0.95213,0.8479,0.63644,0.85042,0.92555,0.00950613,0.00950613,0.00950613
719,39329.6,0.53869,0.6813,0.94444,0.90166,0.93939,0.95246,0.8486,0.6363,0.8474,0.9255,0.00950477,0.00950477,0.00950477
720,39382.3,0.54408,0.68389,0.94492,0.90166,0.93929,0.95236,0.84907,0.63621,0.84572,0.92543,0.00950341,0.00950341,0.00950341
721,39434.8,0.5334,0.67591,0.93435,0.90389,0.93916,0.95317,0.84982,0.63591,0.84471,0.92504,0.00950206,0.00950206,0.00950206
722,39485.9,0.54094,0.654,0.9441,0.90389,0.93915,0.95375,0.85064,0.63546,0.84426,0.92488,0.0095007,0.0095007,0.0095007
723,39537.4,0.54143,0.65321,0.94872,0.90252,0.93779,0.95363,0.85049,0.63558,0.84364,0.92486,0.00949933,0.00949933,0.00949933
724,39589,0.54492,0.67292,0.93991,0.88685,0.95007,0.95227,0.84943,0.63568,0.84366,0.92507,0.00949797,0.00949797,0.00949797
725,39640.5,0.54614,0.67273,0.94604,0.88775,0.95007,0.9517,0.84914,0.63536,0.84345,0.92482,0.0094966,0.0094966,0.0094966
726,39691.3,0.54147,0.66752,0.94091,0.88798,0.95007,0.95188,0.84915,0.63546,0.84497,0.92491,0.00949524,0.00949524,0.00949524
727,39742.3,0.5588,0.67755,0.9491,0.88783,0.95007,0.95218,0.84912,0.63552,0.84713,0.92496,0.00949387,0.00949387,0.00949387
728,39793.2,0.53488,0.67491,0.93842,0.88643,0.95007,0.95168,0.84828,0.63561,0.84687,0.92511,0.0094925,0.0094925,0.0094925
729,39844.7,0.53287,0.64779,0.94241,0.88646,0.94949,0.95173,0.84936,0.63562,0.84797,0.92508,0.00949112,0.00949112,0.00949112
730,39897.4,0.54619,0.88625,0.93637,0.88645,0.94973,0.95161,0.84889,0.63569,0.84979,0.92532,0.00948975,0.00948975,0.00948975
731,39951,0.54963,0.67712,0.95135,0.88624,0.9498,0.95166,0.84918,0.63585,0.85043,0.92557,0.00948837,0.00948837,0.00948837
732,40002.7,0.5336,0.70676,0.93069,0.90073,0.93768,0.95296,0.84989,0.63592,0.85169,0.92567,0.009487,0.009487,0.009487
733,40054,0.54649,0.71642,0.94264,0.90073,0.93767,0.95236,0.85018,0.63576,0.85284,0.92559,0.00948562,0.00948562,0.00948562
734,40105.6,0.531,0.66755,0.937,0.90081,0.93784,0.95316,0.85095,0.63539,0.85268,0.92528,0.00948423,0.00948423,0.00948423
735,40157.5,0.53556,0.68823,0.94141,0.90109,0.93775,0.95331,0.85111,0.63533,0.85303,0.92551,0.00948285,0.00948285,0.00948285
736,40209.3,0.53838,0.69048,0.94815,0.90115,0.93779,0.95252,0.85119,0.63491,0.8539,0.92543,0.00948147,0.00948147,0.00948147
737,40261.7,0.54799,0.66599,0.94749,0.90113,0.93781,0.95243,0.85053,0.63487,0.85407,0.92549,0.00948008,0.00948008,0.00948008
738,40313.1,0.54115,0.66804,0.94743,0.90075,0.93777,0.95284,0.85002,0.6345,0.85549,0.92532,0.00947869,0.00947869,0.00947869
739,40363.9,0.53824,0.66408,0.95299,0.88565,0.95007,0.9523,0.8506,0.63434,0.85734,0.92536,0.0094773,0.0094773,0.0094773
740,40415.5,0.54326,0.67445,0.9489,0.88609,0.95007,0.95249,0.84977,0.63431,0.857,0.92553,0.00947591,0.00947591,0.00947591
741,40467.3,0.5322,0.68247,0.93588,0.88655,0.95007,0.95236,0.84905,0.63416,0.85741,0.92557,0.00947452,0.00947452,0.00947452
742,40518.7,0.54261,0.68631,0.944,0.88662,0.95007,0.95314,0.85114,0.63444,0.85764,0.92581,0.00947312,0.00947312,0.00947312
743,40570.4,0.53807,0.6526,0.94129,0.88677,0.95007,0.95257,0.84973,0.63439,0.8584,0.92591,0.00947172,0.00947172,0.00947172
744,40621.8,0.55127,0.67252,0.94826,0.8874,0.95007,0.95274,0.84954,0.63468,0.85896,0.92618,0.00947032,0.00947032,0.00947032
745,40672.8,0.55002,0.66728,0.95103,0.88998,0.95007,0.9531,0.85084,0.6344,0.85865,0.92629,0.00946892,0.00946892,0.00946892
746,40724.6,0.5446,0.69105,0.95622,0.89084,0.95007,0.95325,0.84919,0.63425,0.85912,0.92636,0.00946752,0.00946752,0.00946752
747,40777.8,0.54275,0.68478,0.94747,0.89117,0.94976,0.95259,0.85103,0.63396,0.86019,0.92628,0.00946612,0.00946612,0.00946612
748,40830,0.53742,0.68827,0.94818,0.89132,0.94955,0.95312,0.85125,0.63342,0.858,0.92609,0.00946471,0.00946471,0.00946471
749,40881.2,0.53961,0.67467,0.94472,0.89141,0.94933,0.95327,0.85069,0.63324,0.85995,0.92626,0.0094633,0.0094633,0.0094633
750,40933.2,0.5516,0.68273,0.95013,0.89104,0.94857,0.95299,0.8502,0.63281,0.86128,0.92637,0.00946189,0.00946189,0.00946189
751,40985.3,0.5369,0.68027,0.93453,0.89098,0.94752,0.95348,0.85083,0.63284,0.86028,0.9267,0.00946048,0.00946048,0.00946048
752,41035.3,0.54206,0.67958,0.94146,0.89076,0.94726,0.95368,0.85082,0.63278,0.86177,0.92682,0.00945907,0.00945907,0.00945907
753,41087.5,0.53873,0.67132,0.93568,0.89054,0.94737,0.95366,0.85218,0.63264,0.86067,0.92672,0.00945765,0.00945765,0.00945765
754,41137.8,0.54364,0.67937,0.94189,0.89046,0.94733,0.95381,0.85176,0.63231,0.86067,0.92654,0.00945624,0.00945624,0.00945624
755,41189,0.54184,0.66648,0.94547,0.88816,0.94748,0.95284,0.8494,0.63192,0.86133,0.9263,0.00945482,0.00945482,0.00945482
756,41241.1,0.54125,0.70525,0.94079,0.8881,0.94664,0.95286,0.8498,0.63198,0.85999,0.92646,0.0094534,0.0094534,0.0094534
757,41293.1,0.53903,0.67176,0.94794,0.88772,0.94478,0.95293,0.85156,0.63142,0.85837,0.92626,0.00945198,0.00945198,0.00945198
758,41344.7,0.52349,0.64635,0.93501,0.88761,0.94535,0.95374,0.85163,0.63154,0.85928,0.92632,0.00945056,0.00945056,0.00945056
759,41396.3,0.55501,0.6785,0.94859,0.88766,0.94586,0.95372,0.85089,0.63133,0.8595,0.92624,0.00944913,0.00944913,0.00944913
760,41447.8,0.52897,0.6672,0.94371,0.88743,0.94648,0.95421,0.85165,0.63099,0.85795,0.92632,0.0094477,0.0094477,0.0094477
761,41499.4,0.53405,0.65377,0.93721,0.88676,0.95763,0.95462,0.85212,0.63083,0.8582,0.9261,0.00944628,0.00944628,0.00944628
762,41550.4,0.54152,0.70322,0.94447,0.88754,0.94621,0.95437,0.85302,0.63024,0.85632,0.92587,0.00944485,0.00944485,0.00944485
763,41601.5,0.54255,0.70843,0.95074,0.88758,0.94658,0.95331,0.85145,0.63,0.85529,0.92582,0.00944341,0.00944341,0.00944341
764,41653.6,0.52837,0.64828,0.9238,0.88748,0.94674,0.95383,0.85162,0.62989,0.85576,0.92589,0.00944198,0.00944198,0.00944198
765,41704.8,0.54811,0.67496,0.9464,0.88747,0.95782,0.95435,0.85115,0.62967,0.85437,0.92561,0.00944054,0.00944054,0.00944054
766,41756.3,0.53103,0.67067,0.94111,0.88713,0.94732,0.95472,0.85085,0.62928,0.85469,0.92544,0.00943911,0.00943911,0.00943911
767,41808.7,0.53309,0.66524,0.93531,0.88688,0.94742,0.95378,0.84975,0.62854,0.85355,0.92517,0.00943767,0.00943767,0.00943767
768,41860.3,0.53722,0.6681,0.94475,0.8874,0.95783,0.95385,0.8499,0.62839,0.854,0.92509,0.00943623,0.00943623,0.00943623
769,41910.8,0.54912,0.69475,0.95189,0.8875,0.95788,0.9539,0.84997,0.62774,0.85382,0.92477,0.00943478,0.00943478,0.00943478
770,41961.7,0.53894,0.66764,0.93806,0.88773,0.95774,0.95372,0.85095,0.62781,0.85495,0.92477,0.00943334,0.00943334,0.00943334
771,42013,0.52505,0.65301,0.92557,0.88798,0.95738,0.95487,0.85289,0.6278,0.85513,0.92488,0.00943189,0.00943189,0.00943189
772,42065.7,0.5322,0.70287,0.94712,0.88797,0.95726,0.95421,0.85345,0.62695,0.85407,0.92469,0.00943045,0.00943045,0.00943045
773,42117.3,0.52176,0.66753,0.93466,0.88791,0.95679,0.95432,0.85362,0.62667,0.8536,0.9245,0.009429,0.009429,0.009429
774,42169.1,0.53758,0.65943,0.92947,0.88787,0.95638,0.95415,0.85312,0.62662,0.85597,0.92459,0.00942755,0.00942755,0.00942755
775,42219.7,0.53907,0.66358,0.94052,0.88787,0.9564,0.95512,0.85525,0.62627,0.85595,0.92432,0.00942609,0.00942609,0.00942609
776,42271.6,0.53426,0.67704,0.93352,0.88783,0.95614,0.95512,0.85498,0.62581,0.85612,0.92416,0.00942464,0.00942464,0.00942464
777,42322.3,0.52067,0.65797,0.94169,0.88778,0.95575,0.95516,0.85482,0.6252,0.85674,0.92371,0.00942318,0.00942318,0.00942318
778,42373.9,0.53155,0.65352,0.9385,0.88741,0.95533,0.95546,0.85472,0.625,0.85688,0.92358,0.00942173,0.00942173,0.00942173
779,42425.6,0.54561,0.64774,0.94341,0.88772,0.95524,0.95494,0.85481,0.62479,0.8568,0.92352,0.00942027,0.00942027,0.00942027
780,42476.9,0.52743,0.66533,0.93086,0.88546,0.95132,0.95487,0.85454,0.62424,0.85808,0.92329,0.0094188,0.0094188,0.0094188
781,42528.3,0.53091,0.68687,0.94756,0.8856,0.95133,0.95475,0.85399,0.62367,0.85801,0.92317,0.00941734,0.00941734,0.00941734
782,42579.6,0.53229,0.64686,0.93073,0.88645,0.95113,0.95504,0.85567,0.62359,0.85862,0.92317,0.00941588,0.00941588,0.00941588
783,42632.4,0.53616,0.66133,0.94242,0.88695,0.95077,0.9549,0.85415,0.62305,0.85898,0.9229,0.00941441,0.00941441,0.00941441
784,42683.7,0.53518,0.67177,0.94016,0.88922,0.94908,0.95498,0.85469,0.62309,0.85815,0.92309,0.00941294,0.00941294,0.00941294
785,42736.4,0.54469,0.65692,0.94703,0.88533,0.95306,0.95472,0.85399,0.62262,0.85752,0.92297,0.00941147,0.00941147,0.00941147
786,42787.6,0.54596,0.69833,0.95383,0.88762,0.95435,0.95471,0.85427,0.62234,0.85751,0.92278,0.00941,0.00941,0.00941
787,42839,0.5382,0.66328,0.93923,0.88766,0.95467,0.95499,0.85489,0.62243,0.85626,0.92291,0.00940853,0.00940853,0.00940853
788,42890.9,0.53855,0.67305,0.94703,0.88765,0.95462,0.95458,0.85537,0.62182,0.85567,0.92263,0.00940705,0.00940705,0.00940705
789,42942.4,0.53845,0.67872,0.94431,0.8859,0.95249,0.95373,0.85298,0.62107,0.85473,0.92241,0.00940557,0.00940557,0.00940557
790,42995.1,0.52956,0.74037,0.93519,0.88544,0.95395,0.95446,0.85353,0.62079,0.85513,0.92245,0.0094041,0.0094041,0.0094041
791,43048.7,0.53523,0.6714,0.9419,0.8855,0.95445,0.95453,0.85441,0.62025,0.85582,0.92238,0.00940262,0.00940262,0.00940262
792,43100.9,0.53829,0.65118,0.94238,0.88765,0.95469,0.95452,0.85445,0.62009,0.85441,0.92252,0.00940113,0.00940113,0.00940113
793,43152.1,0.5296,0.65619,0.935,0.8876,0.95428,0.95461,0.85346,0.62011,0.85347,0.92274,0.00939965,0.00939965,0.00939965
794,43203.8,0.53486,0.76953,0.9351,0.8876,0.95431,0.95412,0.85367,0.61994,0.85408,0.92269,0.00939816,0.00939816,0.00939816
795,43254.5,0.52295,0.7088,0.93338,0.88766,0.95486,0.95413,0.8552,0.6198,0.85442,0.92285,0.00939668,0.00939668,0.00939668
796,43305.2,0.52779,0.66558,0.9401,0.88552,0.95486,0.95423,0.85597,0.61956,0.85371,0.92288,0.00939519,0.00939519,0.00939519
797,43356.1,0.53401,0.67707,0.93199,0.88551,0.95473,0.955,0.85723,0.61932,0.85449,0.92296,0.0093937,0.0093937,0.0093937
798,43408.1,0.53746,0.66254,0.93927,0.88549,0.95453,0.95446,0.85816,0.61893,0.85413,0.92282,0.00939221,0.00939221,0.00939221
799,43460,0.53972,0.66967,0.94702,0.88548,0.9544,0.95446,0.85665,0.6187,0.85509,0.92293,0.00939071,0.00939071,0.00939071
800,43510.6,0.54312,0.66833,0.94572,0.88549,0.95446,0.95418,0.85756,0.61833,0.85281,0.92325,0.00938922,0.00938922,0.00938922
801,43560.9,0.53659,0.69721,0.94086,0.88548,0.95438,0.95452,0.85808,0.61839,0.8523,0.92334,0.00938772,0.00938772,0.00938772
802,43612.3,0.53105,0.66464,0.94129,0.88547,0.95426,0.95452,0.85846,0.61833,0.85363,0.92373,0.00938622,0.00938622,0.00938622
803,43663.7,0.54921,0.67727,0.9486,0.88549,0.95444,0.95445,0.857,0.61815,0.85314,0.92371,0.00938472,0.00938472,0.00938472
804,43715,0.53388,0.66371,0.94577,0.88549,0.95441,0.95409,0.85685,0.61767,0.85106,0.92364,0.00938322,0.00938322,0.00938322
805,43765,0.53374,0.67458,0.93994,0.8855,0.95457,0.95456,0.85928,0.61726,0.85109,0.92349,0.00938171,0.00938171,0.00938171
806,43815.4,0.53408,0.65752,0.94946,0.88548,0.95434,0.95416,0.85719,0.61798,0.85441,0.9244,0.0093802,0.0093802,0.0093802
807,43865.8,0.53935,0.67223,0.93934,0.88544,0.95393,0.95414,0.85758,0.61803,0.85251,0.92449,0.0093787,0.0093787,0.0093787
808,43915.9,0.54392,0.66125,0.93989,0.88544,0.95393,0.95436,0.85908,0.61819,0.85221,0.92462,0.00937719,0.00937719,0.00937719
809,43965.9,0.5373,0.66319,0.94424,0.88543,0.95385,0.95471,0.85828,0.61732,0.84708,0.92419,0.00937568,0.00937568,0.00937568
810,44015.9,0.53295,0.66666,0.9373,0.88543,0.95388,0.95486,0.85856,0.61796,0.85153,0.92498,0.00937416,0.00937416,0.00937416
811,44067.3,0.52777,0.65337,0.93554,0.88527,0.95258,0.95476,0.85934,0.61749,0.85125,0.92505,0.00937265,0.00937265,0.00937265
812,44118.6,0.54078,0.66268,0.94181,0.88762,0.95257,0.95472,0.85679,0.61744,0.85266,0.92523,0.00937113,0.00937113,0.00937113
813,44169.6,0.53194,0.64879,0.93719,0.88776,0.95249,0.95491,0.8588,0.61709,0.85373,0.92534,0.00936961,0.00936961,0.00936961
814,44220.3,0.53729,0.6678,0.94206,0.88787,0.95239,0.95492,0.85947,0.617,0.85255,0.92515,0.0093681,0.0093681,0.0093681
815,44272.3,0.53229,0.65178,0.94053,0.88778,0.95244,0.95466,0.85865,0.61586,0.84796,0.92423,0.00936657,0.00936657,0.00936657
816,44324.6,0.52817,0.66986,0.94344,0.88767,0.9524,0.95444,0.85872,0.61592,0.85016,0.92385,0.00936505,0.00936505,0.00936505
817,44376.3,0.53385,0.66535,0.9446,0.88754,0.95247,0.95432,0.85819,0.61606,0.85094,0.92405,0.00936353,0.00936353,0.00936353
818,44427.9,0.5231,0.65095,0.93401,0.88732,0.9525,0.95389,0.85559,0.61569,0.85056,0.9237,0.009362,0.009362,0.009362
819,44478.7,0.52968,0.66523,0.93961,0.88736,0.95246,0.95449,0.85847,0.61592,0.85161,0.92387,0.00936047,0.00936047,0.00936047
820,44531.3,0.52354,0.64194,0.92986,0.88897,0.95202,0.95428,0.85831,0.61641,0.85213,0.92381,0.00935894,0.00935894,0.00935894
821,44581.2,0.52616,0.65993,0.94035,0.88915,0.95205,0.95378,0.85751,0.61563,0.85163,0.92324,0.00935741,0.00935741,0.00935741
822,44631.6,0.53716,0.6958,0.93772,0.88932,0.95225,0.95388,0.8568,0.6156,0.85005,0.92314,0.00935588,0.00935588,0.00935588
823,44682.7,0.52319,0.66215,0.9304,0.8895,0.95188,0.95416,0.8588,0.61547,0.8511,0.92304,0.00935434,0.00935434,0.00935434
824,44734.2,0.53461,0.6451,0.94147,0.88949,0.95177,0.9539,0.85819,0.6155,0.85109,0.92301,0.0093528,0.0093528,0.0093528
825,44785.5,0.53572,0.66549,0.93995,0.88948,0.95163,0.95389,0.85757,0.61523,0.85091,0.92292,0.00935127,0.00935127,0.00935127
826,44836.7,0.53938,0.6695,0.94867,0.88942,0.95101,0.95373,0.85539,0.61487,0.85193,0.9227,0.00934973,0.00934973,0.00934973
827,44888.6,0.52381,0.64682,0.9354,0.88939,0.95072,0.95291,0.85617,0.61486,0.85264,0.92271,0.00934818,0.00934818,0.00934818
828,44940.8,0.52863,0.67261,0.93633,0.88938,0.95062,0.95289,0.8565,0.6148,0.8515,0.92247,0.00934664,0.00934664,0.00934664
829,44992.5,0.53803,0.67235,0.9439,0.88938,0.95119,0.95261,0.85766,0.61438,0.85152,0.92238,0.0093451,0.0093451,0.0093451
830,45043.3,0.53172,0.65071,0.9413,0.88937,0.95055,0.95257,0.85733,0.61387,0.85071,0.92196,0.00934355,0.00934355,0.00934355
831,45094.9,0.54149,0.65982,0.94233,0.8894,0.95079,0.95262,0.85799,0.61428,0.85336,0.92289,0.009342,0.009342,0.009342
832,45146.3,0.53297,0.66641,0.93767,0.88941,0.95104,0.95264,0.85762,0.61435,0.85344,0.92281,0.00934045,0.00934045,0.00934045
833,45198.6,0.53895,0.80784,0.93544,0.88935,0.95063,0.95235,0.85749,0.61406,0.85564,0.92292,0.0093389,0.0093389,0.0093389
834,45248.7,0.51376,0.64255,0.93281,0.88944,0.95154,0.95227,0.85674,0.61411,0.85498,0.9228,0.00933734,0.00933734,0.00933734
835,45298.4,0.53115,0.66465,0.93761,0.90063,0.93538,0.95094,0.85634,0.6144,0.85568,0.92298,0.00933579,0.00933579,0.00933579
836,45350.2,0.51726,0.63736,0.93674,0.90128,0.93601,0.95104,0.85724,0.61426,0.8565,0.92281,0.00933423,0.00933423,0.00933423
837,45402.5,0.52934,0.67785,0.93784,0.9013,0.93615,0.95164,0.85724,0.61416,0.8566,0.92291,0.00933267,0.00933267,0.00933267
838,45455,0.53411,0.67065,0.94417,0.90131,0.93633,0.95153,0.85881,0.61342,0.85429,0.92242,0.00933111,0.00933111,0.00933111
839,45507.7,0.52407,0.65735,0.94057,0.90133,0.93656,0.95119,0.8571,0.61331,0.85457,0.92277,0.00932955,0.00932955,0.00932955
840,45558.2,0.53541,0.63427,0.94434,0.90133,0.93656,0.95137,0.8589,0.61303,0.85482,0.92234,0.00932799,0.00932799,0.00932799
841,45609.9,0.52005,0.63735,0.93568,0.9013,0.93633,0.95123,0.85813,0.61314,0.85545,0.92238,0.00932642,0.00932642,0.00932642
842,45661.9,0.51896,0.66406,0.93611,0.90128,0.93617,0.95117,0.85872,0.6136,0.85673,0.92243,0.00932485,0.00932485,0.00932485
843,45713.6,0.52827,0.66674,0.94459,0.90121,0.93547,0.95118,0.85752,0.61357,0.85704,0.92251,0.00932328,0.00932328,0.00932328
844,45763.5,0.52838,0.64953,0.94576,0.90115,0.93497,0.9512,0.85899,0.61356,0.85729,0.9222,0.00932171,0.00932171,0.00932171
845,45814,0.51922,0.64546,0.92483,0.89308,0.9386,0.95088,0.85888,0.61379,0.8588,0.9221,0.00932014,0.00932014,0.00932014
846,45864.7,0.54108,0.72976,0.94874,0.89253,0.93889,0.95088,0.8594,0.61376,0.85942,0.92181,0.00931857,0.00931857,0.00931857
847,45913.6,0.53628,0.65709,0.94764,0.90109,0.93437,0.95088,0.85832,0.61375,0.85817,0.92196,0.00931699,0.00931699,0.00931699
848,45963.6,0.52481,0.66014,0.94089,0.90108,0.9342,0.95052,0.85875,0.61383,0.85921,0.92229,0.00931542,0.00931542,0.00931542
849,46013.5,0.52583,0.65275,0.93434,0.90105,0.93396,0.95077,0.85809,0.61429,0.86046,0.92251,0.00931384,0.00931384,0.00931384
850,46063.1,0.52481,0.6394,0.93706,0.90104,0.93391,0.95071,0.85794,0.61402,0.85937,0.92238,0.00931226,0.00931226,0.00931226
851,46113.3,0.52677,0.65065,0.92288,0.90102,0.93375,0.9509,0.85843,0.6139,0.85846,0.92231,0.00931067,0.00931067,0.00931067
852,46163.9,0.52231,0.652,0.93263,0.90098,0.93334,0.95098,0.85846,0.61358,0.85868,0.92193,0.00930909,0.00930909,0.00930909
853,46214,0.53757,0.67432,0.94349,0.88658,0.94746,0.95075,0.85836,0.61383,0.85733,0.92227,0.0093075,0.0093075,0.0093075
854,46264.9,0.52404,0.67368,0.94464,0.88466,0.94746,0.95075,0.85833,0.61358,0.85715,0.92222,0.00930592,0.00930592,0.00930592
855,46316.2,0.53267,0.66017,0.94244,0.88782,0.94762,0.95054,0.85708,0.61413,0.86173,0.92272,0.00930433,0.00930433,0.00930433
856,46368.7,0.53347,0.66921,0.93961,0.90304,0.93209,0.95075,0.85719,0.61447,0.85987,0.92285,0.00930274,0.00930274,0.00930274
857,46421.7,0.5422,0.6477,0.95334,0.90317,0.93227,0.95105,0.85698,0.61423,0.86113,0.92287,0.00930114,0.00930114,0.00930114
858,46473.6,0.51553,0.64561,0.93276,0.90346,0.93244,0.95093,0.85824,0.61422,0.86001,0.92288,0.00929955,0.00929955,0.00929955
859,46525.7,0.53018,0.64576,0.93342,0.90386,0.93245,0.95149,0.85677,0.6145,0.85953,0.92289,0.00929795,0.00929795,0.00929795
860,46576.7,0.52638,0.62463,0.93931,0.90399,0.93237,0.95068,0.85659,0.61393,0.85809,0.92269,0.00929636,0.00929636,0.00929636
861,46628.4,0.52267,0.64716,0.93942,0.90374,0.93251,0.95072,0.85651,0.61383,0.85891,0.92239,0.00929476,0.00929476,0.00929476
862,46679.5,0.53247,0.66267,0.93646,0.90278,0.93251,0.95044,0.8574,0.61335,0.85808,0.92237,0.00929316,0.00929316,0.00929316
863,46729.7,0.52423,0.66806,0.93595,0.90199,0.93282,0.95051,0.85825,0.61328,0.85832,0.92248,0.00929155,0.00929155,0.00929155
864,46780.2,0.54182,0.67646,0.95336,0.90203,0.93275,0.95056,0.85658,0.61296,0.8574,0.92219,0.00928995,0.00928995,0.00928995
865,46830.8,0.53292,0.64286,0.9471,0.90189,0.93271,0.95097,0.85749,0.61293,0.85723,0.92215,0.00928834,0.00928834,0.00928834
866,46882.3,0.53187,0.71386,0.93852,0.90189,0.93277,0.95108,0.85731,0.61307,0.85517,0.92198,0.00928674,0.00928674,0.00928674
867,46930.6,0.51199,0.63354,0.93265,0.90181,0.93276,0.95046,0.85721,0.6138,0.85658,0.92239,0.00928513,0.00928513,0.00928513
868,46979.6,0.52077,0.64225,0.93278,0.90178,0.93276,0.95022,0.85821,0.61325,0.85738,0.92216,0.00928352,0.00928352,0.00928352
869,47030.9,0.54225,0.68113,0.94852,0.90161,0.93281,0.95053,0.85848,0.61373,0.85839,0.92272,0.0092819,0.0092819,0.0092819
870,47080.9,0.52692,0.63715,0.93445,0.90147,0.93286,0.95047,0.85886,0.61359,0.85813,0.92275,0.00928029,0.00928029,0.00928029
871,47131.9,0.51483,0.66133,0.93902,0.90139,0.93292,0.95076,0.85807,0.61364,0.85918,0.92288,0.00927867,0.00927867,0.00927867
872,47181.9,0.51845,0.64789,0.9307,0.90141,0.93295,0.95039,0.85761,0.61388,0.85904,0.92279,0.00927706,0.00927706,0.00927706
873,47233.6,0.52875,0.66043,0.93582,0.9014,0.93292,0.95131,0.85818,0.61377,0.85927,0.92276,0.00927544,0.00927544,0.00927544
874,47284.5,0.51568,0.63931,0.93524,0.90132,0.93289,0.95069,0.85971,0.61391,0.85962,0.92297,0.00927382,0.00927382,0.00927382
875,47336.3,0.52077,0.65007,0.93879,0.9012,0.93293,0.9512,0.85759,0.6132,0.85811,0.92255,0.00927219,0.00927219,0.00927219
876,47387.4,0.51447,0.6443,0.92955,0.90112,0.9329,0.95072,0.85996,0.61272,0.85738,0.92236,0.00927057,0.00927057,0.00927057
877,47438.1,0.51338,0.64546,0.92839,0.90096,0.9329,0.95087,0.85922,0.61179,0.8557,0.92177,0.00926894,0.00926894,0.00926894
878,47488.6,0.53586,0.65783,0.93977,0.90092,0.93281,0.95089,0.85939,0.61191,0.85634,0.92169,0.00926732,0.00926732,0.00926732
879,47539.9,0.53134,0.63689,0.9368,0.90093,0.93287,0.9515,0.85873,0.61188,0.85729,0.92195,0.00926569,0.00926569,0.00926569
880,47591.2,0.536,0.65228,0.95076,0.90093,0.93295,0.95031,0.85962,0.61166,0.85561,0.92205,0.00926406,0.00926406,0.00926406
881,47641.7,0.52689,0.67121,0.93019,0.90097,0.93331,0.95009,0.85995,0.61127,0.85514,0.92192,0.00926242,0.00926242,0.00926242
882,47693.6,0.5327,0.79203,0.92972,0.90099,0.93351,0.95041,0.86164,0.61145,0.85654,0.92205,0.00926079,0.00926079,0.00926079
883,47744.7,0.52641,0.64555,0.94903,0.90097,0.93331,0.95016,0.8605,0.61118,0.8555,0.92168,0.00925915,0.00925915,0.00925915
884,47795.9,0.53596,0.66572,0.9494,0.90099,0.93346,0.95039,0.85983,0.61077,0.85393,0.92137,0.00925752,0.00925752,0.00925752
885,47846.8,0.52903,0.65199,0.94833,0.90101,0.93367,0.95012,0.86085,0.6105,0.85534,0.92116,0.00925588,0.00925588,0.00925588
886,47897.2,0.52698,0.63386,0.93553,0.90104,0.93392,0.95044,0.86136,0.60992,0.8556,0.9209,0.00925423,0.00925423,0.00925423
887,47946.9,0.53414,0.64369,0.95037,0.90103,0.93393,0.95033,0.86073,0.60975,0.85621,0.92079,0.00925259,0.00925259,0.00925259
888,47997,0.52414,0.63918,0.92812,0.90104,0.93398,0.95039,0.86169,0.60992,0.85661,0.92108,0.00925095,0.00925095,0.00925095
889,48048.5,0.52425,0.67796,0.92854,0.901,0.93359,0.95034,0.8609,0.6099,0.85799,0.92122,0.0092493,0.0092493,0.0092493
890,48099.3,0.5348,0.65952,0.9417,0.90107,0.93428,0.95045,0.86235,0.60962,0.85675,0.92115,0.00924765,0.00924765,0.00924765
891,48150,0.52998,0.67097,0.9329,0.90103,0.93388,0.95044,0.86124,0.61013,0.85775,0.92131,0.00924601,0.00924601,0.00924601
892,48200.7,0.52794,0.66188,0.93822,0.90102,0.93386,0.95013,0.8656,0.61024,0.85939,0.92142,0.00924435,0.00924435,0.00924435
893,48250.8,0.53059,0.64942,0.93564,0.90103,0.93389,0.95045,0.86383,0.61024,0.85878,0.92148,0.0092427,0.0092427,0.0092427
894,48302.2,0.52957,0.7941,0.93226,0.90102,0.93387,0.95021,0.86282,0.61008,0.8571,0.92145,0.00924105,0.00924105,0.00924105
895,48351.5,0.52513,0.64421,0.92914,0.90103,0.9339,0.9501,0.86133,0.61015,0.85728,0.92143,0.00923939,0.00923939,0.00923939
896,48401.6,0.52699,0.67075,0.9336,0.90104,0.93394,0.94992,0.86257,0.60975,0.85707,0.92129,0.00923774,0.00923774,0.00923774
897,48451.5,0.52564,0.63621,0.93743,0.90431,0.9315,0.94982,0.86222,0.60995,0.85759,0.92142,0.00923608,0.00923608,0.00923608
898,48501.5,0.51813,0.6318,0.94476,0.90421,0.93159,0.95004,0.86142,0.60972,0.85652,0.92123,0.00923442,0.00923442,0.00923442
899,48552.3,0.50963,0.65081,0.9327,0.90421,0.93163,0.94984,0.85914,0.61013,0.85734,0.92149,0.00923275,0.00923275,0.00923275
900,48603.4,0.52673,0.65637,0.93636,0.9042,0.93156,0.9497,0.85927,0.61041,0.85706,0.92165,0.00923109,0.00923109,0.00923109
901,48654,0.53534,0.64347,0.94586,0.90421,0.93147,0.94987,0.86026,0.61033,0.85748,0.92162,0.00922942,0.00922942,0.00922942
902,48705.4,0.52124,0.63789,0.93447,0.90422,0.93142,0.94987,0.86092,0.61015,0.8564,0.92156,0.00922776,0.00922776,0.00922776
903,48756.4,0.51884,0.63842,0.93071,0.90422,0.93143,0.95,0.85968,0.60976,0.85528,0.92143,0.00922609,0.00922609,0.00922609
904,48807,0.5244,0.64357,0.93406,0.90328,0.93364,0.94987,0.85959,0.61008,0.8544,0.92162,0.00922442,0.00922442,0.00922442
905,48856.6,0.52632,0.68283,0.93873,0.9035,0.93571,0.95032,0.86005,0.60999,0.85552,0.92148,0.00922274,0.00922274,0.00922274
906,48906,0.51158,0.63925,0.92026,0.90109,0.93583,0.9504,0.86017,0.60966,0.85521,0.9215,0.00922107,0.00922107,0.00922107
907,48956.7,0.52669,0.63392,0.93785,0.90119,0.93579,0.95027,0.86005,0.60964,0.85524,0.92136,0.00921939,0.00921939,0.00921939
908,49007.8,0.51729,0.63226,0.92708,0.90296,0.93545,0.95024,0.86053,0.6091,0.85395,0.92123,0.00921772,0.00921772,0.00921772
909,49058,0.52944,0.68454,0.94037,0.90244,0.93543,0.9498,0.85979,0.60911,0.85606,0.92135,0.00921604,0.00921604,0.00921604
910,49108.4,0.53097,0.65796,0.936,0.90216,0.93543,0.95003,0.85966,0.60909,0.85825,0.92135,0.00921436,0.00921436,0.00921436
911,49160.4,0.52681,0.64477,0.93823,0.90274,0.9351,0.94984,0.86009,0.60898,0.8593,0.92144,0.00921268,0.00921268,0.00921268
912,49211.8,0.53021,0.65262,0.94919,0.92306,0.91263,0.94964,0.8603,0.60874,0.86011,0.92154,0.00921099,0.00921099,0.00921099
913,49262.5,0.53394,0.76358,0.94208,0.92082,0.91055,0.95018,0.8605,0.60932,0.86434,0.92207,0.00920931,0.00920931,0.00920931
914,49314.3,0.51389,0.64795,0.92993,0.92067,0.91055,0.94974,0.85995,0.60905,0.86411,0.92185,0.00920762,0.00920762,0.00920762
915,49364.6,0.51333,0.63154,0.9345,0.92051,0.91055,0.95047,0.86143,0.60964,0.86752,0.92246,0.00920593,0.00920593,0.00920593
916,49414.8,0.55731,0.66939,0.96509,0.92021,0.91055,0.94957,0.86008,0.60988,0.86991,0.92267,0.00920424,0.00920424,0.00920424
917,49466,0.52653,0.66086,0.93762,0.92013,0.91073,0.95042,0.86148,0.60965,0.87061,0.92279,0.00920255,0.00920255,0.00920255
918,49517.1,0.52532,0.66945,0.93934,0.91998,0.91078,0.94971,0.86006,0.60985,0.87269,0.92308,0.00920085,0.00920085,0.00920085
919,49568.7,0.51529,0.64455,0.93416,0.91989,0.91088,0.9494,0.86048,0.60957,0.87393,0.92308,0.00919916,0.00919916,0.00919916
920,49620.3,0.51252,0.63042,0.93092,0.91977,0.91085,0.94939,0.86027,0.60951,0.87222,0.92311,0.00919746,0.00919746,0.00919746
921,49671.6,0.51544,0.65782,0.93317,0.91974,0.91087,0.94965,0.85994,0.60959,0.87132,0.92324,0.00919576,0.00919576,0.00919576
922,49722,0.5117,0.64535,0.93556,0.91967,0.91075,0.94962,0.85995,0.60936,0.87157,0.92318,0.00919406,0.00919406,0.00919406
923,49773.1,0.5239,0.6436,0.93183,0.91967,0.91071,0.94963,0.85988,0.60937,0.86997,0.9231,0.00919236,0.00919236,0.00919236
924,49824.2,0.51267,0.65582,0.92269,0.9196,0.9109,0.94961,0.85943,0.60922,0.86959,0.92297,0.00919066,0.00919066,0.00919066
925,49875.3,0.51922,0.61731,0.94014,0.92126,0.91055,0.94962,0.86111,0.60909,0.8695,0.92278,0.00918895,0.00918895,0.00918895
926,49925.5,0.5222,0.6458,0.93257,0.92194,0.91055,0.9495,0.86094,0.60913,0.87,0.92287,0.00918725,0.00918725,0.00918725
927,49975.8,0.52129,0.65093,0.93758,0.92196,0.91055,0.94961,0.86019,0.60852,0.87023,0.92268,0.00918554,0.00918554,0.00918554
928,50026.9,0.52561,0.66915,0.93722,0.92235,0.9103,0.94934,0.8599,0.60825,0.86961,0.92264,0.00918383,0.00918383,0.00918383
929,50077.9,0.52445,0.66898,0.92959,0.92234,0.91018,0.94966,0.86045,0.60787,0.86887,0.92255,0.00918212,0.00918212,0.00918212
930,50127.7,0.49559,0.63142,0.91312,0.9224,0.91044,0.94954,0.8617,0.60806,0.86855,0.92295,0.0091804,0.0091804,0.0091804
931,50178.5,0.52617,0.63637,0.94353,0.92186,0.91055,0.94975,0.86059,0.60785,0.86791,0.92293,0.00917869,0.00917869,0.00917869
932,50229.8,0.52132,0.64216,0.93671,0.91983,0.91024,0.94974,0.862,0.60762,0.8675,0.92287,0.00917697,0.00917697,0.00917697
933,50280.2,0.53364,0.68333,0.92831,0.9198,0.91055,0.94966,0.86202,0.60794,0.86889,0.92326,0.00917525,0.00917525,0.00917525
934,50330.9,0.52373,0.6269,0.9394,0.91969,0.90952,0.94945,0.86209,0.60825,0.87013,0.92348,0.00917353,0.00917353,0.00917353
935,50381.3,0.51821,0.64416,0.93661,0.91763,0.91055,0.9499,0.86436,0.60832,0.8712,0.92352,0.00917181,0.00917181,0.00917181
936,50431,0.53091,0.65622,0.93741,0.91787,0.91055,0.94987,0.86098,0.60824,0.87114,0.92432,0.00917009,0.00917009,0.00917009
937,50481.2,0.51658,0.62527,0.92894,0.91819,0.91055,0.94985,0.85899,0.60795,0.87037,0.92409,0.00916836,0.00916836,0.00916836
938,50531.5,0.50856,0.61975,0.92352,0.91845,0.91055,0.94912,0.85872,0.60806,0.86917,0.92442,0.00916664,0.00916664,0.00916664
939,50581.8,0.52408,0.63932,0.94009,0.91852,0.91055,0.94932,0.85911,0.6079,0.86855,0.92435,0.00916491,0.00916491,0.00916491
940,50632.9,0.5243,0.64226,0.93526,0.91866,0.91055,0.94942,0.85962,0.60762,0.86699,0.92422,0.00916318,0.00916318,0.00916318
941,50684.3,0.52658,0.65361,0.93492,0.91873,0.91055,0.94886,0.86041,0.60818,0.87057,0.92479,0.00916145,0.00916145,0.00916145
942,50734.5,0.53262,0.6619,0.93932,0.91805,0.91055,0.94869,0.85673,0.60807,0.86927,0.92466,0.00915972,0.00915972,0.00915972
943,50786.1,0.50655,0.64574,0.9217,0.90242,0.93571,0.94914,0.85856,0.60803,0.87006,0.92462,0.00915798,0.00915798,0.00915798
944,50836.8,0.51744,0.63801,0.92892,0.90248,0.93577,0.94942,0.86148,0.6081,0.86932,0.92445,0.00915625,0.00915625,0.00915625
945,50888.5,0.5029,0.63635,0.91925,0.90239,0.93575,0.94954,0.86016,0.60826,0.86918,0.9246,0.00915451,0.00915451,0.00915451
946,50939.3,0.52639,0.64116,0.94472,0.90243,0.93578,0.9491,0.86091,0.60821,0.86756,0.9245,0.00915277,0.00915277,0.00915277
947,50990.4,0.52379,0.64308,0.9408,0.907,0.93127,0.94911,0.85907,0.60803,0.86841,0.92443,0.00915103,0.00915103,0.00915103
948,51041.8,0.50839,0.62785,0.93224,0.90731,0.93126,0.94996,0.85859,0.60805,0.86667,0.9243,0.00914929,0.00914929,0.00914929
949,51091.9,0.52248,0.62869,0.93444,0.90662,0.93163,0.9487,0.85735,0.60758,0.86601,0.92419,0.00914754,0.00914754,0.00914754
950,51142.9,0.51407,0.6283,0.93337,0.90756,0.93131,0.94931,0.85798,0.60766,0.86662,0.92421,0.0091458,0.0091458,0.0091458
951,51194.3,0.51951,0.62505,0.93161,0.90821,0.93133,0.94877,0.8604,0.60762,0.86703,0.92432,0.00914405,0.00914405,0.00914405
952,51246.4,0.51905,0.64202,0.92699,0.90841,0.9314,0.94877,0.85897,0.60776,0.86819,0.92439,0.0091423,0.0091423,0.0091423
953,51296.8,0.51553,0.6407,0.92772,0.90837,0.9315,0.94983,0.86175,0.60757,0.86878,0.92443,0.00914055,0.00914055,0.00914055
954,51348,0.51974,0.63758,0.93254,0.90855,0.93156,0.94844,0.85884,0.60749,0.86818,0.92443,0.0091388,0.0091388,0.0091388
955,51399.2,0.51284,0.6692,0.93045,0.90956,0.9316,0.94964,0.86052,0.60678,0.86731,0.92407,0.00913704,0.00913704,0.00913704
956,51450.8,0.52434,0.63998,0.93815,0.91005,0.93154,0.94903,0.85981,0.60663,0.86616,0.92413,0.00913529,0.00913529,0.00913529
957,51503,0.51645,0.6379,0.93738,0.91003,0.93128,0.9487,0.8602,0.60646,0.86619,0.92385,0.00913353,0.00913353,0.00913353
958,51554.8,0.52009,0.63925,0.93323,0.91003,0.93133,0.94842,0.86079,0.60625,0.86688,0.92381,0.00913177,0.00913177,0.00913177
959,51607.2,0.52655,0.6505,0.94667,0.91001,0.93116,0.94896,0.86174,0.60622,0.86567,0.92374,0.00913001,0.00913001,0.00913001
960,51659,0.51508,0.63519,0.92821,0.91002,0.93124,0.94789,0.86166,0.60615,0.86543,0.92366,0.00912825,0.00912825,0.00912825
961,51710,0.51305,0.64379,0.93145,0.91003,0.93138,0.94995,0.8611,0.60566,0.86658,0.92324,0.00912649,0.00912649,0.00912649
962,51760.2,0.51162,0.63327,0.93195,0.91005,0.93151,0.94856,0.86141,0.60553,0.86659,0.92321,0.00912472,0.00912472,0.00912472
963,51810.2,0.52395,0.63394,0.93438,0.91003,0.9313,0.94871,0.86193,0.60526,0.86606,0.92289,0.00912295,0.00912295,0.00912295
964,51860.3,0.53587,0.69868,0.94905,0.91002,0.93122,0.94839,0.86355,0.60465,0.86333,0.92252,0.00912119,0.00912119,0.00912119
965,51910.5,0.52285,0.64048,0.93491,0.91002,0.93122,0.94871,0.86183,0.60429,0.86471,0.92223,0.00911942,0.00911942,0.00911942
966,51961.4,0.51873,0.63028,0.93691,0.91002,0.93124,0.94824,0.86203,0.6036,0.86375,0.92198,0.00911764,0.00911764,0.00911764
967,52010.7,0.51401,0.63839,0.93051,0.90988,0.92971,0.94945,0.86185,0.60357,0.86354,0.92188,0.00911587,0.00911587,0.00911587
968,52062.2,0.51284,0.63171,0.92529,0.90986,0.92951,0.94833,0.86341,0.60355,0.86277,0.92189,0.0091141,0.0091141,0.0091141
969,52112.3,0.51973,0.63308,0.93045,0.91232,0.92799,0.94887,0.86161,0.60333,0.86245,0.92178,0.00911232,0.00911232,0.00911232
970,52163.4,0.51945,0.65748,0.9447,0.91164,0.92802,0.94728,0.86495,0.60282,0.86194,0.92165,0.00911054,0.00911054,0.00911054
971,52215.6,0.51353,0.64595,0.93474,0.91075,0.92814,0.94802,0.8657,0.60234,0.86113,0.92158,0.00910876,0.00910876,0.00910876
972,52266.9,0.50984,0.6291,0.93059,0.91159,0.92813,0.94797,0.86335,0.60188,0.86091,0.92141,0.00910698,0.00910698,0.00910698
973,52317.5,0.50811,0.63331,0.93761,0.91226,0.92802,0.94802,0.86216,0.60194,0.86247,0.92143,0.0091052,0.0091052,0.0091052
974,52368.8,0.51423,0.63815,0.92716,0.91068,0.92806,0.94679,0.86372,0.60188,0.8617,0.92204,0.00910341,0.00910341,0.00910341
975,52421.3,0.50017,0.6204,0.92341,0.90848,0.92829,0.94755,0.86406,0.60174,0.86242,0.92242,0.00910163,0.00910163,0.00910163
976,52472.8,0.52254,0.67075,0.94595,0.90812,0.92829,0.94724,0.86416,0.60228,0.86248,0.92313,0.00909984,0.00909984,0.00909984
977,52524.1,0.5106,0.63947,0.92251,0.90422,0.93253,0.9481,0.86545,0.60241,0.86315,0.92323,0.00909805,0.00909805,0.00909805
978,52573.2,0.51023,0.63294,0.93282,0.9032,0.93277,0.94763,0.86415,0.60289,0.86258,0.92358,0.00909626,0.00909626,0.00909626
979,52623.8,0.52035,0.66214,0.94058,0.90318,0.93263,0.94739,0.86631,0.60208,0.86143,0.92293,0.00909447,0.00909447,0.00909447
980,52676.2,0.51164,0.63132,0.9354,0.90319,0.93267,0.94769,0.86588,0.60216,0.86169,0.92304,0.00909267,0.00909267,0.00909267
981,52727,0.51984,0.63435,0.93643,0.91195,0.92728,0.94713,0.86448,0.6023,0.86255,0.92318,0.00909088,0.00909088,0.00909088
982,52777.2,0.50797,0.63289,0.92667,0.91204,0.92718,0.94728,0.86272,0.60234,0.86419,0.92341,0.00908908,0.00908908,0.00908908
983,52827.4,0.51014,0.64099,0.93144,0.91181,0.92724,0.94747,0.86453,0.60249,0.86548,0.9235,0.00908728,0.00908728,0.00908728
984,52878.1,0.51522,0.65125,0.93449,0.90741,0.92846,0.94787,0.86631,0.60202,0.8649,0.92331,0.00908548,0.00908548,0.00908548
985,52929.2,0.5258,0.65692,0.9294,0.91008,0.928,0.94655,0.86339,0.60195,0.86591,0.92297,0.00908368,0.00908368,0.00908368
986,52980.2,0.50894,0.62839,0.92779,0.91015,0.92794,0.94768,0.86751,0.60189,0.86641,0.92319,0.00908188,0.00908188,0.00908188
987,53031.2,0.5045,0.63571,0.9177,0.90994,0.92794,0.94638,0.86414,0.60155,0.86503,0.92291,0.00908007,0.00908007,0.00908007
988,53082,0.52366,0.64474,0.94222,0.90919,0.9279,0.94782,0.86623,0.6011,0.86605,0.92258,0.00907827,0.00907827,0.00907827
989,53132,0.51571,0.64371,0.93473,0.90738,0.92816,0.94578,0.86363,0.6008,0.86526,0.92253,0.00907646,0.00907646,0.00907646
990,53182.7,0.5223,0.65908,0.93759,0.90738,0.92809,0.94763,0.86615,0.60122,0.86493,0.92286,0.00907465,0.00907465,0.00907465
991,53232.9,0.50673,0.61422,0.92857,0.90739,0.92815,0.94743,0.86353,0.60129,0.86601,0.92285,0.00907284,0.00907284,0.00907284
992,53283.4,0.52175,0.6573,0.92632,0.90739,0.92815,0.94644,0.86242,0.60124,0.86717,0.92246,0.00907102,0.00907102,0.00907102
993,53334.1,0.5171,0.6542,0.92613,0.90739,0.9282,0.94755,0.86621,0.60106,0.86784,0.92234,0.00906921,0.00906921,0.00906921
994,53386.1,0.51566,0.6559,0.91841,0.90741,0.92833,0.9467,0.86724,0.6006,0.86925,0.92226,0.00906739,0.00906739,0.00906739
995,53437.3,0.50842,0.67483,0.92799,0.90741,0.92832,0.94642,0.86258,0.60065,0.87057,0.92229,0.00906557,0.00906557,0.00906557
996,53488.6,0.50414,0.63475,0.91863,0.90755,0.92981,0.94667,0.86672,0.59999,0.87002,0.92201,0.00906375,0.00906375,0.00906375
997,53540.1,0.51172,0.62724,0.9349,0.90754,0.92966,0.94666,0.86646,0.59979,0.86954,0.92167,0.00906193,0.00906193,0.00906193
998,53591.5,0.50879,0.62765,0.9218,0.90752,0.92946,0.94715,0.86388,0.59938,0.86918,0.92179,0.00906011,0.00906011,0.00906011
999,53643.5,0.50994,0.6217,0.92784,0.90751,0.92935,0.94652,0.8655,0.59872,0.86988,0.92147,0.00905829,0.00905829,0.00905829
1000,53694.1,0.50449,0.63164,0.92479,0.90751,0.92931,0.946,0.86481,0.59862,0.86932,0.9214,0.00905646,0.00905646,0.00905646
1001,53745.8,0.51195,0.66344,0.93535,0.90751,0.92937,0.94641,0.86466,0.5984,0.86982,0.92151,0.00905463,0.00905463,0.00905463
1002,53797.6,0.52264,0.64778,0.94127,0.90751,0.92931,0.94666,0.86554,0.59834,0.86971,0.92195,0.00905281,0.00905281,0.00905281
1003,53848.7,0.51901,0.63953,0.93588,0.90754,0.92964,0.94709,0.86627,0.59813,0.87198,0.92176,0.00905097,0.00905097,0.00905097
1004,53899.2,0.51448,0.6315,0.93864,0.90755,0.92977,0.94726,0.86625,0.59755,0.86977,0.92099,0.00904914,0.00904914,0.00904914
1005,53949.4,0.5018,0.62864,0.92445,0.89904,0.93612,0.94747,0.86474,0.59722,0.86956,0.9206,0.00904731,0.00904731,0.00904731
1006,54000.4,0.50965,0.64604,0.92982,0.89902,0.93589,0.94706,0.86561,0.59732,0.8706,0.92055,0.00904547,0.00904547,0.00904547
1007,54050.4,0.52145,0.61953,0.93499,0.89951,0.93574,0.94705,0.8642,0.59693,0.8708,0.9206,0.00904364,0.00904364,0.00904364
1008,54100.6,0.50797,0.61884,0.93942,0.90005,0.93571,0.94755,0.86638,0.59672,0.86901,0.92061,0.0090418,0.0090418,0.0090418
1009,54151.1,0.50096,0.60587,0.92422,0.90007,0.93567,0.94707,0.86572,0.59632,0.86953,0.92039,0.00903996,0.00903996,0.00903996
1010,54202.5,0.50715,0.60905,0.92799,0.90018,0.93563,0.94723,0.86739,0.59618,0.87003,0.92044,0.00903812,0.00903812,0.00903812
1011,54252.7,0.50434,0.63539,0.92494,0.90012,0.93565,0.94709,0.86579,0.59602,0.87022,0.9204,0.00903627,0.00903627,0.00903627
1012,54304.2,0.52166,0.63132,0.93799,0.90014,0.93562,0.9474,0.86808,0.59563,0.86941,0.9204,0.00903443,0.00903443,0.00903443
1013,54355.9,0.50382,0.62271,0.92754,0.89997,0.93554,0.94718,0.86644,0.59535,0.87012,0.92028,0.00903258,0.00903258,0.00903258
1014,54407.9,0.5109,0.66196,0.9233,0.90059,0.93536,0.94703,0.86547,0.59553,0.87157,0.92012,0.00903074,0.00903074,0.00903074
1015,54460.7,0.52847,0.66264,0.93642,0.90052,0.93528,0.94745,0.86603,0.59546,0.87201,0.92001,0.00902889,0.00902889,0.00902889
1016,54512.2,0.5181,0.61982,0.93497,0.90067,0.93522,0.94699,0.86713,0.59602,0.87211,0.92034,0.00902703,0.00902703,0.00902703
1017,54563.1,0.51555,0.63986,0.93029,0.90079,0.9352,0.94715,0.86713,0.59634,0.87475,0.92046,0.00902518,0.00902518,0.00902518
1018,54615.7,0.52018,0.62909,0.93739,0.91319,0.91319,0.94691,0.86511,0.59658,0.87637,0.92022,0.00902333,0.00902333,0.00902333
1019,54668.1,0.52079,0.64183,0.93746,0.91355,0.91319,0.94677,0.86647,0.59679,0.87483,0.92083,0.00902147,0.00902147,0.00902147
1020,54719.8,0.52179,0.65413,0.93815,0.91336,0.91319,0.94677,0.86515,0.59679,0.87488,0.92065,0.00901962,0.00901962,0.00901962
1021,54770.6,0.50537,0.61721,0.92581,0.91401,0.91319,0.9475,0.86757,0.5964,0.87461,0.92043,0.00901776,0.00901776,0.00901776
1022,54821,0.51365,0.66619,0.92887,0.91218,0.91319,0.94755,0.86849,0.59618,0.87556,0.92034,0.0090159,0.0090159,0.0090159
1023,54873.1,0.5125,0.61458,0.92857,0.91369,0.91319,0.94749,0.86651,0.59614,0.87615,0.92066,0.00901403,0.00901403,0.00901403
1024,54926.7,0.50477,0.62542,0.92688,0.91415,0.91319,0.9476,0.86669,0.59595,0.87702,0.92064,0.00901217,0.00901217,0.00901217
1025,54979.2,0.51208,0.62733,0.93111,0.91529,0.91496,0.94784,0.86678,0.59578,0.87868,0.9207,0.00901031,0.00901031,0.00901031
1026,55029.7,0.50815,0.63374,0.92709,0.91555,0.91444,0.94786,0.86762,0.59593,0.87911,0.92081,0.00900844,0.00900844,0.00900844
1027,55081.3,0.50657,0.62169,0.9239,0.91551,0.91466,0.94781,0.8675,0.59558,0.88014,0.92077,0.00900657,0.00900657,0.00900657
1028,55131,0.52015,0.65387,0.93509,0.91559,0.91439,0.94821,0.86743,0.59543,0.87946,0.92075,0.0090047,0.0090047,0.0090047
1029,55182.7,0.50616,0.63921,0.92754,0.91384,0.91319,0.94792,0.86572,0.59548,0.87846,0.92075,0.00900283,0.00900283,0.00900283
1030,55234.7,0.53165,0.65681,0.93736,0.91271,0.91319,0.94821,0.86581,0.59502,0.87977,0.92038,0.00900096,0.00900096,0.00900096
1031,55287.3,0.51208,0.63349,0.93916,0.91255,0.91319,0.94804,0.86491,0.5949,0.87962,0.92017,0.00899908,0.00899908,0.00899908
1032,55338.5,0.52019,0.64452,0.94251,0.91237,0.914,0.94797,0.86487,0.59443,0.87861,0.91986,0.00899721,0.00899721,0.00899721
1033,55390.4,0.51492,0.63913,0.93633,0.91273,0.91055,0.94797,0.86478,0.59432,0.87798,0.91989,0.00899533,0.00899533,0.00899533
1034,55440.6,0.51694,0.63596,0.93612,0.91263,0.91055,0.94824,0.8653,0.59456,0.87968,0.92001,0.00899345,0.00899345,0.00899345
1035,55491.7,0.51524,0.68246,0.9336,0.91234,0.91129,0.94794,0.86666,0.59449,0.8801,0.91986,0.00899157,0.00899157,0.00899157
1036,55543.9,0.51134,0.62282,0.92163,0.91233,0.91209,0.94807,0.86601,0.59469,0.87913,0.91982,0.00898969,0.00898969,0.00898969
1037,55593.7,0.50711,0.62469,0.92602,0.91159,0.91456,0.94797,0.86515,0.59439,0.88016,0.91972,0.0089878,0.0089878,0.0089878
1038,55643.9,0.51977,0.63098,0.93756,0.91152,0.91442,0.94761,0.86433,0.5946,0.88133,0.91975,0.00898592,0.00898592,0.00898592
1039,55694.3,0.50914,0.61761,0.92326,0.91149,0.91508,0.94778,0.86473,0.59451,0.88079,0.91962,0.00898403,0.00898403,0.00898403
1040,55746.4,0.50889,0.62355,0.93074,0.91126,0.91584,0.94794,0.86476,0.59448,0.88031,0.91942,0.00898214,0.00898214,0.00898214
1041,55797.9,0.51373,0.65465,0.92729,0.91019,0.91584,0.94658,0.86354,0.59461,0.88145,0.91945,0.00898025,0.00898025,0.00898025
1042,55848.1,0.52099,0.64408,0.93961,0.90963,0.91584,0.94776,0.86418,0.59458,0.88174,0.91945,0.00897836,0.00897836,0.00897836
1043,55899.9,0.51174,0.62047,0.92974,0.91038,0.91584,0.94688,0.86219,0.59479,0.88127,0.91941,0.00897647,0.00897647,0.00897647
1044,55951.6,0.52124,0.61805,0.9364,0.91075,0.91584,0.94757,0.86457,0.59474,0.88021,0.91951,0.00897457,0.00897457,0.00897457
1045,56002.9,0.51502,0.64079,0.92945,0.91197,0.91469,0.9473,0.86495,0.59456,0.88173,0.91962,0.00897268,0.00897268,0.00897268
1046,56054.8,0.50825,0.62336,0.93216,0.91219,0.91447,0.94715,0.8638,0.59439,0.88179,0.9194,0.00897078,0.00897078,0.00897078
1047,56107.4,0.51381,0.64561,0.9341,0.91221,0.91454,0.94733,0.86371,0.59438,0.88311,0.91948,0.00896888,0.00896888,0.00896888
1048,56159.2,0.5111,0.66016,0.93211,0.91227,0.91469,0.94786,0.86608,0.59404,0.88332,0.91936,0.00896698,0.00896698,0.00896698
1049,56210.2,0.50679,0.63248,0.93121,0.91222,0.91452,0.94758,0.86513,0.59383,0.88189,0.91907,0.00896508,0.00896508,0.00896508
1050,56260,0.5015,0.63761,0.93307,0.91092,0.91319,0.94735,0.86404,0.59343,0.87947,0.91885,0.00896317,0.00896317,0.00896317
1051,56309.4,0.51502,0.64426,0.93564,0.91046,0.91319,0.9472,0.86477,0.59399,0.88065,0.91916,0.00896127,0.00896127,0.00896127
1052,56360.3,0.51071,0.67009,0.92574,0.90998,0.91319,0.9478,0.86466,0.59356,0.8792,0.91887,0.00895936,0.00895936,0.00895936
1053,56410.5,0.51181,0.64535,0.93062,0.90963,0.91319,0.9477,0.86519,0.59267,0.88091,0.91833,0.00895745,0.00895745,0.00895745
1054,56461,0.51864,0.63662,0.93897,0.90969,0.91575,0.94775,0.86508,0.59246,0.88022,0.91786,0.00895554,0.00895554,0.00895554
1055,56512.3,0.51656,0.67142,0.93514,0.9061,0.91584,0.94756,0.86533,0.59242,0.87843,0.91809,0.00895363,0.00895363,0.00895363
1056,56563.5,0.50936,0.62265,0.92675,0.9092,0.91831,0.94814,0.8655,0.59277,0.8799,0.91833,0.00895172,0.00895172,0.00895172
1057,56614.7,0.50919,0.61176,0.93039,0.90941,0.91781,0.94817,0.86499,0.5928,0.8797,0.91792,0.0089498,0.0089498,0.0089498
1058,56666.5,0.51515,0.64771,0.93603,0.90964,0.91835,0.94788,0.86508,0.59221,0.87822,0.9172,0.00894789,0.00894789,0.00894789
1059,56717.2,0.51441,0.6265,0.93033,0.9096,0.91839,0.94798,0.86566,0.59203,0.87659,0.91723,0.00894597,0.00894597,0.00894597
1060,56768.4,0.49939,0.61143,0.9146,0.90971,0.91849,0.94752,0.86627,0.59129,0.87559,0.91678,0.00894405,0.00894405,0.00894405
1061,56819.5,0.51744,0.63873,0.93441,0.90964,0.91807,0.94821,0.867,0.59113,0.87537,0.91676,0.00894213,0.00894213,0.00894213
1062,56870.2,0.51181,0.63058,0.9363,0.90868,0.91849,0.94794,0.86639,0.59067,0.87521,0.91624,0.00894021,0.00894021,0.00894021
1063,56921.7,0.52106,0.63723,0.93691,0.90739,0.91936,0.9477,0.8659,0.59079,0.87648,0.91649,0.00893828,0.00893828,0.00893828
1064,56973.5,0.51052,0.64254,0.92643,0.90734,0.91952,0.94799,0.8655,0.59064,0.8752,0.91628,0.00893636,0.00893636,0.00893636
1065,57024.2,0.49822,0.61579,0.93032,0.90742,0.92003,0.94854,0.86549,0.59104,0.87653,0.91649,0.00893443,0.00893443,0.00893443
1066,57075.2,0.50865,0.62244,0.93341,0.90748,0.92113,0.94865,0.86597,0.59006,0.87569,0.91562,0.0089325,0.0089325,0.0089325
1067,57125.7,0.51315,0.6302,0.92918,0.90794,0.92113,0.94827,0.86584,0.59037,0.87913,0.91593,0.00893057,0.00893057,0.00893057
1068,57176.6,0.52149,0.64056,0.94063,0.90628,0.92113,0.94784,0.86533,0.59066,0.88152,0.91622,0.00892864,0.00892864,0.00892864
1069,57226.6,0.50164,0.62055,0.92093,0.90567,0.92113,0.9483,0.86647,0.59074,0.88264,0.91638,0.00892671,0.00892671,0.00892671
1070,57277.1,0.50518,0.63382,0.93239,0.90585,0.92113,0.94793,0.865,0.59043,0.88081,0.91591,0.00892477,0.00892477,0.00892477
1071,57328.5,0.51921,0.63302,0.93771,0.90576,0.92113,0.94846,0.86575,0.59032,0.88115,0.91596,0.00892283,0.00892283,0.00892283
1072,57379.7,0.50681,0.61636,0.93438,0.90523,0.92113,0.94737,0.86426,0.58966,0.88122,0.91593,0.0089209,0.0089209,0.0089209
1073,57431.2,0.49149,0.61778,0.92194,0.90553,0.92113,0.94781,0.86549,0.58919,0.88082,0.91565,0.00891896,0.00891896,0.00891896
1074,57483.4,0.5005,0.62403,0.92983,0.90802,0.92113,0.94859,0.86638,0.58838,0.88095,0.91523,0.00891702,0.00891702,0.00891702
1075,57534.4,0.51171,0.65692,0.93836,0.90808,0.92113,0.94876,0.86672,0.58853,0.88099,0.91553,0.00891507,0.00891507,0.00891507
1076,57585.2,0.51131,0.63465,0.93154,0.90812,0.92113,0.94862,0.86659,0.58813,0.87916,0.9152,0.00891313,0.00891313,0.00891313
1077,57636.1,0.5059,0.62284,0.91568,0.90801,0.9206,0.94766,0.86526,0.58804,0.8813,0.9152,0.00891119,0.00891119,0.00891119
1078,57687,0.52071,0.66475,0.94001,0.90779,0.91986,0.94784,0.86619,0.58817,0.88281,0.91555,0.00890924,0.00890924,0.00890924
1079,57737.5,0.51223,0.63833,0.93348,0.90741,0.91928,0.94793,0.866,0.58779,0.88344,0.91529,0.00890729,0.00890729,0.00890729
1080,57788.1,0.51795,0.64894,0.93571,0.90484,0.91903,0.94785,0.86612,0.58761,0.88354,0.91523,0.00890534,0.00890534,0.00890534
1081,57839.5,0.514,0.62058,0.9382,0.90717,0.91893,0.94826,0.86545,0.58748,0.88385,0.91525,0.00890339,0.00890339,0.00890339
1082,57890.3,0.51387,0.79001,0.93917,0.90725,0.91877,0.94796,0.86727,0.58782,0.88484,0.91533,0.00890144,0.00890144,0.00890144
1083,57939.7,0.50013,0.64299,0.9272,0.90496,0.91851,0.94869,0.86589,0.58814,0.88371,0.91613,0.00889948,0.00889948,0.00889948
1084,57990.6,0.51297,0.71383,0.93092,0.90769,0.91882,0.94811,0.86655,0.5881,0.883,0.91619,0.00889752,0.00889752,0.00889752
1085,58042.9,0.50135,0.59795,0.92093,0.90552,0.91861,0.94868,0.86732,0.58764,0.88141,0.91577,0.00889557,0.00889557,0.00889557
1086,58092.9,0.50985,0.61476,0.92623,0.90582,0.91916,0.94821,0.8675,0.58754,0.88179,0.91576,0.00889361,0.00889361,0.00889361
1087,58143.2,0.49868,0.61659,0.92125,0.90836,0.91831,0.94906,0.86839,0.58741,0.88116,0.91538,0.00889165,0.00889165,0.00889165
1088,58194.8,0.50093,0.62125,0.92297,0.88351,0.93655,0.94824,0.86748,0.58731,0.88149,0.91532,0.00888969,0.00888969,0.00888969
1089,58247.4,0.50734,0.63313,0.92728,0.8835,0.93647,0.94784,0.86653,0.5874,0.87891,0.91511,0.00888772,0.00888772,0.00888772
1090,58299.3,0.49546,0.62791,0.92377,0.8835,0.93651,0.94727,0.86724,0.58717,0.87799,0.91478,0.00888576,0.00888576,0.00888576
1091,58350.5,0.50603,0.62728,0.92593,0.8835,0.93647,0.9478,0.86485,0.58706,0.87835,0.91446,0.00888379,0.00888379,0.00888379
1092,58401.2,0.49917,0.61334,0.9234,0.8835,0.93648,0.9474,0.86495,0.58706,0.87903,0.91425,0.00888182,0.00888182,0.00888182
1093,58451.5,0.49773,0.6134,0.92251,0.88349,0.93647,0.94838,0.86555,0.58705,0.87972,0.91403,0.00887985,0.00887985,0.00887985
1094,58500.1,0.50335,0.61722,0.92062,0.88349,0.93643,0.94673,0.86399,0.58585,0.87823,0.91249,0.00887788,0.00887788,0.00887788
1095,58551.2,0.50838,0.64372,0.93068,0.88347,0.93632,0.94789,0.8652,0.5855,0.87664,0.91246,0.00887591,0.00887591,0.00887591
1096,58602,0.49412,0.59991,0.92475,0.88347,0.93627,0.94767,0.86497,0.58521,0.87579,0.91232,0.00887393,0.00887393,0.00887393
1097,58652.9,0.49513,0.59846,0.91465,0.88234,0.93503,0.94718,0.86522,0.58501,0.87643,0.91213,0.00887196,0.00887196,0.00887196
1098,58703.4,0.5238,0.61877,0.93669,0.88346,0.93618,0.94746,0.86517,0.58554,0.8782,0.91242,0.00886998,0.00886998,0.00886998
1099,58753.7,0.50616,0.64068,0.9272,0.88242,0.93498,0.94657,0.8649,0.58525,0.87719,0.91204,0.008868,0.008868,0.008868
1100,58804.1,0.49684,0.65614,0.92371,0.8825,0.93503,0.94694,0.86551,0.58498,0.8768,0.91192,0.00886602,0.00886602,0.00886602
1101,58852.9,0.50894,0.62454,0.9292,0.88256,0.93496,0.9467,0.86505,0.58464,0.87464,0.91148,0.00886404,0.00886404,0.00886404
1102,58902.6,0.51233,0.64036,0.93147,0.88246,0.93487,0.94712,0.86546,0.58399,0.87739,0.91114,0.00886206,0.00886206,0.00886206
1103,58953.6,0.4975,0.70183,0.91799,0.88259,0.93476,0.94729,0.86453,0.58438,0.87635,0.91129,0.00886007,0.00886007,0.00886007
1104,59003.7,0.50093,0.61371,0.91443,0.88289,0.93468,0.94738,0.86507,0.58437,0.87693,0.91129,0.00885809,0.00885809,0.00885809
1105,59053.3,0.50211,0.59909,0.92313,0.88324,0.93463,0.94737,0.86502,0.5843,0.87659,0.91139,0.0088561,0.0088561,0.0088561
1106,59102.9,0.49862,0.63557,0.92261,0.8833,0.93471,0.94736,0.8654,0.58405,0.8755,0.91111,0.00885411,0.00885411,0.00885411
1107,59153.4,0.50412,0.61272,0.92409,0.88401,0.93439,0.94785,0.86646,0.58429,0.87867,0.91125,0.00885212,0.00885212,0.00885212
1108,59204.6,0.50034,0.73323,0.92685,0.88363,0.9345,0.9473,0.86591,0.58378,0.87761,0.91098,0.00885013,0.00885013,0.00885013
1109,59256.5,0.49155,0.62897,0.91359,0.88408,0.93448,0.94779,0.86609,0.58385,0.87898,0.91092,0.00884813,0.00884813,0.00884813
1110,59307,0.49481,0.61948,0.91872,0.88464,0.93437,0.94744,0.86541,0.58458,0.87793,0.91201,0.00884614,0.00884614,0.00884614
1111,59357,0.50214,0.62679,0.92726,0.88466,0.93425,0.94826,0.86554,0.58441,0.87992,0.9118,0.00884414,0.00884414,0.00884414
1112,59404.9,0.48151,0.62872,0.90833,0.88401,0.93425,0.94736,0.86626,0.58384,0.88084,0.91159,0.00884214,0.00884214,0.00884214
1113,59454.2,0.49748,0.61518,0.92058,0.88255,0.93414,0.94731,0.86747,0.58406,0.88503,0.91172,0.00884014,0.00884014,0.00884014
1114,59504.8,0.51106,0.63386,0.93147,0.88256,0.9341,0.9474,0.86763,0.58394,0.88312,0.91141,0.00883814,0.00883814,0.00883814
1115,59556,0.51085,0.68758,0.93846,0.88292,0.93401,0.94752,0.86758,0.58377,0.88603,0.91137,0.00883614,0.00883614,0.00883614
1116,59607.4,0.50515,0.6186,0.93233,0.88332,0.93391,0.94775,0.8666,0.58441,0.88618,0.91158,0.00883413,0.00883413,0.00883413
1117,59656.7,0.51489,0.6409,0.934,0.88358,0.93394,0.94734,0.86557,0.58461,0.88501,0.91165,0.00883213,0.00883213,0.00883213
1118,59707.9,0.50128,0.63241,0.92702,0.88386,0.93399,0.94818,0.86705,0.58418,0.88432,0.91168,0.00883012,0.00883012,0.00883012
1119,59759.5,0.49948,0.61861,0.92083,0.88429,0.9341,0.9479,0.86716,0.58471,0.88348,0.91211,0.00882811,0.00882811,0.00882811
1120,59810.3,0.49324,0.61047,0.92875,0.88452,0.93401,0.94774,0.86668,0.58498,0.88213,0.91225,0.0088261,0.0088261,0.0088261
1121,59860.5,0.51808,0.62303,0.94422,0.88444,0.934,0.94831,0.86858,0.58508,0.88248,0.91221,0.00882409,0.00882409,0.00882409
1122,59910,0.50612,0.61504,0.92732,0.8846,0.93396,0.9485,0.86668,0.58474,0.88299,0.91217,0.00882208,0.00882208,0.00882208
1123,59960.8,0.50319,0.63833,0.92782,0.88493,0.93387,0.94865,0.86891,0.585,0.88198,0.91245,0.00882006,0.00882006,0.00882006
1124,60010.6,0.49197,0.60689,0.9097,0.88496,0.93401,0.94771,0.86713,0.58485,0.88055,0.91211,0.00881805,0.00881805,0.00881805
1125,60060.9,0.50271,0.62816,0.93027,0.8846,0.93399,0.94882,0.86803,0.58469,0.88042,0.91212,0.00881603,0.00881603,0.00881603
1126,60112.3,0.49427,0.61606,0.93002,0.88436,0.93394,0.9489,0.86627,0.58424,0.87889,0.91192,0.00881401,0.00881401,0.00881401
1127,60164,0.49111,0.62184,0.92666,0.88429,0.93398,0.94767,0.86657,0.58433,0.8778,0.9118,0.00881199,0.00881199,0.00881199
1128,60214.9,0.51522,0.62506,0.9386,0.88428,0.93402,0.94905,0.86663,0.58418,0.87664,0.91152,0.00880997,0.00880997,0.00880997
1129,60265.5,0.49912,0.60694,0.92303,0.88433,0.93419,0.94785,0.86653,0.58359,0.86931,0.91087,0.00880794,0.00880794,0.00880794
1130,60317.2,0.50438,0.61356,0.93058,0.88431,0.93416,0.94901,0.86786,0.58384,0.8696,0.91094,0.00880592,0.00880592,0.00880592
1131,60368.5,0.49825,0.62438,0.92388,0.88437,0.93407,0.94893,0.86805,0.58354,0.8694,0.91038,0.00880389,0.00880389,0.00880389
1132,60418.4,0.49822,0.60316,0.92426,0.88432,0.93409,0.94801,0.86534,0.58363,0.87056,0.91038,0.00880186,0.00880186,0.00880186
1133,60469.9,0.50852,0.61662,0.93411,0.88429,0.934,0.94883,0.86659,0.58309,0.86989,0.91013,0.00879983,0.00879983,0.00879983
1134,60520.5,0.50056,0.61445,0.92523,0.88438,0.93395,0.94807,0.86526,0.58284,0.86839,0.90953,0.0087978,0.0087978,0.0087978
1135,60571,0.507,0.63271,0.92522,0.88446,0.93387,0.94856,0.86758,0.58271,0.87008,0.90955,0.00879577,0.00879577,0.00879577
1136,60622.4,0.50219,0.64037,0.92733,0.88444,0.93386,0.94839,0.86565,0.58298,0.87007,0.9097,0.00879374,0.00879374,0.00879374
1137,60672.2,0.50091,0.61491,0.92687,0.88436,0.9337,0.94902,0.86752,0.57946,0.85679,0.9066,0.0087917,0.0087917,0.0087917
1138,60723.7,0.49658,0.60899,0.91844,0.88429,0.93361,0.94918,0.86771,0.58347,0.87077,0.91007,0.00878966,0.00878966,0.00878966
1139,60774.7,0.50465,0.61136,0.92148,0.88419,0.93351,0.94884,0.86767,0.58309,0.87039,0.90991,0.00878763,0.00878763,0.00878763
1140,60826.4,0.49563,0.62913,0.92075,0.88428,0.9334,0.94925,0.86707,0.57888,0.85519,0.90602,0.00878559,0.00878559,0.00878559
1141,60875.4,0.5011,0.63231,0.92006,0.88428,0.93322,0.94917,0.86696,0.57899,0.85648,0.90609,0.00878354,0.00878354,0.00878354
1142,60924.5,0.4993,0.6098,0.91673,0.88432,0.93297,0.94917,0.86586,0.57901,0.85737,0.90604,0.0087815,0.0087815,0.0087815
1143,60976.5,0.49588,0.60134,0.92811,0.88432,0.9327,0.94918,0.86599,0.57889,0.85799,0.90581,0.00877946,0.00877946,0.00877946
1144,61027.7,0.49187,0.61136,0.92049,0.88429,0.93255,0.94889,0.86745,0.57923,0.85851,0.90583,0.00877741,0.00877741,0.00877741
1145,61079.6,0.49519,0.61405,0.91632,0.88454,0.93228,0.94937,0.86791,0.57915,0.85716,0.90592,0.00877536,0.00877536,0.00877536
1146,61130.4,0.50568,0.61179,0.92358,0.88455,0.93222,0.94858,0.86749,0.57916,0.85858,0.90602,0.00877332,0.00877332,0.00877332
1147,61180.6,0.50043,0.61785,0.92523,0.88482,0.93202,0.94918,0.86823,0.57909,0.85889,0.90612,0.00877127,0.00877127,0.00877127
1148,61230,0.49925,0.63181,0.92349,0.88492,0.93188,0.94859,0.86707,0.57879,0.85863,0.90606,0.00876921,0.00876921,0.00876921
1149,61280.2,0.51082,0.6281,0.92614,0.88507,0.93192,0.94904,0.8677,0.57836,0.85776,0.90603,0.00876716,0.00876716,0.00876716
1150,61328.8,0.49979,0.60572,0.92727,0.88523,0.93184,0.94826,0.86771,0.57858,0.85677,0.90647,0.00876511,0.00876511,0.00876511
1151,61381.4,0.50467,0.64345,0.91563,0.88595,0.93174,0.94941,0.86717,0.57826,0.85622,0.90633,0.00876305,0.00876305,0.00876305
1152,61432.7,0.50054,0.61966,0.92708,0.88593,0.93157,0.94895,0.86596,0.57845,0.85637,0.90635,0.00876099,0.00876099,0.00876099
1153,61484.7,0.4939,0.63525,0.9203,0.88367,0.93125,0.94887,0.86702,0.57839,0.85604,0.90611,0.00875893,0.00875893,0.00875893
1154,61535.1,0.49969,0.63417,0.92296,0.88371,0.93075,0.9486,0.86622,0.57807,0.85738,0.90603,0.00875687,0.00875687,0.00875687
1155,61585.8,0.50443,0.71625,0.92119,0.88369,0.9308,0.94838,0.86633,0.57814,0.8597,0.90627,0.00875481,0.00875481,0.00875481
1156,61635.9,0.50232,0.62181,0.92998,0.8837,0.93073,0.94868,0.86673,0.57815,0.859,0.9062,0.00875275,0.00875275,0.00875275
1157,61684.8,0.49405,0.61524,0.91928,0.88366,0.93056,0.94876,0.8656,0.57837,0.85856,0.9062,0.00875068,0.00875068,0.00875068
1158,61735.9,0.49911,0.62143,0.92191,0.88365,0.93067,0.94889,0.8666,0.57853,0.85796,0.9063,0.00874862,0.00874862,0.00874862
1159,61786.8,0.50516,0.60971,0.92574,0.88361,0.93049,0.94836,0.86582,0.57856,0.8595,0.90641,0.00874655,0.00874655,0.00874655
1160,61836.1,0.50308,0.62803,0.92324,0.88572,0.93042,0.94853,0.86585,0.57877,0.85988,0.90658,0.00874448,0.00874448,0.00874448
1161,61885.3,0.50804,0.60658,0.9318,0.88352,0.93023,0.94861,0.86592,0.5807,0.86166,0.90853,0.00874241,0.00874241,0.00874241
1162,61935.4,0.49723,0.61761,0.92029,0.88347,0.93025,0.94838,0.86499,0.58114,0.86292,0.909,0.00874034,0.00874034,0.00874034
1163,61986.3,0.49715,0.62145,0.92025,0.88564,0.93039,0.94804,0.86462,0.58112,0.86152,0.90895,0.00873826,0.00873826,0.00873826
1164,62038.9,0.49552,0.62343,0.92024,0.88345,0.9303,0.94716,0.86327,0.58494,0.87644,0.91233,0.00873619,0.00873619,0.00873619
1165,62090.2,0.4942,0.66561,0.9243,0.88349,0.93013,0.94773,0.86487,0.58493,0.87679,0.91232,0.00873411,0.00873411,0.00873411
1166,62141.6,0.49456,0.60327,0.92236,0.88353,0.92952,0.94727,0.86419,0.5846,0.87559,0.9125,0.00873203,0.00873203,0.00873203
1167,62193.9,0.50298,0.61794,0.92356,0.88348,0.92958,0.948,0.86497,0.58469,0.87665,0.91249,0.00872995,0.00872995,0.00872995
1168,62245.8,0.49436,0.62264,0.91777,0.88356,0.92892,0.94789,0.86549,0.58559,0.88112,0.91373,0.00872787,0.00872787,0.00872787
1169,62298,0.50463,0.60077,0.93252,0.88372,0.92889,0.94725,0.86462,0.58545,0.88129,0.9139,0.00872579,0.00872579,0.00872579
1170,62349.8,0.49642,0.62478,0.91796,0.88376,0.92908,0.94792,0.86543,0.58536,0.88154,0.91402,0.00872371,0.00872371,0.00872371
1171,62401.8,0.50353,0.60377,0.92359,0.8851,0.93058,0.94708,0.86451,0.58529,0.88075,0.9142,0.00872162,0.00872162,0.00872162
1172,62452.7,0.50548,0.62951,0.93534,0.8851,0.93052,0.94735,0.86488,0.58535,0.88024,0.91417,0.00871954,0.00871954,0.00871954
1173,62503.3,0.48701,0.60759,0.92287,0.88512,0.93074,0.94721,0.8645,0.58533,0.88066,0.91422,0.00871745,0.00871745,0.00871745
1174,62554.4,0.49704,0.61274,0.92441,0.8851,0.93047,0.94776,0.8647,0.58467,0.88077,0.91391,0.00871536,0.00871536,0.00871536
1175,62605.7,0.49631,0.61575,0.92701,0.88504,0.92995,0.94791,0.86559,0.58445,0.88054,0.91383,0.00871327,0.00871327,0.00871327
1176,62656.5,0.5041,0.61793,0.93172,0.88726,0.93011,0.94717,0.8644,0.58378,0.87996,0.91356,0.00871117,0.00871117,0.00871117
1177,62706.8,0.50898,0.70548,0.93186,0.88719,0.92943,0.94757,0.86445,0.58383,0.88007,0.91366,0.00870908,0.00870908,0.00870908
1178,62756.7,0.49997,0.62962,0.92771,0.88712,0.92862,0.94691,0.86395,0.58393,0.8781,0.91372,0.00870698,0.00870698,0.00870698
1179,62807.9,0.50289,0.60865,0.93002,0.88706,0.92796,0.94684,0.86417,0.58402,0.8799,0.9141,0.00870489,0.00870489,0.00870489
1180,62858.3,0.48716,0.59724,0.92242,0.88706,0.92796,0.94675,0.86428,0.58421,0.88064,0.91426,0.00870279,0.00870279,0.00870279
1181,62908.6,0.49471,0.59553,0.91786,0.88705,0.92792,0.94624,0.86326,0.58423,0.88013,0.91473,0.00870069,0.00870069,0.00870069
1182,62960,0.49589,0.61669,0.92068,0.88704,0.92783,0.94767,0.86508,0.58414,0.88024,0.91464,0.00869859,0.00869859,0.00869859
1183,63010.4,0.5005,0.61011,0.92369,0.88705,0.92783,0.94724,0.86427,0.58403,0.88008,0.91468,0.00869649,0.00869649,0.00869649
1184,63061.6,0.4892,0.59579,0.92035,0.88701,0.92753,0.94751,0.86451,0.58424,0.87881,0.91494,0.00869438,0.00869438,0.00869438
1185,63111.4,0.49903,0.64902,0.91305,0.887,0.92741,0.94586,0.86308,0.58414,0.8794,0.91491,0.00869228,0.00869228,0.00869228
1186,63162.5,0.49656,0.6049,0.92787,0.887,0.92737,0.94647,0.86352,0.58425,0.88061,0.91516,0.00869017,0.00869017,0.00869017
1187,63214.1,0.50185,0.6112,0.92459,0.88699,0.92729,0.94727,0.86412,0.58303,0.88074,0.91382,0.00868806,0.00868806,0.00868806
1188,63265.8,0.48438,0.61117,0.91453,0.88698,0.92725,0.94636,0.86322,0.58251,0.88116,0.91362,0.00868595,0.00868595,0.00868595
1189,63317.6,0.50248,0.62518,0.93496,0.88698,0.92724,0.94731,0.86435,0.58248,0.8819,0.91375,0.00868384,0.00868384,0.00868384
1190,63369.6,0.49132,0.59612,0.919,0.88698,0.92724,0.94782,0.86497,0.5831,0.88137,0.91458,0.00868173,0.00868173,0.00868173
1191,63420.1,0.51046,0.62701,0.93007,0.88697,0.9272,0.94789,0.86536,0.58328,0.87992,0.91464,0.00867961,0.00867961,0.00867961
1192,63466.3,0.49408,0.61141,0.92171,0.88697,0.92719,0.94776,0.86447,0.58334,0.87876,0.91462,0.0086775,0.0086775,0.0086775
1193,63512.9,0.49013,0.62448,0.91876,0.88697,0.92723,0.94724,0.86473,0.58298,0.8783,0.91436,0.00867538,0.00867538,0.00867538
1194,63562.3,0.48772,0.61956,0.91153,0.88698,0.92731,0.9471,0.86499,0.58292,0.87711,0.91421,0.00867326,0.00867326,0.00867326
1195,63611.8,0.48847,0.61721,0.91574,0.88697,0.92721,0.94719,0.86402,0.5835,0.87931,0.91442,0.00867114,0.00867114,0.00867114
1196,63662.9,0.50256,0.63409,0.92199,0.88697,0.92717,0.94737,0.86398,0.58385,0.88106,0.91478,0.00866902,0.00866902,0.00866902
1197,63714.1,0.49402,0.60998,0.92351,0.88695,0.92703,0.9473,0.86585,0.58362,0.87956,0.91488,0.0086669,0.0086669,0.0086669
1198,63764.1,0.51077,0.62799,0.93542,0.88696,0.92711,0.94726,0.86491,0.58355,0.87833,0.91525,0.00866478,0.00866478,0.00866478
1199,63814.4,0.49948,0.6196,0.91961,0.88697,0.92719,0.94806,0.86477,0.58395,0.87921,0.91553,0.00866265,0.00866265,0.00866265
1200,63864.6,0.50397,0.61659,0.92426,0.88698,0.92724,0.94802,0.86595,0.58383,0.87791,0.91556,0.00866052,0.00866052,0.00866052
1201,63915.5,0.4993,0.62585,0.93146,0.88699,0.92734,0.94801,0.86638,0.58399,0.87673,0.91596,0.00865839,0.00865839,0.00865839
1202,63967.5,0.49681,0.61141,0.91921,0.88699,0.9273,0.94757,0.86522,0.5844,0.87763,0.91602,0.00865626,0.00865626,0.00865626
1203,64018.2,0.49736,0.59911,0.92083,0.88698,0.92727,0.94763,0.86547,0.5844,0.87658,0.91622,0.00865413,0.00865413,0.00865413
1204,64068.8,0.5092,0.609,0.91912,0.88699,0.92734,0.94845,0.86649,0.58453,0.87584,0.91639,0.008652,0.008652,0.008652
1205,64118.4,0.49133,0.58875,0.91642,0.88697,0.92712,0.94797,0.86577,0.58486,0.87597,0.91663,0.00864987,0.00864987,0.00864987
1206,64168,0.50427,0.61387,0.91986,0.88694,0.9269,0.94775,0.86613,0.58487,0.87653,0.91657,0.00864773,0.00864773,0.00864773
1207,64217.1,0.49723,0.60233,0.924,0.88694,0.92687,0.94832,0.86698,0.58482,0.87787,0.91668,0.00864559,0.00864559,0.00864559
1208,64265.9,0.49983,0.61926,0.92343,0.88696,0.92703,0.94832,0.86687,0.58362,0.87686,0.91557,0.00864346,0.00864346,0.00864346
1209,64315.5,0.48768,0.59461,0.9193,0.88697,0.92716,0.9483,0.86702,0.58308,0.8758,0.91493,0.00864132,0.00864132,0.00864132
1210,64365.5,0.48659,0.58153,0.91518,0.88698,0.92724,0.94832,0.86615,0.58207,0.87624,0.91394,0.00863918,0.00863918,0.00863918
1211,64415.5,0.48819,0.60364,0.90984,0.88697,0.92717,0.94835,0.86655,0.58238,0.87802,0.91424,0.00863703,0.00863703,0.00863703
1212,64467.1,0.50191,0.63126,0.9307,0.88696,0.92712,0.94833,0.86698,0.58178,0.87553,0.91368,0.00863489,0.00863489,0.00863489
1213,64518.3,0.48687,0.60942,0.91672,0.88695,0.92701,0.94785,0.86668,0.58208,0.87705,0.91383,0.00863274,0.00863274,0.00863274
1214,64567.9,0.49287,0.6289,0.92588,0.88697,0.92713,0.94846,0.86711,0.58243,0.87738,0.91399,0.0086306,0.0086306,0.0086306
1215,64618.3,0.49216,0.59975,0.92077,0.88696,0.9271,0.94737,0.86581,0.58246,0.87773,0.91402,0.00862845,0.00862845,0.00862845
1216,64669.9,0.49407,0.59984,0.92296,0.88695,0.92696,0.94695,0.86565,0.58247,0.87757,0.91412,0.0086263,0.0086263,0.0086263
1217,64720.7,0.4902,0.62541,0.91757,0.88696,0.92712,0.94754,0.86561,0.58264,0.8761,0.91425,0.00862415,0.00862415,0.00862415
1218,64772.3,0.4991,0.62322,0.92651,0.887,0.92738,0.94726,0.86585,0.58256,0.87512,0.91413,0.008622,0.008622,0.008622
1219,64823.7,0.47887,0.62331,0.91524,0.887,0.92739,0.94762,0.8651,0.58249,0.87468,0.914,0.00861984,0.00861984,0.00861984
1220,64875.9,0.47865,0.60102,0.91639,0.88702,0.92756,0.94745,0.86609,0.58241,0.8745,0.91399,0.00861769,0.00861769,0.00861769
1221,64927.7,0.48014,0.58182,0.91397,0.88702,0.9276,0.94699,0.86519,0.58165,0.87259,0.91279,0.00861553,0.00861553,0.00861553
1222,64980.8,0.49602,0.60886,0.92712,0.88703,0.92767,0.94823,0.8665,0.58168,0.87094,0.91244,0.00861337,0.00861337,0.00861337
1223,65032,0.49222,0.60403,0.9189,0.88703,0.9277,0.94832,0.8672,0.58204,0.87052,0.91241,0.00861121,0.00861121,0.00861121
