epoch,time,train/box_loss,train/cls_loss,train/dfl_loss,metrics/precision(B),metrics/recall(B),metrics/mAP50(B),metrics/mAP50-95(B),val/box_loss,val/cls_loss,val/dfl_loss,lr/pg0,lr/pg1,lr/pg2
1,150.795,1.2926,9.28959,1.47476,0.76591,0.79379,0.83539,0.52747,1.29138,3.59923,1.3786,0.00331699,0.00331699,0.00331699
2,277.735,1.1725,4.26596,1.3348,0.77869,0.80147,0.84103,0.54839,1.28101,3.35393,1.41844,0.00665033,0.00665033,0.00665033
3,401.786,1.30399,3.29543,1.41772,0.75622,0.7346,0.78849,0.51315,1.43506,5.21131,1.63979,0.00998366,0.00998366,0.00998366
4,526.954,1.37189,3.1165,1.47697,0.71607,0.75439,0.78195,0.4744,1.34539,5.92125,1.57739,0.00999999,0.00999999,0.00999999
5,651.814,1.31327,2.86908,1.44743,0.74643,0.84057,0.82722,0.57139,1.25702,2.85243,1.38614,0.00999998,0.00999998,0.00999998
6,776.718,1.25152,2.68588,1.40309,0.76579,0.80556,0.85512,0.5567,1.2646,2.2151,1.37131,0.00999998,0.00999998,0.00999998
7,900.211,1.18578,2.50884,1.37224,0.74821,0.83825,0.84967,0.58938,1.13456,2.39218,1.27209,0.00999996,0.00999996,0.00999996
8,1024.99,1.14761,2.4476,1.33366,0.79606,0.85552,0.87064,0.61027,1.22984,1.90313,1.3022,0.00999995,0.00999995,0.00999995
9,1149.3,1.15244,2.46024,1.34573,0.83372,0.83356,0.88522,0.61638,1.20297,1.97391,1.27995,0.00999994,0.00999994,0.00999994
10,1274.29,1.10605,2.30215,1.32417,0.78971,0.87694,0.86879,0.62869,1.06314,1.92469,1.2112,0.00999992,0.00999992,0.00999992
11,1398.42,1.0861,2.24153,1.29888,0.82384,0.84823,0.87076,0.64131,1.03954,1.83127,1.18978,0.0099999,0.0099999,0.0099999
12,1523.06,1.07287,2.22835,1.28823,0.79839,0.8448,0.87589,0.63645,1.15136,1.85536,1.24347,0.00999988,0.00999988,0.00999988
13,1647.66,1.08057,2.22132,1.31273,0.8021,0.87872,0.87451,0.63412,1.05241,1.86943,1.20228,0.00999986,0.00999986,0.00999986
14,1771.61,1.06615,2.1575,1.2896,0.78789,0.86896,0.87641,0.68508,0.90789,1.73827,1.10943,0.00999983,0.00999983,0.00999983
15,1895.58,1.03466,2.1477,1.26394,0.8569,0.82664,0.88374,0.62456,1.1075,1.62869,1.22227,0.00999981,0.00999981,0.00999981
16,2021.01,1.0224,2.06687,1.25811,0.82393,0.8375,0.87643,0.64542,1.03196,1.69527,1.16189,0.00999978,0.00999978,0.00999978
17,2144.26,1.01791,2.0103,1.2453,0.79885,0.89791,0.86594,0.65057,0.99578,1.61464,1.14412,0.00999975,0.00999975,0.00999975
18,2268.39,1.00328,1.99752,1.24763,0.84726,0.83441,0.87118,0.65188,1.06218,1.60374,1.17247,0.00999972,0.00999972,0.00999972
19,2392.62,0.98999,1.929,1.22451,0.84306,0.78582,0.86323,0.662,0.98101,1.70629,1.14092,0.00999968,0.00999968,0.00999968
20,2517.68,1.00738,2.00964,1.24287,0.84484,0.84465,0.88657,0.67633,0.99103,1.65685,1.16792,0.00999965,0.00999965,0.00999965
21,2642.51,0.98253,1.92165,1.21497,0.83778,0.83425,0.87001,0.69494,0.9281,1.63546,1.11815,0.00999961,0.00999961,0.00999961
22,2766.33,0.95655,1.91847,1.21322,0.76165,0.8939,0.85593,0.66887,0.93236,1.64837,1.09803,0.00999957,0.00999957,0.00999957
23,2892.41,0.99507,1.9567,1.23135,0.84949,0.83285,0.89426,0.69491,0.92319,1.67908,1.10386,0.00999953,0.00999953,0.00999953
24,3016.77,0.97649,1.95077,1.23059,0.81768,0.86384,0.88592,0.69169,0.95311,1.63263,1.12217,0.00999948,0.00999948,0.00999948
25,3141.77,0.97035,1.94183,1.22974,0.86333,0.82639,0.89007,0.70443,0.95515,1.61348,1.11438,0.00999944,0.00999944,0.00999944
26,3267.75,0.95204,1.8775,1.21069,0.84654,0.86338,0.89468,0.68264,0.98718,1.62335,1.13682,0.00999939,0.00999939,0.00999939
27,3394.05,0.93965,1.8497,1.19324,0.84061,0.85358,0.88182,0.70803,0.87531,1.58999,1.1004,0.00999934,0.00999934,0.00999934
28,3520.18,0.95272,1.8624,1.21973,0.82307,0.86754,0.88249,0.69483,0.94966,1.56598,1.10874,0.00999929,0.00999929,0.00999929
29,3642.71,0.94153,1.80896,1.21215,0.84229,0.8866,0.89694,0.71194,0.87184,1.50185,1.0753,0.00999923,0.00999923,0.00999923
30,3765.24,0.94103,1.83116,1.20312,0.83447,0.86104,0.87872,0.68791,0.90904,1.7109,1.13152,0.00999918,0.00999918,0.00999918
31,3887.81,0.92889,1.81266,1.19907,0.87656,0.87655,0.89005,0.71257,0.89931,1.53607,1.09541,0.00999912,0.00999912,0.00999912
32,4010.31,0.92892,1.75771,1.19377,0.83908,0.88359,0.88917,0.70474,0.90619,1.59101,1.10299,0.00999906,0.00999906,0.00999906
33,4134.11,0.92726,1.78349,1.17247,0.83563,0.87008,0.89623,0.70192,0.96198,1.57879,1.10679,0.009999,0.009999,0.009999
34,4257.08,0.92815,1.79437,1.19091,0.84162,0.85273,0.88609,0.69073,0.92983,1.5967,1.11129,0.00999894,0.00999894,0.00999894
35,4381.54,0.90405,1.74504,1.18995,0.83847,0.83948,0.87246,0.70406,0.88339,1.57048,1.12042,0.00999887,0.00999887,0.00999887
36,4506.96,0.92153,1.73415,1.17576,0.83262,0.888,0.90154,0.72409,0.88036,1.50809,1.09724,0.0099988,0.0099988,0.0099988
37,4631.28,0.92042,1.7565,1.18651,0.86495,0.87336,0.89997,0.71991,0.89298,1.41763,1.07648,0.00999873,0.00999873,0.00999873
38,4754.6,0.89309,1.688,1.15904,0.86332,0.85806,0.88823,0.70106,0.94048,1.49449,1.10056,0.00999866,0.00999866,0.00999866
39,4878.51,0.92343,1.70616,1.18018,0.87758,0.81559,0.89951,0.72097,0.86736,1.46595,1.07695,0.00999859,0.00999859,0.00999859
40,5002.57,0.9124,1.71138,1.18156,0.89637,0.83092,0.89492,0.70275,0.95477,1.50692,1.09978,0.00999851,0.00999851,0.00999851
41,5126.53,0.88694,1.6937,1.16002,0.83274,0.87478,0.90337,0.7244,0.90009,1.52388,1.08984,0.00999844,0.00999844,0.00999844
42,5251.13,0.9118,1.73903,1.17812,0.84985,0.87725,0.90088,0.72574,0.86801,1.53362,1.08578,0.00999836,0.00999836,0.00999836
43,5374.39,0.89822,1.64136,1.16295,0.8722,0.85689,0.90326,0.70494,0.91596,1.41569,1.09492,0.00999828,0.00999828,0.00999828
44,5498.85,0.8945,1.64861,1.16525,0.83844,0.88127,0.89981,0.7137,0.91111,1.48838,1.08116,0.00999819,0.00999819,0.00999819
45,5623.14,0.88695,1.72817,1.16339,0.82378,0.88155,0.89892,0.71456,0.85632,1.46111,1.06635,0.00999811,0.00999811,0.00999811
46,5749.14,0.90209,1.75636,1.17361,0.82983,0.89827,0.90615,0.71522,0.87497,1.40912,1.06926,0.00999802,0.00999802,0.00999802
47,5874.54,0.88741,1.68635,1.15453,0.85818,0.87908,0.90242,0.72752,0.84601,1.38806,1.05619,0.00999793,0.00999793,0.00999793
48,5998.25,0.88386,1.66321,1.15017,0.83608,0.87982,0.88547,0.69498,0.91298,1.50733,1.09413,0.00999784,0.00999784,0.00999784
49,6123.44,0.88214,1.64228,1.15707,0.87741,0.86853,0.90513,0.725,0.86193,1.33255,1.06943,0.00999775,0.00999775,0.00999775
50,6248.78,0.86811,1.65978,1.16177,0.9179,0.8018,0.89396,0.72383,0.86992,1.50067,1.07746,0.00999765,0.00999765,0.00999765
51,6373.27,0.86379,1.58201,1.1311,0.87794,0.8718,0.9056,0.73739,0.81473,1.41108,1.03281,0.00999756,0.00999756,0.00999756
52,6497.53,0.87744,1.66602,1.15656,0.87071,0.85004,0.89877,0.73402,0.84165,1.50105,1.06801,0.00999746,0.00999746,0.00999746
53,6623.11,0.86794,1.63207,1.15227,0.8784,0.87638,0.89492,0.7247,0.83416,1.40889,1.05101,0.00999736,0.00999736,0.00999736
54,6746.18,0.87953,1.6196,1.15673,0.87519,0.87129,0.89562,0.72939,0.84521,1.45358,1.05803,0.00999726,0.00999726,0.00999726
55,6869.11,0.84859,1.55668,1.12373,0.85907,0.88325,0.90667,0.74347,0.82769,1.36713,1.03873,0.00999715,0.00999715,0.00999715
56,6992.57,0.85606,1.60358,1.14186,0.86068,0.84717,0.90054,0.75352,0.81048,1.45555,1.03683,0.00999704,0.00999704,0.00999704
57,7116.16,0.85331,1.5901,1.13716,0.85997,0.87211,0.90441,0.73969,0.82762,1.34352,1.04622,0.00999694,0.00999694,0.00999694
58,7240.01,0.86249,1.56913,1.14841,0.85243,0.87139,0.90444,0.73355,0.83656,1.40018,1.0536,0.00999683,0.00999683,0.00999683
59,7362.57,0.85662,1.56949,1.14981,0.86458,0.85451,0.90365,0.74597,0.80306,1.33114,1.03645,0.00999671,0.00999671,0.00999671
60,7487.03,0.86308,1.52823,1.14591,0.85287,0.87189,0.90114,0.72403,0.87177,1.42928,1.05598,0.0099966,0.0099966,0.0099966
61,7611.31,0.85793,1.58333,1.13815,0.8523,0.88126,0.90547,0.74456,0.82684,1.33182,1.02961,0.00999648,0.00999648,0.00999648
62,7735.3,0.87669,1.5926,1.15191,0.85915,0.8565,0.90259,0.74567,0.8483,1.43337,1.06659,0.00999636,0.00999636,0.00999636
63,7859.22,0.84529,1.54541,1.14041,0.84733,0.88157,0.91623,0.76178,0.78158,1.28409,1.01865,0.00999624,0.00999624,0.00999624
64,7982.76,0.83308,1.52152,1.12343,0.89681,0.83171,0.90882,0.76092,0.80304,1.31617,1.0358,0.00999612,0.00999612,0.00999612
65,8108.09,0.83546,1.54153,1.12997,0.85308,0.86089,0.89691,0.74053,0.80656,1.36228,1.03135,0.009996,0.009996,0.009996
66,8232.13,0.85185,1.50538,1.13921,0.85946,0.82513,0.89506,0.75571,0.78914,1.4256,1.03727,0.00999587,0.00999587,0.00999587
67,8356.78,0.84282,1.51574,1.13383,0.87362,0.87347,0.90186,0.75188,0.8137,1.35448,1.03871,0.00999574,0.00999574,0.00999574
68,8480.64,0.85757,1.54345,1.14568,0.86017,0.90656,0.91381,0.75393,0.79525,1.27662,1.02162,0.00999561,0.00999561,0.00999561
69,8604.58,0.84449,1.50239,1.13839,0.89727,0.84713,0.91111,0.76192,0.7713,1.36408,1.01332,0.00999548,0.00999548,0.00999548
70,8728.45,0.83721,1.567,1.13605,0.83013,0.92907,0.9079,0.75402,0.7762,1.27736,1.01403,0.00999535,0.00999535,0.00999535
71,8849.83,0.86201,1.57443,1.14101,0.89592,0.85967,0.91047,0.75878,0.79845,1.34178,1.02342,0.00999521,0.00999521,0.00999521
72,8970.8,0.8508,1.50541,1.13913,0.88752,0.85266,0.90391,0.75442,0.7821,1.33677,1.01512,0.00999508,0.00999508,0.00999508
73,9093.93,0.82878,1.49231,1.13731,0.8743,0.87376,0.91216,0.761,0.76604,1.29154,1.01026,0.00999494,0.00999494,0.00999494
74,9218.04,0.82481,1.46846,1.12129,0.85513,0.89404,0.91734,0.76161,0.77194,1.23605,1.015,0.00999479,0.00999479,0.00999479
75,9341.49,0.83107,1.49362,1.13794,0.87942,0.85266,0.90998,0.75248,0.80848,1.25364,1.03328,0.00999465,0.00999465,0.00999465
76,9463.58,0.81912,1.49413,1.11953,0.86112,0.86667,0.91557,0.77169,0.76239,1.28223,1.01385,0.0099945,0.0099945,0.0099945
77,9586.18,0.8277,1.50319,1.12972,0.86149,0.87552,0.91108,0.76876,0.74882,1.25811,1.0106,0.00999436,0.00999436,0.00999436
78,9710.29,0.82981,1.4694,1.12954,0.86083,0.87051,0.91505,0.77121,0.76222,1.23959,1.01769,0.00999421,0.00999421,0.00999421
79,9834.54,0.83079,1.48231,1.12911,0.85831,0.87006,0.9091,0.7623,0.76688,1.23283,1.01805,0.00999406,0.00999406,0.00999406
80,9960.63,0.82334,1.45861,1.11093,0.88913,0.83989,0.89537,0.75757,0.74587,1.26955,0.99983,0.0099939,0.0099939,0.0099939
81,10087.6,0.82585,1.45272,1.12017,0.84977,0.8968,0.91586,0.76423,0.75017,1.26063,1.00434,0.00999375,0.00999375,0.00999375
82,10213.3,0.82372,1.47583,1.11274,0.87232,0.86482,0.91529,0.76694,0.76803,1.24585,1.01413,0.00999359,0.00999359,0.00999359
83,10338,0.8176,1.51451,1.11786,0.888,0.83307,0.91137,0.76565,0.76988,1.28296,1.02039,0.00999343,0.00999343,0.00999343
84,10464.4,0.82685,1.45832,1.12704,0.87026,0.85781,0.90844,0.76834,0.75873,1.30368,1.01107,0.00999327,0.00999327,0.00999327
85,10588.9,0.82118,1.4368,1.12525,0.86384,0.88685,0.90212,0.76445,0.75209,1.28276,0.99955,0.00999311,0.00999311,0.00999311
86,10714.6,0.83772,1.44115,1.12743,0.84157,0.9032,0.89873,0.75087,0.77215,1.27469,1.01425,0.00999294,0.00999294,0.00999294
87,10840.2,0.82219,1.43338,1.11531,0.82578,0.89593,0.90498,0.75915,0.76159,1.29045,1.01556,0.00999278,0.00999278,0.00999278
88,10963.9,0.8225,1.45414,1.11967,0.83182,0.89471,0.90836,0.76465,0.77401,1.30094,1.02086,0.00999261,0.00999261,0.00999261
89,11090.2,0.83488,1.5054,1.12337,0.83206,0.90249,0.90931,0.76366,0.77353,1.31257,1.0185,0.00999244,0.00999244,0.00999244
90,11213.4,0.82976,1.46847,1.11586,0.86054,0.8821,0.91523,0.77205,0.76217,1.27506,1.01513,0.00999226,0.00999226,0.00999226
91,11341.6,0.8194,1.41991,1.12542,0.86032,0.87414,0.91298,0.76898,0.78438,1.27946,1.02908,0.00999209,0.00999209,0.00999209
92,11467.2,0.82077,1.4027,1.12128,0.86098,0.87209,0.91541,0.76877,0.75779,1.24201,1.01283,0.00999191,0.00999191,0.00999191
93,11592.7,0.82012,1.4472,1.11255,0.82586,0.89382,0.9168,0.77276,0.74671,1.22321,1.00319,0.00999173,0.00999173,0.00999173
94,11717.9,0.80861,1.41704,1.11524,0.89472,0.84702,0.91897,0.77513,0.73221,1.22997,0.99321,0.00999155,0.00999155,0.00999155
95,11846.7,0.81953,1.383,1.11729,0.89357,0.84856,0.9216,0.77971,0.7377,1.20544,0.99666,0.00999137,0.00999137,0.00999137
96,11973.5,0.80116,1.41713,1.10425,0.86387,0.87876,0.9137,0.77202,0.73788,1.18711,0.99567,0.00999118,0.00999118,0.00999118
97,12098.8,0.80613,1.42512,1.10856,0.87296,0.89741,0.91589,0.76989,0.73078,1.17478,0.98944,0.009991,0.009991,0.009991
98,12220,0.80592,1.35695,1.10733,0.84124,0.90368,0.91554,0.7746,0.72104,1.16098,0.98341,0.00999081,0.00999081,0.00999081
99,12343,0.8032,1.39485,1.10077,0.85487,0.90433,0.91618,0.77462,0.73043,1.1867,0.98952,0.00999062,0.00999062,0.00999062
100,12466.2,0.81095,1.44373,1.11259,0.86252,0.88242,0.91607,0.773,0.72826,1.17913,0.987,0.00999043,0.00999043,0.00999043
101,12589.5,0.81229,1.43757,1.11294,0.8875,0.86041,0.92013,0.77742,0.72017,1.17724,0.98112,0.00999023,0.00999023,0.00999023
102,12711.6,0.79886,1.37654,1.10401,0.88572,0.8674,0.91469,0.77606,0.72541,1.21832,0.99255,0.00999004,0.00999004,0.00999004
103,12834.2,0.78712,1.38607,1.09897,0.8769,0.87,0.91427,0.77183,0.7207,1.19328,0.98954,0.00998984,0.00998984,0.00998984
104,12956.7,0.79582,1.37163,1.10846,0.84713,0.89471,0.91312,0.77099,0.73248,1.18191,0.99199,0.00998964,0.00998964,0.00998964
105,13081.2,0.79488,1.35667,1.0902,0.84988,0.87825,0.91177,0.7712,0.73407,1.18257,0.99154,0.00998944,0.00998944,0.00998944
106,13207.3,0.7929,1.38154,1.10325,0.8348,0.89931,0.9127,0.77616,0.73425,1.19665,0.99132,0.00998923,0.00998923,0.00998923
107,13331.4,0.79555,1.39896,1.09582,0.82772,0.91573,0.91657,0.77889,0.73068,1.20708,0.99536,0.00998903,0.00998903,0.00998903
108,13457.5,0.7903,1.36015,1.09464,0.84522,0.90755,0.91427,0.77781,0.73432,1.23569,0.99848,0.00998882,0.00998882,0.00998882
109,13581.5,0.78696,1.38941,1.10141,0.85434,0.89653,0.91489,0.77311,0.73455,1.203,0.99731,0.00998861,0.00998861,0.00998861
110,13706,0.80219,1.40649,1.10969,0.8626,0.8734,0.91889,0.77867,0.73224,1.20787,0.99241,0.0099884,0.0099884,0.0099884
111,13828.5,0.80126,1.33355,1.10948,0.8755,0.84974,0.9133,0.77372,0.73486,1.20684,0.99045,0.00998818,0.00998818,0.00998818
112,13952.2,0.79949,1.36182,1.10107,0.85794,0.87271,0.91496,0.76886,0.74351,1.21578,0.98991,0.00998797,0.00998797,0.00998797
113,14076,0.79656,1.35992,1.10934,0.86851,0.8763,0.91484,0.77126,0.74349,1.20512,0.98992,0.00998775,0.00998775,0.00998775
114,14198.9,0.79764,1.36287,1.10373,0.86934,0.86416,0.91743,0.77429,0.7376,1.20055,0.98699,0.00998753,0.00998753,0.00998753
115,14324,0.78889,1.35433,1.08513,0.87925,0.86151,0.91741,0.77755,0.72655,1.1858,0.98061,0.00998731,0.00998731,0.00998731
116,14446.6,0.80757,1.40215,1.1011,0.85606,0.87104,0.91947,0.77695,0.72744,1.18898,0.98041,0.00998708,0.00998708,0.00998708
117,14568.7,0.78625,1.34052,1.09061,0.86398,0.86563,0.91742,0.7768,0.72738,1.17107,0.98028,0.00998686,0.00998686,0.00998686
118,14690.5,0.80501,1.34247,1.10408,0.87545,0.86227,0.91882,0.78224,0.72176,1.16514,0.97805,0.00998663,0.00998663,0.00998663
119,14814.7,0.7917,1.3448,1.08601,0.87839,0.87098,0.92079,0.78246,0.71557,1.15726,0.9761,0.0099864,0.0099864,0.0099864
120,14939,0.78644,1.33498,1.097,0.8827,0.86456,0.92227,0.78325,0.71531,1.14457,0.97567,0.00998617,0.00998617,0.00998617
121,15064.4,0.78753,1.36569,1.09535,0.88434,0.85934,0.91937,0.78018,0.71542,1.15868,0.97608,0.00998594,0.00998594,0.00998594
122,15187.9,0.77084,1.30258,1.07795,0.87208,0.87576,0.91914,0.77852,0.71766,1.1576,0.97864,0.0099857,0.0099857,0.0099857
123,15309.8,0.7793,1.28266,1.08749,0.87297,0.87689,0.9187,0.77776,0.72197,1.15417,0.98048,0.00998546,0.00998546,0.00998546
124,15433.7,0.78666,1.34268,1.10219,0.87354,0.88448,0.91922,0.78115,0.72411,1.1546,0.98218,0.00998522,0.00998522,0.00998522
125,15555.5,0.78268,1.31522,1.09082,0.87356,0.8823,0.91939,0.78055,0.72052,1.1498,0.97958,0.00998498,0.00998498,0.00998498
126,15677.6,0.78451,1.30561,1.08689,0.86917,0.88587,0.91813,0.7748,0.72321,1.15992,0.98119,0.00998474,0.00998474,0.00998474
127,15798.8,0.77302,1.28762,1.08809,0.88585,0.86574,0.91743,0.7803,0.72171,1.154,0.98253,0.0099845,0.0099845,0.0099845
128,15921.5,0.77787,1.301,1.08815,0.87813,0.86613,0.91815,0.78574,0.71133,1.14811,0.97896,0.00998425,0.00998425,0.00998425
129,16043.9,0.78381,1.35385,1.08223,0.8576,0.89209,0.91818,0.78246,0.71427,1.14986,0.97969,0.009984,0.009984,0.009984
130,16166.7,0.78533,1.36696,1.08494,0.85604,0.88928,0.91917,0.78278,0.71393,1.14304,0.97981,0.00998375,0.00998375,0.00998375
131,16289.6,0.774,1.30166,1.08177,0.88791,0.86313,0.91952,0.78575,0.71143,1.1358,0.97978,0.0099835,0.0099835,0.0099835
132,16412.9,0.78048,1.29817,1.08121,0.842,0.90259,0.91989,0.78509,0.71487,1.13287,0.98027,0.00998324,0.00998324,0.00998324
133,16535.6,0.76372,1.28857,1.07884,0.84877,0.89456,0.92061,0.78698,0.71569,1.12748,0.98266,0.00998298,0.00998298,0.00998298
134,16660.3,0.78353,1.30511,1.08813,0.85083,0.89517,0.9212,0.7878,0.71288,1.12772,0.98009,0.00998273,0.00998273,0.00998273
135,16781.8,0.78129,1.27269,1.08729,0.86237,0.89471,0.92248,0.78972,0.70985,1.12446,0.97951,0.00998247,0.00998247,0.00998247
136,16904,0.7752,1.30535,1.09065,0.8598,0.89471,0.92304,0.78998,0.70288,1.11931,0.97688,0.0099822,0.0099822,0.0099822
137,17026.2,0.76629,1.33486,1.08746,0.86332,0.89209,0.92312,0.79133,0.70349,1.11731,0.97667,0.00998194,0.00998194,0.00998194
138,17146.2,0.77652,1.31931,1.09388,0.87593,0.88533,0.92041,0.78962,0.70225,1.11739,0.97503,0.00998167,0.00998167,0.00998167
139,17268,0.7693,1.26485,1.08729,0.88241,0.8763,0.92291,0.78958,0.70002,1.11451,0.97345,0.0099814,0.0099814,0.0099814
140,17390.8,0.78228,1.33336,1.08839,0.88359,0.8763,0.92148,0.78789,0.69756,1.12006,0.97282,0.00998113,0.00998113,0.00998113
141,17515.4,0.77755,1.31397,1.08352,0.88218,0.8763,0.92119,0.78905,0.69149,1.12166,0.96922,0.00998086,0.00998086,0.00998086
142,17638.4,0.78476,1.32124,1.09301,0.87365,0.88431,0.92488,0.79424,0.6872,1.11591,0.96621,0.00998059,0.00998059,0.00998059
143,17761.5,0.78246,1.28516,1.10153,0.87422,0.88575,0.92466,0.79569,0.68484,1.11161,0.96582,0.00998031,0.00998031,0.00998031
144,17884.4,0.77418,1.25372,1.08724,0.87586,0.88677,0.92506,0.79742,0.68379,1.1101,0.96612,0.00998003,0.00998003,0.00998003
145,18005.3,0.78902,1.2908,1.08654,0.87662,0.88438,0.92536,0.79564,0.68373,1.11018,0.96671,0.00997975,0.00997975,0.00997975
146,18125.4,0.76195,1.28353,1.08954,0.86626,0.89396,0.92567,0.79594,0.6841,1.11216,0.9682,0.00997947,0.00997947,0.00997947
147,18247.5,0.76179,1.24577,1.07546,0.86984,0.89876,0.92734,0.79707,0.6839,1.11498,0.96887,0.00997919,0.00997919,0.00997919
148,18371.1,0.76049,1.27033,1.07197,0.86469,0.89462,0.92792,0.7959,0.6859,1.1135,0.96959,0.0099789,0.0099789,0.0099789
149,18492.7,0.77936,1.27908,1.08781,0.8597,0.89735,0.92751,0.79503,0.68676,1.11765,0.97059,0.00997861,0.00997861,0.00997861
150,18614.5,0.76578,1.28326,1.08106,0.88476,0.87368,0.92776,0.79478,0.68624,1.12192,0.96998,0.00997832,0.00997832,0.00997832
151,18734.5,0.76761,1.23594,1.07583,0.88313,0.87157,0.92819,0.7958,0.68363,1.12316,0.96777,0.00997803,0.00997803,0.00997803
152,18856,0.76793,1.28275,1.06998,0.88286,0.8725,0.9265,0.79534,0.68274,1.12019,0.96645,0.00997774,0.00997774,0.00997774
153,18977.2,0.7744,1.29614,1.09117,0.87795,0.87834,0.92662,0.79568,0.68209,1.11859,0.96596,0.00997744,0.00997744,0.00997744
154,19097.6,0.75657,1.24938,1.0717,0.87728,0.87892,0.92642,0.79685,0.68289,1.1173,0.96585,0.00997714,0.00997714,0.00997714
155,19221.6,0.77722,1.26259,1.08853,0.87374,0.88415,0.92554,0.7965,0.68417,1.11514,0.96598,0.00997685,0.00997685,0.00997685
156,19343.4,0.78792,1.28184,1.09248,0.87656,0.88415,0.9251,0.79748,0.68338,1.11368,0.96574,0.00997654,0.00997654,0.00997654
157,19465.8,0.76189,1.24148,1.07326,0.87592,0.88415,0.92589,0.80088,0.68123,1.1106,0.96541,0.00997624,0.00997624,0.00997624
158,19587.8,0.78514,1.28482,1.09296,0.87974,0.88129,0.92557,0.79911,0.68017,1.10699,0.96482,0.00997594,0.00997594,0.00997594
159,19708.3,0.76417,1.26141,1.08234,0.88253,0.87892,0.92652,0.79944,0.67965,1.10373,0.96498,0.00997563,0.00997563,0.00997563
160,19829.9,0.7562,1.24853,1.07075,0.88135,0.87892,0.92647,0.79885,0.67952,1.10097,0.96485,0.00997532,0.00997532,0.00997532
161,19952.6,0.76905,1.22623,1.07897,0.8806,0.87892,0.92675,0.79983,0.68076,1.09888,0.96503,0.00997501,0.00997501,0.00997501
162,20075.5,0.75871,1.23006,1.08018,0.87865,0.8805,0.92623,0.80017,0.68097,1.0988,0.96497,0.00997469,0.00997469,0.00997469
163,20198,0.76991,1.21494,1.07907,0.87947,0.87893,0.92574,0.79953,0.68131,1.09932,0.96551,0.00997438,0.00997438,0.00997438
164,20319.9,0.76767,1.27166,1.07335,0.8765,0.87892,0.92611,0.79985,0.6819,1.10052,0.96557,0.00997406,0.00997406,0.00997406
165,20444.1,0.75853,1.20858,1.07593,0.87202,0.88059,0.92586,0.79999,0.68254,1.10228,0.96622,0.00997374,0.00997374,0.00997374
166,20567.3,0.76062,1.25933,1.06974,0.87136,0.8824,0.92558,0.79777,0.68305,1.10097,0.96595,0.00997342,0.00997342,0.00997342
167,20686.8,0.74958,1.24607,1.07239,0.87405,0.88153,0.9252,0.79767,0.68302,1.09737,0.9657,0.0099731,0.0099731,0.0099731
168,20806.9,0.77039,1.27052,1.0816,0.87434,0.88067,0.92489,0.79975,0.68257,1.09426,0.96522,0.00997277,0.00997277,0.00997277
169,20927.7,0.76411,1.24498,1.07869,0.87508,0.88239,0.92481,0.7993,0.68082,1.09185,0.96435,0.00997245,0.00997245,0.00997245
170,21049.3,0.77655,1.26268,1.08961,0.87527,0.88227,0.92497,0.80081,0.67939,1.09121,0.96328,0.00997212,0.00997212,0.00997212
171,21169.5,0.7545,1.22381,1.08281,0.87511,0.88415,0.92532,0.80226,0.67787,1.09244,0.96242,0.00997179,0.00997179,0.00997179
172,21292.6,0.75808,1.22997,1.07726,0.87463,0.88415,0.92521,0.79974,0.67697,1.09474,0.9618,0.00997146,0.00997146,0.00997146
173,21414,0.76457,1.21196,1.06956,0.87407,0.88415,0.92507,0.79924,0.67602,1.09558,0.96125,0.00997112,0.00997112,0.00997112
174,21535.2,0.74166,1.21467,1.06142,0.87269,0.88415,0.92489,0.80252,0.67579,1.09512,0.96075,0.00997079,0.00997079,0.00997079
175,21657,0.75299,1.21742,1.07205,0.8768,0.88152,0.92504,0.80017,0.67535,1.09368,0.96038,0.00997045,0.00997045,0.00997045
176,21777.7,0.75406,1.24989,1.08245,0.87662,0.88294,0.92527,0.8008,0.67613,1.09422,0.96077,0.00997011,0.00997011,0.00997011
177,21898.8,0.75982,1.25207,1.07086,0.87664,0.88379,0.92479,0.79921,0.67621,1.09404,0.96074,0.00996976,0.00996976,0.00996976
178,22019.4,0.76479,1.25014,1.08741,0.87735,0.88402,0.92496,0.80129,0.67631,1.09759,0.96108,0.00996942,0.00996942,0.00996942
179,22137.9,0.77576,1.22699,1.08317,0.87668,0.884,0.92479,0.80064,0.67545,1.09718,0.96111,0.00996907,0.00996907,0.00996907
180,22256.9,0.76517,1.21929,1.07668,0.8773,0.88215,0.92573,0.80004,0.67604,1.09895,0.96185,0.00996873,0.00996873,0.00996873
181,22372.5,0.74912,1.25139,1.06522,0.87637,0.88174,0.92541,0.79916,0.67587,1.0957,0.96191,0.00996838,0.00996838,0.00996838
182,22489.3,0.75334,1.23762,1.0697,0.87596,0.8816,0.92539,0.8006,0.67577,1.09473,0.96195,0.00996802,0.00996802,0.00996802
183,22605.5,0.74643,1.17575,1.06555,0.87562,0.88163,0.92625,0.80145,0.67541,1.09349,0.96176,0.00996767,0.00996767,0.00996767
184,22722.6,0.74221,1.19788,1.06394,0.8757,0.8812,0.92612,0.80134,0.67608,1.09372,0.96202,0.00996731,0.00996731,0.00996731
185,22841.5,0.73813,1.20998,1.05843,0.87582,0.88163,0.92575,0.80121,0.67607,1.09257,0.96242,0.00996696,0.00996696,0.00996696
186,22959.7,0.75093,1.24649,1.07197,0.8757,0.88177,0.9262,0.80105,0.67687,1.09086,0.96275,0.0099666,0.0099666,0.0099666
187,23078.7,0.76295,1.19739,1.0737,0.87508,0.88215,0.92645,0.80086,0.67653,1.09024,0.9626,0.00996624,0.00996624,0.00996624
188,23197.1,0.76553,1.23133,1.06883,0.87544,0.882,0.92688,0.80208,0.67674,1.09341,0.96275,0.00996587,0.00996587,0.00996587
189,23315.3,0.75687,1.15894,1.07,0.87586,0.8819,0.92637,0.80147,0.67655,1.09475,0.96257,0.00996551,0.00996551,0.00996551
190,23435,0.75721,1.25453,1.07233,0.8761,0.88097,0.92634,0.80202,0.67557,1.09499,0.96186,0.00996514,0.00996514,0.00996514
191,23555,0.76852,1.1998,1.07292,0.8765,0.88006,0.92646,0.80229,0.67543,1.09542,0.96165,0.00996477,0.00996477,0.00996477
192,23675.3,0.76234,1.19789,1.08202,0.87651,0.87998,0.92637,0.80118,0.67584,1.09797,0.96142,0.0099644,0.0099644,0.0099644
193,23795.4,0.75983,1.22933,1.08414,0.87573,0.88153,0.92659,0.80179,0.6759,1.09982,0.96121,0.00996402,0.00996402,0.00996402
194,23914.8,0.74908,1.17805,1.07164,0.88005,0.88095,0.92669,0.80309,0.67602,1.0993,0.96112,0.00996365,0.00996365,0.00996365
195,24033,0.75985,1.20407,1.07434,0.87992,0.87978,0.92702,0.80287,0.67589,1.10023,0.96094,0.00996327,0.00996327,0.00996327
196,24152.3,0.75085,1.17411,1.07037,0.87997,0.88016,0.92655,0.80291,0.67586,1.10186,0.9608,0.00996289,0.00996289,0.00996289
197,24270,0.75734,1.18933,1.08348,0.87984,0.87904,0.92636,0.80261,0.67579,1.10372,0.96081,0.00996251,0.00996251,0.00996251
198,24389,0.7683,1.25208,1.0828,0.87979,0.87851,0.92678,0.80075,0.67605,1.10455,0.96078,0.00996213,0.00996213,0.00996213
199,24506.9,0.75848,1.18551,1.07692,0.87978,0.87841,0.927,0.80148,0.67554,1.10468,0.96072,0.00996174,0.00996174,0.00996174
200,24624.7,0.73084,1.17902,1.05376,0.87962,0.88007,0.92731,0.80233,0.67534,1.10706,0.96066,0.00996136,0.00996136,0.00996136
201,24743.1,0.75199,1.24201,1.06721,0.8801,0.88119,0.92697,0.80135,0.67491,1.10866,0.96055,0.00996097,0.00996097,0.00996097
202,24860.1,0.75297,1.16747,1.07116,0.87563,0.88415,0.92758,0.80285,0.67446,1.10718,0.96034,0.00996058,0.00996058,0.00996058
203,24977.7,0.75717,1.17167,1.06992,0.87225,0.88415,0.92772,0.80316,0.67497,1.10746,0.96057,0.00996018,0.00996018,0.00996018
204,25096.8,0.73396,1.18479,1.05508,0.87048,0.88415,0.92711,0.80208,0.67476,1.1073,0.96042,0.00995979,0.00995979,0.00995979
205,25214.8,0.75451,1.20262,1.07452,0.86648,0.88415,0.92618,0.80069,0.67422,1.10579,0.96003,0.00995939,0.00995939,0.00995939
206,25334.5,0.73042,1.15128,1.05481,0.86623,0.88415,0.92637,0.80107,0.67494,1.10583,0.96019,0.00995899,0.00995899,0.00995899
207,25450.9,0.74385,1.16337,1.06879,0.86681,0.88415,0.92619,0.80156,0.67426,1.10288,0.95971,0.00995859,0.00995859,0.00995859
208,25569.9,0.75845,1.19142,1.0742,0.86901,0.88415,0.92578,0.80142,0.67419,1.10007,0.95948,0.00995819,0.00995819,0.00995819
209,25688.4,0.73815,1.17167,1.06503,0.87012,0.88415,0.92664,0.80271,0.67372,1.09772,0.95892,0.00995779,0.00995779,0.00995779
210,25806.7,0.73606,1.1578,1.05989,0.87396,0.88415,0.92614,0.80188,0.6731,1.09612,0.95826,0.00995738,0.00995738,0.00995738
211,25924.1,0.75369,1.16415,1.07306,0.87478,0.88415,0.92623,0.80106,0.67278,1.09503,0.95807,0.00995697,0.00995697,0.00995697
212,26042.2,0.74316,1.17571,1.06015,0.87412,0.88415,0.92641,0.80216,0.67243,1.09299,0.95775,0.00995656,0.00995656,0.00995656
213,26160.7,0.74438,1.16379,1.06258,0.87478,0.88415,0.92607,0.80125,0.67299,1.09589,0.95784,0.00995615,0.00995615,0.00995615
214,26278.5,0.75304,1.14841,1.06553,0.87527,0.88345,0.9263,0.80283,0.67323,1.09531,0.95782,0.00995574,0.00995574,0.00995574
215,26395.7,0.741,1.20615,1.06452,0.87495,0.88328,0.92628,0.80277,0.67374,1.09473,0.958,0.00995532,0.00995532,0.00995532
216,26510.7,0.74377,1.18203,1.06266,0.87571,0.88267,0.92642,0.80314,0.67425,1.09708,0.95827,0.0099549,0.0099549,0.0099549
217,26628.3,0.75132,1.19611,1.07466,0.87039,0.88432,0.92626,0.80125,0.67449,1.09692,0.95822,0.00995448,0.00995448,0.00995448
218,26743.3,0.76699,1.18669,1.07432,0.87038,0.88592,0.92669,0.80235,0.67437,1.09587,0.95827,0.00995406,0.00995406,0.00995406
219,26859,0.74444,1.1944,1.06313,0.87023,0.88742,0.92659,0.80278,0.67447,1.09551,0.95832,0.00995364,0.00995364,0.00995364
220,26974.7,0.75602,1.19343,1.08248,0.86979,0.8885,0.92654,0.80273,0.67476,1.09643,0.95854,0.00995321,0.00995321,0.00995321
221,27089.9,0.73672,1.17326,1.06277,0.86957,0.88866,0.92689,0.80201,0.67485,1.09455,0.95839,0.00995278,0.00995278,0.00995278
222,27204.8,0.74627,1.19432,1.06595,0.86995,0.88884,0.9269,0.80196,0.67432,1.09082,0.95818,0.00995235,0.00995235,0.00995235
223,27319.3,0.74355,1.12211,1.06784,0.86971,0.88939,0.927,0.80134,0.67489,1.09034,0.95841,0.00995192,0.00995192,0.00995192
224,27436.1,0.73759,1.17486,1.05701,0.86932,0.88939,0.92698,0.80145,0.67439,1.08678,0.9579,0.00995149,0.00995149,0.00995149
225,27551.8,0.73592,1.14173,1.05766,0.86782,0.89201,0.92771,0.80357,0.67413,1.08514,0.95781,0.00995105,0.00995105,0.00995105
226,27668.3,0.72711,1.10789,1.0582,0.86446,0.89201,0.92803,0.80198,0.67405,1.08364,0.95752,0.00995062,0.00995062,0.00995062
227,27785.6,0.73881,1.15777,1.05936,0.86463,0.89201,0.92835,0.80443,0.67357,1.08177,0.9571,0.00995018,0.00995018,0.00995018
228,27901.5,0.74192,1.13679,1.06197,0.86485,0.89201,0.92843,0.8039,0.67369,1.08082,0.95712,0.00994974,0.00994974,0.00994974
229,28018.4,0.74484,1.12264,1.07212,0.86435,0.89242,0.92834,0.80394,0.67286,1.07987,0.95685,0.00994929,0.00994929,0.00994929
230,28134.5,0.75282,1.1742,1.06802,0.86459,0.89244,0.92841,0.8031,0.67259,1.07769,0.95671,0.00994885,0.00994885,0.00994885
231,28251.1,0.73377,1.17849,1.05162,0.86964,0.89722,0.92852,0.80321,0.67242,1.07518,0.95679,0.0099484,0.0099484,0.0099484
232,28366.2,0.73826,1.1829,1.05298,0.86963,0.89724,0.92849,0.80387,0.672,1.07289,0.95631,0.00994795,0.00994795,0.00994795
233,28482.3,0.74235,1.16559,1.05861,0.86966,0.89764,0.92824,0.80306,0.67183,1.07295,0.95648,0.0099475,0.0099475,0.0099475
234,28598,0.74486,1.12625,1.06812,0.87012,0.89748,0.92837,0.80384,0.67173,1.07099,0.95643,0.00994705,0.00994705,0.00994705
235,28713.9,0.72828,1.15327,1.05724,0.87051,0.89797,0.92863,0.80289,0.67185,1.07033,0.95638,0.00994659,0.00994659,0.00994659
236,28829.3,0.72691,1.11458,1.05739,0.87119,0.89919,0.92902,0.80564,0.67153,1.06932,0.95613,0.00994614,0.00994614,0.00994614
237,28944.3,0.73391,1.19165,1.0571,0.87108,0.89994,0.92845,0.80302,0.67162,1.06825,0.95626,0.00994568,0.00994568,0.00994568
238,29060.4,0.72855,1.14966,1.05961,0.87004,0.89994,0.92889,0.80458,0.67129,1.06509,0.95583,0.00994522,0.00994522,0.00994522
239,29174.1,0.73752,1.13049,1.05658,0.86949,0.89994,0.92832,0.80272,0.67143,1.06547,0.95567,0.00994476,0.00994476,0.00994476
240,29288.8,0.7307,1.15028,1.0526,0.86937,0.89994,0.92836,0.80323,0.6713,1.064,0.95553,0.00994429,0.00994429,0.00994429
241,29402.5,0.72956,1.13111,1.05362,0.86862,0.89994,0.92851,0.80283,0.67075,1.06288,0.95503,0.00994383,0.00994383,0.00994383
242,29517.3,0.74287,1.16244,1.06653,0.86681,0.89994,0.92907,0.80316,0.67145,1.06237,0.95549,0.00994336,0.00994336,0.00994336
243,29631.4,0.74294,1.16928,1.06778,0.86716,0.89994,0.92938,0.80318,0.67212,1.06517,0.95587,0.00994289,0.00994289,0.00994289
244,29746.7,0.73914,1.12489,1.05176,0.86693,0.89994,0.9293,0.80324,0.67258,1.06611,0.95618,0.00994242,0.00994242,0.00994242
245,29861,0.73391,1.13249,1.05835,0.8675,0.90049,0.92932,0.80408,0.67285,1.0648,0.95624,0.00994194,0.00994194,0.00994194
246,29974.8,0.74104,1.15773,1.04795,0.86741,0.90033,0.92914,0.80241,0.67288,1.06419,0.95611,0.00994147,0.00994147,0.00994147
247,30090.1,0.73994,1.1375,1.05359,0.86727,0.90045,0.92886,0.80318,0.67344,1.06377,0.95625,0.00994099,0.00994099,0.00994099
248,30204.1,0.72326,1.14137,1.0552,0.86688,0.9004,0.92949,0.80476,0.67356,1.0624,0.95611,0.00994051,0.00994051,0.00994051
249,30317.4,0.7501,1.14817,1.07506,0.86638,0.9008,0.92906,0.80428,0.6733,1.06024,0.95605,0.00994003,0.00994003,0.00994003
250,30431.2,0.71268,1.11213,1.04582,0.86674,0.90104,0.92914,0.80477,0.67319,1.05864,0.95584,0.00993954,0.00993954,0.00993954
251,30546.1,0.75059,1.1372,1.07691,0.8678,0.89994,0.9289,0.8053,0.67304,1.05778,0.95564,0.00993906,0.00993906,0.00993906
252,30659.9,0.73301,1.11489,1.06435,0.86935,0.89994,0.92904,0.80404,0.67289,1.05878,0.95552,0.00993857,0.00993857,0.00993857
253,30774.7,0.73364,1.09788,1.06132,0.87158,0.89994,0.92876,0.80511,0.67332,1.0581,0.95566,0.00993808,0.00993808,0.00993808
254,30890.3,0.73546,1.09426,1.05501,0.87584,0.89839,0.929,0.80428,0.67318,1.05651,0.95569,0.00993759,0.00993759,0.00993759
255,31005.4,0.72948,1.12458,1.0481,0.87575,0.89751,0.92903,0.80629,0.67361,1.05732,0.9556,0.0099371,0.0099371,0.0099371
256,31121.3,0.72209,1.12035,1.04634,0.87574,0.8975,0.92933,0.80617,0.67351,1.05495,0.95564,0.0099366,0.0099366,0.0099366
257,31236.6,0.74665,1.14982,1.05585,0.87494,0.89881,0.92862,0.80614,0.67385,1.0536,0.95566,0.0099361,0.0099361,0.0099361
258,31350.7,0.73718,1.09755,1.05274,0.87479,0.89897,0.92836,0.8064,0.67386,1.05392,0.95573,0.0099356,0.0099356,0.0099356
259,31465.8,0.73217,1.10421,1.0577,0.87489,0.89934,0.92864,0.80814,0.67404,1.05266,0.95603,0.0099351,0.0099351,0.0099351
260,31582.3,0.72492,1.11305,1.04966,0.87615,0.90095,0.92895,0.80861,0.67462,1.05251,0.95625,0.0099346,0.0099346,0.0099346
261,31695.8,0.7381,1.11961,1.05486,0.87556,0.89981,0.92919,0.80807,0.67499,1.0523,0.95653,0.0099341,0.0099341,0.0099341
262,31810.3,0.72862,1.12013,1.05115,0.87502,0.89955,0.929,0.8077,0.67563,1.05233,0.95679,0.00993359,0.00993359,0.00993359
263,31925.5,0.72555,1.11716,1.05571,0.87458,0.89962,0.92944,0.80906,0.67537,1.05178,0.95644,0.00993308,0.00993308,0.00993308
264,32039.3,0.73041,1.13355,1.05549,0.87448,0.89991,0.92953,0.80902,0.67564,1.0524,0.95655,0.00993257,0.00993257,0.00993257
265,32153.2,0.71606,1.11448,1.05066,0.87473,0.90065,0.92849,0.80791,0.67542,1.05222,0.9566,0.00993206,0.00993206,0.00993206
266,32266.3,0.73913,1.10624,1.05914,0.87464,0.90112,0.92908,0.80896,0.67565,1.05421,0.95695,0.00993154,0.00993154,0.00993154
267,32380.4,0.73173,1.13828,1.05756,0.8732,0.89994,0.92828,0.80812,0.67596,1.05324,0.95705,0.00993103,0.00993103,0.00993103
268,32494.2,0.73279,1.11076,1.05685,0.87334,0.89994,0.92844,0.80751,0.67606,1.05344,0.95696,0.00993051,0.00993051,0.00993051
269,32608.3,0.72983,1.13888,1.05383,0.8736,0.89994,0.92963,0.80817,0.67576,1.05191,0.95679,0.00992999,0.00992999,0.00992999
270,32723.4,0.71932,1.07376,1.04632,0.8741,0.89994,0.92941,0.80788,0.67566,1.05122,0.95687,0.00992946,0.00992946,0.00992946
271,32837,0.71764,1.141,1.04274,0.87328,0.89994,0.92967,0.80856,0.67563,1.05002,0.95686,0.00992894,0.00992894,0.00992894
272,32950.6,0.73057,1.11824,1.05423,0.87337,0.89994,0.92941,0.80796,0.67575,1.05245,0.9569,0.00992841,0.00992841,0.00992841
273,33063.3,0.73846,1.10535,1.05198,0.87354,0.89994,0.93011,0.80895,0.67633,1.05205,0.9572,0.00992789,0.00992789,0.00992789
274,33178,0.73503,1.1277,1.06462,0.8734,0.89994,0.92948,0.80849,0.67616,1.04938,0.95746,0.00992736,0.00992736,0.00992736
275,33293.3,0.71887,1.0684,1.04737,0.87321,0.89994,0.92959,0.8089,0.67684,1.05224,0.95776,0.00992682,0.00992682,0.00992682
276,33407.1,0.73294,1.05965,1.05768,0.8734,0.89994,0.92969,0.8089,0.67706,1.05205,0.95785,0.00992629,0.00992629,0.00992629
277,33520.8,0.74461,1.12734,1.0654,0.87357,0.89994,0.92986,0.80942,0.67657,1.05302,0.95757,0.00992576,0.00992576,0.00992576
278,33634.3,0.72523,1.09787,1.04627,0.87385,0.89994,0.92994,0.81004,0.67634,1.05121,0.95744,0.00992522,0.00992522,0.00992522
279,33748.2,0.72403,1.10669,1.04611,0.87198,0.90696,0.93024,0.80965,0.67629,1.05072,0.9575,0.00992468,0.00992468,0.00992468
280,33862.2,0.72187,1.08702,1.04296,0.87449,0.89994,0.9302,0.80989,0.67626,1.04903,0.95742,0.00992414,0.00992414,0.00992414
281,33976.7,0.72462,1.07163,1.05308,0.87492,0.89993,0.93047,0.8107,0.67656,1.04879,0.95744,0.00992359,0.00992359,0.00992359
282,34093.3,0.73195,1.1008,1.05967,0.87481,0.89962,0.93047,0.80904,0.67674,1.0485,0.95754,0.00992305,0.00992305,0.00992305
283,34207.6,0.7337,1.09877,1.04861,0.87476,0.89937,0.93017,0.80904,0.67665,1.04674,0.95734,0.0099225,0.0099225,0.0099225
284,34322.2,0.71905,1.10195,1.04456,0.87486,0.89933,0.92984,0.80886,0.67647,1.04589,0.95725,0.00992195,0.00992195,0.00992195
285,34436,0.72674,1.09652,1.05953,0.87241,0.90439,0.93008,0.80926,0.67627,1.04482,0.95707,0.0099214,0.0099214,0.0099214
286,34550.8,0.72538,1.09532,1.0556,0.87088,0.9031,0.93011,0.80946,0.67623,1.04529,0.95722,0.00992085,0.00992085,0.00992085
287,34666.2,0.73218,1.08976,1.05757,0.87068,0.90479,0.93054,0.81087,0.67587,1.04267,0.95708,0.00992029,0.00992029,0.00992029
288,34783.1,0.73797,1.0966,1.06065,0.87054,0.90559,0.93028,0.81054,0.67556,1.04022,0.95698,0.00991974,0.00991974,0.00991974
289,34901.2,0.7222,1.12267,1.05671,0.8705,0.90632,0.93056,0.81037,0.6752,1.0387,0.957,0.00991918,0.00991918,0.00991918
290,35018.4,0.74355,1.10579,1.05077,0.87028,0.90581,0.93015,0.80981,0.67441,1.03672,0.95635,0.00991862,0.00991862,0.00991862
291,35135.2,0.73184,1.08891,1.05468,0.87055,0.90497,0.93052,0.81022,0.67381,1.03594,0.95601,0.00991805,0.00991805,0.00991805
292,35252.6,0.73919,1.15991,1.06177,0.87091,0.90522,0.92999,0.81036,0.6736,1.03637,0.95596,0.00991749,0.00991749,0.00991749
293,35370.2,0.72227,1.10865,1.05133,0.86931,0.90788,0.93006,0.81011,0.6732,1.03502,0.95563,0.00991692,0.00991692,0.00991692
294,35488,0.72233,1.07824,1.04783,0.86739,0.90788,0.92991,0.80946,0.67299,1.03474,0.95534,0.00991635,0.00991635,0.00991635
295,35603.8,0.72198,1.112,1.05075,0.8681,0.90788,0.92952,0.8086,0.6725,1.03592,0.95522,0.00991578,0.00991578,0.00991578
296,35719.7,0.72697,1.11352,1.04885,0.86862,0.90788,0.92982,0.80925,0.67184,1.03595,0.95489,0.00991521,0.00991521,0.00991521
297,35835.2,0.71104,1.12044,1.04457,0.87085,0.90888,0.92991,0.80909,0.67129,1.03314,0.95421,0.00991464,0.00991464,0.00991464
298,35949.7,0.72699,1.08428,1.04943,0.87161,0.9078,0.93022,0.81031,0.67075,1.03275,0.95386,0.00991406,0.00991406,0.00991406
299,36066.5,0.71827,1.07725,1.04977,0.86665,0.90965,0.92983,0.80914,0.67068,1.03259,0.95371,0.00991348,0.00991348,0.00991348
300,36181.6,0.71931,1.05793,1.05216,0.86716,0.90908,0.92978,0.81093,0.67042,1.03442,0.95371,0.0099129,0.0099129,0.0099129
301,36297.4,0.72382,1.09016,1.04636,0.86715,0.90926,0.92992,0.81071,0.6703,1.03443,0.95357,0.00991232,0.00991232,0.00991232
302,36412,0.72722,1.06701,1.04609,0.86797,0.9088,0.93009,0.81044,0.67061,1.03452,0.95383,0.00991174,0.00991174,0.00991174
303,36526.7,0.71871,1.05815,1.0508,0.86714,0.90861,0.92957,0.80998,0.6699,1.03216,0.95344,0.00991115,0.00991115,0.00991115
304,36640.5,0.71671,1.09295,1.0416,0.86738,0.90864,0.92979,0.81118,0.66995,1.03022,0.9534,0.00991056,0.00991056,0.00991056
305,36756.3,0.71999,1.11455,1.05004,0.87352,0.90536,0.9299,0.81056,0.67016,1.02914,0.9533,0.00990998,0.00990998,0.00990998
306,36870.6,0.72978,1.09575,1.05511,0.87291,0.90549,0.93019,0.81158,0.66947,1.0276,0.95288,0.00990938,0.00990938,0.00990938
307,36985.1,0.72136,1.0699,1.05435,0.87226,0.90501,0.93019,0.81106,0.66957,1.02685,0.95291,0.00990879,0.00990879,0.00990879
308,37099.2,0.71702,1.09477,1.0482,0.87012,0.90592,0.93013,0.81128,0.66927,1.02667,0.95274,0.0099082,0.0099082,0.0099082
309,37214.1,0.72282,1.08754,1.04692,0.86354,0.91247,0.93024,0.81113,0.66971,1.02751,0.95276,0.0099076,0.0099076,0.0099076
310,37328.5,0.72556,1.08621,1.04141,0.86361,0.91292,0.93075,0.81193,0.66972,1.02528,0.95267,0.009907,0.009907,0.009907
311,37442.2,0.73228,1.10762,1.0445,0.86934,0.90653,0.93056,0.81122,0.67013,1.02426,0.95294,0.0099064,0.0099064,0.0099064
312,37555,0.71794,1.06608,1.04773,0.86943,0.90668,0.93055,0.81087,0.67023,1.02476,0.95302,0.0099058,0.0099058,0.0099058
313,37668.7,0.72702,1.07323,1.04661,0.86971,0.90645,0.93076,0.81123,0.67022,1.02457,0.95303,0.00990519,0.00990519,0.00990519
314,37782.8,0.72289,1.07726,1.05025,0.87075,0.90711,0.93094,0.81115,0.66934,1.02265,0.95236,0.00990458,0.00990458,0.00990458
315,37896,0.73057,1.06577,1.0488,0.87025,0.90644,0.93037,0.81156,0.66908,1.02037,0.95215,0.00990397,0.00990397,0.00990397
316,38009.4,0.71624,1.07091,1.03891,0.87074,0.90618,0.931,0.81255,0.66909,1.0208,0.95218,0.00990336,0.00990336,0.00990336
317,38125.2,0.73356,1.07699,1.05085,0.87095,0.90634,0.93061,0.81256,0.66874,1.0189,0.95195,0.00990275,0.00990275,0.00990275
318,38239.8,0.70263,1.04739,1.03583,0.87121,0.90641,0.93143,0.81259,0.66829,1.01828,0.9518,0.00990214,0.00990214,0.00990214
319,38353,0.7053,1.04474,1.0283,0.86966,0.91008,0.93115,0.81368,0.66791,1.01786,0.9517,0.00990152,0.00990152,0.00990152
320,38467.6,0.71338,1.06707,1.04222,0.87037,0.91009,0.93119,0.81418,0.6682,1.01791,0.95163,0.0099009,0.0099009,0.0099009
321,38580.6,0.72065,1.05741,1.04468,0.87084,0.90795,0.93101,0.81369,0.66754,1.01679,0.95137,0.00990028,0.00990028,0.00990028
322,38695.1,0.72899,1.08341,1.04566,0.87082,0.90787,0.93168,0.81334,0.66781,1.01826,0.95167,0.00989966,0.00989966,0.00989966
323,38810.2,0.72999,1.06027,1.05351,0.86954,0.90735,0.93143,0.81393,0.66733,1.0178,0.95169,0.00989904,0.00989904,0.00989904
324,38924.9,0.72288,1.08597,1.05281,0.871,0.90912,0.93126,0.81291,0.66805,1.01862,0.95203,0.00989841,0.00989841,0.00989841
325,39039.7,0.72113,1.03829,1.036,0.86568,0.91369,0.9313,0.8136,0.66785,1.01738,0.95191,0.00989778,0.00989778,0.00989778
326,39152.7,0.72311,1.11439,1.04782,0.86569,0.91379,0.93135,0.81348,0.6677,1.0168,0.95169,0.00989715,0.00989715,0.00989715
327,39265.3,0.71637,1.05089,1.04301,0.86457,0.92049,0.93161,0.81356,0.66733,1.01596,0.95148,0.00989652,0.00989652,0.00989652
328,39377.1,0.71791,1.09353,1.04523,0.8645,0.91998,0.93133,0.81298,0.66714,1.01647,0.95157,0.00989589,0.00989589,0.00989589
329,39486.2,0.73076,1.06578,1.04595,0.86445,0.91971,0.93196,0.81473,0.66679,1.01765,0.95146,0.00989525,0.00989525,0.00989525
330,39596.7,0.71666,1.06902,1.04148,0.86455,0.92044,0.93133,0.81444,0.66653,1.01509,0.95113,0.00989461,0.00989461,0.00989461
331,39708.2,0.71287,1.06645,1.04669,0.86459,0.92069,0.93157,0.8145,0.66645,1.01579,0.95125,0.00989398,0.00989398,0.00989398
332,39818.9,0.72602,1.06124,1.04961,0.86247,0.91895,0.93129,0.8144,0.66649,1.01755,0.95146,0.00989333,0.00989333,0.00989333
333,39929.3,0.71458,1.07121,1.03989,0.86255,0.9189,0.93129,0.81298,0.6665,1.01777,0.9512,0.00989269,0.00989269,0.00989269
334,40040.2,0.7382,1.10478,1.06374,0.86178,0.91833,0.93133,0.81394,0.66625,1.01745,0.95117,0.00989205,0.00989205,0.00989205
335,40154.1,0.71088,1.03847,1.03905,0.86033,0.91986,0.9313,0.81397,0.66631,1.01632,0.95101,0.0098914,0.0098914,0.0098914
336,40267.2,0.71191,1.03774,1.02699,0.86061,0.92014,0.93121,0.81344,0.66578,1.01568,0.95086,0.00989075,0.00989075,0.00989075
337,40379,0.7334,1.09028,1.045,0.86028,0.92013,0.93145,0.81344,0.66565,1.01682,0.95067,0.0098901,0.0098901,0.0098901
338,40489.2,0.71806,1.06251,1.03313,0.85988,0.9206,0.93113,0.81324,0.66522,1.01678,0.95056,0.00988945,0.00988945,0.00988945
339,40599.5,0.70761,1.02534,1.03578,0.8589,0.92061,0.93097,0.81321,0.66525,1.01865,0.95051,0.00988879,0.00988879,0.00988879
340,40710.1,0.71376,1.05299,1.04366,0.87447,0.90423,0.93102,0.81356,0.6652,1.01889,0.95053,0.00988814,0.00988814,0.00988814
341,40820.6,0.70123,1.06233,1.03332,0.87442,0.90382,0.93079,0.81346,0.66566,1.01847,0.95064,0.00988748,0.00988748,0.00988748
342,40932,0.72962,1.09143,1.04833,0.86328,0.91718,0.93047,0.81285,0.66561,1.01711,0.95053,0.00988682,0.00988682,0.00988682
343,41042.9,0.71784,1.07586,1.03958,0.86294,0.9171,0.93044,0.81206,0.66584,1.01916,0.95057,0.00988615,0.00988615,0.00988615
344,41160.3,0.72589,1.08453,1.05207,0.86288,0.91682,0.92965,0.81231,0.66526,1.01961,0.95028,0.00988549,0.00988549,0.00988549
345,41272,0.70108,1.05556,1.02494,0.86273,0.91687,0.92984,0.81252,0.66499,1.01716,0.95015,0.00988482,0.00988482,0.00988482
346,41383.9,0.72288,1.08268,1.04456,0.8625,0.91777,0.92991,0.81318,0.66509,1.01637,0.95003,0.00988416,0.00988416,0.00988416
347,41494.1,0.7019,1.03359,1.02916,0.86255,0.91813,0.92995,0.81304,0.66497,1.0148,0.95008,0.00988349,0.00988349,0.00988349
348,41605,0.724,1.07541,1.04278,0.86275,0.91945,0.92982,0.81292,0.66562,1.01776,0.95068,0.00988281,0.00988281,0.00988281
349,41716.3,0.7124,1.07424,1.04484,0.86271,0.91914,0.93,0.81227,0.66579,1.01757,0.95057,0.00988214,0.00988214,0.00988214
350,41827.6,0.71532,1.0648,1.04841,0.86267,0.91997,0.93012,0.81325,0.66592,1.01876,0.95069,0.00988147,0.00988147,0.00988147
351,41939.1,0.71395,1.03864,1.03613,0.86253,0.91998,0.92989,0.81335,0.66476,1.01623,0.95001,0.00988079,0.00988079,0.00988079
352,42048.6,0.71506,1.05926,1.0472,0.86255,0.91987,0.93024,0.81389,0.66421,1.01679,0.94962,0.00988011,0.00988011,0.00988011
353,42158.6,0.70954,1.06063,1.02452,0.86235,0.91991,0.93019,0.81416,0.66393,1.01496,0.94933,0.00987943,0.00987943,0.00987943
354,42269.9,0.71745,1.07616,1.04725,0.86498,0.92004,0.93086,0.8153,0.6639,1.01452,0.9491,0.00987874,0.00987874,0.00987874
355,42380.4,0.70883,1.06061,1.04506,0.86542,0.92015,0.93073,0.81538,0.66335,1.01402,0.94869,0.00987806,0.00987806,0.00987806
356,42492.2,0.71204,1.02288,1.04528,0.86508,0.92036,0.93055,0.81471,0.66271,1.01412,0.94834,0.00987737,0.00987737,0.00987737
357,42604.8,0.71561,1.06482,1.036,0.86528,0.92034,0.93049,0.81476,0.66208,1.01406,0.94774,0.00987668,0.00987668,0.00987668
358,42715.2,0.70433,1.06063,1.03659,0.86515,0.92285,0.93053,0.81544,0.6612,1.01357,0.94699,0.00987599,0.00987599,0.00987599
359,42826,0.71234,1.0363,1.04103,0.86429,0.92291,0.93074,0.81568,0.66037,1.0145,0.94681,0.0098753,0.0098753,0.0098753
360,42937.8,0.71816,1.04613,1.04288,0.86292,0.92279,0.93074,0.81559,0.65973,1.01512,0.94615,0.0098746,0.0098746,0.0098746
361,43048.5,0.7193,1.10343,1.0503,0.86234,0.92262,0.93113,0.81569,0.65953,1.01501,0.94586,0.00987391,0.00987391,0.00987391
362,43158.4,0.72212,1.05363,1.04461,0.86198,0.92248,0.9308,0.81494,0.65919,1.0146,0.9456,0.00987321,0.00987321,0.00987321
363,43269.8,0.71292,1.04697,1.02935,0.86206,0.92246,0.93069,0.81416,0.65931,1.01393,0.94522,0.00987251,0.00987251,0.00987251
364,43380.3,0.7236,1.06234,1.04494,0.86197,0.92239,0.93071,0.81455,0.65915,1.01494,0.94524,0.00987181,0.00987181,0.00987181
365,43491.3,0.70016,1.05075,1.0366,0.86202,0.92238,0.9305,0.8131,0.65883,1.01664,0.94507,0.0098711,0.0098711,0.0098711
366,43602,0.71119,1.07658,1.03828,0.86213,0.92236,0.9303,0.81412,0.65872,1.01652,0.94488,0.0098704,0.0098704,0.0098704
367,43713.2,0.7075,1.04764,1.0381,0.86402,0.92238,0.93062,0.81537,0.658,1.01372,0.94442,0.00986969,0.00986969,0.00986969
368,43824.1,0.71562,1.03207,1.03382,0.86412,0.92222,0.93085,0.8158,0.65757,1.01233,0.94406,0.00986898,0.00986898,0.00986898
369,43935.3,0.70136,1.03837,1.03445,0.86425,0.92211,0.93078,0.81599,0.65737,1.01023,0.94369,0.00986827,0.00986827,0.00986827
370,44046.7,0.70258,1.03647,1.04426,0.86442,0.92223,0.93098,0.81732,0.65716,1.00969,0.94347,0.00986755,0.00986755,0.00986755
371,44157.1,0.70596,1.044,1.03853,0.86472,0.9223,0.93129,0.81604,0.65744,1.00946,0.94356,0.00986684,0.00986684,0.00986684
372,44267.2,0.70209,1.06604,1.03974,0.86505,0.92251,0.93146,0.81816,0.65764,1.00995,0.94367,0.00986612,0.00986612,0.00986612
373,44378.5,0.72021,1.06032,1.04469,0.86469,0.91969,0.93159,0.8175,0.65816,1.01115,0.94383,0.0098654,0.0098654,0.0098654
374,44488.8,0.70007,1.03064,1.02926,0.86448,0.9183,0.93155,0.81858,0.65812,1.0125,0.94389,0.00986468,0.00986468,0.00986468
375,44599.1,0.71296,1.04018,1.04395,0.86459,0.91897,0.93168,0.81775,0.65779,1.01287,0.94387,0.00986396,0.00986396,0.00986396
376,44709.2,0.7078,1.03578,1.03611,0.87804,0.89732,0.93139,0.81851,0.6577,1.01372,0.94388,0.00986323,0.00986323,0.00986323
377,44820.3,0.69673,1.0786,1.03537,0.87866,0.89732,0.9315,0.81895,0.65748,1.01375,0.94381,0.0098625,0.0098625,0.0098625
378,44931,0.72397,1.06443,1.04489,0.87838,0.89732,0.9317,0.8192,0.65734,1.01319,0.9438,0.00986178,0.00986178,0.00986178
379,45042.3,0.7081,1.04534,1.03276,0.87647,0.89732,0.9312,0.81972,0.65687,1.0125,0.94368,0.00986104,0.00986104,0.00986104
380,45154.7,0.71183,1.03717,1.04016,0.87649,0.89732,0.93132,0.81944,0.65693,1.01274,0.9435,0.00986031,0.00986031,0.00986031
381,45267.9,0.71545,1.0556,1.04323,0.87722,0.89817,0.93154,0.81953,0.65696,1.01337,0.94335,0.00985958,0.00985958,0.00985958
382,45380.4,0.71735,1.04274,1.03402,0.87719,0.89826,0.93177,0.81971,0.65671,1.01319,0.94321,0.00985884,0.00985884,0.00985884
383,45493.4,0.70757,1.05314,1.03415,0.87714,0.89809,0.93131,0.81974,0.65686,1.01151,0.9433,0.0098581,0.0098581,0.0098581
384,45605.3,0.71588,1.04636,1.03905,0.87746,0.89785,0.93119,0.82027,0.65651,1.01146,0.94328,0.00985736,0.00985736,0.00985736
385,45716,0.69526,1.01071,1.02477,0.87755,0.89551,0.93107,0.81999,0.65685,1.01117,0.94369,0.00985662,0.00985662,0.00985662
386,45825.5,0.70342,1.04327,1.03392,0.87743,0.89437,0.93095,0.81907,0.65665,1.00916,0.94386,0.00985588,0.00985588,0.00985588
387,45936,0.70835,1.07662,1.038,0.87913,0.89328,0.93082,0.82012,0.65695,1.00888,0.94412,0.00985513,0.00985513,0.00985513
388,46046.8,0.70682,1.02055,1.0308,0.87937,0.89284,0.93082,0.8204,0.65681,1.00846,0.94424,0.00985438,0.00985438,0.00985438
389,46157.3,0.71089,1.05688,1.03174,0.84919,0.9286,0.93168,0.82039,0.65698,1.00746,0.94442,0.00985363,0.00985363,0.00985363
390,46268.1,0.70061,1.02732,1.02958,0.84912,0.92853,0.93147,0.82042,0.65714,1.00918,0.94447,0.00985288,0.00985288,0.00985288
391,46379.3,0.70693,1.03223,1.02936,0.85092,0.92853,0.93189,0.82099,0.65665,1.00946,0.94448,0.00985213,0.00985213,0.00985213
392,46490.6,0.68807,1.02503,1.01343,0.85075,0.92851,0.93209,0.81943,0.65675,1.00923,0.94449,0.00985137,0.00985137,0.00985137
393,46601.3,0.70147,1.01608,1.03544,0.85068,0.92865,0.93194,0.81979,0.65687,1.00929,0.9446,0.00985061,0.00985061,0.00985061
394,46712.9,0.70956,1.00702,1.03336,0.8507,0.92858,0.93222,0.81922,0.65685,1.00758,0.94441,0.00984985,0.00984985,0.00984985
395,46824.5,0.72505,1.02614,1.04433,0.85065,0.92874,0.93194,0.81913,0.65676,1.00723,0.9445,0.00984909,0.00984909,0.00984909
396,46934.3,0.70136,1.04277,1.0268,0.85064,0.92874,0.93178,0.81834,0.65684,1.00747,0.94455,0.00984833,0.00984833,0.00984833
397,47044.2,0.71201,1.06198,1.03831,0.85051,0.92877,0.93175,0.81863,0.65688,1.00753,0.94457,0.00984757,0.00984757,0.00984757
398,47155.9,0.71164,1.05954,1.03265,0.85032,0.92898,0.93143,0.81794,0.65688,1.00616,0.94481,0.0098468,0.0098468,0.0098468
399,47267.4,0.70722,1.03464,1.03809,0.83981,0.94841,0.93225,0.81863,0.65728,1.00492,0.94546,0.00984603,0.00984603,0.00984603
400,47377.8,0.70588,1.02661,1.02183,0.85018,0.92862,0.93125,0.81773,0.65758,1.00308,0.94579,0.00984526,0.00984526,0.00984526
401,47487.6,0.70856,1.05302,1.04836,0.88161,0.88974,0.93165,0.81674,0.65729,1.00306,0.94568,0.00984449,0.00984449,0.00984449
402,47598.5,0.70766,1.04827,1.02888,0.88124,0.8901,0.93182,0.81666,0.65699,1.00282,0.94577,0.00984371,0.00984371,0.00984371
403,47709.4,0.71008,1.01055,1.04518,0.88141,0.89295,0.93235,0.81816,0.6569,1.00081,0.94564,0.00984294,0.00984294,0.00984294
404,47820.6,0.69379,1.00102,1.02307,0.88119,0.89319,0.93213,0.81927,0.65686,1.00051,0.9456,0.00984216,0.00984216,0.00984216
405,47933.5,0.71079,1.04252,1.03828,0.88111,0.89351,0.93141,0.81834,0.65663,0.99871,0.94562,0.00984138,0.00984138,0.00984138
406,48044.1,0.70644,1.04606,1.03601,0.88018,0.89503,0.93177,0.8181,0.6572,0.99928,0.94585,0.0098406,0.0098406,0.0098406
407,48155.1,0.69682,0.99483,1.03344,0.88046,0.89539,0.93181,0.81888,0.65697,0.99876,0.94573,0.00983981,0.00983981,0.00983981
408,48266,0.70671,1.01462,1.03539,0.88038,0.89791,0.93151,0.81919,0.65749,0.99899,0.94577,0.00983903,0.00983903,0.00983903
409,48376.6,0.71393,1.05815,1.03719,0.88279,0.89261,0.9318,0.81934,0.65728,0.99746,0.94602,0.00983824,0.00983824,0.00983824
410,48486.2,0.69305,1.01385,1.02049,0.88653,0.89201,0.93166,0.81908,0.65716,0.99544,0.94623,0.00983745,0.00983745,0.00983745
411,48595.4,0.69966,1.00297,1.02511,0.89052,0.89994,0.93222,0.81996,0.65712,0.9962,0.9464,0.00983666,0.00983666,0.00983666
412,48705.3,0.69765,1.02379,1.02015,0.88979,0.89994,0.93172,0.82077,0.65725,0.99518,0.94658,0.00983586,0.00983586,0.00983586
413,48816.6,0.72283,1.04985,1.04273,0.89035,0.89994,0.9321,0.8208,0.658,0.99629,0.94698,0.00983507,0.00983507,0.00983507
414,48927.4,0.70046,1.03504,1.03628,0.89105,0.89994,0.93257,0.82106,0.65861,0.99713,0.94723,0.00983427,0.00983427,0.00983427
415,49038.1,0.70335,1.0214,1.03815,0.89187,0.8972,0.93219,0.82003,0.6595,0.99756,0.94783,0.00983347,0.00983347,0.00983347
416,49148.5,0.71062,1.03288,1.04037,0.8918,0.89732,0.93165,0.81967,0.65993,0.9984,0.94825,0.00983267,0.00983267,0.00983267
417,49259.6,0.69803,1.04902,1.03333,0.89167,0.89732,0.93156,0.81979,0.66002,1.00001,0.94837,0.00983187,0.00983187,0.00983187
418,49371.2,0.70048,1.04471,1.03225,0.89171,0.89732,0.93212,0.81979,0.65991,0.999,0.94847,0.00983106,0.00983106,0.00983106
419,49481.8,0.70816,1.05732,1.02969,0.89184,0.89732,0.93194,0.82097,0.65973,1.00121,0.94817,0.00983026,0.00983026,0.00983026
420,49592.3,0.68187,0.9999,1.02411,0.89207,0.89732,0.93176,0.82022,0.65933,1.00065,0.94805,0.00982945,0.00982945,0.00982945
421,49701.9,0.69682,0.99283,1.02894,0.89179,0.89488,0.93181,0.8212,0.65912,1.00073,0.94794,0.00982864,0.00982864,0.00982864
422,49812.9,0.70922,1.0039,1.03553,0.89134,0.89042,0.93085,0.82054,0.6589,1.00185,0.94805,0.00982783,0.00982783,0.00982783
423,49924,0.69889,1.00307,1.04134,0.89087,0.88937,0.93057,0.82037,0.65915,1.00205,0.94823,0.00982701,0.00982701,0.00982701
424,50034.3,0.70336,1.05865,1.03598,0.89068,0.88902,0.92985,0.81938,0.65937,1.00156,0.94846,0.0098262,0.0098262,0.0098262
425,50146.4,0.69787,1.00144,1.02273,0.89056,0.88902,0.92989,0.81997,0.65928,1.00311,0.94866,0.00982538,0.00982538,0.00982538
426,50258.2,0.68645,1.01602,1.02566,0.89063,0.8898,0.93029,0.82058,0.6601,1.00508,0.94924,0.00982456,0.00982456,0.00982456
427,50369.5,0.71415,1.09826,1.03609,0.89144,0.89592,0.92954,0.81962,0.66054,1.00468,0.94959,0.00982374,0.00982374,0.00982374
428,50479.8,0.70644,1.0191,1.03714,0.8917,0.89917,0.92946,0.81941,0.66054,1.00368,0.94967,0.00982291,0.00982291,0.00982291
429,50590.6,0.69917,1.03004,1.02601,0.89132,0.89994,0.92953,0.81956,0.66113,1.00303,0.95,0.00982209,0.00982209,0.00982209
430,50701,0.68929,1.00493,1.02643,0.89092,0.89994,0.92986,0.81943,0.66142,1.00284,0.95003,0.00982126,0.00982126,0.00982126
431,50811.7,0.7002,1.02102,1.03662,0.89065,0.89994,0.92961,0.81921,0.66133,1.00258,0.94983,0.00982043,0.00982043,0.00982043
432,50924.3,0.69353,1.00647,1.02745,0.89033,0.89994,0.92981,0.81922,0.66123,1.00133,0.9499,0.0098196,0.0098196,0.0098196
433,51035.6,0.70978,1.02758,1.03506,0.89021,0.89994,0.92934,0.81755,0.66133,1.00175,0.94983,0.00981877,0.00981877,0.00981877
434,51148.2,0.71489,1.05931,1.03549,0.89033,0.89994,0.92917,0.81726,0.66093,1.00194,0.94959,0.00981793,0.00981793,0.00981793
435,51261.2,0.69163,1.01045,1.02414,0.89066,0.89853,0.92948,0.81893,0.6601,1.00161,0.94898,0.0098171,0.0098171,0.0098171
436,51373.2,0.69747,1.01551,1.03256,0.89008,0.89572,0.92944,0.81682,0.6597,1.00197,0.94899,0.00981626,0.00981626,0.00981626
437,51485.1,0.70324,1.00894,1.03125,0.89006,0.8942,0.92929,0.81765,0.65921,1.00267,0.9488,0.00981542,0.00981542,0.00981542
438,51597.2,0.68302,0.99837,1.01947,0.89033,0.89346,0.92942,0.81734,0.65898,1.00201,0.9486,0.00981458,0.00981458,0.00981458
439,51709.6,0.68699,0.98834,1.01944,0.88978,0.89443,0.92979,0.81695,0.65821,1.0026,0.94831,0.00981373,0.00981373,0.00981373
440,51822.4,0.69712,0.98737,1.03053,0.88894,0.89464,0.92904,0.81636,0.65773,1.00411,0.94815,0.00981288,0.00981288,0.00981288
441,51933.5,0.69365,0.99168,1.02874,0.88834,0.89512,0.92981,0.81688,0.65748,1.00466,0.94826,0.00981204,0.00981204,0.00981204
442,52045.3,0.69925,1.00874,1.03286,0.88836,0.89578,0.92975,0.81638,0.65742,1.00403,0.94826,0.00981119,0.00981119,0.00981119
443,52158.6,0.68763,1.00445,1.03287,0.8883,0.89683,0.92938,0.81596,0.65843,1.00563,0.94859,0.00981034,0.00981034,0.00981034
444,52270.7,0.70135,1.03159,1.0366,0.88933,0.89994,0.92973,0.81684,0.65839,1.00783,0.94872,0.00980948,0.00980948,0.00980948
445,52384,0.69019,1.02808,1.02049,0.88872,0.89994,0.93013,0.81897,0.65828,1.01032,0.94872,0.00980863,0.00980863,0.00980863
446,52497.4,0.69317,1.0046,1.03297,0.88713,0.89994,0.92987,0.81708,0.65838,1.00992,0.94876,0.00980777,0.00980777,0.00980777
447,52611,0.69964,1.03888,1.02943,0.88765,0.89994,0.9298,0.81702,0.65881,1.01097,0.94885,0.00980691,0.00980691,0.00980691
448,52724.6,0.71511,1.02967,1.04482,0.887,0.89994,0.93016,0.81603,0.65897,1.01209,0.94891,0.00980605,0.00980605,0.00980605
449,52837.4,0.69879,1.02356,1.02207,0.88702,0.89994,0.93005,0.81728,0.65914,1.01507,0.94913,0.00980519,0.00980519,0.00980519
450,52950.6,0.68633,1.01746,1.02052,0.88722,0.89994,0.92991,0.81636,0.65862,1.01471,0.94938,0.00980432,0.00980432,0.00980432
451,53063.3,0.69927,0.99928,1.02635,0.88749,0.89994,0.92999,0.81665,0.65812,1.0154,0.94916,0.00980345,0.00980345,0.00980345
452,53174.4,0.69358,1.00138,1.02763,0.88769,0.89994,0.92995,0.8166,0.65794,1.01499,0.94905,0.00980259,0.00980259,0.00980259
453,53286.3,0.69443,1.01027,1.02876,0.88786,0.89994,0.92898,0.8157,0.65762,1.01675,0.94838,0.00980171,0.00980171,0.00980171
454,53398.1,0.69957,0.98971,1.03237,0.88758,0.89994,0.92957,0.81575,0.65707,1.01594,0.94804,0.00980084,0.00980084,0.00980084
455,53509.8,0.6874,1.0251,1.02733,0.88788,0.89994,0.92912,0.81516,0.65645,1.0192,0.94843,0.00979997,0.00979997,0.00979997
456,53621.9,0.69523,0.99394,1.03166,0.89049,0.89794,0.92921,0.81589,0.65653,1.01886,0.94845,0.00979909,0.00979909,0.00979909
457,53733.3,0.69372,1.0401,1.02517,0.89109,0.89735,0.92934,0.81546,0.65641,1.01842,0.94833,0.00979821,0.00979821,0.00979821
458,53845.4,0.69436,0.9816,1.03001,0.89106,0.89754,0.92918,0.81529,0.65574,1.01529,0.94817,0.00979733,0.00979733,0.00979733
459,53958.8,0.70408,1.00547,1.03479,0.8912,0.89684,0.92904,0.81563,0.65528,1.01459,0.94802,0.00979645,0.00979645,0.00979645
460,54071.1,0.69579,0.99004,1.03241,0.89107,0.89669,0.93,0.81595,0.65517,1.0161,0.94781,0.00979557,0.00979557,0.00979557
461,54184.2,0.68716,0.98846,1.03085,0.89038,0.8973,0.92981,0.81512,0.65454,1.01644,0.94711,0.00979468,0.00979468,0.00979468
462,54296.5,0.69689,0.9874,1.02854,0.88778,0.89994,0.92987,0.81634,0.65461,1.01685,0.94713,0.0097938,0.0097938,0.0097938
463,54409.1,0.69571,0.97128,1.03059,0.89076,0.89584,0.92976,0.8156,0.65479,1.01641,0.94717,0.00979291,0.00979291,0.00979291
464,54522.3,0.70125,1.03498,1.0313,0.89076,0.89535,0.92982,0.81568,0.65423,1.01448,0.94704,0.00979202,0.00979202,0.00979202
465,54634.8,0.70996,0.99164,1.03734,0.89032,0.89571,0.92971,0.81701,0.65383,1.01348,0.94687,0.00979112,0.00979112,0.00979112
466,54747.4,0.70145,1.00342,1.02868,0.89045,0.89484,0.92855,0.81495,0.65359,1.01224,0.9465,0.00979023,0.00979023,0.00979023
467,54862.1,0.68853,0.99374,1.02206,0.88808,0.8978,0.92847,0.81504,0.65303,1.01222,0.94646,0.00978933,0.00978933,0.00978933
468,54975.5,0.69914,1.01558,1.02827,0.88773,0.8979,0.92849,0.81631,0.65297,1.00949,0.94639,0.00978843,0.00978843,0.00978843
469,55087.9,0.71102,1.01944,1.04335,0.88532,0.89815,0.92859,0.81643,0.6531,1.01117,0.94646,0.00978753,0.00978753,0.00978753
470,55201.3,0.69569,0.99478,1.02386,0.88316,0.90129,0.92855,0.816,0.65307,1.01122,0.94644,0.00978663,0.00978663,0.00978663
471,55314,0.69757,1.0179,1.02903,0.88293,0.90174,0.92847,0.81571,0.6528,1.01122,0.9461,0.00978572,0.00978572,0.00978572
472,55427.9,0.68639,1.02624,1.02596,0.88314,0.90209,0.92861,0.81782,0.65257,1.01125,0.94591,0.00978482,0.00978482,0.00978482
473,55542.5,0.70178,0.99612,1.0325,0.88326,0.9028,0.92839,0.81828,0.65184,1.01024,0.94539,0.00978391,0.00978391,0.00978391
474,55656.2,0.693,0.98784,1.02893,0.88241,0.90256,0.92809,0.81842,0.65171,1.00984,0.94536,0.009783,0.009783,0.009783
475,55770.2,0.69797,0.99255,1.03615,0.89478,0.88927,0.928,0.81728,0.65159,1.01107,0.94511,0.00978209,0.00978209,0.00978209
476,55884.6,0.68645,1.01948,1.01815,0.89483,0.88922,0.92794,0.81802,0.65112,1.01006,0.94469,0.00978118,0.00978118,0.00978118
477,55997.4,0.68074,0.98292,1.01743,0.89503,0.88916,0.92731,0.81628,0.65084,1.01048,0.94439,0.00978026,0.00978026,0.00978026
478,56106.8,0.71232,1.00899,1.04967,0.89515,0.88918,0.92737,0.81904,0.65087,1.01064,0.94423,0.00977934,0.00977934,0.00977934
479,56215.3,0.69005,1.00176,1.01976,0.89564,0.88918,0.92745,0.81951,0.65011,1.00995,0.94374,0.00977842,0.00977842,0.00977842
480,56321.8,0.68021,0.98822,1.02874,0.89676,0.88946,0.92764,0.81825,0.64917,1.00959,0.94319,0.0097775,0.0097775,0.0097775
481,56430.7,0.70785,1.02246,1.03543,0.89701,0.88959,0.92764,0.82084,0.64745,1.00625,0.94258,0.00977658,0.00977658,0.00977658
482,56537.4,0.68351,0.99258,1.02702,0.89717,0.88966,0.92753,0.8191,0.64726,1.00466,0.94258,0.00977565,0.00977565,0.00977565
483,56645.3,0.70672,1.0174,1.03203,0.88593,0.90259,0.92742,0.82002,0.64736,1.0039,0.94259,0.00977473,0.00977473,0.00977473
484,56753.2,0.67486,0.993,1.01354,0.89801,0.89025,0.92731,0.82027,0.64648,1.00395,0.94218,0.0097738,0.0097738,0.0097738
485,56861.4,0.68662,1.00117,1.01376,0.89846,0.89041,0.92735,0.82027,0.64654,1.00553,0.9422,0.00977287,0.00977287,0.00977287
486,56968.7,0.70447,0.99163,1.02206,0.89843,0.89028,0.92742,0.82063,0.64634,1.00702,0.94194,0.00977194,0.00977194,0.00977194
487,57075.7,0.68855,0.97957,1.02749,0.89832,0.89015,0.92733,0.8213,0.64647,1.00892,0.94197,0.009771,0.009771,0.009771
488,57182.3,0.68954,1.00871,1.01865,0.89826,0.89032,0.92729,0.82035,0.64663,1.00789,0.94195,0.00977007,0.00977007,0.00977007
489,57289.3,0.68069,0.98859,1.01933,0.89594,0.89064,0.92705,0.81938,0.64671,1.00814,0.94178,0.00976913,0.00976913,0.00976913
490,57396.3,0.69098,1.00323,1.02724,0.89481,0.89054,0.92688,0.81868,0.64662,1.00901,0.94181,0.00976819,0.00976819,0.00976819
491,57502.6,0.68303,0.98264,1.02625,0.89476,0.89023,0.9269,0.82036,0.64654,1.00941,0.94191,0.00976725,0.00976725,0.00976725
492,57608.9,0.67821,0.97925,1.0168,0.89518,0.8903,0.92679,0.82039,0.64645,1.00867,0.94172,0.0097663,0.0097663,0.0097663
493,57715.4,0.68275,0.99374,1.02207,0.89466,0.89033,0.92685,0.81917,0.64593,1.00841,0.94153,0.00976536,0.00976536,0.00976536
494,57821.3,0.66567,0.99803,1.01796,0.8947,0.89034,0.92675,0.81904,0.64555,1.00757,0.94133,0.00976441,0.00976441,0.00976441
495,57928.9,0.69093,0.9983,1.01808,0.89481,0.89046,0.92679,0.81874,0.6453,1.00716,0.94112,0.00976346,0.00976346,0.00976346
496,58035.9,0.70513,1.02266,1.03155,0.89556,0.89053,0.92691,0.82049,0.64512,1.00477,0.94094,0.00976251,0.00976251,0.00976251
497,58143.4,0.6931,1.00207,1.02594,0.89561,0.89061,0.92701,0.81812,0.64552,1.00446,0.94072,0.00976156,0.00976156,0.00976156
498,58249.2,0.69982,1.03781,1.02471,0.89571,0.89069,0.9269,0.82031,0.64595,1.00703,0.94069,0.0097606,0.0097606,0.0097606
499,58355.4,0.6877,0.98404,1.01947,0.89545,0.8909,0.92666,0.8197,0.64653,1.00659,0.94097,0.00975965,0.00975965,0.00975965
500,58461.3,0.69178,0.96476,1.02436,0.8956,0.89105,0.92713,0.81953,0.64657,1.00652,0.94102,0.00975869,0.00975869,0.00975869
501,58564,0.70347,1.00275,1.0317,0.89589,0.89113,0.92693,0.82091,0.64651,1.00479,0.94076,0.00975773,0.00975773,0.00975773
502,58667.6,0.69242,1.00696,1.02109,0.89631,0.89112,0.92712,0.82112,0.64639,1.00197,0.9408,0.00975677,0.00975677,0.00975677
503,58771.7,0.70086,1.02404,1.03064,0.89652,0.89129,0.92694,0.82108,0.64591,1.00024,0.94059,0.0097558,0.0097558,0.0097558
504,58874.4,0.69425,1.00264,1.02594,0.89655,0.89164,0.92706,0.82045,0.64531,0.9991,0.94013,0.00975484,0.00975484,0.00975484
505,58976.2,0.6877,0.98684,1.0204,0.89666,0.89162,0.92673,0.82023,0.64545,0.99977,0.94022,0.00975387,0.00975387,0.00975387
506,59077.3,0.69646,0.9924,1.02365,0.89678,0.89166,0.92714,0.82077,0.64533,0.99886,0.93996,0.0097529,0.0097529,0.0097529
507,59177.1,0.69847,0.96461,1.03084,0.89688,0.89157,0.92677,0.82025,0.64525,1.00027,0.93984,0.00975193,0.00975193,0.00975193
508,59275,0.67989,0.9663,1.01641,0.89711,0.89159,0.92778,0.82134,0.64546,1.00015,0.93979,0.00975096,0.00975096,0.00975096
509,59372.6,0.69356,1.01224,1.02184,0.87233,0.921,0.92753,0.82246,0.64529,1.00069,0.93966,0.00974998,0.00974998,0.00974998
510,59470.7,0.6923,1.00668,1.02443,0.87208,0.92457,0.92751,0.82266,0.64519,0.99965,0.9396,0.009749,0.009749,0.009749
511,59566.2,0.68954,0.99285,1.0229,0.87045,0.92464,0.92716,0.82204,0.6446,0.99809,0.9392,0.00974803,0.00974803,0.00974803
512,59662.4,0.69887,1.00025,1.02158,0.87067,0.92467,0.92764,0.82136,0.64461,0.99861,0.93902,0.00974705,0.00974705,0.00974705
513,59759.3,0.69277,1.00029,1.0245,0.8709,0.9246,0.92744,0.82337,0.64422,0.99704,0.93867,0.00974606,0.00974606,0.00974606
514,59855.1,0.6722,0.98044,0.99985,0.87096,0.92509,0.92776,0.82309,0.64388,0.99563,0.93863,0.00974508,0.00974508,0.00974508
515,59951.1,0.67798,1.00299,1.02169,0.87101,0.92537,0.9279,0.82363,0.64356,0.99487,0.93813,0.00974409,0.00974409,0.00974409
516,60047.9,0.6952,1.02312,1.02294,0.87102,0.92548,0.92791,0.82254,0.64301,0.9942,0.93779,0.0097431,0.0097431,0.0097431
517,60145.3,0.68166,0.97579,1.02753,0.87107,0.92589,0.9285,0.82369,0.64289,0.99459,0.93764,0.00974211,0.00974211,0.00974211
518,60243.2,0.70271,1.00009,1.03293,0.87112,0.92644,0.9283,0.82454,0.64313,0.99312,0.93779,0.00974112,0.00974112,0.00974112
519,60341.4,0.68526,0.96681,1.02226,0.87099,0.92556,0.92864,0.82389,0.64248,0.99253,0.93804,0.00974013,0.00974013,0.00974013
520,60438.4,0.69681,1.01222,1.03237,0.87156,0.92549,0.92863,0.8242,0.64265,0.99104,0.93801,0.00973913,0.00973913,0.00973913
521,60536.1,0.68355,0.98151,1.01976,0.87171,0.92553,0.9286,0.82457,0.64293,0.99027,0.9381,0.00973814,0.00973814,0.00973814
522,60634.6,0.69254,0.98118,1.02127,0.8719,0.92593,0.92875,0.82444,0.64276,0.98981,0.93785,0.00973714,0.00973714,0.00973714
523,60732,0.69117,0.99668,1.02916,0.87252,0.92597,0.9284,0.82484,0.64261,0.99086,0.93785,0.00973614,0.00973614,0.00973614
524,60829.2,0.70067,0.98279,1.02179,0.8724,0.92604,0.92798,0.82519,0.64323,0.99258,0.93806,0.00973513,0.00973513,0.00973513
525,60924.2,0.69128,1.00226,1.02324,0.87195,0.92612,0.92817,0.82524,0.64406,0.99829,0.93857,0.00973413,0.00973413,0.00973413
526,61019,0.68334,0.99116,1.02132,0.87244,0.93414,0.92773,0.82417,0.64387,0.99766,0.93816,0.00973312,0.00973312,0.00973312
527,61111.4,0.69101,1.00331,1.02929,0.87181,0.93414,0.92737,0.82414,0.64365,0.9982,0.93802,0.00973211,0.00973211,0.00973211
528,61203.9,0.69017,0.97949,1.02416,0.87239,0.92609,0.92766,0.82602,0.64286,0.99837,0.93745,0.0097311,0.0097311,0.0097311
529,61296.7,0.68047,0.96866,1.02396,0.87225,0.92566,0.92749,0.82557,0.64265,0.99831,0.93722,0.00973009,0.00973009,0.00973009
530,61389.2,0.69754,1.00434,1.03016,0.87237,0.92535,0.92731,0.8263,0.64207,0.99653,0.93693,0.00972908,0.00972908,0.00972908
531,61482.7,0.68308,0.98128,1.01983,0.87265,0.92519,0.92725,0.82582,0.64211,0.99492,0.93687,0.00972806,0.00972806,0.00972806
532,61574.6,0.68729,1.00095,1.01523,0.87267,0.9255,0.92746,0.82597,0.64221,0.99465,0.93682,0.00972704,0.00972704,0.00972704
533,61666.1,0.68588,1.02186,1.02505,0.87276,0.92485,0.92795,0.82613,0.642,0.99555,0.93693,0.00972603,0.00972603,0.00972603
534,61758.1,0.69636,1.02929,1.03841,0.87288,0.92592,0.92708,0.8252,0.64171,0.99504,0.93697,0.009725,0.009725,0.009725
535,61850.6,0.69221,0.98563,1.02123,0.87348,0.92601,0.92797,0.826,0.64157,0.99407,0.93684,0.00972398,0.00972398,0.00972398
536,61942.8,0.68691,0.96896,1.01265,0.87407,0.92601,0.92758,0.82434,0.64124,0.99349,0.93657,0.00972296,0.00972296,0.00972296
537,62036.4,0.69798,0.99755,1.03789,0.86484,0.93414,0.92721,0.82521,0.64138,0.9935,0.93651,0.00972193,0.00972193,0.00972193
538,62129.6,0.6766,0.96648,1.00875,0.8653,0.93414,0.92795,0.8254,0.64099,0.99137,0.93612,0.0097209,0.0097209,0.0097209
539,62222.6,0.68908,0.99652,1.01715,0.86528,0.93414,0.92793,0.82454,0.64005,0.99309,0.93573,0.00971987,0.00971987,0.00971987
540,62314.9,0.68428,0.98452,1.01933,0.86554,0.93414,0.92719,0.82517,0.63993,0.99372,0.93559,0.00971884,0.00971884,0.00971884
541,62405.1,0.70164,1.02774,1.02165,0.86576,0.93414,0.92771,0.82668,0.64029,0.99361,0.93604,0.0097178,0.0097178,0.0097178
542,62495.9,0.68144,0.9704,1.01621,0.86563,0.93414,0.9272,0.82565,0.64014,0.99289,0.93577,0.00971677,0.00971677,0.00971677
543,62589.2,0.68224,0.98308,1.02196,0.86597,0.93414,0.92675,0.82355,0.63954,0.9916,0.93559,0.00971573,0.00971573,0.00971573
544,62680.2,0.69143,1.02473,1.02478,0.86554,0.93414,0.92688,0.82386,0.63854,0.98899,0.9352,0.00971469,0.00971469,0.00971469
545,62772.6,0.68004,0.96152,1.01967,0.86549,0.93414,0.92699,0.82563,0.63874,0.98852,0.93528,0.00971365,0.00971365,0.00971365
546,62865.3,0.688,1.01977,1.01703,0.86578,0.93414,0.92683,0.82519,0.63804,0.98707,0.9348,0.0097126,0.0097126,0.0097126
547,62956.9,0.6859,0.96904,1.0266,0.86562,0.93414,0.92669,0.82378,0.63799,0.98807,0.93484,0.00971156,0.00971156,0.00971156
548,63049.8,0.67929,0.98296,1.02067,0.86577,0.93414,0.92681,0.82559,0.63783,0.98788,0.93465,0.00971051,0.00971051,0.00971051
549,63141,0.68157,0.9385,1.01378,0.86576,0.93414,0.92712,0.82709,0.63834,0.98797,0.93477,0.00970946,0.00970946,0.00970946
550,63232.8,0.68483,0.99086,1.01798,0.86605,0.93414,0.92658,0.8257,0.63793,0.9868,0.93468,0.00970841,0.00970841,0.00970841
551,63321.2,0.69224,1.00598,1.0222,0.86608,0.93414,0.9266,0.8261,0.63791,0.98783,0.93471,0.00970736,0.00970736,0.00970736
552,63407.8,0.6753,0.93786,1.00941,0.86612,0.93414,0.92656,0.82511,0.63825,0.99046,0.93515,0.00970631,0.00970631,0.00970631
553,63494.9,0.69123,1.0191,1.02379,0.86335,0.93414,0.92614,0.82405,0.6382,0.98799,0.93516,0.00970525,0.00970525,0.00970525
554,63582,0.69494,0.97159,1.02496,0.86297,0.93414,0.92676,0.82499,0.63815,0.98721,0.9353,0.00970419,0.00970419,0.00970419
555,63668.8,0.6882,0.95739,1.01964,0.86595,0.93152,0.92659,0.8242,0.63882,0.98698,0.93555,0.00970313,0.00970313,0.00970313
556,63755.7,0.66598,0.96646,1.0084,0.8639,0.93152,0.92676,0.82528,0.63898,0.98569,0.93561,0.00970207,0.00970207,0.00970207
557,63842,0.69097,0.97568,1.0333,0.86401,0.93354,0.92597,0.82386,0.63929,0.98849,0.93582,0.00970101,0.00970101,0.00970101
558,63928.9,0.68455,0.99346,1.01373,0.86373,0.93414,0.92689,0.8237,0.64029,0.98926,0.93618,0.00969994,0.00969994,0.00969994
559,64015.5,0.69853,0.99628,1.02677,0.86311,0.93414,0.92723,0.8238,0.64111,0.99067,0.93661,0.00969887,0.00969887,0.00969887
560,64101.7,0.69848,0.98237,1.02765,0.8631,0.93414,0.92754,0.82423,0.64072,0.99151,0.93642,0.0096978,0.0096978,0.0096978
561,64188.7,0.68278,0.97247,1.01973,0.86385,0.9358,0.92673,0.82278,0.64065,0.99191,0.9363,0.00969673,0.00969673,0.00969673
562,64275.6,0.6871,0.96503,1.02108,0.86306,0.93676,0.92767,0.8242,0.64097,0.99161,0.93633,0.00969566,0.00969566,0.00969566
563,64361.5,0.69004,0.96375,1.0233,0.86411,0.93676,0.92791,0.82315,0.64083,0.99067,0.93606,0.00969459,0.00969459,0.00969459
564,64447.3,0.67892,0.96672,1.02148,0.86459,0.93676,0.92743,0.82386,0.6397,0.98725,0.93534,0.00969351,0.00969351,0.00969351
565,64530.1,0.67786,0.96503,1.0041,0.8645,0.93676,0.9275,0.82186,0.63969,0.98711,0.93526,0.00969243,0.00969243,0.00969243
566,64614.3,0.67526,0.94814,1.01002,0.86498,0.93676,0.92826,0.8241,0.63985,0.99055,0.93527,0.00969135,0.00969135,0.00969135
567,64698.6,0.68011,0.97855,1.01669,0.86632,0.93676,0.92824,0.82349,0.63919,0.98991,0.93517,0.00969027,0.00969027,0.00969027
568,64783.1,0.69505,0.98815,1.02706,0.86498,0.93676,0.92762,0.82319,0.63887,0.99034,0.93475,0.00968918,0.00968918,0.00968918
569,64867.5,0.67344,0.94671,1.0196,0.86483,0.93612,0.92742,0.82218,0.63847,0.9893,0.93436,0.0096881,0.0096881,0.0096881
570,64950.8,0.70133,1.04815,1.03459,0.86494,0.93588,0.92849,0.82342,0.63813,0.98961,0.9342,0.00968701,0.00968701,0.00968701
571,65032.8,0.67681,0.9795,1.01825,0.86521,0.93577,0.92815,0.82357,0.63755,0.98986,0.9339,0.00968592,0.00968592,0.00968592
572,65115.6,0.70154,1.00291,1.03877,0.86492,0.93556,0.9283,0.82535,0.63768,0.98743,0.93387,0.00968483,0.00968483,0.00968483
573,65198.8,0.672,0.94766,1.00829,0.86473,0.93566,0.92846,0.82585,0.63774,0.98668,0.93373,0.00968374,0.00968374,0.00968374
574,65282.6,0.68958,0.98458,1.02069,0.86423,0.93553,0.92844,0.82524,0.63803,0.98717,0.93378,0.00968264,0.00968264,0.00968264
575,65366.7,0.69016,0.98818,1.02385,0.86416,0.93564,0.9279,0.8254,0.63769,0.98653,0.9337,0.00968155,0.00968155,0.00968155
576,65450.2,0.68859,0.94928,1.01669,0.86416,0.93536,0.92782,0.82584,0.63766,0.98554,0.93341,0.00968045,0.00968045,0.00968045
577,65532.8,0.67669,0.96062,1.0121,0.86423,0.9351,0.92766,0.82551,0.63748,0.98421,0.9333,0.00967935,0.00967935,0.00967935
578,65615.6,0.6809,0.99448,1.01378,0.86366,0.93414,0.92755,0.8251,0.6371,0.98317,0.93295,0.00967825,0.00967825,0.00967825
579,65696.9,0.69255,0.95231,1.02291,0.86389,0.93414,0.92758,0.82437,0.63698,0.98333,0.93288,0.00967714,0.00967714,0.00967714
580,65779.1,0.69793,0.97655,1.02338,0.86446,0.93414,0.92796,0.82444,0.63672,0.98151,0.93271,0.00967604,0.00967604,0.00967604
581,65860.3,0.688,0.99824,1.02189,0.86477,0.93414,0.92779,0.82451,0.63622,0.97857,0.93234,0.00967493,0.00967493,0.00967493
582,65942,0.68304,0.9618,1.01897,0.86468,0.93414,0.92797,0.82492,0.63589,0.97938,0.93201,0.00967382,0.00967382,0.00967382
583,66024.1,0.67501,0.99296,1.02191,0.86438,0.93414,0.928,0.82248,0.63539,0.97818,0.93184,0.00967271,0.00967271,0.00967271
584,66108.8,0.68133,0.97481,1.01513,0.86389,0.93414,0.92818,0.82505,0.63518,0.98068,0.93161,0.00967159,0.00967159,0.00967159
585,66192.2,0.68144,0.97615,1.02234,0.86358,0.93414,0.92783,0.82446,0.63487,0.98054,0.93133,0.00967048,0.00967048,0.00967048
586,66274.8,0.68882,0.9609,1.02715,0.86322,0.93676,0.92851,0.82571,0.63459,0.98138,0.93122,0.00966936,0.00966936,0.00966936
587,66357,0.68291,0.99484,1.02201,0.86263,0.93676,0.92866,0.82559,0.63396,0.98404,0.93093,0.00966824,0.00966824,0.00966824
588,66439.2,0.67422,0.98841,1.01469,0.86422,0.93493,0.92853,0.82555,0.63385,0.98429,0.93073,0.00966712,0.00966712,0.00966712
589,66521.1,0.68732,0.98812,1.01765,0.86404,0.93676,0.9288,0.82583,0.63355,0.98499,0.93066,0.009666,0.009666,0.009666
590,66602.8,0.69727,1.01565,1.01804,0.86551,0.93676,0.92845,0.82479,0.63385,0.98549,0.93083,0.00966488,0.00966488,0.00966488
591,66684.5,0.69349,1.00165,1.01166,0.86315,0.93676,0.92944,0.82604,0.63376,0.98387,0.93075,0.00966375,0.00966375,0.00966375
592,66765.6,0.68386,0.94285,1.01045,0.86426,0.93676,0.92881,0.82512,0.63373,0.98351,0.93067,0.00966262,0.00966262,0.00966262
593,66846.6,0.69,1.0086,1.02024,0.86497,0.93676,0.92892,0.82643,0.6338,0.98575,0.9305,0.00966149,0.00966149,0.00966149
594,66925.8,0.67822,0.9636,1.02058,0.86747,0.93652,0.92866,0.82572,0.6337,0.98688,0.93047,0.00966036,0.00966036,0.00966036
595,67004.3,0.68081,0.985,1.01962,0.86676,0.93414,0.92878,0.82666,0.63346,0.98652,0.93021,0.00965923,0.00965923,0.00965923
596,67082.9,0.67832,0.98645,1.00673,0.86802,0.93391,0.92888,0.82615,0.63329,0.98718,0.93007,0.0096581,0.0096581,0.0096581
597,67162.5,0.67229,0.9629,1.01026,0.86822,0.93387,0.92626,0.82377,0.63334,0.98925,0.92999,0.00965696,0.00965696,0.00965696
598,67242.1,0.67869,0.96402,1.01812,0.8682,0.93414,0.92688,0.82661,0.63313,0.98729,0.92988,0.00965582,0.00965582,0.00965582
599,67320,0.6897,0.97916,1.02068,0.86803,0.93381,0.92685,0.826,0.63332,0.98744,0.92978,0.00965468,0.00965468,0.00965468
600,67398.2,0.67929,0.96746,1.00771,0.86722,0.92413,0.92618,0.82553,0.63345,0.9878,0.92983,0.00965354,0.00965354,0.00965354
601,67475.2,0.67061,0.9636,1.00902,0.89347,0.89795,0.92662,0.82557,0.63305,0.98843,0.92962,0.00965239,0.00965239,0.00965239
602,67552.5,0.67337,0.96833,1.00358,0.89351,0.89787,0.92637,0.82441,0.63268,0.99049,0.92934,0.00965125,0.00965125,0.00965125
603,67628.8,0.6744,0.96037,1.01537,0.89356,0.89786,0.92636,0.82294,0.63254,0.99045,0.92916,0.0096501,0.0096501,0.0096501
604,67705.2,0.67122,0.96423,1.01626,0.89362,0.89808,0.92668,0.82361,0.63245,0.99135,0.92902,0.00964895,0.00964895,0.00964895
605,67779.2,0.67281,0.96286,1.00794,0.89317,0.89902,0.92685,0.82382,0.63126,0.99062,0.92847,0.0096478,0.0096478,0.0096478
606,67857,0.6848,0.96615,1.0105,0.89324,0.89898,0.92718,0.824,0.63068,0.99084,0.9282,0.00964665,0.00964665,0.00964665
607,67931.2,0.67549,0.98286,1.01461,0.89415,0.89999,0.92762,0.82365,0.63055,0.99132,0.92794,0.00964549,0.00964549,0.00964549
608,68006.3,0.68057,0.9853,1.02183,0.89417,0.90021,0.92751,0.82366,0.62998,0.98971,0.92764,0.00964433,0.00964433,0.00964433
609,68081,0.66705,0.94892,1.00855,0.89419,0.90038,0.92782,0.82472,0.62964,0.98849,0.92729,0.00964318,0.00964318,0.00964318
610,68155,0.67325,0.96652,1.01361,0.89423,0.90087,0.92727,0.82481,0.62921,0.98776,0.92709,0.00964202,0.00964202,0.00964202
611,68229.1,0.6547,0.94353,0.9976,0.89426,0.90115,0.92752,0.82556,0.62928,0.98746,0.92707,0.00964085,0.00964085,0.00964085
612,68303.6,0.66503,0.96548,1.00149,0.89428,0.90138,0.92793,0.82545,0.62888,0.98744,0.92686,0.00963969,0.00963969,0.00963969
613,68378.5,0.67832,0.94852,1.0127,0.89428,0.90144,0.92814,0.82541,0.62843,0.98574,0.92695,0.00963852,0.00963852,0.00963852
614,68454.7,0.66744,0.95744,1.01159,0.8943,0.90162,0.92844,0.82746,0.62858,0.98551,0.92704,0.00963736,0.00963736,0.00963736
615,68531.2,0.66994,0.95324,1.00781,0.89434,0.90197,0.92825,0.82483,0.62843,0.98655,0.92691,0.00963619,0.00963619,0.00963619
616,68607.1,0.67883,0.98365,1.0138,0.89436,0.90217,0.92785,0.82421,0.62818,0.98568,0.92667,0.00963502,0.00963502,0.00963502
617,68682.9,0.67843,0.97307,1.01863,0.89437,0.90222,0.9275,0.82427,0.62861,0.98806,0.92694,0.00963384,0.00963384,0.00963384
618,68755.9,0.68718,0.98354,1.00597,0.89436,0.9021,0.92789,0.82448,0.6281,0.98746,0.92619,0.00963267,0.00963267,0.00963267
619,68831.5,0.67802,0.94073,1.01793,0.89439,0.90245,0.92913,0.82657,0.62811,0.98688,0.92616,0.00963149,0.00963149,0.00963149
620,68907.3,0.687,0.97753,1.01232,0.89441,0.90258,0.92872,0.82726,0.62839,0.98793,0.92628,0.00963031,0.00963031,0.00963031
621,68982.2,0.67462,0.91613,1.01304,0.89441,0.90255,0.92826,0.8241,0.62842,0.98967,0.92626,0.00962913,0.00962913,0.00962913
622,69057.3,0.6801,0.98078,1.01151,0.89444,0.90277,0.92767,0.82591,0.62902,0.9893,0.92627,0.00962795,0.00962795,0.00962795
623,69130.6,0.68744,0.96451,1.02157,0.89445,0.90285,0.92749,0.82442,0.62873,0.98972,0.92625,0.00962677,0.00962677,0.00962677
624,69205.2,0.67258,0.95253,1.00824,0.89445,0.90297,0.9276,0.82601,0.6294,0.98934,0.92655,0.00962558,0.00962558,0.00962558
625,69281.7,0.69352,1.00428,1.02818,0.89445,0.9029,0.92763,0.82651,0.63008,0.98899,0.92677,0.00962439,0.00962439,0.00962439
626,69356.9,0.6877,0.941,1.02315,0.89447,0.90306,0.92779,0.82552,0.63044,0.99004,0.92696,0.0096232,0.0096232,0.0096232
627,69432.8,0.68554,0.95274,1.01814,0.89443,0.9027,0.92775,0.82492,0.63095,0.98887,0.92707,0.00962201,0.00962201,0.00962201
628,69508,0.67134,0.98324,1.01392,0.89445,0.90293,0.92761,0.82412,0.63076,0.98826,0.92697,0.00962082,0.00962082,0.00962082
629,69583.6,0.67974,0.98388,1.02016,0.89445,0.90292,0.92809,0.82504,0.63087,0.98925,0.92694,0.00961962,0.00961962,0.00961962
630,69657.1,0.68191,0.98406,1.01866,0.89446,0.90302,0.92849,0.82567,0.63104,0.98942,0.92685,0.00961843,0.00961843,0.00961843
631,69730.7,0.67779,0.9762,1.00982,0.89446,0.90295,0.92824,0.82498,0.63097,0.9898,0.92688,0.00961723,0.00961723,0.00961723
632,69804.6,0.68593,0.95657,1.01238,0.89446,0.90297,0.92949,0.82596,0.6324,0.99867,0.92782,0.00961603,0.00961603,0.00961603
633,69878,0.66967,0.97191,1.00337,0.89443,0.90269,0.92905,0.82548,0.63242,0.99563,0.92778,0.00961483,0.00961483,0.00961483
634,69951.8,0.68031,0.93286,1.02119,0.86865,0.93081,0.92972,0.82682,0.63255,0.99709,0.9278,0.00961362,0.00961362,0.00961362
635,70024.3,0.66623,0.95202,1.00818,0.86693,0.9289,0.92915,0.82545,0.63224,0.99701,0.92771,0.00961242,0.00961242,0.00961242
636,70097,0.668,0.99268,1.01121,0.86674,0.9289,0.92906,0.82512,0.63242,0.99677,0.92785,0.00961121,0.00961121,0.00961121
637,70169.3,0.67995,0.92718,1.02139,0.86697,0.9289,0.92892,0.82536,0.63289,0.99901,0.92825,0.00961,0.00961,0.00961
638,70242.1,0.6759,0.93317,1.0145,0.86946,0.9289,0.92915,0.82489,0.63272,0.99899,0.92814,0.00960879,0.00960879,0.00960879
639,70315.7,0.67094,0.96258,1.0168,0.86966,0.9289,0.92945,0.82541,0.63284,0.99831,0.92805,0.00960758,0.00960758,0.00960758
640,70387.4,0.68066,0.93278,1.01631,0.87059,0.9289,0.9296,0.82625,0.63308,0.99861,0.92793,0.00960636,0.00960636,0.00960636
641,70459,0.65529,0.91285,0.99072,0.87087,0.9289,0.93032,0.82652,0.63346,0.99887,0.92788,0.00960515,0.00960515,0.00960515
642,70530.5,0.67645,0.97237,1.01032,0.87074,0.9289,0.92988,0.82644,0.63427,1.00021,0.92824,0.00960393,0.00960393,0.00960393
643,70603.9,0.67535,0.93723,1.0089,0.87051,0.9289,0.93076,0.82649,0.6342,0.99977,0.92813,0.00960271,0.00960271,0.00960271
644,70675.2,0.67573,0.95055,1.00479,0.87105,0.9289,0.93109,0.82703,0.63483,0.99932,0.92876,0.00960149,0.00960149,0.00960149
645,70747.6,0.67542,0.96209,1.01204,0.87273,0.9289,0.93045,0.82517,0.63497,0.99849,0.92877,0.00960026,0.00960026,0.00960026
646,70819.7,0.67141,0.97498,0.99676,0.87311,0.9289,0.93078,0.82687,0.63501,0.99821,0.92865,0.00959904,0.00959904,0.00959904
647,70892.2,0.68705,0.96794,1.02391,0.87303,0.9289,0.9308,0.82579,0.63528,1.00006,0.92888,0.00959781,0.00959781,0.00959781
648,70964.1,0.67189,0.96088,1.00396,0.8731,0.9289,0.931,0.82495,0.63559,1.00177,0.92892,0.00959658,0.00959658,0.00959658
649,71035.5,0.66578,0.94701,1.00387,0.87187,0.92908,0.93102,0.82609,0.63546,0.99891,0.92863,0.00959535,0.00959535,0.00959535
650,71107.7,0.67099,0.93788,1.00566,0.87193,0.92989,0.93086,0.82444,0.63524,1.00064,0.92837,0.00959412,0.00959412,0.00959412
651,71179.5,0.68538,0.98404,1.02479,0.87269,0.9298,0.93097,0.82666,0.63544,0.99929,0.92823,0.00959289,0.00959289,0.00959289
652,71251.8,0.68438,0.96092,1.01982,0.87305,0.92973,0.93066,0.82552,0.63513,0.99975,0.92787,0.00959165,0.00959165,0.00959165
653,71324.6,0.67423,0.92311,1.02285,0.87328,0.92955,0.93098,0.82534,0.63442,1.00097,0.92788,0.00959041,0.00959041,0.00959041
654,71397.3,0.6709,0.93449,1.00572,0.87429,0.9275,0.93135,0.82606,0.63416,1.00076,0.92779,0.00958917,0.00958917,0.00958917
655,71470.7,0.68125,0.95558,1.00863,0.87425,0.92657,0.93141,0.82597,0.63456,1.00175,0.92788,0.00958793,0.00958793,0.00958793
656,71543.3,0.68344,0.98188,1.00853,0.89151,0.90651,0.93195,0.82723,0.63395,0.99883,0.92754,0.00958669,0.00958669,0.00958669
657,71615,0.67083,0.94068,1.00703,0.89167,0.90651,0.93168,0.82656,0.63398,0.99828,0.92801,0.00958544,0.00958544,0.00958544
658,71687,0.66519,0.9487,1.00147,0.89226,0.90653,0.93263,0.82646,0.6338,0.99776,0.92808,0.0095842,0.0095842,0.0095842
659,71756.7,0.67543,0.93091,1.0173,0.89282,0.90696,0.93285,0.82784,0.63329,0.99644,0.92787,0.00958295,0.00958295,0.00958295
660,71826.1,0.67886,0.93613,1.00014,0.89276,0.90695,0.93253,0.82771,0.63334,0.99859,0.9278,0.0095817,0.0095817,0.0095817
661,71895.9,0.67716,0.95809,1.01708,0.87745,0.92629,0.93429,0.82776,0.63302,0.99698,0.92756,0.00958044,0.00958044,0.00958044
662,71964.6,0.67837,0.96758,1.01635,0.87924,0.92629,0.93432,0.82734,0.63231,0.99678,0.92748,0.00957919,0.00957919,0.00957919
663,72033.8,0.67456,0.9578,1.00802,0.87904,0.92629,0.93448,0.82803,0.63199,0.99696,0.92739,0.00957793,0.00957793,0.00957793
664,72103.3,0.66365,0.94689,1.01207,0.87902,0.92629,0.93525,0.82928,0.63155,0.99572,0.9271,0.00957668,0.00957668,0.00957668
665,72173.2,0.68037,0.96086,1.01658,0.88067,0.92852,0.93548,0.82921,0.63154,0.99636,0.92706,0.00957542,0.00957542,0.00957542
666,72242.7,0.67809,0.93906,1.01352,0.88073,0.9288,0.93537,0.8284,0.631,0.99687,0.92697,0.00957416,0.00957416,0.00957416
667,72312.1,0.67671,0.93839,1.01684,0.88076,0.92922,0.93518,0.82909,0.63118,0.99835,0.9271,0.00957289,0.00957289,0.00957289
668,72381.7,0.67087,0.98183,1.00704,0.88079,0.92999,0.93511,0.82874,0.63089,1.00039,0.92702,0.00957163,0.00957163,0.00957163
669,72451.6,0.67749,0.96012,1.00881,0.88082,0.93111,0.93475,0.82772,0.63096,1.00222,0.92694,0.00957036,0.00957036,0.00957036
670,72521.5,0.6764,0.93176,1.00723,0.88025,0.93152,0.93479,0.82727,0.63104,1.00445,0.92691,0.00956909,0.00956909,0.00956909
671,72590.2,0.66783,0.92724,1.01202,0.87984,0.93152,0.93493,0.82764,0.63091,1.00556,0.92675,0.00956782,0.00956782,0.00956782
672,72662.8,0.66917,0.93977,1.00751,0.87807,0.93152,0.93501,0.82812,0.63102,1.00695,0.92675,0.00956655,0.00956655,0.00956655
673,72735.2,0.67318,0.95564,1.00971,0.87678,0.93152,0.93464,0.82779,0.63093,1.0068,0.92672,0.00956528,0.00956528,0.00956528
674,72806.3,0.6669,0.94278,1.00903,0.87672,0.93152,0.93423,0.82798,0.63117,1.00827,0.9268,0.009564,0.009564,0.009564
675,72878.8,0.67415,0.95483,1.01266,0.87748,0.93152,0.93525,0.82872,0.63113,1.00693,0.92684,0.00956273,0.00956273,0.00956273
676,72952.3,0.67361,0.9586,1.01315,0.87885,0.93148,0.93474,0.82826,0.63127,1.00553,0.92692,0.00956145,0.00956145,0.00956145
677,73025.1,0.66321,0.95812,1.00532,0.87677,0.9289,0.93433,0.82778,0.63134,1.00667,0.92696,0.00956017,0.00956017,0.00956017
678,73097.4,0.66974,0.92767,1.01354,0.87699,0.9289,0.93423,0.82777,0.63066,1.00354,0.92648,0.00955888,0.00955888,0.00955888
679,73169.6,0.66984,0.94694,1.01112,0.87885,0.93079,0.93368,0.82714,0.63048,1.0043,0.92631,0.0095576,0.0095576,0.0095576
680,73242.3,0.66909,0.95861,1.01065,0.87828,0.93152,0.93441,0.82717,0.63105,1.00679,0.9267,0.00955631,0.00955631,0.00955631
681,73312.7,0.66827,0.92708,1.00514,0.87691,0.93152,0.9344,0.82715,0.63053,1.00632,0.92655,0.00955502,0.00955502,0.00955502
682,73383.4,0.67953,0.96935,1.01521,0.87597,0.93152,0.93443,0.82696,0.6303,1.00654,0.92653,0.00955373,0.00955373,0.00955373
683,73453.6,0.65932,0.94516,1.0125,0.87592,0.93152,0.93456,0.8266,0.63043,1.00918,0.92658,0.00955244,0.00955244,0.00955244
684,73524.5,0.66659,0.94575,1.00396,0.87476,0.93182,0.93442,0.82553,0.63039,1.01068,0.92654,0.00955115,0.00955115,0.00955115
685,73597,0.66543,0.95274,1.00235,0.87475,0.9319,0.93419,0.82601,0.63034,1.0091,0.92642,0.00954986,0.00954986,0.00954986
686,73668.6,0.6718,0.98129,1.00211,0.8739,0.93152,0.93438,0.82699,0.63002,1.00907,0.92631,0.00954856,0.00954856,0.00954856
687,73739,0.66625,0.90859,1.01137,0.8747,0.93296,0.93462,0.82744,0.62952,1.00889,0.92591,0.00954726,0.00954726,0.00954726
688,73810.3,0.66738,0.95518,1.00792,0.87434,0.93414,0.93457,0.82737,0.62942,1.00963,0.92606,0.00954596,0.00954596,0.00954596
689,73882.3,0.67205,0.9474,1.0106,0.87416,0.93414,0.93439,0.82737,0.62933,1.01007,0.92605,0.00954466,0.00954466,0.00954466
690,73955.4,0.65929,0.90249,1.00183,0.876,0.93414,0.93442,0.82762,0.62913,1.00955,0.92599,0.00954335,0.00954335,0.00954335
691,74030.7,0.66834,0.937,1.01409,0.87691,0.93288,0.93439,0.82772,0.62888,1.00972,0.92589,0.00954205,0.00954205,0.00954205
692,74102.4,0.66043,0.96238,1.01432,0.87687,0.93246,0.93389,0.82688,0.62833,1.00998,0.92564,0.00954074,0.00954074,0.00954074
693,74173.8,0.69163,0.9482,1.02635,0.876,0.93152,0.93408,0.82689,0.62822,1.00854,0.92559,0.00953943,0.00953943,0.00953943
694,74243.7,0.67909,0.93455,1.00874,0.8759,0.93152,0.93466,0.82766,0.62845,1.00888,0.92569,0.00953812,0.00953812,0.00953812
695,74314.2,0.68595,0.97282,1.01013,0.87572,0.93152,0.93457,0.82806,0.62848,1.00722,0.92576,0.00953681,0.00953681,0.00953681
696,74387.2,0.67429,0.97366,1.00834,0.87553,0.93152,0.9345,0.82774,0.6285,1.00953,0.92574,0.00953549,0.00953549,0.00953549
697,74458.8,0.66442,0.94372,0.99807,0.87566,0.93152,0.93459,0.82859,0.62798,1.00886,0.92552,0.00953418,0.00953418,0.00953418
698,74530.4,0.66304,0.90269,1.00116,0.87654,0.93152,0.93479,0.8276,0.62748,1.00746,0.92538,0.00953286,0.00953286,0.00953286
699,74603.2,0.67042,0.93537,1.00608,0.87714,0.93152,0.93478,0.82761,0.62731,1.00682,0.92523,0.00953154,0.00953154,0.00953154
700,74674.9,0.65323,0.93722,1.00581,0.87738,0.93152,0.93508,0.82829,0.62717,1.00595,0.92526,0.00953022,0.00953022,0.00953022
701,74745.9,0.66811,0.95302,1.01315,0.87937,0.93152,0.93509,0.82798,0.62711,1.00515,0.92508,0.00952889,0.00952889,0.00952889
702,74819.2,0.66502,0.9401,1.00933,0.87788,0.93152,0.93566,0.82966,0.62671,1.00783,0.92487,0.00952757,0.00952757,0.00952757
703,74889.9,0.66449,0.96773,1.00526,0.87768,0.93152,0.93539,0.82979,0.62656,1.00473,0.92455,0.00952624,0.00952624,0.00952624
704,74960.9,0.67146,0.96053,1.01037,0.87761,0.93152,0.93566,0.82891,0.62604,1.00406,0.9245,0.00952491,0.00952491,0.00952491
705,75032.1,0.67274,0.92958,1.00939,0.90019,0.9031,0.93514,0.82994,0.62552,1.00407,0.92459,0.00952358,0.00952358,0.00952358
706,75106.5,0.68119,0.97239,1.0159,0.90025,0.90313,0.93528,0.82903,0.62505,1.00338,0.92427,0.00952225,0.00952225,0.00952225
707,75180.2,0.6734,0.9736,1.01227,0.89986,0.90316,0.93544,0.82836,0.62531,1.01093,0.92455,0.00952092,0.00952092,0.00952092
708,75251.8,0.66838,0.91406,1.00779,0.90231,0.90277,0.93482,0.82763,0.62555,1.01188,0.92474,0.00951958,0.00951958,0.00951958
709,75323.2,0.67092,0.94274,1.00734,0.88075,0.93377,0.93523,0.82749,0.62543,1.01205,0.92474,0.00951824,0.00951824,0.00951824
710,75394.9,0.67025,0.93332,1.00225,0.90235,0.90331,0.93487,0.82736,0.62541,1.01115,0.92477,0.0095169,0.0095169,0.0095169
711,75465.8,0.66577,0.95908,1.00032,0.90412,0.90299,0.93475,0.82825,0.62494,1.00961,0.92456,0.00951556,0.00951556,0.00951556
712,75537.1,0.66496,0.93389,1.00911,0.90343,0.90302,0.93488,0.82902,0.62461,1.00934,0.92433,0.00951422,0.00951422,0.00951422
713,75608.6,0.66373,0.93937,1.0093,0.90298,0.90307,0.93507,0.82854,0.62459,1.00863,0.9242,0.00951288,0.00951288,0.00951288
714,75680.8,0.6646,0.92363,1.00571,0.90568,0.90298,0.93473,0.8293,0.62474,1.00871,0.92437,0.00951153,0.00951153,0.00951153
715,75751.7,0.66715,0.91417,1.00676,0.90495,0.90307,0.93504,0.82908,0.62444,1.00614,0.92435,0.00951018,0.00951018,0.00951018
716,75822.9,0.6668,0.93969,1.01162,0.90489,0.90314,0.93487,0.83,0.62388,1.00418,0.92431,0.00950883,0.00950883,0.00950883
717,75893.1,0.67871,0.9219,1.01952,0.90466,0.90324,0.93466,0.83004,0.6238,1.00333,0.92428,0.00950748,0.00950748,0.00950748
718,75965.6,0.67612,0.93534,1.00814,0.90467,0.90327,0.93518,0.83015,0.62328,1.00052,0.92417,0.00950613,0.00950613,0.00950613
719,76035.4,0.66544,0.93512,1.01505,0.90486,0.9033,0.93519,0.8307,0.62281,0.99962,0.92414,0.00950477,0.00950477,0.00950477
720,76105.2,0.66764,0.92997,1.01314,0.90514,0.9033,0.93545,0.83082,0.62241,0.99782,0.92407,0.00950341,0.00950341,0.00950341
721,76175.9,0.67748,0.90317,1.0203,0.90527,0.90331,0.93518,0.83014,0.6225,0.99722,0.92424,0.00950206,0.00950206,0.00950206
722,76248.1,0.66176,0.93125,1.00106,0.90547,0.90329,0.93537,0.83054,0.62227,0.99488,0.92398,0.0095007,0.0095007,0.0095007
723,76320.3,0.66806,0.96307,1.0102,0.90648,0.90326,0.93534,0.82833,0.62188,0.9942,0.92381,0.00949933,0.00949933,0.00949933
724,76390.6,0.67163,0.94144,1.0147,0.90676,0.90327,0.93518,0.83073,0.62533,1.00279,0.92589,0.00949797,0.00949797,0.00949797
725,76461.5,0.66715,0.95569,1.00366,0.90672,0.90324,0.93561,0.82944,0.62513,1.00367,0.92581,0.0094966,0.0094966,0.0094966
726,76531.9,0.67091,0.90043,1.00688,0.90685,0.90322,0.93555,0.82938,0.62473,1.00578,0.92578,0.00949524,0.00949524,0.00949524
727,76601.9,0.65388,0.92427,1.00317,0.90708,0.90319,0.93514,0.82849,0.62476,1.00696,0.92581,0.00949387,0.00949387,0.00949387
728,76673.4,0.66241,0.94659,1.004,0.90717,0.90321,0.93455,0.82681,0.62521,1.01038,0.9262,0.0094925,0.0094925,0.0094925
729,76745.2,0.67601,0.93292,0.99972,0.90715,0.90325,0.9347,0.82702,0.62497,1.01126,0.92602,0.00949112,0.00949112,0.00949112
730,76816.5,0.65784,0.93292,1.00543,0.90713,0.90326,0.93485,0.8284,0.62459,1.01229,0.92582,0.00948975,0.00948975,0.00948975
731,76887,0.67062,0.93977,1.00296,0.90716,0.90326,0.93479,0.82893,0.62416,1.01141,0.92557,0.00948837,0.00948837,0.00948837
732,76958.7,0.67844,0.94456,1.01272,0.9072,0.90332,0.93493,0.82975,0.62369,1.01038,0.9253,0.009487,0.009487,0.009487
733,77032.1,0.66283,0.92665,1.00163,0.90724,0.90338,0.93461,0.8279,0.62317,1.01091,0.92523,0.00948562,0.00948562,0.00948562
734,77103,0.6625,0.93493,1.00546,0.90728,0.9034,0.93506,0.82895,0.6236,1.01227,0.92515,0.00948423,0.00948423,0.00948423
735,77174.1,0.67134,0.92104,1.00631,0.90718,0.90344,0.93468,0.83003,0.62356,1.01279,0.92523,0.00948285,0.00948285,0.00948285
736,77245.4,0.66466,0.93685,1.00897,0.90718,0.90348,0.93447,0.82814,0.62376,1.01297,0.92541,0.00948147,0.00948147,0.00948147
737,77316.3,0.67178,0.95624,1.00351,0.90702,0.90352,0.93433,0.82906,0.62342,1.01276,0.92538,0.00948008,0.00948008,0.00948008
738,77387.2,0.66668,0.92141,1.00687,0.90693,0.90352,0.93476,0.82687,0.62339,1.01342,0.92535,0.00947869,0.00947869,0.00947869
739,77457.6,0.66775,0.91896,1.0041,0.90681,0.9035,0.93444,0.82697,0.6232,1.01429,0.92526,0.0094773,0.0094773,0.0094773
740,77530.1,0.67906,0.95447,1.01526,0.90705,0.90347,0.93455,0.82661,0.62313,1.01416,0.92551,0.00947591,0.00947591,0.00947591
741,77603.8,0.67322,0.93321,1.0066,0.90709,0.90344,0.93436,0.82648,0.62297,1.01428,0.92561,0.00947452,0.00947452,0.00947452
742,77678.2,0.67294,0.97794,1.01274,0.90657,0.90351,0.93436,0.82625,0.62309,1.01387,0.92578,0.00947312,0.00947312,0.00947312
743,77751.7,0.66736,0.94224,1.00347,0.90679,0.90345,0.93425,0.82655,0.623,1.01419,0.92578,0.00947172,0.00947172,0.00947172
744,77824.2,0.66655,0.93144,1.00403,0.90676,0.90345,0.93435,0.82644,0.62294,1.01173,0.92584,0.00947032,0.00947032,0.00947032
745,77895.7,0.67406,0.94997,1.01651,0.9069,0.90348,0.93432,0.82824,0.62299,1.01094,0.92568,0.00946892,0.00946892,0.00946892
746,77968.2,0.67442,0.92389,1.00996,0.90676,0.90355,0.93432,0.8309,0.62314,1.01363,0.92585,0.00946752,0.00946752,0.00946752
747,78039.4,0.67684,0.94376,1.01425,0.90721,0.90361,0.93413,0.82967,0.62333,1.0139,0.92593,0.00946612,0.00946612,0.00946612
748,78109.8,0.65919,0.93791,0.99944,0.90771,0.90366,0.93395,0.8281,0.62315,1.01282,0.92568,0.00946471,0.00946471,0.00946471
749,78180.4,0.66839,0.92938,1.00014,0.90828,0.90369,0.93383,0.82664,0.62289,1.01497,0.92563,0.0094633,0.0094633,0.0094633
750,78251.1,0.66956,0.94766,1.00094,0.90876,0.9037,0.93384,0.82878,0.62287,1.01528,0.92566,0.00946189,0.00946189,0.00946189
751,78322.9,0.6723,0.90565,1.00732,0.90915,0.90372,0.93372,0.82931,0.62283,1.01555,0.92552,0.00946048,0.00946048,0.00946048
752,78395.8,0.67374,0.96958,1.0064,0.90932,0.90373,0.93381,0.82804,0.62246,1.01683,0.92511,0.00945907,0.00945907,0.00945907
753,78466.5,0.67148,0.9272,1.00534,0.90935,0.90372,0.93382,0.82767,0.62232,1.01829,0.92469,0.00945765,0.00945765,0.00945765
754,78539.5,0.67353,0.95013,1.01664,0.90965,0.90368,0.93381,0.82803,0.62176,1.01777,0.92432,0.00945624,0.00945624,0.00945624
755,78614.1,0.66801,0.92541,1.00733,0.90976,0.90368,0.93376,0.8288,0.6215,1.01783,0.92412,0.00945482,0.00945482,0.00945482
756,78687,0.64846,0.90364,0.99256,0.90996,0.90362,0.93366,0.82813,0.62075,1.0189,0.92382,0.0094534,0.0094534,0.0094534
757,78761.4,0.66304,0.91887,1.00426,0.91014,0.90364,0.93377,0.82843,0.62057,1.0208,0.92373,0.00945198,0.00945198,0.00945198
758,78834.4,0.66623,0.94092,1.00083,0.9101,0.90369,0.9338,0.83053,0.62071,1.01886,0.92378,0.00945056,0.00945056,0.00945056
759,78906.4,0.66769,0.95655,1.00388,0.90993,0.90367,0.93385,0.83062,0.62077,1.01988,0.92376,0.00944913,0.00944913,0.00944913
760,78977.2,0.66327,0.93203,1.00109,0.91002,0.90366,0.93387,0.83037,0.6208,1.02091,0.92394,0.0094477,0.0094477,0.0094477
761,79047.5,0.6679,0.91615,1.00286,0.90987,0.90363,0.93389,0.83082,0.62006,1.02181,0.92371,0.00944628,0.00944628,0.00944628
762,79117.6,0.6816,0.91414,1.017,0.90994,0.90356,0.93384,0.83083,0.62018,1.02164,0.92346,0.00944485,0.00944485,0.00944485
763,79188.4,0.66223,0.95464,1.00374,0.90999,0.90358,0.93368,0.83115,0.61973,1.02393,0.92321,0.00944341,0.00944341,0.00944341
764,79258.6,0.6735,1.01208,1.01854,0.90949,0.9036,0.93388,0.83173,0.61943,1.02233,0.92304,0.00944198,0.00944198,0.00944198
765,79328.7,0.65579,0.9239,1.01051,0.90879,0.90367,0.93369,0.83147,0.6193,1.02212,0.92289,0.00944054,0.00944054,0.00944054
766,79401.3,0.67703,0.92072,1.00147,0.90864,0.90369,0.93366,0.83047,0.61844,1.01736,0.92253,0.00943911,0.00943911,0.00943911
767,79471.9,0.66391,0.92739,1.00686,0.90882,0.90371,0.93395,0.83154,0.61808,1.01629,0.92245,0.00943767,0.00943767,0.00943767
768,79545.2,0.67199,0.94291,1.00483,0.90933,0.90372,0.93387,0.83097,0.61794,1.01659,0.92233,0.00943623,0.00943623,0.00943623
769,79618,0.68159,0.93214,1.01796,0.90926,0.90374,0.93379,0.83088,0.61735,1.01739,0.92192,0.00943478,0.00943478,0.00943478
770,79688.5,0.67395,0.92683,1.00364,0.90941,0.90374,0.93305,0.83144,0.61721,1.016,0.92182,0.00943334,0.00943334,0.00943334
771,79760.1,0.66174,0.92363,1.0081,0.9102,0.9037,0.93316,0.829,0.61689,1.01663,0.9217,0.00943189,0.00943189,0.00943189
772,79830.6,0.66559,0.93413,1.0017,0.91014,0.90371,0.93307,0.82936,0.61658,1.01435,0.92154,0.00943045,0.00943045,0.00943045
773,79900.3,0.66516,0.95216,1.00545,0.91015,0.90376,0.93316,0.8297,0.61644,1.01196,0.92129,0.009429,0.009429,0.009429
774,79972.1,0.66548,0.91677,1.00244,0.91023,0.90377,0.93413,0.83004,0.61636,1.00903,0.92098,0.00942755,0.00942755,0.00942755
775,80043.6,0.66805,0.91228,1.00186,0.90824,0.9038,0.934,0.82984,0.61372,1.0003,0.91927,0.00942609,0.00942609,0.00942609
776,80114.7,0.66608,0.9574,1.00893,0.90767,0.90383,0.93402,0.83069,0.61361,0.99885,0.91927,0.00942464,0.00942464,0.00942464
777,80186.6,0.65863,0.93788,1.00542,0.90762,0.90382,0.93426,0.83123,0.61294,0.9973,0.919,0.00942318,0.00942318,0.00942318
778,80257.6,0.66208,0.91252,0.99899,0.90762,0.90384,0.93316,0.82991,0.61307,0.99861,0.91889,0.00942173,0.00942173,0.00942173
779,80328.6,0.66915,0.94132,1.00336,0.90786,0.90401,0.93382,0.83071,0.61244,0.99811,0.91861,0.00942027,0.00942027,0.00942027
780,80399.4,0.64706,0.93439,0.99701,0.90786,0.90399,0.93432,0.83126,0.6122,0.99823,0.91842,0.0094188,0.0094188,0.0094188
781,80467.1,0.65233,0.8989,0.99591,0.90784,0.90387,0.93396,0.83139,0.61156,0.99663,0.91806,0.00941734,0.00941734,0.00941734
782,80539,0.65025,0.93108,0.99858,0.90786,0.90404,0.93355,0.83209,0.61125,0.99764,0.91806,0.00941588,0.00941588,0.00941588
783,80613,0.67987,0.94964,1.0155,0.90811,0.9038,0.93382,0.83201,0.61108,0.99611,0.91777,0.00941441,0.00941441,0.00941441
784,80686.3,0.66922,0.96406,1.01105,0.90831,0.9038,0.9333,0.83226,0.6108,0.99766,0.91778,0.00941294,0.00941294,0.00941294
785,80759.6,0.6661,0.95437,1.00924,0.90821,0.9038,0.93313,0.83166,0.6109,0.99664,0.91744,0.00941147,0.00941147,0.00941147
786,80832.8,0.65561,0.89779,0.99797,0.90843,0.90384,0.93351,0.83273,0.60755,0.9926,0.91568,0.00941,0.00941,0.00941
787,80906.5,0.66057,0.90364,1.00497,0.90853,0.90387,0.93394,0.83285,0.60718,0.99149,0.91519,0.00940853,0.00940853,0.00940853
788,80979.2,0.66021,0.92192,1.00445,0.90826,0.90388,0.93286,0.83177,0.60983,0.99752,0.91647,0.00940705,0.00940705,0.00940705
789,81052.1,0.67984,0.93712,1.01076,0.90953,0.90381,0.93345,0.83233,0.60993,0.99677,0.91652,0.00940557,0.00940557,0.00940557
790,81124.8,0.67071,0.94809,1.00371,0.90963,0.90381,0.93353,0.8313,0.60699,0.99328,0.91485,0.0094041,0.0094041,0.0094041
791,81197.5,0.65177,0.93569,0.98795,0.91003,0.90381,0.93368,0.83152,0.60761,0.99381,0.91536,0.00940262,0.00940262,0.00940262
792,81270,0.67418,0.93862,1.01287,0.90987,0.90381,0.93384,0.83296,0.60768,0.99521,0.91535,0.00940113,0.00940113,0.00940113
793,81342.4,0.65621,0.91615,1.00001,0.91021,0.90379,0.93389,0.83298,0.60808,0.99716,0.91575,0.00939965,0.00939965,0.00939965
794,81413.5,0.65647,0.94879,0.99265,0.91051,0.90374,0.93349,0.83224,0.60806,0.99769,0.91593,0.00939816,0.00939816,0.00939816
795,81481.6,0.65565,0.92977,0.99257,0.91153,0.90372,0.93299,0.83132,0.60833,0.99739,0.91602,0.00939668,0.00939668,0.00939668
796,81548.9,0.67142,0.92622,1.00738,0.91247,0.90359,0.93434,0.83356,0.60845,0.99734,0.91603,0.00939519,0.00939519,0.00939519
797,81618.7,0.65513,0.89722,1.00359,0.91044,0.90106,0.93422,0.83326,0.60787,1.00004,0.91579,0.0093937,0.0093937,0.0093937
798,81689.2,0.65862,0.93085,1.00427,0.91022,0.90102,0.93408,0.83311,0.60814,0.9984,0.91572,0.00939221,0.00939221,0.00939221
799,81759.8,0.65855,0.90205,0.99906,0.91012,0.90095,0.93473,0.83349,0.60764,0.99873,0.91535,0.00939071,0.00939071,0.00939071
800,81830.1,0.67616,0.9328,1.00969,0.90994,0.90095,0.93401,0.83195,0.60726,0.99795,0.91517,0.00938922,0.00938922,0.00938922
801,81900.8,0.6669,0.91301,1.01194,0.90998,0.9009,0.93413,0.83219,0.60708,0.9969,0.91488,0.00938772,0.00938772,0.00938772
802,81971.4,0.66499,0.93638,1.00459,0.91013,0.90085,0.93403,0.83288,0.60668,0.99657,0.91467,0.00938622,0.00938622,0.00938622
803,82042,0.66914,0.95405,1.0079,0.91017,0.9008,0.93328,0.83171,0.60649,0.9974,0.91426,0.00938472,0.00938472,0.00938472
804,82111.8,0.66115,0.90988,1.00405,0.90989,0.90108,0.93388,0.8322,0.60643,0.99868,0.91406,0.00938322,0.00938322,0.00938322
805,82181.7,0.66408,0.94439,1.00543,0.91015,0.90369,0.93374,0.83214,0.60607,1.0002,0.91386,0.00938171,0.00938171,0.00938171
806,82250.2,0.6497,0.92022,1.00153,0.91028,0.90601,0.93385,0.83234,0.60515,1.00161,0.91295,0.0093802,0.0093802,0.0093802
807,82319.1,0.66547,0.90389,1.00559,0.91005,0.90593,0.93397,0.83259,0.60484,0.99979,0.91267,0.0093787,0.0093787,0.0093787
808,82388.7,0.6676,0.91532,1.01393,0.91013,0.90588,0.93384,0.83275,0.60486,1.00021,0.91258,0.00937719,0.00937719,0.00937719
809,82456.6,0.66099,0.90161,1.00182,0.91031,0.90533,0.93345,0.8312,0.60505,1.0004,0.91275,0.00937568,0.00937568,0.00937568
810,82523.4,0.67061,0.91635,1.00484,0.91003,0.90547,0.93343,0.83177,0.60805,1.01014,0.91466,0.00937416,0.00937416,0.00937416
811,82591.2,0.66713,0.92629,1.00148,0.90936,0.90576,0.9338,0.83194,0.60816,1.01283,0.91451,0.00937265,0.00937265,0.00937265
812,82658.7,0.6656,0.93167,1.00687,0.90894,0.90586,0.93347,0.8319,0.60807,1.01411,0.91457,0.00937113,0.00937113,0.00937113
813,82726.8,0.66228,0.91335,1.00202,0.90867,0.90588,0.93365,0.83193,0.60876,1.01789,0.91484,0.00936961,0.00936961,0.00936961
814,82793.8,0.66994,0.94291,1.0061,0.90863,0.90582,0.93374,0.83164,0.60841,1.01706,0.91475,0.0093681,0.0093681,0.0093681
815,82861.8,0.66179,0.91107,0.99897,0.90864,0.90574,0.93394,0.83315,0.60819,1.01862,0.91471,0.00936657,0.00936657,0.00936657
816,82930.6,0.66938,0.90812,1.01531,0.90857,0.90566,0.93367,0.83262,0.60739,1.0165,0.91452,0.00936505,0.00936505,0.00936505
817,82999.2,0.65677,0.91242,0.99938,0.90937,0.90524,0.93382,0.83046,0.6072,1.01546,0.91433,0.00936353,0.00936353,0.00936353
818,83067.2,0.66322,0.9059,1.00464,0.90935,0.9052,0.93394,0.83134,0.60685,1.0168,0.91458,0.009362,0.009362,0.009362
819,83133.4,0.67569,0.9385,1.01361,0.90922,0.9052,0.93423,0.83251,0.60719,1.01642,0.91459,0.00936047,0.00936047,0.00936047
820,83200.7,0.66647,0.9445,1.01259,0.90946,0.90525,0.934,0.8326,0.60683,1.01592,0.91449,0.00935894,0.00935894,0.00935894
821,83266.9,0.66089,0.91919,0.99843,0.90966,0.90509,0.93418,0.8315,0.60676,1.01596,0.91459,0.00935741,0.00935741,0.00935741
822,83333.8,0.65805,0.92804,0.99307,0.90966,0.90471,0.93459,0.83241,0.60714,1.01813,0.91458,0.00935588,0.00935588,0.00935588
823,83401.6,0.64442,0.92055,0.99673,0.90991,0.90471,0.93402,0.83122,0.60743,1.01887,0.91462,0.00935434,0.00935434,0.00935434
824,83469.6,0.65376,0.92324,1.00214,0.91013,0.90467,0.93425,0.83288,0.60789,1.01853,0.91506,0.0093528,0.0093528,0.0093528
825,83538.2,0.66569,0.93231,0.99704,0.91103,0.90447,0.93398,0.83184,0.60773,1.01849,0.91505,0.00935127,0.00935127,0.00935127
826,83606.7,0.66466,0.90058,0.99938,0.91195,0.9043,0.93488,0.83207,0.60798,1.02005,0.9153,0.00934973,0.00934973,0.00934973
827,83675.6,0.67471,0.92601,1.00197,0.91192,0.90379,0.93428,0.83057,0.60845,1.02161,0.91544,0.00934818,0.00934818,0.00934818
828,83744.1,0.65293,0.90589,0.99004,0.91222,0.90388,0.93375,0.83084,0.60885,1.02244,0.91582,0.00934664,0.00934664,0.00934664
829,83812.9,0.67314,0.94101,1.00792,0.9123,0.90376,0.93389,0.83021,0.60912,1.02433,0.91604,0.0093451,0.0093451,0.0093451
830,83881.2,0.67013,0.94891,1.01151,0.91231,0.90397,0.93453,0.8328,0.60858,1.0244,0.91604,0.00934355,0.00934355,0.00934355
831,83950.2,0.66188,0.90525,1.00018,0.91202,0.90423,0.934,0.83198,0.60903,1.02714,0.91631,0.009342,0.009342,0.009342
832,84019.9,0.66517,0.91237,0.99989,0.91202,0.90417,0.93404,0.83144,0.6096,1.02812,0.91674,0.00934045,0.00934045,0.00934045
833,84089.3,0.65315,0.90686,1.00277,0.91209,0.90441,0.93414,0.83115,0.60969,1.02635,0.91681,0.0093389,0.0093389,0.0093389
834,84158.2,0.6725,0.93,1.01173,0.91239,0.90461,0.93409,0.83082,0.60944,1.02688,0.91664,0.00933734,0.00933734,0.00933734
835,84227.2,0.66656,0.92581,1.00369,0.91252,0.90456,0.93354,0.83176,0.60869,1.02509,0.91648,0.00933579,0.00933579,0.00933579
836,84296.2,0.66876,0.93627,1.00379,0.91217,0.90429,0.93411,0.83052,0.60887,1.0254,0.91676,0.00933423,0.00933423,0.00933423
837,84364.5,0.65447,0.88219,0.99309,0.91253,0.90406,0.93342,0.83022,0.60806,1.0196,0.91651,0.00933267,0.00933267,0.00933267
838,84431.9,0.65247,0.87674,0.99205,0.91255,0.90468,0.93328,0.83078,0.60797,1.01942,0.91647,0.00933111,0.00933111,0.00933111
839,84501.2,0.65317,0.90476,0.99349,0.9126,0.90488,0.93352,0.83161,0.6073,1.01796,0.91637,0.00932955,0.00932955,0.00932955
840,84570.8,0.66546,0.9318,1.00392,0.91259,0.90481,0.93385,0.83184,0.60748,1.0213,0.91646,0.00932799,0.00932799,0.00932799
841,84639.8,0.64919,0.90421,0.99571,0.91259,0.90473,0.93394,0.83185,0.60744,1.02403,0.91646,0.00932642,0.00932642,0.00932642
842,84709.4,0.66193,0.90932,1.0024,0.91219,0.905,0.93407,0.83309,0.60765,1.02347,0.91662,0.00932485,0.00932485,0.00932485
843,84779,0.64107,0.92568,0.99594,0.91243,0.9049,0.93327,0.83138,0.60743,1.02035,0.91656,0.00932328,0.00932328,0.00932328
844,84847.9,0.66874,0.89688,1.00815,0.91235,0.90494,0.93383,0.8335,0.60622,1.01766,0.91602,0.00932171,0.00932171,0.00932171
845,84913.9,0.66475,0.90732,1.00104,0.91207,0.90498,0.93379,0.83276,0.60626,1.01716,0.91607,0.00932014,0.00932014,0.00932014
846,84980.5,0.6695,0.93134,1.0099,0.91193,0.90517,0.93414,0.83281,0.60656,1.02126,0.91606,0.00931857,0.00931857,0.00931857
847,85046.9,0.65719,0.90079,0.9985,0.91163,0.90503,0.93436,0.83356,0.60628,1.02142,0.91596,0.00931699,0.00931699,0.00931699
848,85113.8,0.67358,0.9267,1.00726,0.91162,0.90517,0.93427,0.83183,0.6066,1.02275,0.91592,0.00931542,0.00931542,0.00931542
849,85179.9,0.66608,0.90258,1.0011,0.9111,0.90518,0.93418,0.83257,0.6067,1.02184,0.91596,0.00931384,0.00931384,0.00931384
850,85246.4,0.67094,0.91911,1.00251,0.91106,0.90518,0.93457,0.83226,0.60689,1.02192,0.9159,0.00931226,0.00931226,0.00931226
851,85313.6,0.66679,0.9197,1.00632,0.91098,0.90518,0.93413,0.83186,0.6066,1.02254,0.91571,0.00931067,0.00931067,0.00931067
852,85381.1,0.67297,0.95352,1.02058,0.91092,0.90518,0.93388,0.83142,0.60698,1.0218,0.9158,0.00930909,0.00930909,0.00930909
853,85447.9,0.6662,0.90105,1.00335,0.91082,0.90518,0.93477,0.83228,0.60698,1.02141,0.91573,0.0093075,0.0093075,0.0093075
854,85515.2,0.66299,0.91597,0.9995,0.91085,0.90518,0.93466,0.83218,0.60697,1.0238,0.91585,0.00930592,0.00930592,0.00930592
855,85583.7,0.67858,0.93371,1.01257,0.91079,0.90518,0.93469,0.8333,0.60653,1.02148,0.91562,0.00930433,0.00930433,0.00930433
856,85652.5,0.6551,0.92184,0.99825,0.91053,0.90518,0.93431,0.83318,0.60721,1.03068,0.91583,0.00930274,0.00930274,0.00930274
857,85721.7,0.65996,0.90716,1.00603,0.9104,0.90518,0.93429,0.83235,0.60711,1.02839,0.91577,0.00930114,0.00930114,0.00930114
858,85789.9,0.66012,0.91915,0.99767,0.91043,0.90518,0.93391,0.83287,0.60708,1.02791,0.91566,0.00929955,0.00929955,0.00929955
859,85856.9,0.65878,0.94499,0.99971,0.91023,0.90518,0.93478,0.83275,0.60692,1.02695,0.91557,0.00929795,0.00929795,0.00929795
860,85926.1,0.64803,0.91881,0.99413,0.90994,0.90518,0.93412,0.83197,0.60646,1.02532,0.91543,0.00929636,0.00929636,0.00929636
861,85993.7,0.65095,0.92113,0.99513,0.91,0.90518,0.93437,0.8321,0.60575,1.02465,0.91505,0.00929476,0.00929476,0.00929476
862,86061.4,0.64903,0.89927,0.99111,0.91007,0.90518,0.93425,0.832,0.60571,1.02246,0.91493,0.00929316,0.00929316,0.00929316
863,86129.6,0.64546,0.88842,0.98725,0.90963,0.90518,0.93434,0.83145,0.60515,1.02041,0.91465,0.00929155,0.00929155,0.00929155
864,86197.8,0.67195,0.90457,1.00641,0.9093,0.90518,0.93317,0.83284,0.60469,1.02043,0.91409,0.00928995,0.00928995,0.00928995
865,86266,0.65659,0.92198,0.99579,0.90916,0.90518,0.93429,0.83392,0.60451,1.01949,0.91375,0.00928834,0.00928834,0.00928834
866,86333.9,0.66039,0.92561,0.99873,0.90922,0.90518,0.93446,0.83262,0.60421,1.0171,0.91356,0.00928674,0.00928674,0.00928674
867,86401.9,0.66782,0.87918,1.00284,0.90898,0.90518,0.93371,0.83251,0.6072,1.03161,0.91563,0.00928513,0.00928513,0.00928513
868,86469.8,0.65693,0.9529,0.99348,0.90882,0.90518,0.93438,0.83238,0.60722,1.03273,0.91532,0.00928352,0.00928352,0.00928352
869,86537.6,0.65696,0.93178,0.99946,0.90881,0.90518,0.93418,0.83219,0.6065,1.03272,0.9148,0.0092819,0.0092819,0.0092819
870,86606,0.64563,0.92011,0.99289,0.90855,0.90518,0.93449,0.83297,0.60465,1.01931,0.91385,0.00928029,0.00928029,0.00928029
871,86675.3,0.65743,0.91348,0.99755,0.90837,0.90518,0.93414,0.83196,0.6049,1.01836,0.91381,0.00927867,0.00927867,0.00927867
872,86744.4,0.6475,0.90229,0.98601,0.90825,0.90518,0.93462,0.83258,0.60446,1.01808,0.9134,0.00927706,0.00927706,0.00927706
873,86813.2,0.6541,0.93227,0.98816,0.90812,0.90518,0.93418,0.83254,0.60397,1.01847,0.91349,0.00927544,0.00927544,0.00927544
874,86881.4,0.64261,0.89538,0.99152,0.90801,0.90518,0.93422,0.83255,0.60433,1.0182,0.91373,0.00927382,0.00927382,0.00927382
875,86960.4,0.64181,0.90804,0.98897,0.90798,0.90518,0.93512,0.83365,0.60548,1.02172,0.91416,0.00927219,0.00927219,0.00927219
876,87040.8,0.64554,0.89612,0.99333,0.90801,0.90518,0.93489,0.83275,0.60494,1.02003,0.91379,0.00927057,0.00927057,0.00927057
877,87121.7,0.66692,0.91933,1.00501,0.90796,0.90518,0.93473,0.83393,0.60644,1.02505,0.91468,0.00926894,0.00926894,0.00926894
878,87201.9,0.6491,0.88992,1.00159,0.90809,0.90518,0.93475,0.83204,0.60678,1.02429,0.91494,0.00926732,0.00926732,0.00926732
879,87282.6,0.66107,0.91342,1.00422,0.90794,0.90518,0.93473,0.83316,0.60674,1.01892,0.91477,0.00926569,0.00926569,0.00926569
880,87363.3,0.66186,0.8998,0.99798,0.90814,0.90518,0.93477,0.83218,0.60725,1.01661,0.91487,0.00926406,0.00926406,0.00926406
881,87443.4,0.65802,0.90678,1.00037,0.90786,0.90518,0.93463,0.83125,0.60664,1.01382,0.91466,0.00926242,0.00926242,0.00926242
882,87523.8,0.64998,0.89868,0.9924,0.90773,0.90518,0.9347,0.83274,0.60662,1.01381,0.91475,0.00926079,0.00926079,0.00926079
883,87603.9,0.65483,0.918,0.99623,0.90758,0.90518,0.93475,0.83376,0.60619,1.01235,0.91448,0.00925915,0.00925915,0.00925915
884,87683.9,0.65691,0.90718,0.99007,0.9076,0.90518,0.93458,0.83198,0.60663,1.01334,0.91463,0.00925752,0.00925752,0.00925752
885,87763.6,0.66204,0.89399,1.0034,0.90768,0.90518,0.9348,0.83254,0.60653,1.01525,0.91448,0.00925588,0.00925588,0.00925588
886,87843,0.65761,0.92683,0.99847,0.90783,0.90518,0.93475,0.83255,0.6062,1.01558,0.91447,0.00925423,0.00925423,0.00925423
887,87923.1,0.65789,0.9161,0.99925,0.90788,0.90518,0.93491,0.83372,0.6062,1.01451,0.91451,0.00925259,0.00925259,0.00925259
888,88003.6,0.66644,0.92689,0.99904,0.90811,0.90518,0.93478,0.83179,0.60604,1.01324,0.91443,0.00925095,0.00925095,0.00925095
889,88083.8,0.66157,0.93758,0.99795,0.90837,0.90518,0.93467,0.8319,0.60569,1.01318,0.91431,0.0092493,0.0092493,0.0092493
890,88163.4,0.65753,0.89222,0.99681,0.90824,0.90518,0.93438,0.83049,0.60618,1.01415,0.91441,0.00924765,0.00924765,0.00924765
891,88243.2,0.65648,0.90081,0.99861,0.90802,0.90518,0.93441,0.83105,0.60593,1.01583,0.91452,0.00924601,0.00924601,0.00924601
892,88323.7,0.64957,0.91345,0.99327,0.90786,0.90518,0.93477,0.83101,0.60577,1.01483,0.91429,0.00924435,0.00924435,0.00924435
893,88404,0.66256,0.93383,0.99236,0.90793,0.90518,0.93515,0.83138,0.60614,1.01574,0.91427,0.0092427,0.0092427,0.0092427
894,88484.8,0.65267,0.89914,0.9958,0.90795,0.90518,0.93548,0.83216,0.60604,1.01617,0.91427,0.00924105,0.00924105,0.00924105
895,88565.1,0.65677,0.91264,1.00124,0.90821,0.90518,0.93579,0.8328,0.60617,1.01609,0.91417,0.00923939,0.00923939,0.00923939
896,88645.3,0.64601,0.88708,0.99072,0.9083,0.90518,0.93571,0.83301,0.60618,1.01854,0.9145,0.00923774,0.00923774,0.00923774
897,88725.5,0.65141,0.89279,0.99447,0.90839,0.90518,0.93577,0.83258,0.606,1.02161,0.91474,0.00923608,0.00923608,0.00923608
898,88805.2,0.65668,0.9009,0.99649,0.90899,0.90584,0.93595,0.83346,0.6065,1.02286,0.91507,0.00923442,0.00923442,0.00923442
899,88885.4,0.66242,0.91176,1.00074,0.90893,0.90582,0.93596,0.83339,0.60625,1.02473,0.91497,0.00923275,0.00923275,0.00923275
900,88964.9,0.6621,0.93875,0.9957,0.90902,0.90582,0.93588,0.83372,0.60708,1.02253,0.9154,0.00923109,0.00923109,0.00923109
901,89045.3,0.66817,0.93167,1.00285,0.909,0.90584,0.93599,0.83355,0.60721,1.02524,0.91571,0.00922942,0.00922942,0.00922942
902,89126.2,0.6498,0.89425,0.98597,0.90909,0.9058,0.93619,0.8329,0.60736,1.02305,0.91588,0.00922776,0.00922776,0.00922776
903,89207.2,0.66229,0.90005,1.00019,0.9091,0.90573,0.93649,0.83327,0.60738,1.0253,0.91578,0.00922609,0.00922609,0.00922609
904,89287.5,0.661,0.91589,1.00141,0.90914,0.90569,0.93622,0.83291,0.60744,1.02389,0.91607,0.00922442,0.00922442,0.00922442
905,89367.8,0.66725,0.90607,1.00565,0.90909,0.90563,0.93643,0.83339,0.60737,1.02501,0.91599,0.00922274,0.00922274,0.00922274
906,89448.3,0.65021,0.93832,0.99213,0.9091,0.90555,0.93662,0.83274,0.60781,1.02656,0.91611,0.00922107,0.00922107,0.00922107
907,89529.2,0.65147,0.91185,0.99397,0.90907,0.90544,0.9361,0.83305,0.6078,1.02773,0.91601,0.00921939,0.00921939,0.00921939
908,89609.8,0.64921,0.91053,0.99589,0.90911,0.90539,0.93653,0.83365,0.6084,1.02912,0.91644,0.00921772,0.00921772,0.00921772
909,89690.1,0.64567,0.90189,0.98797,0.90892,0.90542,0.93611,0.83336,0.60798,1.02578,0.91593,0.00921604,0.00921604,0.00921604
910,89769.9,0.65392,0.90326,0.99777,0.90886,0.9055,0.93646,0.83433,0.60866,1.02633,0.91613,0.00921436,0.00921436,0.00921436
911,89849.7,0.64401,0.90529,1.00052,0.90874,0.90552,0.93617,0.83273,0.60865,1.02532,0.91602,0.00921268,0.00921268,0.00921268
912,89929.4,0.65311,0.90073,0.99882,0.90874,0.90556,0.93594,0.83289,0.60925,1.02909,0.91639,0.00921099,0.00921099,0.00921099
913,90008.8,0.65844,0.91409,0.99909,0.90872,0.90558,0.93608,0.83312,0.6087,1.02627,0.91628,0.00920931,0.00920931,0.00920931
914,90088.6,0.64628,0.89228,1.00417,0.90798,0.90576,0.93594,0.83237,0.60933,1.02629,0.91674,0.00920762,0.00920762,0.00920762
915,90168.6,0.66127,0.91994,1.00868,0.90821,0.90582,0.93597,0.83264,0.60951,1.02687,0.91713,0.00920593,0.00920593,0.00920593
916,90248.7,0.64587,0.91116,0.99741,0.90817,0.90595,0.93538,0.83193,0.60889,1.02707,0.91703,0.00920424,0.00920424,0.00920424
917,90328.5,0.6733,0.90478,1.01201,0.90812,0.90598,0.93508,0.83235,0.60904,1.02248,0.91728,0.00920255,0.00920255,0.00920255
918,90408.4,0.65409,0.90937,0.99094,0.90773,0.90518,0.93466,0.83135,0.60834,1.02024,0.91714,0.00920085,0.00920085,0.00920085
919,90488.5,0.64348,0.88953,0.97958,0.90741,0.90518,0.93553,0.83176,0.6083,1.02016,0.9169,0.00919916,0.00919916,0.00919916
920,90567.8,0.65954,0.91716,0.99175,0.90721,0.90518,0.93556,0.83158,0.60847,1.01893,0.91672,0.00919746,0.00919746,0.00919746
921,90648,0.65339,0.90134,0.98916,0.90711,0.90518,0.9359,0.83215,0.60824,1.0184,0.91659,0.00919576,0.00919576,0.00919576
922,90728.7,0.64024,0.87736,0.99402,0.90702,0.90518,0.93542,0.83165,0.6079,1.01695,0.91645,0.00919406,0.00919406,0.00919406
923,90808.7,0.6616,0.87674,1.00427,0.90688,0.90518,0.93511,0.83173,0.60801,1.01654,0.91638,0.00919236,0.00919236,0.00919236
924,90888.4,0.65296,0.91744,0.99543,0.90681,0.90518,0.936,0.83222,0.60815,1.0168,0.91664,0.00919066,0.00919066,0.00919066
925,90968.6,0.65292,0.91464,1.00292,0.90654,0.90518,0.93552,0.83243,0.60813,1.01842,0.91666,0.00918895,0.00918895,0.00918895
926,91048.2,0.6589,0.92015,0.99517,0.90655,0.90518,0.9353,0.83214,0.60769,1.01475,0.91625,0.00918725,0.00918725,0.00918725
927,91128.1,0.64609,0.89773,0.98858,0.90628,0.90518,0.93567,0.83218,0.607,1.01392,0.91607,0.00918554,0.00918554,0.00918554
928,91208.7,0.65952,0.8869,1.00174,0.9062,0.90518,0.93574,0.83281,0.6071,1.01622,0.91594,0.00918383,0.00918383,0.00918383
929,91289.7,0.64709,0.92648,0.99622,0.90615,0.90518,0.93597,0.83373,0.60702,1.02032,0.91615,0.00918212,0.00918212,0.00918212
930,91369.5,0.64034,0.87148,0.98932,0.90614,0.90518,0.93514,0.83294,0.60621,1.01936,0.91587,0.0091804,0.0091804,0.0091804
931,91450,0.65509,0.90965,0.99486,0.90603,0.90518,0.93444,0.83188,0.60543,1.01983,0.91576,0.00917869,0.00917869,0.00917869
932,91529.5,0.63863,0.90873,0.98352,0.90575,0.90518,0.93474,0.83189,0.60521,1.02075,0.91564,0.00917697,0.00917697,0.00917697
933,91609.9,0.64271,0.8889,0.98563,0.90557,0.90518,0.93458,0.83257,0.60519,1.01914,0.91594,0.00917525,0.00917525,0.00917525
934,91689.7,0.64462,0.86154,0.99309,0.90535,0.90518,0.93461,0.83297,0.60591,1.01842,0.91638,0.00917353,0.00917353,0.00917353
935,91769.2,0.66074,0.89906,1.00167,0.90486,0.90518,0.93473,0.83292,0.60685,1.02882,0.91698,0.00917181,0.00917181,0.00917181
936,91849.2,0.6392,0.90424,0.99238,0.90492,0.90518,0.93502,0.8334,0.60665,1.02748,0.91706,0.00917009,0.00917009,0.00917009
937,91929.2,0.65432,0.8816,0.99285,0.90457,0.90518,0.93472,0.8327,0.60662,1.03118,0.91711,0.00916836,0.00916836,0.00916836
938,92009.1,0.6493,0.88001,0.99515,0.90455,0.90518,0.93483,0.83308,0.60679,1.03038,0.91756,0.00916664,0.00916664,0.00916664
939,92087.8,0.65219,0.90081,0.98508,0.90436,0.90518,0.93461,0.83265,0.60701,1.03173,0.91797,0.00916491,0.00916491,0.00916491
940,92167.3,0.64903,0.90214,0.99414,0.90426,0.90518,0.93429,0.83258,0.60712,1.03139,0.91821,0.00916318,0.00916318,0.00916318
941,92247,0.65365,0.8787,0.99485,0.90437,0.90518,0.93449,0.83258,0.60731,1.034,0.91811,0.00916145,0.00916145,0.00916145
942,92326.4,0.6457,0.89085,0.99575,0.90439,0.90518,0.93394,0.83256,0.60691,1.03289,0.91789,0.00915972,0.00915972,0.00915972
943,92406.6,0.66467,0.9056,1.00018,0.90433,0.90518,0.93441,0.83267,0.6067,1.03284,0.91788,0.00915798,0.00915798,0.00915798
944,92487.6,0.66543,0.91273,0.99868,0.90415,0.90518,0.93424,0.83211,0.60698,1.02854,0.91818,0.00915625,0.00915625,0.00915625
945,92569.2,0.64317,0.89799,0.98286,0.90344,0.90518,0.93421,0.83276,0.60688,1.02806,0.91831,0.00915451,0.00915451,0.00915451
946,92649.5,0.64848,0.86168,0.99605,0.90211,0.90518,0.93425,0.83279,0.60695,1.02813,0.91856,0.00915277,0.00915277,0.00915277
947,92730.4,0.64121,0.90991,0.98796,0.90167,0.90518,0.93395,0.83176,0.60728,1.02508,0.91869,0.00915103,0.00915103,0.00915103
948,92811.6,0.6684,0.91833,1.00409,0.90149,0.90518,0.93403,0.83223,0.60748,1.02304,0.91873,0.00914929,0.00914929,0.00914929
949,92892.2,0.64924,0.89726,0.9969,0.90108,0.90518,0.93417,0.83248,0.60691,1.02215,0.91852,0.00914754,0.00914754,0.00914754
950,92972.9,0.65166,0.87763,0.98891,0.9011,0.90518,0.93426,0.83251,0.60693,1.02137,0.91839,0.0091458,0.0091458,0.0091458
951,93053.7,0.64352,0.89989,0.98167,0.90197,0.90518,0.93447,0.83208,0.60682,1.02099,0.9182,0.00914405,0.00914405,0.00914405
952,93134.2,0.64975,0.89536,0.9902,0.90153,0.90518,0.93421,0.83233,0.60691,1.02134,0.9182,0.0091423,0.0091423,0.0091423
953,93214.7,0.65554,0.90846,0.99138,0.90141,0.90518,0.93449,0.83217,0.60681,1.02131,0.91835,0.00914055,0.00914055,0.00914055
954,93295,0.65469,0.88369,0.98759,0.90155,0.90518,0.9339,0.83149,0.60678,1.02185,0.91835,0.0091388,0.0091388,0.0091388
955,93375.7,0.6572,0.9132,0.99595,0.9014,0.90518,0.93345,0.83246,0.60646,1.01503,0.91833,0.00913704,0.00913704,0.00913704
956,93456.7,0.63798,0.89483,0.98951,0.90104,0.90518,0.93311,0.83013,0.60666,1.01508,0.91843,0.00913529,0.00913529,0.00913529
957,93537.5,0.66205,0.91372,1.00078,0.90056,0.90518,0.93335,0.83184,0.60686,1.01511,0.91858,0.00913353,0.00913353,0.00913353
958,93617.7,0.66178,0.89839,0.99562,0.90066,0.90518,0.93295,0.83151,0.60715,1.01501,0.91882,0.00913177,0.00913177,0.00913177
959,93698.1,0.65583,0.90804,0.99169,0.9006,0.90518,0.93323,0.83188,0.60782,1.01516,0.9191,0.00913001,0.00913001,0.00913001
960,93778.6,0.65327,0.90083,0.99402,0.90047,0.90518,0.93267,0.83019,0.608,1.01489,0.91938,0.00912825,0.00912825,0.00912825
961,93859.3,0.65512,0.87914,0.99703,0.9005,0.90518,0.93255,0.82907,0.60803,1.01445,0.91956,0.00912649,0.00912649,0.00912649
962,93939.8,0.66145,0.90931,0.99839,0.90061,0.90518,0.93354,0.83079,0.60775,1.01399,0.9197,0.00912472,0.00912472,0.00912472
963,94020.1,0.65181,0.90446,1.0043,0.90084,0.90518,0.93272,0.83083,0.60751,1.01341,0.91968,0.00912295,0.00912295,0.00912295
964,94100.9,0.65562,0.92031,1.00289,0.90086,0.90518,0.93371,0.8302,0.60671,1.01164,0.91968,0.00912119,0.00912119,0.00912119
965,94181.7,0.65833,0.90712,0.99774,0.90109,0.90518,0.93366,0.82991,0.60643,1.01038,0.91976,0.00911942,0.00911942,0.00911942
966,94262.9,0.64382,0.8926,0.99887,0.90126,0.90518,0.93396,0.82978,0.60535,1.0069,0.91897,0.00911764,0.00911764,0.00911764
967,94343.2,0.64709,0.92017,0.98802,0.90263,0.90518,0.93406,0.82985,0.60564,1.0054,0.91906,0.00911587,0.00911587,0.00911587
968,94423.4,0.6381,0.90997,0.98418,0.90506,0.90488,0.93402,0.83003,0.60535,0.9996,0.91869,0.0091141,0.0091141,0.0091141
969,94504.7,0.6474,0.89333,0.99035,0.90574,0.90399,0.93458,0.83086,0.60556,0.99877,0.91866,0.00911232,0.00911232,0.00911232
970,94585.5,0.64632,0.91099,0.98847,0.90516,0.90327,0.93444,0.83142,0.60527,0.99886,0.91864,0.00911054,0.00911054,0.00911054
971,94666.7,0.65547,0.88109,0.99747,0.90604,0.90134,0.93424,0.83115,0.60458,0.99789,0.91854,0.00910876,0.00910876,0.00910876
972,94748.1,0.64979,0.90575,0.99245,0.90605,0.9017,0.93444,0.83143,0.60489,0.99665,0.91857,0.00910698,0.00910698,0.00910698
973,94829.2,0.64502,0.88215,0.98359,0.90555,0.90277,0.93461,0.83198,0.60477,0.99706,0.91869,0.0091052,0.0091052,0.0091052
974,94910.6,0.64706,0.88274,0.98772,0.90658,0.90016,0.93433,0.83079,0.6043,1.00189,0.91838,0.00910341,0.00910341,0.00910341
975,94992,0.63842,0.88333,0.99231,0.9068,0.90002,0.93425,0.83153,0.60441,1.00143,0.9186,0.00910163,0.00910163,0.00910163
976,95073.1,0.65341,0.89325,0.99516,0.90695,0.90032,0.93457,0.83148,0.60428,1.00195,0.91872,0.00909984,0.00909984,0.00909984
977,95154.2,0.63659,0.87884,0.98795,0.90725,0.90031,0.93445,0.83183,0.60478,1.00461,0.91951,0.00909805,0.00909805,0.00909805
978,95235.5,0.64417,0.87441,0.97862,0.9076,0.90033,0.93488,0.83468,0.60409,1.00577,0.91919,0.00909626,0.00909626,0.00909626
979,95316.4,0.64978,0.91622,0.99472,0.90781,0.90016,0.93478,0.83467,0.60369,1.00808,0.91915,0.00909447,0.00909447,0.00909447
980,95397.6,0.66429,0.90563,1.00468,0.90815,0.90004,0.93469,0.83534,0.60398,1.00768,0.91921,0.00909267,0.00909267,0.00909267
981,95479.2,0.65417,0.89134,0.9978,0.90894,0.90004,0.93471,0.83472,0.60377,1.01055,0.91933,0.00909088,0.00909088,0.00909088
982,95561.1,0.64295,0.87561,0.99051,0.90793,0.8999,0.93447,0.83447,0.60354,1.01001,0.91894,0.00908908,0.00908908,0.00908908
983,95642.8,0.65249,0.93008,0.99707,0.90879,0.89971,0.93451,0.83416,0.60357,1.00814,0.91901,0.00908728,0.00908728,0.00908728
984,95724.5,0.64444,0.8723,0.98889,0.90863,0.89939,0.93484,0.83359,0.60368,1.00734,0.9189,0.00908548,0.00908548,0.00908548
985,95805.4,0.64325,0.8825,0.98728,0.9091,0.89925,0.93457,0.83409,0.60347,1.00672,0.91893,0.00908368,0.00908368,0.00908368
986,95886.3,0.64957,0.85827,0.99405,0.90854,0.89925,0.93501,0.83511,0.60314,1.0032,0.91869,0.00908188,0.00908188,0.00908188
987,95967.8,0.65323,0.90041,0.99892,0.90833,0.89897,0.93512,0.83544,0.60342,1.00624,0.91884,0.00908007,0.00908007,0.00908007
988,96048.7,0.64798,0.86679,0.99978,0.90778,0.89854,0.93446,0.83478,0.60345,1.00572,0.91888,0.00907827,0.00907827,0.00907827
989,96129.9,0.63545,0.86228,0.98232,0.90631,0.89781,0.93492,0.83387,0.60294,1.00494,0.9189,0.00907646,0.00907646,0.00907646
990,96210.9,0.66409,0.8984,1.00131,0.90587,0.89729,0.93545,0.83406,0.60297,1.0056,0.91917,0.00907465,0.00907465,0.00907465
991,96292.2,0.65357,0.88417,0.99382,0.90692,0.89671,0.93382,0.8327,0.60277,1.00382,0.91899,0.00907284,0.00907284,0.00907284
992,96373.9,0.64459,0.88513,0.98651,0.90655,0.89661,0.93468,0.83647,0.6029,1.00342,0.91909,0.00907102,0.00907102,0.00907102
993,96454.8,0.64776,0.92293,0.98866,0.90639,0.89641,0.93479,0.83638,0.60321,1.00096,0.91937,0.00906921,0.00906921,0.00906921
994,96535.9,0.63965,0.87392,0.98887,0.90679,0.89629,0.93464,0.83453,0.60288,0.99914,0.91933,0.00906739,0.00906739,0.00906739
995,96616.1,0.65553,0.89273,1.00426,0.90696,0.89627,0.93412,0.83323,0.60286,0.99793,0.91918,0.00906557,0.00906557,0.00906557
996,96697.1,0.63892,0.87729,0.98346,0.90651,0.89642,0.93452,0.83573,0.60306,0.99917,0.91923,0.00906375,0.00906375,0.00906375
997,96778.4,0.66241,0.88104,0.99692,0.90644,0.89622,0.93498,0.83607,0.60243,0.99866,0.91832,0.00906193,0.00906193,0.00906193
998,96859.5,0.64939,0.89655,0.99338,0.90665,0.89615,0.9349,0.83584,0.60198,0.99912,0.91816,0.00906011,0.00906011,0.00906011
999,96940.5,0.65147,0.90859,0.99627,0.90659,0.8965,0.9349,0.83556,0.60188,0.99692,0.91829,0.00905829,0.00905829,0.00905829
1000,97021.6,0.63984,0.87008,0.99646,0.90657,0.89675,0.93512,0.83529,0.60161,0.99628,0.91795,0.00905646,0.00905646,0.00905646
1001,97102.9,0.64827,0.89998,0.9936,0.90678,0.89685,0.93473,0.83509,0.60158,0.99395,0.91792,0.00905463,0.00905463,0.00905463
1002,97184,0.64539,0.88763,0.98959,0.90675,0.89692,0.93479,0.83693,0.60126,0.99312,0.9177,0.00905281,0.00905281,0.00905281
1003,97264.8,0.64778,0.89071,0.99177,0.90687,0.89673,0.93474,0.8373,0.60124,0.99436,0.91739,0.00905097,0.00905097,0.00905097
1004,97346.3,0.64873,0.91052,0.99838,0.90664,0.89684,0.935,0.83729,0.60123,0.99411,0.91743,0.00904914,0.00904914,0.00904914
1005,97427.9,0.64524,0.8854,0.9804,0.90586,0.89734,0.9351,0.83756,0.60088,0.99215,0.91722,0.00904731,0.00904731,0.00904731
1006,97508.9,0.64366,0.85292,0.99209,0.90595,0.89708,0.93542,0.83812,0.60099,0.99218,0.91723,0.00904547,0.00904547,0.00904547
1007,97590.3,0.6471,0.8892,0.99771,0.90622,0.89715,0.93529,0.83851,0.60105,0.99166,0.91791,0.00904364,0.00904364,0.00904364
1008,97671.8,0.64158,0.91062,0.99195,0.9069,0.89659,0.93511,0.8384,0.6009,0.9923,0.91795,0.0090418,0.0090418,0.0090418
1009,97753.2,0.65081,0.85936,0.98688,0.90653,0.89615,0.93531,0.83804,0.60092,0.99201,0.91794,0.00903996,0.00903996,0.00903996
1010,97834.6,0.65425,0.90423,1.00246,0.90675,0.89576,0.93592,0.83946,0.60042,0.9903,0.91771,0.00903812,0.00903812,0.00903812
1011,97916.1,0.63172,0.8804,0.97701,0.90716,0.89545,0.93556,0.83879,0.60103,0.98929,0.91869,0.00903627,0.00903627,0.00903627
1012,97997.6,0.64835,0.88232,0.99549,0.90723,0.89538,0.93619,0.83986,0.60124,0.99037,0.91916,0.00903443,0.00903443,0.00903443
1013,98079.1,0.66059,0.84994,1.00339,0.9064,0.89573,0.93637,0.84047,0.60099,0.99038,0.91835,0.00903258,0.00903258,0.00903258
1014,98160.5,0.64469,0.88769,0.98581,0.90494,0.89602,0.93627,0.84068,0.60047,0.98921,0.9183,0.00903074,0.00903074,0.00903074
1015,98242,0.64469,0.9074,0.99248,0.90796,0.89502,0.93644,0.84051,0.59983,0.98902,0.91802,0.00902889,0.00902889,0.00902889
1016,98322.7,0.64483,0.87031,0.98557,0.90824,0.89487,0.936,0.83995,0.59988,0.98936,0.91802,0.00902703,0.00902703,0.00902703
1017,98404.1,0.64849,0.88335,0.98518,0.9083,0.89481,0.9357,0.83971,0.59985,0.98822,0.9182,0.00902518,0.00902518,0.00902518
1018,98485.3,0.63872,0.88256,0.9814,0.90827,0.89473,0.93654,0.84044,0.59977,0.98616,0.91804,0.00902333,0.00902333,0.00902333
1019,98566,0.63976,0.88013,0.98933,0.88715,0.91148,0.93702,0.84061,0.59996,0.98635,0.91832,0.00902147,0.00902147,0.00902147
1020,98647.2,0.64963,0.87582,0.99079,0.88741,0.91138,0.93671,0.84173,0.60012,0.98619,0.91846,0.00901962,0.00901962,0.00901962
1021,98728,0.64185,0.8835,0.9883,0.88768,0.91124,0.93662,0.84044,0.60028,0.98589,0.91854,0.00901776,0.00901776,0.00901776
1022,98808.1,0.63728,0.86867,0.97745,0.88794,0.91096,0.93729,0.84041,0.60031,0.98509,0.91855,0.0090159,0.0090159,0.0090159
1023,98888.8,0.64661,0.87246,0.99971,0.88791,0.91072,0.93642,0.83991,0.60044,0.98221,0.91893,0.00901403,0.00901403,0.00901403
1024,98969.5,0.64975,0.88103,0.9868,0.88789,0.91056,0.93731,0.84102,0.60065,0.98204,0.91901,0.00901217,0.00901217,0.00901217
1025,99050.8,0.63646,0.85862,0.9845,0.88786,0.91028,0.93582,0.83896,0.60104,0.98237,0.91927,0.00901031,0.00901031,0.00901031
1026,99132,0.65188,0.91569,0.9881,0.88777,0.90937,0.93654,0.83985,0.60116,0.98231,0.91938,0.00900844,0.00900844,0.00900844
1027,99213.3,0.64253,0.91286,0.99004,0.88779,0.90953,0.93654,0.84132,0.60179,0.98395,0.91946,0.00900657,0.00900657,0.00900657
1028,99293.8,0.64673,0.90747,0.98282,0.89026,0.90272,0.93631,0.84002,0.6022,0.98423,0.91972,0.0090047,0.0090047,0.0090047
1029,99374.8,0.64076,0.87289,0.99443,0.89079,0.90267,0.93619,0.84011,0.60197,0.98041,0.91963,0.00900283,0.00900283,0.00900283
1030,99455.6,0.63938,0.84515,0.98575,0.89405,0.90243,0.93689,0.84092,0.60223,0.97952,0.91977,0.00900096,0.00900096,0.00900096
1031,99536.6,0.64974,0.90463,0.98802,0.89534,0.90248,0.93631,0.8397,0.60229,0.98109,0.92004,0.00899908,0.00899908,0.00899908
1032,99617.4,0.63153,0.85895,0.97916,0.8963,0.90253,0.93711,0.84077,0.60228,0.98103,0.92008,0.00899721,0.00899721,0.00899721
1033,99698.9,0.65748,0.8743,0.98997,0.90505,0.89724,0.9376,0.84076,0.60266,0.98109,0.92026,0.00899533,0.00899533,0.00899533
1034,99779.4,0.62998,0.8491,0.98576,0.9081,0.89547,0.93763,0.84039,0.60336,0.98613,0.92056,0.00899345,0.00899345,0.00899345
1035,99860.8,0.65317,0.89481,0.98937,0.90697,0.89573,0.93745,0.84042,0.60305,0.98268,0.92027,0.00899157,0.00899157,0.00899157
1036,99942.5,0.64014,0.88597,0.97462,0.90827,0.89462,0.93757,0.84066,0.60363,0.98644,0.92066,0.00898969,0.00898969,0.00898969
1037,100024,0.63433,0.87431,0.99024,0.90948,0.89422,0.93798,0.84094,0.6037,0.98649,0.92137,0.0089878,0.0089878,0.0089878
1038,100105,0.62401,0.86924,0.99308,0.91005,0.89367,0.93813,0.84084,0.60376,0.98739,0.92151,0.00898592,0.00898592,0.00898592
1039,100187,0.65832,0.88836,0.99216,0.9084,0.89476,0.93748,0.83967,0.6034,0.9863,0.92139,0.00898403,0.00898403,0.00898403
1040,100268,0.64692,0.88338,1.00042,0.90261,0.89494,0.93725,0.8393,0.6033,0.9864,0.92146,0.00898214,0.00898214,0.00898214
1041,100349,0.6509,0.89734,0.99169,0.90224,0.8952,0.93726,0.83875,0.6036,0.98646,0.92184,0.00898025,0.00898025,0.00898025
1042,100429,0.63824,0.85734,0.9886,0.90207,0.89688,0.93809,0.83867,0.60331,0.98764,0.92179,0.00897836,0.00897836,0.00897836
1043,100509,0.63823,0.86615,0.98753,0.90216,0.89786,0.93755,0.83851,0.6034,0.98691,0.92169,0.00897647,0.00897647,0.00897647
1044,100591,0.64821,0.87049,0.9905,0.90236,0.89995,0.93789,0.83889,0.60372,0.98708,0.92171,0.00897457,0.00897457,0.00897457
1045,100673,0.65621,0.88848,0.99248,0.90178,0.90122,0.93733,0.83864,0.60369,0.98691,0.92191,0.00897268,0.00897268,0.00897268
1046,100755,0.64504,0.88185,0.98719,0.90187,0.89478,0.93738,0.83783,0.60382,0.9882,0.92212,0.00897078,0.00897078,0.00897078
1047,100837,0.64456,0.90187,0.99368,0.90182,0.89424,0.93733,0.83754,0.60398,0.99104,0.92238,0.00896888,0.00896888,0.00896888
1048,100919,0.64765,0.87421,0.9866,0.90181,0.89416,0.93749,0.83791,0.60408,0.99131,0.92239,0.00896698,0.00896698,0.00896698
1049,101001,0.63818,0.86838,0.984,0.90184,0.89446,0.93712,0.83745,0.60427,0.99433,0.92254,0.00896508,0.00896508,0.00896508
1050,101083,0.64211,0.86284,0.9862,0.90205,0.89664,0.9374,0.83764,0.60397,0.99525,0.92261,0.00896317,0.00896317,0.00896317
1051,101166,0.64167,0.91056,0.98756,0.90209,0.89706,0.93669,0.83724,0.60434,0.99755,0.92293,0.00896127,0.00896127,0.00896127
1052,101248,0.65196,0.87071,0.99452,0.90002,0.89942,0.93693,0.83801,0.60503,0.99809,0.9234,0.00895936,0.00895936,0.00895936
1053,101330,0.6525,0.88928,0.98759,0.90001,0.90074,0.9373,0.8383,0.60547,0.99855,0.92375,0.00895745,0.00895745,0.00895745
1054,101413,0.65192,0.88956,0.9931,0.89993,0.90086,0.93711,0.83775,0.60527,0.9989,0.92383,0.00895554,0.00895554,0.00895554
1055,101495,0.66186,0.87245,0.99812,0.89981,0.90077,0.93695,0.83788,0.60559,0.9989,0.92406,0.00895363,0.00895363,0.00895363
1056,101577,0.62918,0.85185,0.9786,0.89972,0.90077,0.93712,0.83869,0.60607,0.9984,0.92403,0.00895172,0.00895172,0.00895172
1057,101659,0.64629,0.87709,0.98631,0.89971,0.90089,0.93712,0.83879,0.60635,0.99868,0.92426,0.0089498,0.0089498,0.0089498
1058,101742,0.64634,0.9002,0.99664,0.89955,0.90067,0.93747,0.83967,0.60624,0.99883,0.9242,0.00894789,0.00894789,0.00894789
1059,101824,0.64418,0.86156,0.98515,0.9006,0.89986,0.93625,0.83924,0.6063,0.99987,0.92431,0.00894597,0.00894597,0.00894597
1060,101906,0.64688,0.9177,0.98946,0.89829,0.90081,0.9368,0.83912,0.60632,1.00194,0.92411,0.00894405,0.00894405,0.00894405
1061,101989,0.63876,0.86555,0.98821,0.89747,0.90151,0.93715,0.83934,0.60633,1.00211,0.92434,0.00894213,0.00894213,0.00894213
1062,102070,0.64446,0.90019,0.99746,0.89359,0.90308,0.93661,0.8392,0.60673,1.00143,0.92464,0.00894021,0.00894021,0.00894021
1063,102152,0.63432,0.88203,0.98189,0.89356,0.90292,0.93707,0.83957,0.6076,1.00351,0.92528,0.00893828,0.00893828,0.00893828
1064,102233,0.64171,0.90428,0.99809,0.89114,0.90399,0.93653,0.83819,0.60778,1.00388,0.92528,0.00893636,0.00893636,0.00893636
1065,102316,0.65096,0.90832,0.99244,0.88981,0.90471,0.93695,0.83902,0.60685,1.00366,0.9244,0.00893443,0.00893443,0.00893443
1066,102398,0.64484,0.88865,0.99286,0.86473,0.93573,0.93636,0.83851,0.60643,1.00478,0.92408,0.0089325,0.0089325,0.0089325
1067,102478,0.63804,0.87721,0.99086,0.86547,0.93524,0.93683,0.84002,0.60675,1.00464,0.92414,0.00893057,0.00893057,0.00893057
1068,102560,0.64578,0.90541,0.9863,0.86603,0.93517,0.93655,0.83892,0.60648,1.00674,0.92411,0.00892864,0.00892864,0.00892864
1069,102642,0.64825,0.85621,0.99414,0.86607,0.93537,0.93698,0.83971,0.60622,1.01288,0.92362,0.00892671,0.00892671,0.00892671
1070,102724,0.63724,0.86791,0.99227,0.8683,0.93558,0.93596,0.83902,0.60572,1.01191,0.92318,0.00892477,0.00892477,0.00892477
1071,102806,0.63848,0.86976,0.98895,0.86859,0.93545,0.93609,0.83869,0.60522,1.01399,0.92258,0.00892283,0.00892283,0.00892283
1072,102888,0.63747,0.84558,0.97688,0.86885,0.93526,0.93624,0.83882,0.60514,1.01312,0.92246,0.0089209,0.0089209,0.0089209
1073,102971,0.64321,0.86107,0.9828,0.8689,0.93528,0.93606,0.83871,0.60518,1.01303,0.92283,0.00891896,0.00891896,0.00891896
1074,103053,0.64758,0.87955,0.99343,0.86911,0.93505,0.93624,0.83882,0.60532,1.01323,0.92287,0.00891702,0.00891702,0.00891702
1075,103135,0.65779,0.92873,0.99357,0.86934,0.93484,0.93595,0.8386,0.60561,1.01619,0.92342,0.00891507,0.00891507,0.00891507
1076,103218,0.64512,0.85599,0.98794,0.86927,0.93491,0.9353,0.83819,0.60546,1.01679,0.92345,0.00891313,0.00891313,0.00891313
1077,103299,0.64612,0.87927,0.99019,0.8692,0.93497,0.93568,0.83844,0.60558,1.01515,0.9233,0.00891119,0.00891119,0.00891119
1078,103382,0.64323,0.87322,0.98624,0.86919,0.93507,0.93553,0.83918,0.60595,1.01529,0.92325,0.00890924,0.00890924,0.00890924
1079,103464,0.64531,0.89229,0.99564,0.86899,0.93518,0.93515,0.83792,0.6058,1.01782,0.92327,0.00890729,0.00890729,0.00890729
1080,103546,0.64539,0.90962,1.00007,0.86895,0.93519,0.9354,0.83912,0.60553,1.0166,0.92308,0.00890534,0.00890534,0.00890534
1081,103629,0.63292,0.86528,0.99164,0.86888,0.9351,0.9357,0.83949,0.60586,1.01416,0.92297,0.00890339,0.00890339,0.00890339
1082,103712,0.64342,0.90432,0.98622,0.86874,0.9354,0.93562,0.83931,0.60595,1.01405,0.92314,0.00890144,0.00890144,0.00890144
1083,103795,0.64215,0.90866,0.9866,0.86874,0.93535,0.93566,0.83958,0.60638,1.01519,0.92346,0.00889948,0.00889948,0.00889948
1084,103877,0.64032,0.86794,0.98301,0.86868,0.93524,0.93626,0.83863,0.60686,1.01769,0.92363,0.00889752,0.00889752,0.00889752
1085,103960,0.63295,0.884,0.9774,0.86856,0.93555,0.93611,0.83877,0.60792,1.01876,0.92404,0.00889557,0.00889557,0.00889557
1086,104042,0.64016,0.88717,0.98689,0.86842,0.93588,0.9354,0.83815,0.60762,1.01989,0.92394,0.00889361,0.00889361,0.00889361
1087,104125,0.63756,0.88909,0.98909,0.86846,0.93587,0.93614,0.83673,0.60779,1.02106,0.92417,0.00889165,0.00889165,0.00889165
1088,104207,0.65164,0.8896,0.98661,0.86847,0.93567,0.93595,0.83798,0.60842,1.02453,0.92454,0.00888969,0.00888969,0.00888969
1089,104290,0.63228,0.86923,0.98309,0.86851,0.93599,0.93604,0.83826,0.60907,1.02576,0.92519,0.00888772,0.00888772,0.00888772
1090,104372,0.63814,0.85277,0.98278,0.8684,0.93632,0.93527,0.83703,0.60918,1.02906,0.92545,0.00888576,0.00888576,0.00888576
1091,104455,0.63878,0.87409,0.98213,0.86757,0.93711,0.93522,0.83585,0.609,1.02786,0.92578,0.00888379,0.00888379,0.00888379
1092,104537,0.62864,0.83506,0.97322,0.8668,0.93785,0.93626,0.837,0.60932,1.02771,0.92608,0.00888182,0.00888182,0.00888182
1093,104619,0.63417,0.86804,0.97749,0.86641,0.93925,0.93521,0.83625,0.60913,1.02614,0.92589,0.00887985,0.00887985,0.00887985
1094,104702,0.63089,0.89253,0.97802,0.86688,0.93868,0.93652,0.83772,0.60909,1.02846,0.926,0.00887788,0.00887788,0.00887788
1095,104784,0.64531,0.88296,0.98843,0.86802,0.9378,0.93648,0.83775,0.60899,1.02785,0.92596,0.00887591,0.00887591,0.00887591
1096,104867,0.63433,0.84601,0.98807,0.86871,0.93809,0.93662,0.83748,0.60898,1.02853,0.92594,0.00887393,0.00887393,0.00887393
1097,104949,0.64749,0.86026,0.98855,0.8691,0.93711,0.93559,0.83611,0.60947,1.02859,0.92609,0.00887196,0.00887196,0.00887196
1098,105031,0.64795,0.87962,0.98927,0.86915,0.93743,0.93618,0.83686,0.60967,1.02863,0.92653,0.00886998,0.00886998,0.00886998
1099,105114,0.64329,0.92044,0.98743,0.86931,0.93711,0.93628,0.83771,0.60999,1.02805,0.92663,0.008868,0.008868,0.008868
1100,105196,0.65043,0.86866,0.99711,0.86925,0.9375,0.93586,0.83695,0.60972,1.02592,0.92639,0.00886602,0.00886602,0.00886602
1101,105278,0.6415,0.88975,0.98675,0.86963,0.93812,0.93538,0.83685,0.61002,1.02523,0.92644,0.00886404,0.00886404,0.00886404
1102,105361,0.64742,0.88699,0.98563,0.87202,0.93553,0.93608,0.83739,0.60956,1.02457,0.92623,0.00886206,0.00886206,0.00886206
1103,105443,0.63697,0.84811,0.99101,0.874,0.93538,0.93625,0.83781,0.6098,1.02389,0.92641,0.00886007,0.00886007,0.00886007
1104,105525,0.63648,0.84797,0.98012,0.8743,0.9335,0.936,0.83712,0.60934,1.02385,0.92628,0.00885809,0.00885809,0.00885809
1105,105608,0.65045,0.87226,0.9889,0.87408,0.93484,0.93656,0.83734,0.60954,1.02326,0.92673,0.0088561,0.0088561,0.0088561
1106,105690,0.64159,0.8782,0.99123,0.87419,0.9356,0.9367,0.83794,0.60925,1.0237,0.92683,0.00885411,0.00885411,0.00885411
1107,105772,0.63893,0.89521,0.99481,0.87395,0.93583,0.93697,0.83796,0.60881,1.02275,0.92646,0.00885212,0.00885212,0.00885212
1108,105854,0.65255,0.86466,0.99457,0.87483,0.93567,0.93724,0.8379,0.60864,1.02215,0.92663,0.00885013,0.00885013,0.00885013
1109,105936,0.63141,0.84987,0.98452,0.8753,0.93629,0.93678,0.83727,0.60877,1.02375,0.92649,0.00884813,0.00884813,0.00884813
1110,106018,0.63824,0.87213,0.9818,0.87602,0.93642,0.93671,0.83745,0.60856,1.02107,0.92641,0.00884614,0.00884614,0.00884614
1111,106100,0.65408,0.85699,0.99625,0.87601,0.93656,0.93665,0.83824,0.6089,1.02118,0.92676,0.00884414,0.00884414,0.00884414
1112,106183,0.65115,0.89534,1.00377,0.87405,0.93684,0.93697,0.83866,0.60838,1.02143,0.92676,0.00884214,0.00884214,0.00884214
1113,106265,0.64316,0.87373,0.98097,0.87467,0.93684,0.93654,0.83831,0.60832,1.01908,0.92657,0.00884014,0.00884014,0.00884014
1114,106347,0.62352,0.83921,0.97513,0.87347,0.93684,0.93702,0.83864,0.60846,1.01738,0.92673,0.00883814,0.00883814,0.00883814
1115,106429,0.6379,0.85938,0.98281,0.87276,0.93684,0.93653,0.83902,0.60843,1.01994,0.92657,0.00883614,0.00883614,0.00883614
1116,106512,0.61884,0.85847,0.98893,0.87278,0.93684,0.93715,0.84034,0.60803,1.01798,0.92646,0.00883413,0.00883413,0.00883413
1117,106594,0.64231,0.86114,0.98386,0.87275,0.93684,0.93653,0.83898,0.60812,1.01916,0.92659,0.00883213,0.00883213,0.00883213
1118,106677,0.64509,0.90993,0.98637,0.8726,0.93684,0.93696,0.83936,0.6082,1.02125,0.92647,0.00883012,0.00883012,0.00883012
1119,106759,0.63918,0.85157,0.98987,0.87398,0.93684,0.93649,0.83799,0.6087,1.02399,0.92679,0.00882811,0.00882811,0.00882811
1120,106841,0.62347,0.8306,0.9762,0.87239,0.93684,0.9369,0.83818,0.60857,1.02045,0.92684,0.0088261,0.0088261,0.0088261
