epoch,time,train/box_loss,train/cls_loss,train/dfl_loss,metrics/precision(B),metrics/recall(B),metrics/mAP50(B),metrics/mAP50-95(B),val/box_loss,val/cls_loss,val/dfl_loss,lr/pg0,lr/pg1,lr/pg2
1,139.729,1.2634,8.93929,1.44347,0.70325,0.75744,0.74634,0.47122,1.37596,3.81412,1.35625,0.00331683,0.00331683,0.00331683
2,253.334,1.16931,4.14844,1.34551,0.64971,0.80729,0.77728,0.5809,1.05266,3.59376,1.23793,0.00665016,0.00665016,0.00665016
3,365.919,1.3066,3.33014,1.44563,0.71637,0.76545,0.77795,0.45327,1.61828,6.15296,1.85214,0.00998349,0.00998349,0.00998349
4,477.878,1.38643,3.15652,1.49596,0.82417,0.69035,0.82327,0.48049,1.50251,4.30303,1.69571,0.00999999,0.00999999,0.00999999
5,589.88,1.30032,2.90609,1.45766,0.75352,0.8099,0.8423,0.5524,1.27963,2.49558,1.40472,0.00999998,0.00999998,0.00999998
6,702.983,1.24239,2.75005,1.41708,0.77021,0.77942,0.8166,0.5571,1.25851,2.24856,1.35336,0.00999998,0.00999998,0.00999998
7,815.799,1.20254,2.52972,1.38834,0.85143,0.81445,0.8782,0.60674,1.26289,2.00287,1.32759,0.00999996,0.00999996,0.00999996
8,928.494,1.17783,2.45028,1.37901,0.82768,0.858,0.87573,0.60659,1.26828,1.97103,1.3595,0.00999995,0.00999995,0.00999995
9,1040.73,1.13938,2.36148,1.33881,0.81608,0.8724,0.88288,0.64171,1.15026,1.86273,1.27913,0.00999994,0.00999994,0.00999994
10,1153.03,1.09593,2.31645,1.3262,0.79541,0.89062,0.86065,0.65847,1.03391,1.75927,1.19784,0.00999992,0.00999992,0.00999992
11,1265.42,1.09269,2.25052,1.30562,0.82528,0.84225,0.87168,0.64228,1.05935,1.84284,1.21994,0.0099999,0.0099999,0.0099999
12,1377.94,1.07281,2.17405,1.2858,0.83709,0.84556,0.8698,0.65875,1.00962,1.80343,1.17949,0.00999988,0.00999988,0.00999988
13,1490.01,1.06439,2.15464,1.28429,0.83656,0.85677,0.90359,0.65502,1.06302,1.74539,1.19174,0.00999986,0.00999986,0.00999986
14,1601.23,1.03629,2.12236,1.25798,0.81163,0.85747,0.87645,0.6391,1.11901,1.81567,1.23365,0.00999983,0.00999983,0.00999983
15,1712.84,1.03282,2.1151,1.2679,0.84035,0.86458,0.89281,0.66625,0.99267,1.67684,1.16847,0.00999981,0.00999981,0.00999981
16,1824.2,1.03353,2.07703,1.26987,0.86119,0.84635,0.8993,0.6806,1.00039,1.70625,1.17206,0.00999978,0.00999978,0.00999978
17,1934.89,1.00231,2.0157,1.25634,0.8101,0.86979,0.87735,0.67234,1.02154,1.79619,1.19047,0.00999975,0.00999975,0.00999975
18,2046.83,0.99629,1.96547,1.23632,0.82704,0.84794,0.8891,0.6787,0.98444,1.66397,1.14434,0.00999972,0.00999972,0.00999972
19,2158.26,1.01995,2.00023,1.26066,0.86485,0.84896,0.89461,0.66669,1.02631,1.62303,1.15702,0.00999968,0.00999968,0.00999968
20,2270.33,1.00721,1.9882,1.24687,0.79419,0.871,0.87777,0.67512,0.98076,1.6344,1.16116,0.00999965,0.00999965,0.00999965
21,2382.11,0.97819,1.93034,1.22889,0.83098,0.8039,0.87601,0.66065,1.03609,1.70997,1.17254,0.00999961,0.00999961,0.00999961
22,2493.43,0.9973,1.92132,1.2334,0.86375,0.83854,0.89657,0.68703,0.99821,1.65418,1.14131,0.00999957,0.00999957,0.00999957
23,2604.97,0.95541,1.86091,1.21798,0.87928,0.84307,0.90111,0.7128,0.94232,1.56302,1.10722,0.00999953,0.00999953,0.00999953
24,2716.36,0.96135,1.88627,1.21591,0.86952,0.86053,0.90212,0.70593,0.91329,1.53071,1.09503,0.00999948,0.00999948,0.00999948
25,2827.43,0.94868,1.84491,1.21044,0.82708,0.88059,0.90303,0.72307,0.89539,1.51054,1.09821,0.00999944,0.00999944,0.00999944
26,2938.7,0.96649,1.82261,1.21846,0.87078,0.84735,0.90069,0.68546,0.96019,1.4278,1.11685,0.00999939,0.00999939,0.00999939
27,3050.45,0.95012,1.82136,1.20366,0.87059,0.8776,0.90094,0.68,1.01524,1.59369,1.16774,0.00999934,0.00999934,0.00999934
28,3161.96,0.94787,1.88317,1.20841,0.88625,0.84438,0.901,0.69691,0.93218,1.51316,1.11927,0.00999929,0.00999929,0.00999929
29,3272.97,0.94573,1.77437,1.20316,0.87611,0.83521,0.89635,0.68775,1.00254,1.58802,1.14135,0.00999923,0.00999923,0.00999923
30,3385.2,0.94127,1.76426,1.20508,0.87186,0.83854,0.90283,0.69718,1.01572,1.53345,1.1485,0.00999918,0.00999918,0.00999918
31,3496.34,0.93167,1.77571,1.19774,0.87031,0.85639,0.90452,0.70758,0.96112,1.54051,1.13372,0.00999912,0.00999912,0.00999912
32,3610.18,0.95328,1.76211,1.20262,0.86829,0.87099,0.893,0.69014,0.92073,1.46447,1.09503,0.00999906,0.00999906,0.00999906
33,3723.7,0.8967,1.76219,1.17418,0.85743,0.88416,0.90509,0.70639,0.92321,1.46531,1.09534,0.009999,0.009999,0.009999
34,3836.25,0.9317,1.77556,1.20325,0.82037,0.92477,0.89229,0.70338,0.92622,1.44148,1.09805,0.00999894,0.00999894,0.00999894
35,3949.25,0.91588,1.69385,1.18166,0.84179,0.88915,0.91595,0.72053,0.94602,1.44471,1.11143,0.00999887,0.00999887,0.00999887
36,4062.33,0.92059,1.7468,1.19488,0.89326,0.81957,0.90423,0.73725,0.85989,1.46738,1.09169,0.0099988,0.0099988,0.0099988
37,4173.81,0.91279,1.71169,1.18005,0.86234,0.8619,0.89099,0.70766,0.94131,1.45637,1.10742,0.00999873,0.00999873,0.00999873
38,4285.53,0.91249,1.68837,1.17583,0.8192,0.85321,0.88646,0.71268,0.88982,1.48106,1.08157,0.00999866,0.00999866,0.00999866
39,4397.97,0.91383,1.73676,1.18425,0.848,0.89595,0.90936,0.75849,0.85842,1.42701,1.08149,0.00999859,0.00999859,0.00999859
40,4509.45,0.91625,1.74645,1.19372,0.85488,0.89199,0.90475,0.72662,0.89194,1.41075,1.10104,0.00999851,0.00999851,0.00999851
41,4621.34,0.89852,1.69382,1.18857,0.866,0.88952,0.90977,0.72117,0.88713,1.41755,1.08806,0.00999844,0.00999844,0.00999844
42,4733.66,0.89809,1.69367,1.17948,0.87599,0.89359,0.90765,0.7317,0.88201,1.39546,1.08651,0.00999836,0.00999836,0.00999836
43,4846.46,0.89807,1.69838,1.17534,0.85016,0.89597,0.90307,0.7344,0.89534,1.40076,1.09803,0.00999828,0.00999828,0.00999828
44,4958.19,0.90616,1.59031,1.17351,0.90503,0.83333,0.90692,0.72913,0.88085,1.34399,1.07238,0.00999819,0.00999819,0.00999819
45,5070.58,0.88613,1.63772,1.15584,0.86976,0.86686,0.90067,0.72422,0.87432,1.4725,1.0779,0.00999811,0.00999811,0.00999811
46,5182.9,0.88159,1.63614,1.16096,0.87773,0.8874,0.89387,0.73874,0.84897,1.36646,1.07142,0.00999802,0.00999802,0.00999802
47,5295.94,0.89819,1.6705,1.17002,0.88786,0.85653,0.91295,0.73522,0.90212,1.39912,1.09138,0.00999793,0.00999793,0.00999793
48,5407.95,0.87958,1.63573,1.16608,0.87253,0.88281,0.90525,0.73595,0.86577,1.39138,1.06902,0.00999784,0.00999784,0.00999784
49,5519.91,0.89566,1.64018,1.17985,0.9172,0.83854,0.90431,0.73078,0.85953,1.39968,1.06185,0.00999775,0.00999775,0.00999775
50,5631.74,0.86718,1.62343,1.15442,0.87302,0.84474,0.90849,0.75183,0.82772,1.36691,1.04568,0.00999765,0.00999765,0.00999765
51,5744.1,0.88224,1.61065,1.16331,0.86686,0.85049,0.88892,0.73259,0.86067,1.46174,1.06207,0.00999756,0.00999756,0.00999756
52,5855.9,0.87244,1.60008,1.15862,0.87681,0.86219,0.90823,0.75537,0.82101,1.33476,1.03549,0.00999746,0.00999746,0.00999746
53,5967.8,0.86088,1.57385,1.15087,0.89106,0.85982,0.90091,0.74524,0.82279,1.35539,1.04629,0.00999736,0.00999736,0.00999736
54,6081.8,0.86801,1.61873,1.16079,0.8562,0.87742,0.90556,0.75089,0.82986,1.31877,1.06347,0.00999726,0.00999726,0.00999726
55,6194.78,0.86954,1.62548,1.16068,0.85852,0.88305,0.91323,0.75087,0.8475,1.34183,1.06068,0.00999715,0.00999715,0.00999715
56,6306.48,0.87182,1.57861,1.15146,0.87889,0.8776,0.89997,0.73762,0.80839,1.33374,1.03588,0.00999704,0.00999704,0.00999704
57,6419.96,0.85737,1.56975,1.14504,0.85147,0.86719,0.90021,0.74638,0.8015,1.33919,1.03753,0.00999694,0.00999694,0.00999694
58,6532.79,0.8595,1.56157,1.15971,0.84808,0.90104,0.91088,0.76375,0.80855,1.33173,1.03871,0.00999683,0.00999683,0.00999683
59,6646.68,0.87302,1.59879,1.14742,0.89788,0.85053,0.90745,0.75145,0.80828,1.34201,1.03586,0.00999671,0.00999671,0.00999671
60,6758.67,0.85148,1.51789,1.13914,0.87667,0.87213,0.918,0.75408,0.80463,1.27747,1.01354,0.0099966,0.0099966,0.0099966
61,6871.47,0.86662,1.53109,1.1605,0.87713,0.88246,0.91148,0.7566,0.82807,1.30908,1.04655,0.00999648,0.00999648,0.00999648
62,6984.27,0.84928,1.46742,1.1375,0.85326,0.86398,0.9123,0.7627,0.81439,1.36556,1.04688,0.00999636,0.00999636,0.00999636
63,7096.83,0.85641,1.58956,1.14604,0.84791,0.90807,0.90811,0.73633,0.82346,1.28015,1.03557,0.00999624,0.00999624,0.00999624
64,7208.97,0.85653,1.51527,1.14063,0.85845,0.88603,0.9046,0.75356,0.8094,1.28462,1.03794,0.00999612,0.00999612,0.00999612
65,7321.74,0.84986,1.53113,1.15007,0.87435,0.88543,0.90813,0.75277,0.7922,1.22238,1.02163,0.009996,0.009996,0.009996
66,7433.82,0.85213,1.52203,1.13684,0.87521,0.87353,0.91746,0.77533,0.76238,1.25297,1.00623,0.00999587,0.00999587,0.00999587
67,7545.45,0.85491,1.51401,1.14536,0.88194,0.842,0.91231,0.76874,0.77905,1.29653,1.02301,0.00999574,0.00999574,0.00999574
68,7657.31,0.85948,1.56691,1.14815,0.8865,0.86979,0.91377,0.7674,0.79088,1.26643,1.02113,0.00999561,0.00999561,0.00999561
69,7769.44,0.83078,1.52588,1.133,0.87453,0.85496,0.9058,0.75696,0.80361,1.29984,1.0291,0.00999548,0.00999548,0.00999548
70,7882.13,0.85745,1.5645,1.14392,0.83786,0.90954,0.91903,0.75818,0.82797,1.2581,1.0428,0.00999535,0.00999535,0.00999535
71,7994.57,0.83646,1.52229,1.12249,0.87875,0.90521,0.91886,0.77802,0.77311,1.25377,1.01569,0.00999521,0.00999521,0.00999521
72,8107,0.86255,1.53252,1.14631,0.88548,0.87771,0.90782,0.7574,0.80214,1.26048,1.02685,0.00999508,0.00999508,0.00999508
73,8218.29,0.85097,1.53968,1.1434,0.87791,0.89789,0.91053,0.75936,0.81077,1.24503,1.03432,0.00999494,0.00999494,0.00999494
74,8331.19,0.84128,1.47053,1.13077,0.91419,0.86153,0.91633,0.7587,0.82831,1.20587,1.04166,0.00999479,0.00999479,0.00999479
75,8443.05,0.8396,1.45019,1.12482,0.88802,0.89062,0.90973,0.75594,0.78803,1.17718,1.02159,0.00999465,0.00999465,0.00999465
76,8555.85,0.83196,1.43492,1.13154,0.88703,0.88021,0.91601,0.7611,0.80681,1.24858,1.03923,0.0099945,0.0099945,0.0099945
77,8667.93,0.83313,1.49213,1.12698,0.90891,0.86616,0.91138,0.75332,0.81561,1.28703,1.04194,0.00999436,0.00999436,0.00999436
78,8780.07,0.84031,1.47131,1.12955,0.86555,0.9117,0.91323,0.74832,0.82812,1.24355,1.04238,0.00999421,0.00999421,0.00999421
79,8892.39,0.8377,1.44456,1.13449,0.89197,0.88717,0.92044,0.77031,0.80163,1.1868,1.02118,0.00999406,0.00999406,0.00999406
80,9005.76,0.83575,1.46353,1.1377,0.90178,0.89743,0.92163,0.76795,0.80764,1.21535,1.03797,0.0099939,0.0099939,0.0099939
81,9117.17,0.84468,1.47293,1.12686,0.90196,0.88542,0.91891,0.76114,0.80032,1.21588,1.0216,0.00999375,0.00999375,0.00999375
82,9228.26,0.82685,1.45754,1.12709,0.86467,0.90935,0.91871,0.77981,0.77782,1.25155,1.01931,0.00999359,0.00999359,0.00999359
83,9339.78,0.82739,1.46898,1.12363,0.86912,0.89844,0.91559,0.781,0.75661,1.22278,1.00578,0.00999343,0.00999343,0.00999343
84,9453.02,0.82884,1.44906,1.12466,0.90046,0.86913,0.91375,0.76408,0.782,1.20514,1.01723,0.00999327,0.00999327,0.00999327
85,9566.27,0.82467,1.43734,1.12884,0.87055,0.89424,0.91408,0.76767,0.77218,1.24475,1.013,0.00999311,0.00999311,0.00999311
86,9678.6,0.81776,1.42859,1.1084,0.88558,0.88813,0.90538,0.75782,0.77775,1.23188,1.01059,0.00999294,0.00999294,0.00999294
87,9789.63,0.82802,1.46084,1.12588,0.87521,0.8991,0.90395,0.75731,0.78308,1.24761,1.01238,0.00999278,0.00999278,0.00999278
88,9900.89,0.82508,1.43493,1.12873,0.89546,0.86979,0.90806,0.7682,0.76214,1.24349,1.00215,0.00999261,0.00999261,0.00999261
89,10011.9,0.83705,1.46086,1.13206,0.89157,0.86385,0.91127,0.76747,0.77437,1.23439,1.00626,0.00999244,0.00999244,0.00999244
90,10123.2,0.83982,1.51487,1.13514,0.89555,0.86979,0.91121,0.76763,0.7734,1.23473,1.01648,0.00999226,0.00999226,0.00999226
91,10235.2,0.82778,1.39809,1.12104,0.88327,0.86878,0.90596,0.7639,0.75941,1.26283,1.00886,0.00999209,0.00999209,0.00999209
92,10347.6,0.81135,1.40941,1.11848,0.89816,0.88923,0.91179,0.76707,0.76593,1.19349,1.00727,0.00999191,0.00999191,0.00999191
93,10459.7,0.82386,1.39111,1.12679,0.90234,0.87851,0.91376,0.76248,0.79754,1.2181,1.02364,0.00999173,0.00999173,0.00999173
94,10573.8,0.79741,1.43513,1.10406,0.8851,0.89241,0.91087,0.76438,0.76598,1.21052,1.00774,0.00999155,0.00999155,0.00999155
95,10685.2,0.80858,1.3591,1.11102,0.88017,0.88382,0.91355,0.77781,0.73453,1.19914,0.99547,0.00999137,0.00999137,0.00999137
96,10796.6,0.81253,1.42242,1.12333,0.87795,0.90104,0.91487,0.77632,0.7377,1.20677,0.9988,0.00999118,0.00999118,0.00999118
97,10908.6,0.83136,1.44324,1.13514,0.9014,0.85902,0.90882,0.7761,0.73894,1.19967,0.99948,0.009991,0.009991,0.009991
98,11020.1,0.79982,1.43238,1.11073,0.89124,0.86979,0.90439,0.76619,0.75726,1.21947,1.00493,0.00999081,0.00999081,0.00999081
99,11131.6,0.81781,1.42462,1.13443,0.89211,0.88802,0.90666,0.76881,0.75296,1.22761,1.00446,0.00999062,0.00999062,0.00999062
100,11243.4,0.80006,1.38836,1.10942,0.89794,0.8776,0.90719,0.76675,0.75196,1.23067,1.00487,0.00999043,0.00999043,0.00999043
101,11356.8,0.82006,1.40558,1.11905,0.87639,0.88542,0.9151,0.77192,0.75574,1.24583,1.00632,0.00999023,0.00999023,0.00999023
102,11469.7,0.80742,1.38743,1.11721,0.88985,0.87035,0.91403,0.77501,0.75411,1.23916,1.00275,0.00999004,0.00999004,0.00999004
103,11581.3,0.80638,1.41794,1.1102,0.90123,0.86886,0.91337,0.77999,0.73665,1.21755,0.99611,0.00998984,0.00998984,0.00998984
104,11693.2,0.80878,1.36394,1.11911,0.90364,0.87756,0.91638,0.783,0.73271,1.19717,0.99817,0.00998964,0.00998964,0.00998964
105,11804.9,0.80799,1.3543,1.10671,0.89944,0.8724,0.91819,0.78748,0.72407,1.18509,0.99323,0.00998944,0.00998944,0.00998944
106,11916.7,0.81451,1.36654,1.11859,0.8809,0.88021,0.91668,0.78171,0.72575,1.16285,0.99472,0.00998923,0.00998923,0.00998923
107,12027.5,0.81037,1.39419,1.11255,0.85773,0.90239,0.91645,0.78552,0.72119,1.15717,0.99318,0.00998903,0.00998903,0.00998903
108,12140.3,0.80627,1.39741,1.12373,0.88338,0.88841,0.91674,0.78633,0.73161,1.17959,0.99441,0.00998882,0.00998882,0.00998882
109,12253.7,0.79993,1.37429,1.10884,0.86691,0.88802,0.91599,0.78617,0.7275,1.17028,0.98934,0.00998861,0.00998861,0.00998861
110,12366,0.81184,1.38094,1.11629,0.85899,0.91035,0.91706,0.78873,0.71509,1.16976,0.98047,0.0099884,0.0099884,0.0099884
111,12478.1,0.80188,1.33641,1.1103,0.87135,0.8904,0.91759,0.78595,0.72451,1.16085,0.98296,0.00998818,0.00998818,0.00998818
112,12590.9,0.79875,1.37294,1.09936,0.86142,0.9015,0.918,0.78531,0.72793,1.1621,0.98704,0.00998797,0.00998797,0.00998797
113,12703.5,0.80661,1.40505,1.12097,0.86821,0.90296,0.91774,0.7837,0.72449,1.14561,0.98465,0.00998775,0.00998775,0.00998775
114,12815.7,0.79431,1.35967,1.09928,0.87309,0.89597,0.9181,0.7839,0.72759,1.16307,0.98844,0.00998753,0.00998753,0.00998753
115,12927.8,0.80457,1.36893,1.10837,0.89696,0.87527,0.91808,0.78532,0.72511,1.17131,0.9893,0.00998731,0.00998731,0.00998731
116,13039.5,0.79285,1.33751,1.10529,0.89117,0.88227,0.92209,0.78761,0.72641,1.16123,0.98624,0.00998708,0.00998708,0.00998708
117,13151.1,0.80343,1.35449,1.11033,0.89321,0.88558,0.92089,0.7869,0.72513,1.16082,0.98791,0.00998686,0.00998686,0.00998686
118,13261.4,0.78325,1.33159,1.10575,0.88172,0.90614,0.92233,0.79323,0.72433,1.17006,0.98986,0.00998663,0.00998663,0.00998663
119,13372,0.77857,1.35144,1.09559,0.88825,0.89244,0.92066,0.79093,0.71994,1.15803,0.98929,0.0099864,0.0099864,0.0099864
120,13482.4,0.77684,1.29518,1.08031,0.87317,0.90708,0.92009,0.78598,0.72599,1.14264,0.98974,0.00998617,0.00998617,0.00998617
121,13593.1,0.78341,1.3533,1.1014,0.87041,0.91927,0.92184,0.79389,0.72277,1.13199,0.98798,0.00998594,0.00998594,0.00998594
122,13703.6,0.79979,1.31529,1.10808,0.90472,0.88789,0.92373,0.79302,0.71784,1.10666,0.98566,0.0099857,0.0099857,0.0099857
123,13815.8,0.78802,1.31207,1.09366,0.90474,0.88827,0.92295,0.79599,0.71333,1.0877,0.98567,0.00998546,0.00998546,0.00998546
124,13926.4,0.78922,1.29786,1.096,0.89421,0.89428,0.92441,0.79607,0.70908,1.08539,0.98205,0.00998522,0.00998522,0.00998522
125,14038.4,0.79168,1.34007,1.09396,0.91184,0.8814,0.92437,0.79109,0.71101,1.08417,0.98097,0.00998498,0.00998498,0.00998498
126,14150,0.79071,1.32502,1.09806,0.91461,0.88281,0.92381,0.78956,0.71301,1.08659,0.98085,0.00998474,0.00998474,0.00998474
127,14260.9,0.80194,1.31393,1.10261,0.9167,0.88649,0.92695,0.79199,0.70985,1.09487,0.9802,0.0099845,0.0099845,0.0099845
128,14372.5,0.79962,1.34976,1.11121,0.91803,0.89021,0.92443,0.78984,0.7081,1.09074,0.98092,0.00998425,0.00998425,0.00998425
129,14483.6,0.79046,1.31923,1.09722,0.91735,0.89062,0.9249,0.79286,0.70398,1.09035,0.97874,0.009984,0.009984,0.009984
130,14595.5,0.78653,1.33218,1.095,0.92183,0.88636,0.92294,0.79219,0.7034,1.08852,0.97845,0.00998375,0.00998375,0.00998375
131,14706.4,0.78468,1.31456,1.09464,0.91778,0.88677,0.92105,0.78999,0.70723,1.09506,0.979,0.0099835,0.0099835,0.0099835
132,14817,0.78343,1.2993,1.10378,0.91228,0.88679,0.91991,0.79202,0.70492,1.09563,0.97895,0.00998324,0.00998324,0.00998324
133,14927.1,0.77615,1.32375,1.09133,0.90696,0.88281,0.92124,0.79153,0.70897,1.0964,0.97982,0.00998298,0.00998298,0.00998298
134,15038.2,0.7864,1.32669,1.08223,0.91067,0.88455,0.92202,0.79188,0.71296,1.09506,0.98113,0.00998273,0.00998273,0.00998273
135,15149.6,0.78068,1.25205,1.09416,0.91871,0.88496,0.9231,0.7891,0.71462,1.11191,0.98253,0.00998247,0.00998247,0.00998247
136,15261.9,0.79198,1.29719,1.09672,0.91621,0.8776,0.92205,0.79181,0.71239,1.1158,0.98223,0.0099822,0.0099822,0.0099822
137,15372.8,0.78749,1.32361,1.10342,0.91316,0.87842,0.92287,0.78908,0.70953,1.11689,0.98139,0.00998194,0.00998194,0.00998194
138,15484,0.78146,1.28345,1.0959,0.90666,0.88508,0.92293,0.79149,0.70921,1.1117,0.9815,0.00998167,0.00998167,0.00998167
139,15595.8,0.77912,1.28578,1.09227,0.90037,0.88674,0.92072,0.78589,0.70947,1.10452,0.98041,0.0099814,0.0099814,0.0099814
140,15707.6,0.77028,1.24364,1.08434,0.90036,0.88688,0.92071,0.78874,0.71222,1.10839,0.98317,0.00998113,0.00998113,0.00998113
141,15819.7,0.78757,1.31888,1.10459,0.90268,0.88656,0.92093,0.78727,0.71914,1.10773,0.98697,0.00998086,0.00998086,0.00998086
142,15931.4,0.77738,1.2924,1.09513,0.90547,0.89092,0.92217,0.78987,0.71601,1.10284,0.98573,0.00998059,0.00998059,0.00998059
143,16043.1,0.77696,1.2884,1.08436,0.90552,0.89049,0.92171,0.79186,0.71791,1.10124,0.98741,0.00998031,0.00998031,0.00998031
144,16156.1,0.78233,1.34438,1.09048,0.90235,0.88974,0.9215,0.794,0.71632,1.08817,0.98586,0.00998003,0.00998003,0.00998003
145,16269.5,0.77878,1.2779,1.09716,0.88489,0.90885,0.92136,0.79251,0.71616,1.09055,0.98473,0.00997975,0.00997975,0.00997975
146,16381.2,0.76111,1.25839,1.07808,0.88551,0.90717,0.92179,0.79276,0.71425,1.08704,0.98297,0.00997947,0.00997947,0.00997947
147,16493.1,0.78177,1.30255,1.09888,0.89867,0.89363,0.92235,0.79287,0.71339,1.08186,0.98219,0.00997919,0.00997919,0.00997919
148,16604.8,0.78724,1.29172,1.10068,0.89409,0.89842,0.92323,0.79232,0.71253,1.07713,0.98185,0.0099789,0.0099789,0.0099789
149,16717.3,0.79199,1.2504,1.09587,0.89427,0.89838,0.92283,0.79121,0.71394,1.07041,0.98274,0.00997861,0.00997861,0.00997861
150,16829.3,0.7554,1.24357,1.07347,0.89315,0.90208,0.92287,0.79223,0.71438,1.07144,0.98293,0.00997832,0.00997832,0.00997832
151,16941.9,0.76763,1.22947,1.07699,0.89332,0.90334,0.92324,0.79537,0.71354,1.0706,0.98299,0.00997803,0.00997803,0.00997803
152,17054.9,0.77097,1.26892,1.08817,0.89496,0.8998,0.92393,0.79758,0.71396,1.07618,0.98343,0.00997774,0.00997774,0.00997774
153,17167.7,0.76665,1.29795,1.08217,0.89469,0.89807,0.92329,0.79778,0.71324,1.07798,0.98334,0.00997744,0.00997744,0.00997744
154,17279.6,0.76204,1.22481,1.08147,0.89701,0.89718,0.92329,0.79624,0.71552,1.07731,0.98485,0.00997714,0.00997714,0.00997714
155,17392.7,0.78448,1.25483,1.09688,0.89731,0.90128,0.9229,0.79634,0.71452,1.07673,0.98482,0.00997685,0.00997685,0.00997685
156,17504.5,0.76979,1.24151,1.08037,0.89365,0.90347,0.92424,0.79765,0.7144,1.0712,0.98451,0.00997654,0.00997654,0.00997654
157,17617.2,0.76393,1.2382,1.0778,0.89535,0.90531,0.9242,0.79613,0.71275,1.06692,0.98384,0.00997624,0.00997624,0.00997624
158,17729.6,0.76933,1.25429,1.08644,0.89744,0.90554,0.92509,0.79816,0.71128,1.06376,0.98329,0.00997594,0.00997594,0.00997594
159,17841.8,0.77456,1.29034,1.08875,0.89685,0.90008,0.9257,0.79909,0.7104,1.0636,0.98233,0.00997563,0.00997563,0.00997563
160,17954,0.765,1.23902,1.07392,0.89952,0.89906,0.92519,0.79798,0.70975,1.0649,0.98117,0.00997532,0.00997532,0.00997532
161,18067.2,0.77765,1.26377,1.07406,0.89858,0.89889,0.9259,0.80062,0.70746,1.05988,0.9791,0.00997501,0.00997501,0.00997501
162,18180.6,0.78382,1.23855,1.09478,0.89738,0.90173,0.92531,0.80056,0.70592,1.05863,0.97845,0.00997469,0.00997469,0.00997469
163,18294,0.77135,1.21801,1.07988,0.89913,0.90229,0.92572,0.80054,0.70446,1.05259,0.97704,0.00997438,0.00997438,0.00997438
164,18406,0.7656,1.22593,1.0787,0.89698,0.90205,0.92467,0.79987,0.70317,1.05278,0.97612,0.00997406,0.00997406,0.00997406
165,18518,0.7783,1.24091,1.09317,0.89696,0.9021,0.92549,0.8,0.70436,1.05247,0.97648,0.00997374,0.00997374,0.00997374
166,18630.2,0.76467,1.23489,1.08351,0.89691,0.90131,0.92557,0.80075,0.70353,1.052,0.97567,0.00997342,0.00997342,0.00997342
167,18744,0.76521,1.21513,1.07856,0.89707,0.89794,0.92504,0.79931,0.70218,1.0494,0.97466,0.0099731,0.0099731,0.0099731
168,18856.9,0.76156,1.21534,1.07272,0.89715,0.8995,0.92523,0.79967,0.70145,1.04706,0.97426,0.00997277,0.00997277,0.00997277
169,18969.5,0.76476,1.24748,1.07865,0.89297,0.90081,0.92459,0.79897,0.70145,1.04393,0.97386,0.00997245,0.00997245,0.00997245
170,19080.9,0.75827,1.19062,1.08422,0.88496,0.91108,0.92472,0.79912,0.70053,1.04288,0.9733,0.00997212,0.00997212,0.00997212
171,19192.5,0.77682,1.20945,1.09685,0.887,0.91048,0.92493,0.7993,0.6994,1.04184,0.97254,0.00997179,0.00997179,0.00997179
172,19304.7,0.75621,1.23584,1.07679,0.88645,0.90731,0.92513,0.79925,0.69943,1.04145,0.97257,0.00997146,0.00997146,0.00997146
173,19416.6,0.76066,1.2311,1.08403,0.88878,0.90882,0.92536,0.79816,0.69993,1.04074,0.97268,0.00997112,0.00997112,0.00997112
174,19529.1,0.75136,1.23846,1.06707,0.88793,0.90885,0.92533,0.7988,0.69938,1.04002,0.97269,0.00997079,0.00997079,0.00997079
175,19640.8,0.75814,1.20311,1.06809,0.88885,0.91065,0.92585,0.79835,0.69942,1.03869,0.97231,0.00997045,0.00997045,0.00997045
176,19753.9,0.75036,1.23301,1.06383,0.89059,0.90418,0.92576,0.80109,0.69899,1.03766,0.97215,0.00997011,0.00997011,0.00997011
177,19866.1,0.76659,1.22186,1.09405,0.89044,0.90248,0.92564,0.80031,0.69808,1.03431,0.97163,0.00996976,0.00996976,0.00996976
178,19978.2,0.76689,1.25138,1.08291,0.88856,0.90403,0.92515,0.7991,0.69635,1.03036,0.97066,0.00996942,0.00996942,0.00996942
179,20090.3,0.77046,1.21902,1.08397,0.88837,0.90143,0.92568,0.80129,0.69637,1.02934,0.97069,0.00996907,0.00996907,0.00996907
180,20202.2,0.77389,1.2222,1.08418,0.89064,0.90228,0.92561,0.79855,0.69596,1.0262,0.97033,0.00996873,0.00996873,0.00996873
181,20314.6,0.75803,1.22345,1.0782,0.89083,0.90296,0.92536,0.80014,0.69498,1.02589,0.96911,0.00996838,0.00996838,0.00996838
182,20425.8,0.77721,1.21698,1.08287,0.89077,0.90093,0.92608,0.8019,0.69378,1.02824,0.96838,0.00996802,0.00996802,0.00996802
183,20537.5,0.75926,1.21056,1.07305,0.89136,0.90084,0.92537,0.80168,0.69331,1.02809,0.96831,0.00996767,0.00996767,0.00996767
184,20652.4,0.75788,1.19884,1.06798,0.89103,0.90099,0.92503,0.79998,0.69248,1.02513,0.96776,0.00996731,0.00996731,0.00996731
185,20766.2,0.75022,1.23298,1.06915,0.89084,0.90222,0.92496,0.79962,0.692,1.02452,0.96741,0.00996696,0.00996696,0.00996696
186,20879,0.74678,1.20847,1.06921,0.89079,0.90108,0.92504,0.79994,0.69251,1.02403,0.96806,0.0099666,0.0099666,0.0099666
187,20993.1,0.7691,1.20901,1.08021,0.88883,0.9005,0.92496,0.79997,0.69191,1.02353,0.96745,0.00996624,0.00996624,0.00996624
188,21105.7,0.74912,1.21014,1.0769,0.88882,0.90004,0.92486,0.79998,0.69187,1.02208,0.9672,0.00996587,0.00996587,0.00996587
189,21219.1,0.74619,1.19089,1.06046,0.88894,0.89985,0.92555,0.80099,0.69164,1.02129,0.96727,0.00996551,0.00996551,0.00996551
190,21331.3,0.75002,1.19214,1.07203,0.88934,0.8992,0.92547,0.80172,0.69179,1.02262,0.96742,0.00996514,0.00996514,0.00996514
191,21445.1,0.75991,1.2077,1.07967,0.88942,0.89905,0.92604,0.80208,0.69189,1.02038,0.96744,0.00996477,0.00996477,0.00996477
192,21559,0.7608,1.16897,1.0781,0.88946,0.89887,0.9261,0.80266,0.69134,1.0216,0.96702,0.0099644,0.0099644,0.0099644
193,21670.4,0.7516,1.18607,1.07624,0.8898,0.89859,0.92578,0.80172,0.69032,1.02048,0.96648,0.00996402,0.00996402,0.00996402
194,21782.1,0.74103,1.15475,1.06082,0.88985,0.89845,0.926,0.80316,0.68996,1.02058,0.96631,0.00996365,0.00996365,0.00996365
195,21894.2,0.77427,1.23542,1.08196,0.88864,0.89999,0.92599,0.80187,0.68921,1.01809,0.96608,0.00996327,0.00996327,0.00996327
196,22006.7,0.75712,1.22414,1.06677,0.88898,0.89901,0.92528,0.80186,0.68883,1.01802,0.96583,0.00996289,0.00996289,0.00996289
197,22119.7,0.73992,1.2112,1.07324,0.89061,0.89834,0.92587,0.80255,0.68975,1.02261,0.96627,0.00996251,0.00996251,0.00996251
198,22234,0.7608,1.21099,1.08409,0.89087,0.90067,0.92548,0.80227,0.68902,1.02085,0.96589,0.00996213,0.00996213,0.00996213
199,22348.6,0.75586,1.15094,1.06774,0.89083,0.90061,0.9251,0.8022,0.68931,1.02091,0.96611,0.00996174,0.00996174,0.00996174
200,22462.6,0.76487,1.18678,1.07721,0.89018,0.8991,0.92544,0.8029,0.68893,1.02044,0.96595,0.00996136,0.00996136,0.00996136
201,22577.6,0.76624,1.18944,1.07136,0.89041,0.90028,0.92522,0.80196,0.68808,1.01843,0.96544,0.00996097,0.00996097,0.00996097
202,22692.4,0.75234,1.19879,1.06879,0.89071,0.90211,0.92547,0.80138,0.68828,1.01817,0.96527,0.00996058,0.00996058,0.00996058
203,22806.9,0.74797,1.17795,1.07108,0.89074,0.90266,0.92541,0.80223,0.68874,1.01709,0.96542,0.00996018,0.00996018,0.00996018
204,22921,0.76153,1.18582,1.07827,0.89081,0.90364,0.92626,0.80238,0.68849,1.01748,0.96534,0.00995979,0.00995979,0.00995979
205,23034.3,0.7691,1.19554,1.07962,0.8893,0.90365,0.92645,0.80301,0.688,1.01589,0.96505,0.00995939,0.00995939,0.00995939
206,23148.4,0.75472,1.20296,1.07458,0.88858,0.90365,0.92658,0.80259,0.68826,1.01423,0.96515,0.00995899,0.00995899,0.00995899
207,23263,0.74354,1.15712,1.06877,0.88819,0.90365,0.92607,0.80217,0.68882,1.01329,0.96548,0.00995859,0.00995859,0.00995859
208,23378.6,0.74741,1.15152,1.07404,0.88971,0.90365,0.92623,0.80229,0.68913,1.01309,0.96519,0.00995819,0.00995819,0.00995819
209,23492.8,0.75463,1.16862,1.06248,0.8883,0.90265,0.9264,0.80225,0.68921,1.01138,0.96507,0.00995779,0.00995779,0.00995779
210,23606.4,0.73474,1.15924,1.05301,0.88578,0.90104,0.92599,0.80104,0.68941,1.0114,0.96511,0.00995738,0.00995738,0.00995738
211,23719.9,0.74271,1.17133,1.07318,0.88802,0.90104,0.92605,0.80162,0.69105,1.00952,0.96685,0.00995697,0.00995697,0.00995697
212,23833.3,0.75498,1.15545,1.07139,0.88773,0.90104,0.92612,0.80061,0.69121,1.00909,0.96694,0.00995656,0.00995656,0.00995656
213,23946.1,0.75059,1.17185,1.06602,0.89741,0.90055,0.9262,0.80037,0.69071,1.00744,0.96662,0.00995615,0.00995615,0.00995615
214,24059.2,0.74239,1.1321,1.06174,0.89226,0.90104,0.9267,0.80132,0.69092,1.00737,0.96658,0.00995574,0.00995574,0.00995574
215,24173.4,0.7494,1.16411,1.0544,0.89323,0.90104,0.92639,0.79993,0.6907,1.0085,0.96659,0.00995532,0.00995532,0.00995532
216,24287,0.74359,1.17949,1.06738,0.89388,0.90104,0.92662,0.80101,0.69011,1.00849,0.9666,0.0099549,0.0099549,0.0099549
217,24401.4,0.74815,1.14257,1.07003,0.89358,0.90104,0.92719,0.80269,0.69052,1.01146,0.96697,0.00995448,0.00995448,0.00995448
218,24515,0.76183,1.19387,1.08438,0.89691,0.90104,0.92713,0.80266,0.69008,1.00605,0.96622,0.00995406,0.00995406,0.00995406
219,24628.7,0.74224,1.1702,1.06306,0.89704,0.90104,0.92753,0.80305,0.69037,1.00875,0.96651,0.00995364,0.00995364,0.00995364
220,24743.4,0.73991,1.15558,1.0594,0.89714,0.90095,0.927,0.80229,0.69063,1.00787,0.96644,0.00995321,0.00995321,0.00995321
221,24856.6,0.75923,1.12763,1.07457,0.89718,0.90096,0.9272,0.79956,0.6893,1.00607,0.96459,0.00995278,0.00995278,0.00995278
222,24972,0.73795,1.15074,1.06214,0.89712,0.90201,0.92734,0.80094,0.68825,1.0031,0.96394,0.00995235,0.00995235,0.00995235
223,25086,0.74165,1.15237,1.05789,0.89713,0.9023,0.92755,0.79977,0.68852,1.00371,0.96404,0.00995192,0.00995192,0.00995192
224,25199.9,0.74398,1.16021,1.0656,0.89718,0.90243,0.92872,0.79984,0.6888,1.00577,0.9644,0.00995149,0.00995149,0.00995149
225,25313.1,0.75394,1.16126,1.06992,0.89718,0.90253,0.92819,0.80036,0.6889,1.00656,0.96439,0.00995105,0.00995105,0.00995105
226,25427.8,0.75122,1.19714,1.07109,0.89712,0.90252,0.9291,0.80189,0.68885,1.00572,0.96433,0.00995062,0.00995062,0.00995062
227,25541.8,0.7654,1.14278,1.07848,0.89709,0.90233,0.92884,0.80089,0.68857,1.00546,0.96443,0.00995018,0.00995018,0.00995018
228,25655.3,0.73414,1.16317,1.07124,0.89618,0.90104,0.92902,0.80109,0.68793,1.00314,0.96405,0.00994974,0.00994974,0.00994974
229,25769.3,0.75822,1.17432,1.07432,0.8965,0.90104,0.92932,0.80192,0.68734,1.00144,0.96381,0.00994929,0.00994929,0.00994929
230,25883.8,0.74763,1.1502,1.06086,0.89659,0.90104,0.92888,0.80212,0.68644,0.99899,0.96319,0.00994885,0.00994885,0.00994885
231,25997.7,0.74787,1.13921,1.06924,0.89756,0.90104,0.92954,0.80221,0.68655,0.99889,0.96327,0.0099484,0.0099484,0.0099484
232,26112.7,0.73948,1.11856,1.05856,0.89653,0.90104,0.92871,0.80216,0.68684,0.99824,0.96316,0.00994795,0.00994795,0.00994795
233,26225.6,0.74259,1.14165,1.06355,0.89646,0.90104,0.92865,0.80214,0.68627,0.99747,0.96278,0.0099475,0.0099475,0.0099475
234,26338.3,0.74246,1.16662,1.06256,0.89655,0.90104,0.92855,0.80422,0.68641,0.99815,0.96273,0.00994705,0.00994705,0.00994705
235,26449.3,0.74518,1.12839,1.07362,0.89641,0.90104,0.9288,0.80608,0.68606,0.99584,0.9625,0.00994659,0.00994659,0.00994659
236,26557,0.74109,1.12091,1.06044,0.89635,0.90104,0.92881,0.80538,0.68615,0.9957,0.96281,0.00994614,0.00994614,0.00994614
237,26664.6,0.74913,1.18548,1.06316,0.89681,0.90104,0.92873,0.80487,0.68631,0.99559,0.96278,0.00994568,0.00994568,0.00994568
238,26774.1,0.73639,1.12156,1.06515,0.89669,0.90104,0.92916,0.80636,0.68695,0.99661,0.96452,0.00994522,0.00994522,0.00994522
239,26884.1,0.74056,1.12663,1.0617,0.89613,0.90104,0.92928,0.80599,0.68758,0.99565,0.96479,0.00994476,0.00994476,0.00994476
240,26992.5,0.73972,1.12153,1.0649,0.8954,0.90104,0.92926,0.80616,0.68699,0.99585,0.96464,0.00994429,0.00994429,0.00994429
241,27101,0.74943,1.12514,1.06287,0.89543,0.90104,0.92935,0.80653,0.68544,0.99586,0.96287,0.00994383,0.00994383,0.00994383
242,27209.3,0.73104,1.10582,1.05213,0.89538,0.90104,0.93025,0.80952,0.68479,0.99572,0.96257,0.00994336,0.00994336,0.00994336
243,27317.6,0.7403,1.12364,1.06212,0.89537,0.90104,0.92971,0.80779,0.6844,0.99475,0.96241,0.00994289,0.00994289,0.00994289
244,27424.8,0.73855,1.1151,1.0607,0.89568,0.90104,0.93016,0.80728,0.68434,0.99531,0.96231,0.00994242,0.00994242,0.00994242
245,27532,0.72911,1.09533,1.04947,0.89453,0.90104,0.93002,0.80776,0.68424,0.99455,0.96228,0.00994194,0.00994194,0.00994194
246,27639.7,0.73451,1.11621,1.05801,0.8939,0.90104,0.92992,0.80821,0.68396,0.99563,0.9621,0.00994147,0.00994147,0.00994147
247,27747.5,0.7445,1.12856,1.07437,0.89398,0.90104,0.93007,0.80765,0.68411,0.99538,0.96207,0.00994099,0.00994099,0.00994099
248,27854.7,0.73654,1.12787,1.06554,0.89406,0.90104,0.93034,0.80808,0.68379,0.99469,0.96195,0.00994051,0.00994051,0.00994051
249,27962.2,0.73943,1.13444,1.06391,0.89429,0.90104,0.93053,0.80847,0.68295,0.99356,0.96146,0.00994003,0.00994003,0.00994003
250,28070.2,0.74385,1.11966,1.05874,0.88451,0.91918,0.93033,0.8089,0.68252,0.99294,0.96128,0.00993954,0.00993954,0.00993954
251,28178.1,0.74851,1.10947,1.06016,0.89361,0.90104,0.93028,0.8094,0.68211,0.99246,0.961,0.00993906,0.00993906,0.00993906
252,28285.6,0.73224,1.08228,1.05413,0.8976,0.90049,0.93029,0.80945,0.68166,0.99132,0.96075,0.00993857,0.00993857,0.00993857
253,28393.6,0.7217,1.1027,1.05391,0.89769,0.89965,0.93022,0.81019,0.68121,0.99318,0.96031,0.00993808,0.00993808,0.00993808
254,28501.9,0.72462,1.13368,1.0487,0.89378,0.90081,0.93023,0.81049,0.68101,0.99183,0.96019,0.00993759,0.00993759,0.00993759
255,28610.8,0.7224,1.11225,1.05276,0.88291,0.91667,0.93037,0.80981,0.68093,0.99408,0.96023,0.0099371,0.0099371,0.0099371
256,28720.3,0.73465,1.12873,1.05916,0.88568,0.91934,0.93066,0.81073,0.68046,0.99395,0.96009,0.0099366,0.0099366,0.0099366
257,28829.1,0.73326,1.10509,1.05924,0.88732,0.92088,0.93087,0.81022,0.67997,0.9944,0.95984,0.0099361,0.0099361,0.0099361
258,28938,0.73575,1.13217,1.06611,0.8873,0.92072,0.93061,0.80978,0.67991,0.99462,0.95985,0.0099356,0.0099356,0.0099356
259,29047.8,0.72429,1.11219,1.05645,0.88725,0.92035,0.93084,0.80991,0.67952,0.99409,0.95958,0.0099351,0.0099351,0.0099351
260,29157.1,0.73045,1.11011,1.05887,0.88484,0.91776,0.93075,0.81033,0.67918,0.99043,0.95943,0.0099346,0.0099346,0.0099346
261,29266.6,0.72946,1.10919,1.04632,0.89498,0.90885,0.93116,0.81073,0.67993,0.99131,0.96052,0.0099341,0.0099341,0.0099341
262,29375.4,0.73884,1.12154,1.06283,0.89516,0.90885,0.93118,0.81104,0.67995,0.98939,0.96068,0.00993359,0.00993359,0.00993359
263,29484,0.73874,1.12324,1.06397,0.89368,0.90885,0.93129,0.8103,0.6803,0.98936,0.96081,0.00993308,0.00993308,0.00993308
264,29592.6,0.72945,1.10161,1.0449,0.89351,0.90885,0.93134,0.81185,0.67971,0.98617,0.96057,0.00993257,0.00993257,0.00993257
265,29701.4,0.74619,1.10949,1.06054,0.89352,0.90885,0.93205,0.81259,0.67905,0.98563,0.9602,0.00993206,0.00993206,0.00993206
266,29810.4,0.72571,1.127,1.05261,0.89578,0.91092,0.93213,0.81145,0.67866,0.98485,0.95989,0.00993154,0.00993154,0.00993154
267,29918.9,0.75372,1.11715,1.06329,0.88625,0.92196,0.93169,0.81328,0.67737,0.98432,0.95917,0.00993103,0.00993103,0.00993103
268,30027.7,0.72876,1.1127,1.0572,0.88552,0.92215,0.9317,0.81389,0.67687,0.98394,0.95887,0.00993051,0.00993051,0.00993051
269,30136.3,0.74063,1.11725,1.05746,0.88564,0.92219,0.9315,0.81095,0.67671,0.98327,0.9589,0.00992999,0.00992999,0.00992999
270,30245,0.74397,1.10848,1.06228,0.88577,0.9222,0.93152,0.81025,0.67612,0.98217,0.95851,0.00992946,0.00992946,0.00992946
271,30353.9,0.74106,1.13231,1.07043,0.88553,0.92227,0.93169,0.8108,0.67535,0.98201,0.95837,0.00992894,0.00992894,0.00992894
272,30463.1,0.72508,1.11336,1.05104,0.88388,0.92214,0.93187,0.81153,0.67532,0.98257,0.95805,0.00992841,0.00992841,0.00992841
273,30572,0.74342,1.0979,1.06851,0.88367,0.92229,0.9316,0.8102,0.67568,0.98453,0.95812,0.00992789,0.00992789,0.00992789
274,30681.1,0.73866,1.09783,1.0578,0.88389,0.92227,0.93194,0.8125,0.67531,0.98358,0.95764,0.00992736,0.00992736,0.00992736
275,30790,0.71803,1.11137,1.05146,0.88399,0.92224,0.93208,0.81235,0.67514,0.98506,0.95781,0.00992682,0.00992682,0.00992682
276,30898.3,0.72489,1.07196,1.054,0.88391,0.9223,0.93211,0.81058,0.67498,0.98478,0.95777,0.00992629,0.00992629,0.00992629
277,31006.8,0.72972,1.0977,1.06134,0.88212,0.92231,0.9321,0.81117,0.6748,0.98404,0.95748,0.00992576,0.00992576,0.00992576
278,31115.4,0.73736,1.11243,1.05493,0.88217,0.92225,0.93296,0.81202,0.67499,0.98499,0.95778,0.00992522,0.00992522,0.00992522
279,31224.3,0.7153,1.07427,1.04145,0.88214,0.92222,0.93239,0.81315,0.67494,0.98935,0.95808,0.00992468,0.00992468,0.00992468
280,31333.2,0.72776,1.09954,1.04969,0.8838,0.92393,0.93287,0.81215,0.67487,0.98802,0.9581,0.00992414,0.00992414,0.00992414
281,31442.9,0.73082,1.09163,1.05473,0.88383,0.92411,0.93282,0.8141,0.67467,0.98842,0.95802,0.00992359,0.00992359,0.00992359
282,31553.3,0.71589,1.06694,1.04349,0.88386,0.92432,0.9329,0.81503,0.67454,0.98788,0.9579,0.00992305,0.00992305,0.00992305
283,31663.1,0.72976,1.11903,1.05582,0.8839,0.92455,0.93289,0.81504,0.67481,0.98779,0.95789,0.0099225,0.0099225,0.0099225
284,31773.4,0.73623,1.09514,1.05452,0.88588,0.92464,0.93317,0.8123,0.6745,0.98649,0.95752,0.00992195,0.00992195,0.00992195
285,31883.6,0.73404,1.09333,1.0578,0.88579,0.92396,0.93373,0.81459,0.67485,0.98705,0.95769,0.0099214,0.0099214,0.0099214
286,31993.6,0.74506,1.07535,1.05959,0.88778,0.92399,0.9338,0.81415,0.67483,0.98686,0.95735,0.00992085,0.00992085,0.00992085
287,32104.1,0.72528,1.06219,1.043,0.88733,0.9246,0.93393,0.816,0.67492,0.9874,0.95758,0.00992029,0.00992029,0.00992029
288,32214.9,0.73667,1.06673,1.05272,0.88758,0.92453,0.93328,0.81537,0.67524,0.98563,0.95755,0.00991974,0.00991974,0.00991974
289,32325.3,0.73731,1.11454,1.04717,0.88694,0.92457,0.93296,0.81596,0.67499,0.98476,0.95755,0.00991918,0.00991918,0.00991918
290,32434.2,0.71935,1.11102,1.05047,0.88803,0.92587,0.93342,0.81691,0.67482,0.98424,0.95746,0.00991862,0.00991862,0.00991862
291,32544.7,0.73198,1.09168,1.05996,0.88679,0.92493,0.93309,0.8163,0.67493,0.98541,0.95756,0.00991805,0.00991805,0.00991805
292,32655.3,0.72509,1.11185,1.05457,0.88609,0.92637,0.93225,0.81635,0.67493,0.98616,0.95737,0.00991749,0.00991749,0.00991749
293,32764.7,0.72656,1.07212,1.04664,0.8944,0.91667,0.9328,0.8174,0.67472,0.98815,0.95794,0.00991692,0.00991692,0.00991692
294,32874.2,0.72697,1.07605,1.04412,0.89624,0.91667,0.93285,0.81721,0.67474,0.98961,0.95799,0.00991635,0.00991635,0.00991635
295,32983.6,0.74053,1.11405,1.05738,0.89649,0.91667,0.93334,0.81704,0.67466,0.99124,0.95791,0.00991578,0.00991578,0.00991578
296,33092.2,0.71658,1.08718,1.04109,0.89835,0.91406,0.93305,0.81722,0.67395,0.99157,0.9577,0.00991521,0.00991521,0.00991521
297,33201.1,0.72569,1.10983,1.04348,0.8882,0.92738,0.93349,0.81794,0.67395,0.98987,0.95759,0.00991464,0.00991464,0.00991464
298,33310,0.72217,1.07289,1.04956,0.89839,0.91478,0.93277,0.81748,0.67357,0.98936,0.95754,0.00991406,0.00991406,0.00991406
299,33418.3,0.71955,1.06463,1.05461,0.89898,0.91471,0.93337,0.81781,0.67344,0.98852,0.95764,0.00991348,0.00991348,0.00991348
300,33527.2,0.72654,1.10635,1.04217,0.89898,0.91476,0.93348,0.81727,0.67316,0.98568,0.95753,0.0099129,0.0099129,0.0099129
301,33636.3,0.73593,1.08648,1.05343,0.89899,0.91485,0.93372,0.81783,0.67271,0.98305,0.95718,0.00991232,0.00991232,0.00991232
302,33745.3,0.73584,1.08116,1.06234,0.89896,0.91462,0.93391,0.81831,0.67293,0.98553,0.9574,0.00991174,0.00991174,0.00991174
303,33854.9,0.7241,1.07213,1.04816,0.89896,0.91462,0.93398,0.81969,0.67325,0.98272,0.95712,0.00991115,0.00991115,0.00991115
304,33964.9,0.72119,1.06767,1.04824,0.89895,0.91449,0.93403,0.819,0.67305,0.98285,0.95745,0.00991056,0.00991056,0.00991056
305,34074.3,0.73999,1.09351,1.06834,0.89892,0.91429,0.93398,0.8195,0.67257,0.98277,0.95728,0.00990998,0.00990998,0.00990998
306,34183.6,0.70483,1.07642,1.03002,0.89892,0.91428,0.93318,0.81935,0.67202,0.98076,0.95718,0.00990938,0.00990938,0.00990938
307,34293.2,0.72625,1.09298,1.04736,0.88392,0.93188,0.9337,0.81929,0.67154,0.98092,0.9572,0.00990879,0.00990879,0.00990879
308,34402.7,0.728,1.09468,1.04872,0.88399,0.93197,0.9334,0.81914,0.67155,0.98148,0.95731,0.0099082,0.0099082,0.0099082
309,34510.8,0.72802,1.07005,1.05473,0.885,0.93306,0.93437,0.81885,0.67143,0.98115,0.95735,0.0099076,0.0099076,0.0099076
310,34617.1,0.72572,1.09251,1.05553,0.88497,0.93277,0.93392,0.81895,0.67117,0.98128,0.9572,0.009907,0.009907,0.009907
311,34722.2,0.73023,1.07989,1.05746,0.885,0.93304,0.93407,0.81937,0.6711,0.98174,0.95704,0.0099064,0.0099064,0.0099064
312,34824.3,0.72213,1.09322,1.0505,0.88489,0.93221,0.93395,0.81992,0.67091,0.98012,0.95686,0.0099058,0.0099058,0.0099058
313,34925.9,0.72498,1.05567,1.05794,0.88293,0.93193,0.93363,0.81873,0.67017,0.98144,0.95643,0.00990519,0.00990519,0.00990519
314,35026.8,0.73672,1.08535,1.05786,0.88305,0.9317,0.93377,0.81826,0.67019,0.97967,0.95638,0.00990458,0.00990458,0.00990458
315,35128.6,0.71798,1.0671,1.05174,0.8834,0.93153,0.9338,0.81793,0.66975,0.97962,0.95595,0.00990397,0.00990397,0.00990397
316,35230.4,0.72583,1.03759,1.04939,0.88401,0.93141,0.9343,0.81838,0.66915,0.97729,0.95552,0.00990336,0.00990336,0.00990336
317,35332.6,0.7237,1.05824,1.05013,0.8838,0.93138,0.93405,0.81679,0.668,0.97841,0.95398,0.00990275,0.00990275,0.00990275
318,35433.6,0.71387,1.07309,1.04341,0.88499,0.93254,0.93412,0.81843,0.6678,0.97619,0.95392,0.00990214,0.00990214,0.00990214
319,35534.7,0.71613,1.06933,1.04735,0.88508,0.93311,0.93443,0.81826,0.66709,0.97591,0.95359,0.00990152,0.00990152,0.00990152
320,35637.4,0.71416,1.06711,1.03597,0.88518,0.93375,0.9343,0.81831,0.66637,0.97234,0.95306,0.0099009,0.0099009,0.0099009
321,35740.2,0.71837,1.03391,1.04993,0.88378,0.93394,0.93431,0.81892,0.66628,0.97004,0.95272,0.00990028,0.00990028,0.00990028
322,35842.8,0.72015,1.04973,1.04497,0.88336,0.93648,0.93408,0.81793,0.66584,0.97064,0.95271,0.00989966,0.00989966,0.00989966
323,35946.1,0.72076,1.04675,1.05377,0.88233,0.93646,0.9343,0.81834,0.66542,0.96936,0.95232,0.00989904,0.00989904,0.00989904
324,36049.3,0.70427,1.02827,1.02773,0.88375,0.93718,0.93458,0.81994,0.66497,0.97036,0.95197,0.00989841,0.00989841,0.00989841
325,36151.5,0.72548,1.09838,1.04827,0.88379,0.93749,0.93448,0.81842,0.66465,0.97222,0.95204,0.00989778,0.00989778,0.00989778
326,36254.8,0.72844,1.08152,1.04952,0.88402,0.93909,0.9344,0.81777,0.66423,0.97028,0.95182,0.00989715,0.00989715,0.00989715
327,36358,0.7191,1.04776,1.05211,0.88402,0.93943,0.93475,0.81743,0.66403,0.97014,0.95159,0.00989652,0.00989652,0.00989652
328,36461,0.71566,1.05858,1.0402,0.88304,0.93959,0.93492,0.81882,0.66397,0.97053,0.95177,0.00989589,0.00989589,0.00989589
329,36564.5,0.71126,1.08246,1.04739,0.8831,0.93967,0.935,0.81903,0.66349,0.96944,0.95161,0.00989525,0.00989525,0.00989525
330,36668.6,0.72139,1.06159,1.05166,0.88359,0.93976,0.93481,0.81799,0.66389,0.96841,0.95157,0.00989461,0.00989461,0.00989461
331,36771.1,0.7109,1.03359,1.03474,0.88405,0.93985,0.93419,0.81781,0.66304,0.96315,0.95077,0.00989398,0.00989398,0.00989398
332,36875,0.72452,1.08003,1.05538,0.8846,0.93977,0.93389,0.81824,0.66254,0.9617,0.95043,0.00989333,0.00989333,0.00989333
333,36978.4,0.73223,1.09589,1.04341,0.88411,0.9399,0.934,0.81872,0.66241,0.95948,0.95035,0.00989269,0.00989269,0.00989269
334,37081,0.71319,1.03237,1.03794,0.88551,0.93968,0.93401,0.81865,0.66231,0.95812,0.95021,0.00989205,0.00989205,0.00989205
335,37183.7,0.71713,1.01403,1.04234,0.88625,0.9396,0.9348,0.81884,0.66212,0.95791,0.95011,0.0098914,0.0098914,0.0098914
336,37286.7,0.73031,1.07663,1.06385,0.88618,0.93945,0.93462,0.82048,0.66168,0.95649,0.94986,0.00989075,0.00989075,0.00989075
337,37389.7,0.71914,1.03848,1.04696,0.88506,0.93945,0.93442,0.82127,0.66188,0.95578,0.94975,0.0098901,0.0098901,0.0098901
338,37492.8,0.72549,1.05209,1.0514,0.88428,0.94104,0.93456,0.81985,0.66316,0.95477,0.95175,0.00988945,0.00988945,0.00988945
339,37596.2,0.7149,1.05724,1.04903,0.88424,0.94085,0.93504,0.81938,0.66327,0.95565,0.95163,0.00988879,0.00988879,0.00988879
340,37699.7,0.70658,1.05949,1.0391,0.8843,0.94123,0.93497,0.82069,0.66366,0.95406,0.95165,0.00988814,0.00988814,0.00988814
341,37802.7,0.72395,1.06326,1.04879,0.88426,0.94102,0.93531,0.82019,0.66398,0.95409,0.95188,0.00988748,0.00988748,0.00988748
342,37905.3,0.71469,1.00986,1.03939,0.88421,0.94067,0.93493,0.81966,0.66446,0.9573,0.95231,0.00988682,0.00988682,0.00988682
343,38008.5,0.70456,1.04651,1.03285,0.88411,0.94006,0.9349,0.81903,0.66316,0.95786,0.95043,0.00988615,0.00988615,0.00988615
344,38111,0.72261,1.08698,1.05131,0.91037,0.91378,0.93494,0.8195,0.66469,0.95528,0.95185,0.00988549,0.00988549,0.00988549
345,38214.8,0.73472,1.0733,1.05608,0.91019,0.91499,0.93531,0.82229,0.66457,0.95215,0.95154,0.00988482,0.00988482,0.00988482
346,38318.2,0.72033,1.02971,1.05011,0.91017,0.91576,0.93528,0.82158,0.66318,0.95642,0.95022,0.00988416,0.00988416,0.00988416
347,38421.5,0.71131,1.07141,1.04172,0.91112,0.91788,0.93532,0.82215,0.6639,0.95293,0.95104,0.00988349,0.00988349,0.00988349
348,38524.7,0.71594,1.00347,1.0401,0.91061,0.91799,0.93521,0.82058,0.66357,0.95195,0.95073,0.00988281,0.00988281,0.00988281
349,38627.5,0.72382,1.05507,1.04145,0.91115,0.91803,0.93463,0.82132,0.66214,0.94846,0.94971,0.00988214,0.00988214,0.00988214
350,38731,0.70911,1.01082,1.04561,0.91102,0.91669,0.93473,0.8208,0.66188,0.94696,0.94958,0.00988147,0.00988147,0.00988147
351,38834.2,0.70754,1.02697,1.04342,0.91084,0.91667,0.9338,0.82059,0.66111,0.94375,0.9489,0.00988079,0.00988079,0.00988079
352,38938.1,0.70992,1.05012,1.04136,0.91241,0.91667,0.93486,0.82063,0.65998,0.94296,0.94767,0.00988011,0.00988011,0.00988011
353,39040.9,0.71365,1.04793,1.0523,0.91068,0.91667,0.93434,0.82079,0.65967,0.94203,0.94732,0.00987943,0.00987943,0.00987943
354,39143,0.7166,1.04453,1.0372,0.91189,0.91753,0.93432,0.82059,0.65984,0.94039,0.94803,0.00987874,0.00987874,0.00987874
355,39245.6,0.72502,1.03284,1.05094,0.9124,0.91783,0.9344,0.82044,0.65937,0.93879,0.94696,0.00987806,0.00987806,0.00987806
356,39349.6,0.71165,1.06407,1.04451,0.91179,0.91927,0.93429,0.82039,0.65938,0.93844,0.94689,0.00987737,0.00987737,0.00987737
357,39454.2,0.72,1.05597,1.045,0.91132,0.91845,0.93441,0.82081,0.65889,0.93585,0.9465,0.00987668,0.00987668,0.00987668
358,39558.5,0.70818,1.00775,1.03599,0.91093,0.91727,0.93454,0.82139,0.65888,0.93505,0.94642,0.00987599,0.00987599,0.00987599
359,39663.2,0.70839,1.03236,1.03749,0.91093,0.91715,0.93456,0.82148,0.65909,0.93414,0.94649,0.0098753,0.0098753,0.0098753
360,39768.2,0.71231,1.08546,1.05323,0.90991,0.91666,0.93457,0.82217,0.65906,0.93431,0.94649,0.0098746,0.0098746,0.0098746
361,39873,0.72186,1.02574,1.05059,0.91078,0.91574,0.93454,0.82193,0.6593,0.9327,0.94665,0.00987391,0.00987391,0.00987391
362,39977.9,0.7115,1.02717,1.04163,0.91094,0.91566,0.93452,0.82135,0.65923,0.9317,0.94673,0.00987321,0.00987321,0.00987321
363,40081,0.71375,1.01457,1.04083,0.91089,0.91546,0.93468,0.82206,0.65914,0.93122,0.9466,0.00987251,0.00987251,0.00987251
364,40183.8,0.70765,1.03047,1.03667,0.91098,0.91511,0.93515,0.82196,0.65887,0.92985,0.94642,0.00987181,0.00987181,0.00987181
365,40288.2,0.71693,1.06445,1.04316,0.91092,0.91519,0.93509,0.82211,0.65864,0.92862,0.94621,0.0098711,0.0098711,0.0098711
366,40392.3,0.70858,1.05599,1.04859,0.91094,0.915,0.935,0.82304,0.65879,0.92994,0.94628,0.0098704,0.0098704,0.0098704
367,40497.3,0.71229,1.01715,1.03503,0.91086,0.91442,0.93507,0.82291,0.65893,0.92999,0.94625,0.00986969,0.00986969,0.00986969
368,40601.7,0.72299,0.99912,1.04297,0.88591,0.93828,0.93493,0.82321,0.65873,0.92963,0.94623,0.00986898,0.00986898,0.00986898
369,40706.5,0.71305,1.01474,1.04712,0.88621,0.93998,0.93497,0.82285,0.65868,0.93164,0.94621,0.00986827,0.00986827,0.00986827
370,40811.3,0.70684,1.0507,1.03199,0.91609,0.90862,0.93507,0.82314,0.65899,0.93258,0.94648,0.00986755,0.00986755,0.00986755
371,40915.5,0.69401,1.01408,1.02886,0.91616,0.90836,0.93516,0.82294,0.65932,0.9347,0.94681,0.00986684,0.00986684,0.00986684
372,41019.4,0.70004,1.04986,1.05024,0.9164,0.90687,0.93562,0.82333,0.65947,0.93333,0.94667,0.00986612,0.00986612,0.00986612
373,41124.2,0.73497,1.03177,1.05534,0.91653,0.90695,0.93512,0.82228,0.6596,0.93331,0.94669,0.0098654,0.0098654,0.0098654
374,41228,0.72213,1.02134,1.0549,0.91658,0.90726,0.93568,0.82299,0.66008,0.93256,0.94725,0.00986468,0.00986468,0.00986468
375,41331.5,0.72161,1.03552,1.05007,0.91667,0.90763,0.93579,0.823,0.66057,0.93424,0.94773,0.00986396,0.00986396,0.00986396
376,41435.7,0.71435,1.05173,1.03571,0.91679,0.90779,0.93585,0.82343,0.66111,0.935,0.94804,0.00986323,0.00986323,0.00986323
377,41539.2,0.71124,1.05822,1.04005,0.91698,0.90823,0.93564,0.82307,0.66141,0.93394,0.94819,0.0098625,0.0098625,0.0098625
378,41642.8,0.70051,1.00357,1.04133,0.91708,0.90816,0.93588,0.82413,0.66123,0.93457,0.94797,0.00986178,0.00986178,0.00986178
379,41747,0.70479,1.00484,1.03134,0.91241,0.91322,0.93598,0.82236,0.66101,0.93348,0.94782,0.00986104,0.00986104,0.00986104
380,41850.8,0.7078,1.03509,1.04219,0.91187,0.91378,0.93599,0.82321,0.66198,0.93302,0.94914,0.00986031,0.00986031,0.00986031
381,41954.6,0.71543,1.03092,1.04001,0.90268,0.92189,0.93583,0.82253,0.66196,0.93168,0.94933,0.00985958,0.00985958,0.00985958
382,42059.4,0.70305,1.03934,1.03679,0.91193,0.91398,0.93584,0.82281,0.66228,0.93261,0.94942,0.00985884,0.00985884,0.00985884
383,42164.8,0.72137,1.02667,1.03626,0.91157,0.91408,0.9357,0.82407,0.66173,0.93606,0.94842,0.0098581,0.0098581,0.0098581
384,42268.9,0.70741,1.02248,1.03692,0.90322,0.92448,0.93591,0.82326,0.66205,0.93702,0.94909,0.00985736,0.00985736,0.00985736
385,42373.1,0.70881,1.03012,1.03879,0.90467,0.92294,0.93572,0.82369,0.66168,0.93098,0.94838,0.00985662,0.00985662,0.00985662
386,42477,0.7149,1.039,1.04989,0.90913,0.91588,0.93567,0.82234,0.66151,0.92987,0.9481,0.00985588,0.00985588,0.00985588
387,42580,0.70996,1.0296,1.04565,0.90915,0.9161,0.93544,0.82322,0.66229,0.92922,0.94853,0.00985513,0.00985513,0.00985513
388,42683.7,0.69516,1.01067,1.03847,0.90917,0.91649,0.93546,0.82068,0.66183,0.92906,0.94777,0.00985438,0.00985438,0.00985438
389,42787,0.71166,1.04626,1.03752,0.90455,0.92224,0.93549,0.82216,0.66191,0.92817,0.94772,0.00985363,0.00985363,0.00985363
390,42890.2,0.71576,1.01234,1.03365,0.90715,0.92369,0.93557,0.82201,0.66158,0.92847,0.94741,0.00985288,0.00985288,0.00985288
391,42993.8,0.71824,1.02765,1.04218,0.90961,0.91609,0.93556,0.82219,0.66121,0.92311,0.94681,0.00985213,0.00985213,0.00985213
392,43098.3,0.68844,1.05075,1.02421,0.90939,0.91861,0.93558,0.82516,0.66088,0.9225,0.94669,0.00985137,0.00985137,0.00985137
393,43203.1,0.71926,1.02506,1.04243,0.90941,0.91969,0.93561,0.82224,0.66089,0.92339,0.9462,0.00985061,0.00985061,0.00985061
394,43307.3,0.70022,1.0407,1.03075,0.90972,0.9195,0.93531,0.82571,0.66095,0.92241,0.94612,0.00984985,0.00984985,0.00984985
395,43412.5,0.70713,1.0106,1.03108,0.91017,0.91868,0.93523,0.82479,0.66066,0.92209,0.9461,0.00984909,0.00984909,0.00984909
396,43516.8,0.69624,0.97552,1.03235,0.91004,0.91819,0.93533,0.82659,0.66078,0.92206,0.94608,0.00984833,0.00984833,0.00984833
397,43621.5,0.7065,1.03563,1.03365,0.90959,0.91806,0.93525,0.82234,0.66092,0.92263,0.94599,0.00984757,0.00984757,0.00984757
398,43725.1,0.71872,1.03627,1.04258,0.90968,0.91846,0.9355,0.82388,0.66041,0.92248,0.94579,0.0098468,0.0098468,0.0098468
399,43830.2,0.71932,0.99115,1.05002,0.91025,0.9189,0.93556,0.82509,0.66028,0.92395,0.94635,0.00984603,0.00984603,0.00984603
400,43934.1,0.69763,1.00351,1.0284,0.91046,0.91841,0.93527,0.82508,0.66073,0.92298,0.94656,0.00984526,0.00984526,0.00984526
401,44039,0.68754,0.98673,1.02215,0.91071,0.91742,0.93514,0.82355,0.66079,0.92359,0.94651,0.00984449,0.00984449,0.00984449
402,44143,0.70244,0.98543,1.03557,0.91095,0.91715,0.93527,0.82422,0.66173,0.92956,0.94767,0.00984371,0.00984371,0.00984371
403,44247.1,0.72083,1.04403,1.04517,0.90961,0.91835,0.93524,0.82285,0.6615,0.92881,0.94756,0.00984294,0.00984294,0.00984294
404,44351.5,0.70882,1.03634,1.05031,0.90954,0.91937,0.9351,0.82433,0.66186,0.92853,0.94779,0.00984216,0.00984216,0.00984216
405,44455.7,0.71421,0.98313,1.03963,0.90913,0.92155,0.93481,0.82434,0.66237,0.92874,0.94793,0.00984138,0.00984138,0.00984138
406,44559.7,0.70463,1.03387,1.03295,0.90837,0.92261,0.93478,0.82382,0.66241,0.92853,0.94791,0.0098406,0.0098406,0.0098406
407,44664.6,0.703,0.98716,1.03309,0.91128,0.91914,0.93498,0.82445,0.66246,0.9278,0.94796,0.00983981,0.00983981,0.00983981
408,44767.6,0.71011,1.03322,1.04676,0.91178,0.91959,0.93508,0.82475,0.66269,0.92841,0.94797,0.00983903,0.00983903,0.00983903
409,44871.2,0.70771,1.01708,1.03914,0.91208,0.92065,0.93504,0.82545,0.66273,0.92667,0.94809,0.00983824,0.00983824,0.00983824
410,44975,0.70777,1.00835,1.03325,0.91184,0.92188,0.935,0.82557,0.66313,0.92598,0.94831,0.00983745,0.00983745,0.00983745
411,45079.1,0.6992,1.01506,1.03334,0.91109,0.92196,0.93538,0.82589,0.66341,0.92538,0.94867,0.00983666,0.00983666,0.00983666
412,45182,0.71072,1.01913,1.03745,0.91041,0.92188,0.93547,0.82465,0.66368,0.92555,0.94871,0.00983586,0.00983586,0.00983586
413,45285.2,0.69761,1.00198,1.03086,0.90914,0.92188,0.93565,0.82537,0.66361,0.92591,0.94904,0.00983507,0.00983507,0.00983507
414,45388.1,0.7133,1.05228,1.04291,0.90931,0.92188,0.93563,0.82529,0.66342,0.92511,0.94913,0.00983427,0.00983427,0.00983427
415,45490.7,0.6997,0.99837,1.02997,0.90997,0.92188,0.93568,0.82724,0.66382,0.92243,0.9491,0.00983347,0.00983347,0.00983347
416,45594.4,0.69187,1.00039,1.02635,0.90991,0.92188,0.93573,0.82558,0.6636,0.92057,0.9486,0.00983267,0.00983267,0.00983267
417,45698.1,0.6999,1.01375,1.02959,0.90973,0.92188,0.93589,0.82362,0.66402,0.92009,0.94841,0.00983187,0.00983187,0.00983187
418,45802.8,0.70153,1.01556,1.02958,0.9087,0.92294,0.9357,0.82468,0.66457,0.92403,0.9491,0.00983106,0.00983106,0.00983106
419,45906.9,0.71283,1.05368,1.03911,0.90852,0.92448,0.93528,0.82298,0.66422,0.92278,0.94913,0.00983026,0.00983026,0.00983026
420,46010.1,0.70949,0.98593,1.04205,0.90754,0.92448,0.93534,0.82283,0.66466,0.92239,0.9492,0.00982945,0.00982945,0.00982945
421,46113.7,0.70428,1.00174,1.03786,0.90648,0.92448,0.9353,0.8245,0.6652,0.91992,0.94957,0.00982864,0.00982864,0.00982864
422,46218.1,0.70799,1.03908,1.03581,0.90494,0.92448,0.93569,0.82489,0.66486,0.91795,0.94939,0.00982783,0.00982783,0.00982783
423,46321.7,0.70136,1.01013,1.03379,0.90458,0.92448,0.93601,0.82565,0.66443,0.91609,0.94913,0.00982701,0.00982701,0.00982701
424,46425.7,0.7056,1.00484,1.03758,0.9068,0.92448,0.93775,0.82547,0.6634,0.91585,0.94906,0.0098262,0.0098262,0.0098262
425,46529.1,0.71318,1.03549,1.03713,0.90753,0.92448,0.93757,0.82583,0.6634,0.91419,0.94892,0.00982538,0.00982538,0.00982538
426,46632.5,0.69856,1.01407,1.03474,0.90758,0.92448,0.93736,0.82587,0.66319,0.91461,0.94892,0.00982456,0.00982456,0.00982456
427,46736.9,0.6989,0.99984,1.02465,0.90738,0.92448,0.93714,0.82422,0.66345,0.91557,0.94898,0.00982374,0.00982374,0.00982374
428,46840.9,0.7136,1.03013,1.04247,0.90704,0.92448,0.9379,0.82527,0.66346,0.91641,0.94907,0.00982291,0.00982291,0.00982291
429,46944.2,0.69811,1.01299,1.0214,0.90724,0.92188,0.93815,0.82733,0.66372,0.91691,0.94919,0.00982209,0.00982209,0.00982209
430,47048.7,0.70409,0.98845,1.0364,0.90632,0.92188,0.93814,0.82668,0.66417,0.91774,0.94947,0.00982126,0.00982126,0.00982126
431,47152.5,0.7029,1.04328,1.03334,0.90473,0.92278,0.93813,0.82728,0.66481,0.91915,0.95008,0.00982043,0.00982043,0.00982043
432,47257.3,0.7167,1.00445,1.0408,0.90475,0.92238,0.93802,0.8284,0.66417,0.92219,0.94887,0.0098196,0.0098196,0.0098196
433,47362.2,0.69258,0.98687,1.03499,0.90514,0.92188,0.93811,0.8296,0.66408,0.92266,0.949,0.00981877,0.00981877,0.00981877
434,47467,0.70482,1.0029,1.03929,0.90808,0.92188,0.93821,0.82972,0.6648,0.92267,0.9492,0.00981793,0.00981793,0.00981793
435,47571.3,0.70551,0.9958,1.03873,0.90908,0.92188,0.93843,0.82837,0.66507,0.92367,0.94907,0.0098171,0.0098171,0.0098171
436,47676.3,0.70398,1.00645,1.03569,0.90923,0.92188,0.93828,0.82952,0.66524,0.92193,0.94909,0.00981626,0.00981626,0.00981626
437,47780.5,0.72081,0.99973,1.04994,0.90939,0.92188,0.93907,0.82966,0.66501,0.92303,0.94925,0.00981542,0.00981542,0.00981542
438,47884.6,0.69511,1.01005,1.0315,0.90956,0.92188,0.93876,0.82852,0.66502,0.92594,0.9491,0.00981458,0.00981458,0.00981458
439,47988.5,0.71416,1.03134,1.03157,0.90967,0.92188,0.93827,0.82855,0.66461,0.92604,0.94905,0.00981373,0.00981373,0.00981373
440,48092.8,0.69763,0.98063,1.03119,0.90946,0.92188,0.93872,0.82856,0.66484,0.92749,0.94899,0.00981288,0.00981288,0.00981288
441,48197.6,0.70245,1.00278,1.03064,0.90927,0.92188,0.93841,0.83003,0.66463,0.92694,0.94902,0.00981204,0.00981204,0.00981204
442,48302.8,0.70161,1.01166,1.02731,0.90916,0.92188,0.93834,0.82897,0.66496,0.92756,0.94915,0.00981119,0.00981119,0.00981119
443,48407.6,0.72242,1.00766,1.04234,0.90913,0.92188,0.93888,0.83119,0.66484,0.92492,0.9485,0.00981034,0.00981034,0.00981034
444,48512.4,0.69885,0.99511,1.03083,0.90941,0.92188,0.93926,0.82758,0.6649,0.92594,0.94843,0.00980948,0.00980948,0.00980948
445,48616.4,0.70995,0.99866,1.04338,0.9109,0.92188,0.93927,0.82799,0.6648,0.92815,0.94835,0.00980863,0.00980863,0.00980863
446,48720.5,0.70035,1.01323,1.02965,0.9111,0.92188,0.93922,0.82962,0.66463,0.92996,0.94836,0.00980777,0.00980777,0.00980777
447,48824,0.70607,1.02917,1.04247,0.91111,0.92188,0.93936,0.82778,0.66509,0.93194,0.9487,0.00980691,0.00980691,0.00980691
448,48928.4,0.69885,1.01449,1.03685,0.91095,0.92188,0.93962,0.8298,0.66467,0.93378,0.94857,0.00980605,0.00980605,0.00980605
449,49033.3,0.70265,0.99868,1.03436,0.91053,0.92188,0.93957,0.8287,0.66462,0.93243,0.94842,0.00980519,0.00980519,0.00980519
450,49137.3,0.70107,0.97489,1.04254,0.91023,0.92188,0.93976,0.82971,0.66464,0.935,0.94842,0.00980432,0.00980432,0.00980432
451,49242.8,0.69219,1.0039,1.02777,0.91044,0.92188,0.9396,0.82904,0.6648,0.93668,0.94845,0.00980345,0.00980345,0.00980345
452,49347.3,0.69522,0.99575,1.03098,0.91062,0.92115,0.94007,0.82826,0.66469,0.93953,0.94831,0.00980259,0.00980259,0.00980259
453,49451.4,0.69679,0.99479,1.03138,0.91068,0.91942,0.94017,0.82925,0.6644,0.93969,0.94814,0.00980171,0.00980171,0.00980171
454,49556,0.69994,1.02271,1.03116,0.9108,0.92024,0.94076,0.82896,0.66592,0.93547,0.94886,0.00980084,0.00980084,0.00980084
455,49660.8,0.6848,0.97311,1.01957,0.91161,0.91765,0.94024,0.82814,0.66625,0.93683,0.94891,0.00979997,0.00979997,0.00979997
456,49764.9,0.70008,0.99481,1.03684,0.91177,0.91644,0.9409,0.83014,0.66628,0.93685,0.949,0.00979909,0.00979909,0.00979909
457,49869,0.71136,1.00567,1.03864,0.91278,0.91581,0.94096,0.82999,0.6663,0.93485,0.94896,0.00979821,0.00979821,0.00979821
458,49972.6,0.68195,1.00015,1.02908,0.91447,0.91367,0.94097,0.82897,0.66686,0.93914,0.9508,0.00979733,0.00979733,0.00979733
459,50075.6,0.69277,0.98545,1.02425,0.91453,0.91375,0.94089,0.82889,0.66618,0.93667,0.94913,0.00979645,0.00979645,0.00979645
460,50180.6,0.69782,0.99243,1.03522,0.91359,0.91492,0.9411,0.82902,0.66582,0.93869,0.9491,0.00979557,0.00979557,0.00979557
461,50285.2,0.70237,0.97901,1.03885,0.91271,0.91513,0.94089,0.82826,0.66624,0.93887,0.94915,0.00979468,0.00979468,0.00979468
462,50388.7,0.70856,1.00452,1.03685,0.91136,0.91488,0.9413,0.82935,0.66669,0.93895,0.94935,0.0097938,0.0097938,0.0097938
463,50492.9,0.69644,0.99834,1.0238,0.91176,0.91467,0.94053,0.82922,0.66718,0.93973,0.94983,0.00979291,0.00979291,0.00979291
464,50597.8,0.70651,1.01236,1.02939,0.91354,0.91536,0.94112,0.82887,0.66768,0.9386,0.95031,0.00979202,0.00979202,0.00979202
465,50702.2,0.69378,0.97239,1.03013,0.91116,0.91599,0.94036,0.82908,0.66753,0.94042,0.95001,0.00979112,0.00979112,0.00979112
466,50806.2,0.70346,1.00752,1.04037,0.91487,0.91545,0.94043,0.82909,0.66803,0.94209,0.95051,0.00979023,0.00979023,0.00979023
467,50908.6,0.69078,0.98123,1.01731,0.91382,0.91671,0.94102,0.82963,0.66839,0.94126,0.95097,0.00978933,0.00978933,0.00978933
468,51011,0.70355,0.97813,1.02499,0.91562,0.91421,0.9403,0.8298,0.66935,0.94323,0.95166,0.00978843,0.00978843,0.00978843
469,51110.8,0.69536,0.96773,1.03067,0.91575,0.91399,0.9401,0.82882,0.66947,0.9441,0.95159,0.00978753,0.00978753,0.00978753
470,51209.6,0.69807,0.98613,1.03972,0.91597,0.91399,0.93994,0.82976,0.66926,0.94324,0.95143,0.00978663,0.00978663,0.00978663
471,51308.4,0.70321,1.013,1.03847,0.91557,0.91432,0.94027,0.8285,0.66896,0.94366,0.95143,0.00978572,0.00978572,0.00978572
472,51407.7,0.69954,1.0218,1.03846,0.9159,0.9143,0.94043,0.82967,0.6674,0.94175,0.95035,0.00978482,0.00978482,0.00978482
473,51506.5,0.71092,1.01837,1.02565,0.91609,0.91409,0.94008,0.82925,0.66724,0.94316,0.95037,0.00978391,0.00978391,0.00978391
474,51604.5,0.70389,0.96363,1.03492,0.91629,0.91375,0.94026,0.82972,0.66652,0.94146,0.94972,0.009783,0.009783,0.009783
475,51702.8,0.69364,0.97325,1.0322,0.91655,0.91321,0.94107,0.83022,0.6665,0.94334,0.94954,0.00978209,0.00978209,0.00978209
476,51801.3,0.70163,0.99925,1.02554,0.91652,0.91281,0.94073,0.82909,0.66643,0.94248,0.94963,0.00978118,0.00978118,0.00978118
477,51900.1,0.71132,1.03393,1.035,0.91625,0.91282,0.94078,0.82923,0.66739,0.94427,0.95072,0.00978026,0.00978026,0.00978026
478,51998.3,0.7019,1.02844,1.04102,0.91595,0.91265,0.94063,0.82913,0.66751,0.9448,0.95085,0.00977934,0.00977934,0.00977934
479,52096.8,0.69784,0.98666,1.02485,0.9157,0.91262,0.94064,0.82897,0.66743,0.94175,0.95084,0.00977842,0.00977842,0.00977842
480,52195.8,0.69838,1.00071,1.03397,0.91536,0.91239,0.94069,0.82955,0.66774,0.94248,0.95094,0.0097775,0.0097775,0.0097775
481,52294,0.70391,0.98695,1.03597,0.91557,0.9119,0.94061,0.82966,0.66763,0.94273,0.95083,0.00977658,0.00977658,0.00977658
482,52392.3,0.69838,0.97974,1.03167,0.91548,0.91093,0.94108,0.83021,0.66733,0.94264,0.95068,0.00977565,0.00977565,0.00977565
483,52490.7,0.69374,1.00725,1.02967,0.91415,0.9093,0.94126,0.83053,0.66745,0.94268,0.95049,0.00977473,0.00977473,0.00977473
484,52588.5,0.70038,1.01664,1.0414,0.91539,0.90993,0.94135,0.83046,0.66741,0.94324,0.95032,0.0097738,0.0097738,0.0097738
485,52687.2,0.68825,0.97067,1.01609,0.91536,0.90959,0.94125,0.8312,0.66712,0.94003,0.94993,0.00977287,0.00977287,0.00977287
486,52785,0.6921,0.9613,1.02611,0.91781,0.90806,0.94144,0.83122,0.66669,0.94009,0.94973,0.00977194,0.00977194,0.00977194
487,52882,0.69763,1.01165,1.0338,0.91488,0.90802,0.94205,0.83213,0.66615,0.93988,0.94964,0.009771,0.009771,0.009771
488,52980.1,0.70532,1.00804,1.03869,0.91339,0.90803,0.94188,0.83179,0.66636,0.93773,0.94959,0.00977007,0.00977007,0.00977007
489,53078.5,0.70033,0.98202,1.03005,0.91308,0.90824,0.94245,0.83142,0.66632,0.93652,0.94938,0.00976913,0.00976913,0.00976913
490,53176.6,0.70211,0.99525,1.03294,0.91315,0.90881,0.94227,0.8315,0.66608,0.93744,0.9492,0.00976819,0.00976819,0.00976819
491,53274.9,0.68936,0.98748,1.02528,0.9132,0.90917,0.94247,0.83117,0.66561,0.93628,0.94892,0.00976725,0.00976725,0.00976725
492,53373.3,0.69818,0.97306,1.02716,0.91316,0.90883,0.94185,0.83052,0.66529,0.9353,0.94857,0.0097663,0.0097663,0.0097663
493,53471.9,0.67703,0.94647,1.01501,0.91326,0.90975,0.94181,0.83055,0.66536,0.93623,0.94896,0.00976536,0.00976536,0.00976536
494,53570.8,0.69563,1.00163,1.0301,0.91319,0.911,0.94134,0.83041,0.66554,0.93595,0.94906,0.00976441,0.00976441,0.00976441
495,53667.9,0.68279,0.97862,1.01416,0.91335,0.91098,0.94172,0.83072,0.66536,0.93598,0.94881,0.00976346,0.00976346,0.00976346
496,53765.2,0.70203,0.98614,1.0408,0.91334,0.9108,0.94221,0.82989,0.66567,0.93777,0.94935,0.00976251,0.00976251,0.00976251
497,53858.6,0.68779,0.97826,1.0205,0.91332,0.91067,0.94098,0.82728,0.6657,0.93591,0.94933,0.00976156,0.00976156,0.00976156
498,53951.6,0.68704,0.98465,1.02598,0.91332,0.91073,0.94157,0.82965,0.66538,0.93368,0.94922,0.0097606,0.0097606,0.0097606
499,54044.4,0.69089,0.97602,1.02632,0.9133,0.91068,0.94213,0.83195,0.66549,0.93371,0.94903,0.00975965,0.00975965,0.00975965
500,54137.5,0.70145,0.9991,1.03255,0.9118,0.91213,0.94204,0.8333,0.66561,0.93484,0.94909,0.00975869,0.00975869,0.00975869
501,54230,0.69464,0.98462,1.03567,0.91119,0.91234,0.94191,0.83297,0.66587,0.93371,0.9493,0.00975773,0.00975773,0.00975773
502,54324.2,0.69335,0.97712,1.02373,0.91105,0.91235,0.9413,0.83243,0.66548,0.93403,0.94904,0.00975677,0.00975677,0.00975677
503,54416.6,0.68909,0.99404,1.02277,0.91126,0.91229,0.94103,0.83327,0.66543,0.93256,0.94917,0.0097558,0.0097558,0.0097558
504,54509.3,0.70422,0.99522,1.03058,0.91147,0.91246,0.94134,0.83214,0.6653,0.93115,0.94896,0.00975484,0.00975484,0.00975484
505,54602.2,0.68589,1.01646,1.01464,0.91151,0.91254,0.94133,0.83237,0.66541,0.93072,0.94906,0.00975387,0.00975387,0.00975387
506,54695.6,0.68246,0.96852,1.01709,0.91176,0.91233,0.9412,0.83293,0.66567,0.93362,0.94921,0.0097529,0.0097529,0.0097529
507,54787.9,0.6966,0.96491,1.02026,0.91196,0.91246,0.94099,0.83247,0.66581,0.93176,0.9491,0.00975193,0.00975193,0.00975193
508,54880.1,0.68294,0.94924,1.02534,0.9123,0.91236,0.94103,0.83195,0.66576,0.93072,0.94912,0.00975096,0.00975096,0.00975096
509,54972.2,0.70004,0.97585,1.03707,0.91236,0.91254,0.94097,0.82998,0.66607,0.92945,0.94941,0.00974998,0.00974998,0.00974998
510,55065.2,0.68252,0.96787,1.01161,0.91225,0.91272,0.94103,0.82984,0.666,0.92844,0.94925,0.009749,0.009749,0.009749
511,55158.6,0.6988,0.96722,1.02425,0.91203,0.9128,0.94038,0.82958,0.66535,0.92788,0.94879,0.00974803,0.00974803,0.00974803
512,55251,0.68352,0.94423,1.02384,0.91207,0.91291,0.9404,0.83077,0.66534,0.92794,0.94857,0.00974705,0.00974705,0.00974705
513,55344.2,0.68157,0.96384,1.03036,0.91185,0.91286,0.93985,0.83011,0.66505,0.92762,0.94837,0.00974606,0.00974606,0.00974606
514,55438,0.68432,0.96649,1.02703,0.91175,0.91288,0.94119,0.83146,0.66484,0.92745,0.94819,0.00974508,0.00974508,0.00974508
515,55531.9,0.69506,1.00842,1.03105,0.9127,0.91215,0.9407,0.83007,0.66534,0.92958,0.94809,0.00974409,0.00974409,0.00974409
516,55625.9,0.69478,0.95752,1.02609,0.9131,0.91212,0.94048,0.83121,0.6647,0.92886,0.94791,0.0097431,0.0097431,0.0097431
517,55719.2,0.69216,0.97916,1.02095,0.9133,0.9121,0.94082,0.83196,0.66384,0.92982,0.94692,0.00974211,0.00974211,0.00974211
518,55811.6,0.68636,0.98555,1.0272,0.8804,0.94696,0.94068,0.83058,0.66394,0.93202,0.94685,0.00974112,0.00974112,0.00974112
519,55905.4,0.68149,0.96259,1.01693,0.88087,0.94695,0.94091,0.83304,0.66393,0.93161,0.94667,0.00974013,0.00974013,0.00974013
520,55998.8,0.69027,1.00817,1.03115,0.88124,0.9469,0.94132,0.83104,0.66355,0.92932,0.9465,0.00973913,0.00973913,0.00973913
521,56091.5,0.67877,0.96111,1.02078,0.88123,0.94677,0.94103,0.83098,0.66307,0.92824,0.94618,0.00973814,0.00973814,0.00973814
522,56183.4,0.68779,0.96616,1.02649,0.88122,0.94668,0.94102,0.83216,0.66207,0.92749,0.94572,0.00973714,0.00973714,0.00973714
523,56274.9,0.67818,0.98058,1.02543,0.88107,0.94679,0.94117,0.83274,0.66209,0.92622,0.9456,0.00973614,0.00973614,0.00973614
524,56366.6,0.69928,0.98896,1.02874,0.88051,0.94674,0.94128,0.83247,0.66226,0.92871,0.94555,0.00973513,0.00973513,0.00973513
525,56457.4,0.69063,0.98317,1.02223,0.88041,0.9467,0.94214,0.83315,0.66178,0.92853,0.94464,0.00973413,0.00973413,0.00973413
526,56549.8,0.68924,0.97891,1.03016,0.8807,0.94665,0.94243,0.834,0.66209,0.92836,0.94475,0.00973312,0.00973312,0.00973312
527,56641.5,0.67934,0.94631,1.01727,0.88094,0.94667,0.94208,0.83369,0.66141,0.92885,0.94449,0.00973211,0.00973211,0.00973211
528,56733.8,0.67358,0.94971,1.01506,0.88083,0.9467,0.94229,0.83268,0.6614,0.93072,0.94468,0.0097311,0.0097311,0.0097311
529,56825.3,0.68641,0.97478,1.01998,0.8806,0.94673,0.94183,0.83294,0.6612,0.9295,0.94449,0.00973009,0.00973009,0.00973009
530,56917,0.67832,0.90638,1.01422,0.88035,0.94671,0.9425,0.83368,0.66143,0.93091,0.94457,0.00972908,0.00972908,0.00972908
531,57007.9,0.69538,0.98688,1.0275,0.88014,0.94665,0.9419,0.8332,0.66137,0.93165,0.94464,0.00972806,0.00972806,0.00972806
532,57099.9,0.70189,1.01497,1.04016,0.88041,0.94669,0.94187,0.83223,0.66123,0.9321,0.94447,0.00972704,0.00972704,0.00972704
533,57192.6,0.68435,0.94987,1.01648,0.88096,0.94669,0.94198,0.83225,0.66088,0.92827,0.94405,0.00972603,0.00972603,0.00972603
534,57285.9,0.67651,0.96886,1.02054,0.9172,0.90648,0.94198,0.83279,0.66088,0.92802,0.94406,0.009725,0.009725,0.009725
535,57378.3,0.68374,0.96556,1.02319,0.91721,0.90658,0.94073,0.82971,0.66136,0.93042,0.94431,0.00972398,0.00972398,0.00972398
536,57471,0.69156,0.986,1.02704,0.91714,0.90584,0.94166,0.82946,0.66097,0.92907,0.94408,0.00972296,0.00972296,0.00972296
537,57564.2,0.68802,0.98287,1.01914,0.9172,0.90651,0.94121,0.83,0.66111,0.9298,0.94422,0.00972193,0.00972193,0.00972193
538,57656.8,0.67839,0.94296,1.0183,0.91686,0.90697,0.94127,0.82983,0.66016,0.9263,0.94391,0.0097209,0.0097209,0.0097209
539,57750.1,0.68614,0.98035,1.02005,0.91717,0.90642,0.94134,0.83304,0.65972,0.92797,0.94382,0.00971987,0.00971987,0.00971987
540,57843,0.68391,0.95307,1.02151,0.91504,0.90485,0.9417,0.83238,0.6596,0.92933,0.94385,0.00971884,0.00971884,0.00971884
541,57935.8,0.6833,0.9578,1.01387,0.91489,0.90644,0.94177,0.83279,0.65891,0.927,0.94347,0.0097178,0.0097178,0.0097178
542,58028.5,0.68207,0.96423,1.01522,0.88824,0.93308,0.94158,0.83255,0.65875,0.92694,0.94344,0.00971677,0.00971677,0.00971677
543,58121.4,0.69023,0.96802,1.02404,0.88815,0.93307,0.9421,0.8333,0.65888,0.92641,0.94342,0.00971573,0.00971573,0.00971573
544,58214,0.68344,0.96856,1.01229,0.88794,0.93459,0.94194,0.83299,0.65853,0.92795,0.94313,0.00971469,0.00971469,0.00971469
545,58305,0.70344,0.96859,1.03239,0.88795,0.93484,0.94203,0.83246,0.65876,0.92822,0.94287,0.00971365,0.00971365,0.00971365
546,58396.5,0.68938,0.99821,1.02278,0.88792,0.93447,0.94193,0.8332,0.65866,0.9281,0.94282,0.0097126,0.0097126,0.0097126
547,58487.5,0.68029,0.93392,1.01351,0.88791,0.93431,0.9418,0.83297,0.65865,0.92696,0.94284,0.00971156,0.00971156,0.00971156
548,58579.1,0.69091,0.96176,1.02629,0.8879,0.93324,0.94188,0.83332,0.65881,0.92698,0.94277,0.00971051,0.00971051,0.00971051
549,58671.1,0.68163,0.96453,1.01817,0.88775,0.93279,0.94224,0.83232,0.65954,0.92985,0.94377,0.00970946,0.00970946,0.00970946
550,58762.2,0.69104,0.98989,1.02206,0.88764,0.9329,0.94233,0.83311,0.65882,0.92876,0.94333,0.00970841,0.00970841,0.00970841
551,58853.7,0.69417,0.96147,1.0163,0.88762,0.93357,0.94211,0.83357,0.65858,0.92731,0.94324,0.00970736,0.00970736,0.00970736
552,58945,0.69658,0.97665,1.03134,0.88761,0.93378,0.94142,0.83115,0.65824,0.926,0.94295,0.00970631,0.00970631,0.00970631
553,59036.6,0.68459,0.95186,1.0138,0.88755,0.93394,0.94077,0.83163,0.65919,0.93176,0.94338,0.00970525,0.00970525,0.00970525
554,59128.4,0.67836,0.9501,1.02435,0.88758,0.9341,0.94083,0.83065,0.65873,0.92865,0.94313,0.00970419,0.00970419,0.00970419
555,59219.1,0.69668,0.97558,1.02903,0.88761,0.93453,0.94158,0.83045,0.65863,0.92744,0.94307,0.00970313,0.00970313,0.00970313
556,59310.4,0.7024,1.00152,1.02245,0.88729,0.93223,0.94131,0.83084,0.6583,0.92797,0.94309,0.00970207,0.00970207,0.00970207
557,59400.9,0.67706,1.00735,1.01524,0.88734,0.93216,0.94169,0.83219,0.65837,0.92852,0.94311,0.00970101,0.00970101,0.00970101
558,59492.8,0.6866,0.95145,1.01369,0.88617,0.9349,0.94152,0.83357,0.65773,0.92816,0.94297,0.00969994,0.00969994,0.00969994
559,59584.7,0.68327,0.96219,1.02263,0.88639,0.9349,0.94143,0.83339,0.65764,0.92565,0.94264,0.00969887,0.00969887,0.00969887
560,59676.6,0.70298,1.0023,1.03607,0.8865,0.9349,0.94154,0.83331,0.65787,0.92629,0.94272,0.0096978,0.0096978,0.0096978
561,59767.5,0.69629,0.96115,1.02689,0.887,0.93375,0.94098,0.83351,0.65744,0.92529,0.94265,0.00969673,0.00969673,0.00969673
562,59858.6,0.69116,0.98102,1.02186,0.88684,0.93306,0.94165,0.83391,0.65688,0.92306,0.94229,0.00969566,0.00969566,0.00969566
563,59949.6,0.6833,0.94844,1.02123,0.88686,0.93229,0.94156,0.83313,0.65758,0.92587,0.94249,0.00969459,0.00969459,0.00969459
564,60040.6,0.69386,0.96123,1.02627,0.88728,0.93229,0.94155,0.83316,0.65784,0.92473,0.94255,0.00969351,0.00969351,0.00969351
565,60131.3,0.68449,0.92314,1.01523,0.88734,0.93229,0.94153,0.8341,0.6577,0.92431,0.94258,0.00969243,0.00969243,0.00969243
566,60223,0.66334,0.914,1.01942,0.88724,0.93229,0.94178,0.83404,0.65701,0.92273,0.94219,0.00969135,0.00969135,0.00969135
567,60313.8,0.67116,0.91831,1.01278,0.88727,0.93229,0.94142,0.83415,0.65647,0.92287,0.94198,0.00969027,0.00969027,0.00969027
568,60405,0.69818,0.96555,1.01857,0.88885,0.93229,0.94104,0.83395,0.65653,0.92317,0.94207,0.00968918,0.00968918,0.00968918
569,60496.1,0.67481,0.94548,1.0219,0.8886,0.93229,0.94194,0.83536,0.65604,0.92189,0.94189,0.0096881,0.0096881,0.0096881
570,60587.4,0.6815,0.97427,1.01553,0.88854,0.93229,0.94169,0.83638,0.65524,0.91804,0.94168,0.00968701,0.00968701,0.00968701
571,60678.1,0.68697,0.96113,1.01649,0.88876,0.93229,0.94192,0.83622,0.6558,0.92269,0.94208,0.00968592,0.00968592,0.00968592
572,60769.2,0.66232,0.95628,1.01212,0.8894,0.93229,0.94162,0.83519,0.65543,0.9182,0.94171,0.00968483,0.00968483,0.00968483
573,60860.1,0.68859,0.97079,1.02531,0.89076,0.93229,0.94184,0.83591,0.655,0.92054,0.94165,0.00968374,0.00968374,0.00968374
574,60951.8,0.68892,0.95479,1.02899,0.9313,0.89062,0.94149,0.83435,0.65459,0.92073,0.94142,0.00968264,0.00968264,0.00968264
575,61042.5,0.67343,0.91766,1.01447,0.9355,0.89448,0.94182,0.83462,0.65481,0.92191,0.94148,0.00968155,0.00968155,0.00968155
576,61133.6,0.69822,0.9616,1.03022,0.93551,0.89492,0.94173,0.83468,0.65436,0.91944,0.94117,0.00968045,0.00968045,0.00968045
577,61224.1,0.685,0.9577,1.02394,0.93558,0.89485,0.94162,0.83502,0.65442,0.92049,0.94107,0.00967935,0.00967935,0.00967935
578,61314.8,0.68497,0.984,1.02341,0.93555,0.89452,0.94083,0.83382,0.65479,0.92034,0.94114,0.00967825,0.00967825,0.00967825
579,61405.4,0.68069,0.93421,1.01723,0.93487,0.89524,0.94146,0.83541,0.65415,0.91917,0.94054,0.00967714,0.00967714,0.00967714
580,61495.7,0.68665,0.96749,1.02928,0.93473,0.89536,0.94104,0.8346,0.65467,0.9197,0.94111,0.00967604,0.00967604,0.00967604
581,61586.1,0.70606,1.01359,1.03376,0.93482,0.89506,0.9411,0.83444,0.6543,0.92039,0.94069,0.00967493,0.00967493,0.00967493
582,61676.8,0.67898,0.94422,1.01727,0.93461,0.89508,0.94079,0.83414,0.65368,0.91983,0.94044,0.00967382,0.00967382,0.00967382
583,61768.2,0.67156,0.96433,1.01034,0.93448,0.89553,0.94124,0.83539,0.65293,0.91933,0.94008,0.00967271,0.00967271,0.00967271
584,61858.3,0.68378,0.9733,1.02904,0.93468,0.89564,0.94057,0.83359,0.65284,0.92078,0.94,0.00967159,0.00967159,0.00967159
585,61949.5,0.68514,0.9359,1.01987,0.93442,0.89559,0.94065,0.83447,0.65291,0.9206,0.93995,0.00967048,0.00967048,0.00967048
586,62038.8,0.67352,0.97113,1.01614,0.93521,0.89576,0.94002,0.8332,0.65282,0.91917,0.93987,0.00966936,0.00966936,0.00966936
587,62129.1,0.68969,0.97413,1.01885,0.93321,0.8954,0.94103,0.83361,0.65239,0.91662,0.9396,0.00966824,0.00966824,0.00966824
588,62218.9,0.68226,0.96664,1.01694,0.93311,0.89445,0.94027,0.83384,0.65231,0.91885,0.93964,0.00966712,0.00966712,0.00966712
589,62309,0.67796,0.93876,1.01145,0.9354,0.8912,0.93997,0.8336,0.6522,0.91775,0.93956,0.009666,0.009666,0.009666
590,62399.7,0.6784,0.93459,1.01595,0.93599,0.88889,0.93996,0.83403,0.65186,0.91942,0.93955,0.00966488,0.00966488,0.00966488
591,62489.9,0.67191,0.97584,1.0075,0.93512,0.88782,0.9407,0.83454,0.65207,0.92496,0.93968,0.00966375,0.00966375,0.00966375
592,62580.6,0.66942,0.93424,1.00542,0.93445,0.88767,0.94005,0.83331,0.65228,0.92824,0.93997,0.00966262,0.00966262,0.00966262
593,62670,0.70215,0.95512,1.02751,0.93265,0.88686,0.94104,0.8352,0.65293,0.92882,0.94034,0.00966149,0.00966149,0.00966149
594,62757.3,0.68037,0.97818,1.02001,0.93448,0.88676,0.93955,0.83382,0.65267,0.92956,0.93937,0.00966036,0.00966036,0.00966036
595,62843.2,0.69186,0.94033,1.0172,0.93212,0.88609,0.94009,0.83449,0.65315,0.93036,0.93946,0.00965923,0.00965923,0.00965923
596,62929.1,0.69575,0.9687,1.03004,0.93308,0.88594,0.93968,0.83374,0.65272,0.92788,0.93925,0.0096581,0.0096581,0.0096581
597,63015.6,0.66688,0.95498,1.02101,0.9329,0.88628,0.93957,0.83262,0.65189,0.92225,0.93863,0.00965696,0.00965696,0.00965696
598,63101.7,0.68672,0.98393,1.01517,0.9328,0.88728,0.93921,0.8325,0.65193,0.92243,0.93852,0.00965582,0.00965582,0.00965582
599,63187.3,0.69077,0.9619,1.01577,0.93446,0.88696,0.93898,0.83366,0.65196,0.92236,0.93852,0.00965468,0.00965468,0.00965468
600,63272.8,0.67665,0.94051,1.01695,0.93374,0.88735,0.93928,0.83532,0.65247,0.92149,0.93889,0.00965354,0.00965354,0.00965354
601,63359,0.66931,0.94702,1.01178,0.93487,0.88742,0.9383,0.83468,0.65297,0.92055,0.93904,0.00965239,0.00965239,0.00965239
602,63444.4,0.68226,0.96107,1.01491,0.93544,0.88783,0.93867,0.83504,0.65333,0.92225,0.9391,0.00965125,0.00965125,0.00965125
603,63530,0.69292,0.97053,1.01654,0.9358,0.88791,0.93843,0.83526,0.65466,0.92173,0.94048,0.0096501,0.0096501,0.0096501
604,63617.3,0.68407,0.95885,1.02253,0.93525,0.88867,0.93908,0.83474,0.65474,0.92077,0.9404,0.00964895,0.00964895,0.00964895
605,63703.7,0.67363,0.95502,1.01307,0.93065,0.89514,0.93919,0.83484,0.65372,0.92235,0.93885,0.0096478,0.0096478,0.0096478
606,63790.7,0.69047,0.98576,1.02899,0.93141,0.89148,0.93867,0.83411,0.65368,0.92161,0.93899,0.00964665,0.00964665,0.00964665
607,63877,0.67442,0.94518,1.01589,0.93297,0.89088,0.93898,0.83323,0.65332,0.91965,0.93888,0.00964549,0.00964549,0.00964549
608,63962.7,0.68078,0.94235,1.01814,0.9356,0.89002,0.93899,0.83348,0.65353,0.91847,0.93886,0.00964433,0.00964433,0.00964433
609,64048.5,0.68783,0.96677,1.02901,0.93456,0.89131,0.93898,0.83445,0.65363,0.91846,0.93884,0.00964318,0.00964318,0.00964318
610,64134.8,0.67785,0.96611,1.01592,0.93068,0.89395,0.9393,0.8337,0.65334,0.91789,0.93874,0.00964202,0.00964202,0.00964202
611,64220.5,0.66904,0.93068,1.02108,0.93082,0.89539,0.93937,0.834,0.65368,0.92064,0.93902,0.00964085,0.00964085,0.00964085
612,64305.6,0.68377,0.95027,1.02341,0.9308,0.89469,0.9387,0.83574,0.65383,0.91881,0.93903,0.00963969,0.00963969,0.00963969
613,64391.2,0.68376,0.94251,1.01784,0.93092,0.89654,0.9388,0.83604,0.65521,0.91776,0.94039,0.00963852,0.00963852,0.00963852
614,64476.3,0.66757,1.01088,1.00837,0.93081,0.89538,0.93867,0.83578,0.65507,0.91702,0.93997,0.00963736,0.00963736,0.00963736
615,64561.4,0.68175,0.94457,1.01461,0.93066,0.89348,0.93894,0.8347,0.65508,0.91562,0.93977,0.00963619,0.00963619,0.00963619
616,64646.2,0.68849,0.98691,1.02598,0.93334,0.8916,0.9387,0.83363,0.65505,0.91665,0.93991,0.00963502,0.00963502,0.00963502
617,64731.1,0.67783,0.93681,1.02476,0.93675,0.89122,0.93883,0.83482,0.65536,0.91827,0.93975,0.00963384,0.00963384,0.00963384
618,64816.4,0.68274,0.96666,1.01188,0.93849,0.89105,0.93917,0.83359,0.65582,0.91696,0.94009,0.00963267,0.00963267,0.00963267
619,64901.6,0.68592,0.95876,1.01981,0.94007,0.89367,0.94012,0.83473,0.65527,0.91724,0.93932,0.00963149,0.00963149,0.00963149
620,64986.1,0.68967,0.95443,1.02494,0.93741,0.89676,0.93959,0.83376,0.65517,0.91823,0.93933,0.00963031,0.00963031,0.00963031
621,65071.1,0.68377,0.96812,1.02535,0.93733,0.89651,0.9403,0.83448,0.65583,0.91833,0.93958,0.00962913,0.00962913,0.00962913
622,65156.3,0.6891,0.96452,1.03116,0.93711,0.89655,0.93952,0.83447,0.65614,0.91803,0.93946,0.00962795,0.00962795,0.00962795
623,65241.2,0.67207,0.94018,1.00382,0.93752,0.89635,0.93969,0.83448,0.65643,0.91778,0.93995,0.00962677,0.00962677,0.00962677
624,65326.2,0.6746,0.95292,1.01124,0.93777,0.89635,0.93951,0.83483,0.65644,0.91698,0.93997,0.00962558,0.00962558,0.00962558
625,65411,0.67272,0.93198,1.01712,0.93818,0.89616,0.93973,0.83501,0.65594,0.91708,0.9398,0.00962439,0.00962439,0.00962439
626,65495.4,0.68659,0.95899,1.02003,0.93794,0.89656,0.93925,0.83493,0.65558,0.91773,0.93979,0.0096232,0.0096232,0.0096232
627,65580.6,0.67946,0.97438,1.02233,0.93778,0.89669,0.9395,0.83527,0.65561,0.91902,0.93988,0.00962201,0.00962201,0.00962201
628,65662.9,0.67723,0.93301,1.00496,0.93758,0.89661,0.93947,0.83478,0.65498,0.91818,0.93915,0.00962082,0.00962082,0.00962082
629,65745.4,0.66743,0.91383,1.01069,0.93797,0.89648,0.93963,0.83505,0.65494,0.92093,0.93913,0.00961962,0.00961962,0.00961962
630,65827.5,0.66609,0.90378,1.00186,0.93882,0.89624,0.93944,0.83481,0.65481,0.91978,0.93908,0.00961843,0.00961843,0.00961843
631,65910,0.67213,0.92548,1.01931,0.93927,0.89559,0.93938,0.83395,0.65442,0.92022,0.93894,0.00961723,0.00961723,0.00961723
632,65991.7,0.67972,0.94732,1.01991,0.93928,0.89543,0.93966,0.83535,0.65389,0.9216,0.93862,0.00961603,0.00961603,0.00961603
633,66072.7,0.6829,0.94625,1.0205,0.93912,0.89517,0.93981,0.83478,0.65324,0.92139,0.93766,0.00961483,0.00961483,0.00961483
634,66152.5,0.68496,0.93967,1.02685,0.93682,0.89323,0.93971,0.83594,0.6527,0.92075,0.9376,0.00961362,0.00961362,0.00961362
635,66232,0.67376,0.93624,1.01165,0.93896,0.89502,0.9395,0.83526,0.6519,0.92151,0.9373,0.00961242,0.00961242,0.00961242
636,66310.3,0.68112,0.92123,1.02212,0.93484,0.89323,0.93931,0.83556,0.65152,0.92271,0.93729,0.00961121,0.00961121,0.00961121
637,66389.6,0.66293,0.9289,1.00464,0.93749,0.89323,0.93925,0.83475,0.65144,0.92349,0.93733,0.00961,0.00961,0.00961
638,66468.3,0.6903,0.93009,1.01983,0.89734,0.92448,0.93887,0.83415,0.65101,0.92366,0.93715,0.00960879,0.00960879,0.00960879
639,66546.6,0.6912,0.95145,1.02437,0.90982,0.91916,0.93927,0.83472,0.65097,0.92404,0.93696,0.00960758,0.00960758,0.00960758
640,66625.2,0.68102,0.94483,1.01808,0.90757,0.91967,0.93913,0.83387,0.65109,0.92956,0.93712,0.00960636,0.00960636,0.00960636
641,66703.6,0.67008,0.93634,1.01266,0.90793,0.91966,0.93916,0.83428,0.65101,0.9295,0.93699,0.00960515,0.00960515,0.00960515
642,66782.9,0.66454,0.91162,1.01088,0.90794,0.9193,0.93904,0.83382,0.65088,0.92998,0.9368,0.00960393,0.00960393,0.00960393
643,66861.9,0.6693,0.93428,1.01233,0.90973,0.9212,0.93933,0.83459,0.65078,0.9288,0.93658,0.00960271,0.00960271,0.00960271
644,66940.4,0.68102,0.93694,1.01324,0.91187,0.92137,0.9395,0.83396,0.65058,0.9305,0.93645,0.00960149,0.00960149,0.00960149
645,67019.2,0.67431,0.93205,1.01202,0.9104,0.92339,0.93939,0.83375,0.65069,0.9304,0.93634,0.00960026,0.00960026,0.00960026
646,67097.7,0.69363,0.96837,1.02656,0.91133,0.92322,0.93943,0.83429,0.6503,0.9293,0.93603,0.00959904,0.00959904,0.00959904
647,67175.8,0.67712,0.92858,1.01536,0.91167,0.92376,0.93947,0.83458,0.64977,0.92762,0.93556,0.00959781,0.00959781,0.00959781
648,67254.7,0.68903,0.93442,1.01728,0.9089,0.92448,0.93962,0.83433,0.64964,0.92616,0.93551,0.00959658,0.00959658,0.00959658
649,67333.5,0.67196,0.93877,1.00436,0.91103,0.92448,0.93928,0.83384,0.64955,0.92503,0.9355,0.00959535,0.00959535,0.00959535
650,67411.9,0.68277,0.93813,1.01871,0.91002,0.92448,0.93957,0.83315,0.64928,0.92349,0.93549,0.00959412,0.00959412,0.00959412
651,67489.4,0.67528,0.91025,1.01458,0.90762,0.92448,0.93872,0.83281,0.6487,0.91913,0.93504,0.00959289,0.00959289,0.00959289
652,67567.4,0.66605,0.9248,1.00537,0.91008,0.92448,0.93923,0.8328,0.64911,0.92064,0.9352,0.00959165,0.00959165,0.00959165
653,67645.2,0.67825,0.93712,1.01716,0.91021,0.92448,0.93912,0.83491,0.64859,0.92028,0.93491,0.00959041,0.00959041,0.00959041
654,67724.2,0.66763,0.91806,1.00577,0.912,0.92448,0.93947,0.83339,0.64863,0.91898,0.93491,0.00958917,0.00958917,0.00958917
655,67801.7,0.67187,0.92868,1.01367,0.91131,0.92448,0.93948,0.83493,0.64887,0.91859,0.93494,0.00958793,0.00958793,0.00958793
656,67879.9,0.70027,0.93878,1.03511,0.90976,0.92448,0.93885,0.83336,0.64908,0.91974,0.93501,0.00958669,0.00958669,0.00958669
657,67957.1,0.6875,0.97074,1.02674,0.91287,0.92448,0.93929,0.83599,0.64942,0.91949,0.93514,0.00958544,0.00958544,0.00958544
658,68034.1,0.67646,0.96661,1.02018,0.91246,0.92448,0.93923,0.83655,0.64946,0.91837,0.93499,0.0095842,0.0095842,0.0095842
659,68111.8,0.67554,0.94853,1.00823,0.91084,0.92448,0.93897,0.83721,0.64905,0.9182,0.93477,0.00958295,0.00958295,0.00958295
660,68187,0.67787,0.94834,1.0129,0.91367,0.92435,0.93989,0.83746,0.64909,0.91759,0.93466,0.0095817,0.0095817,0.0095817
661,68260.7,0.66464,0.89375,1.00235,0.91155,0.92368,0.93951,0.8366,0.64883,0.91737,0.9346,0.00958044,0.00958044,0.00958044
662,68336.9,0.6672,0.91693,0.99843,0.90844,0.92708,0.93931,0.83825,0.64857,0.91739,0.93455,0.00957919,0.00957919,0.00957919
663,68412.4,0.68903,0.92431,1.01851,0.90819,0.92708,0.9395,0.83815,0.64847,0.91493,0.93438,0.00957793,0.00957793,0.00957793
664,68488.7,0.67042,0.93479,1.01127,0.90812,0.92708,0.93949,0.83768,0.64803,0.91426,0.93405,0.00957668,0.00957668,0.00957668
665,68564.9,0.66768,0.93028,1.00686,0.90817,0.92708,0.93915,0.83728,0.64731,0.91214,0.93369,0.00957542,0.00957542,0.00957542
666,68640.8,0.66602,0.90992,1.00388,0.90828,0.92708,0.93896,0.83665,0.64793,0.91106,0.93376,0.00957416,0.00957416,0.00957416
667,68716.4,0.67087,0.9466,1.00635,0.90641,0.92708,0.93905,0.83692,0.64739,0.91068,0.93352,0.00957289,0.00957289,0.00957289
668,68791.9,0.67328,0.90606,1.014,0.90839,0.92907,0.93889,0.83703,0.64662,0.90943,0.93313,0.00957163,0.00957163,0.00957163
669,68868,0.67521,0.95256,1.00435,0.90839,0.92969,0.93916,0.83672,0.64641,0.90863,0.93301,0.00957036,0.00957036,0.00957036
670,68944.4,0.65393,0.92139,1.00417,0.90855,0.92969,0.93911,0.83616,0.6459,0.90734,0.93272,0.00956909,0.00956909,0.00956909
671,69020.4,0.66454,0.92826,1.00687,0.90856,0.92969,0.93948,0.83663,0.64593,0.90788,0.93268,0.00956782,0.00956782,0.00956782
672,69096.4,0.67023,0.93704,1.00577,0.90633,0.92969,0.93899,0.8376,0.64564,0.90528,0.93244,0.00956655,0.00956655,0.00956655
673,69172.4,0.67856,0.93264,1.01507,0.9059,0.92969,0.93886,0.837,0.64532,0.90593,0.93228,0.00956528,0.00956528,0.00956528
674,69249.6,0.66548,0.92557,1.00652,0.90602,0.92969,0.9388,0.83799,0.6448,0.9055,0.93243,0.009564,0.009564,0.009564
675,69325.6,0.68193,0.97627,1.0203,0.90592,0.92969,0.93906,0.83773,0.64471,0.90601,0.93197,0.00956273,0.00956273,0.00956273
676,69402.4,0.66971,0.9695,1.00898,0.90625,0.92969,0.93884,0.83769,0.6445,0.90597,0.93184,0.00956145,0.00956145,0.00956145
677,69479.1,0.69314,0.92156,1.01905,0.90636,0.92969,0.93884,0.83778,0.6441,0.90483,0.93143,0.00956017,0.00956017,0.00956017
678,69554.5,0.66719,0.94071,1.00861,0.90798,0.92969,0.93907,0.83765,0.64342,0.90394,0.93117,0.00955888,0.00955888,0.00955888
679,69630.7,0.66643,0.95881,1.00745,0.90884,0.9296,0.93913,0.83839,0.6435,0.90338,0.93102,0.0095576,0.0095576,0.0095576
680,69706.3,0.6911,0.94367,1.03106,0.90883,0.92949,0.93907,0.83858,0.64271,0.90095,0.93067,0.00955631,0.00955631,0.00955631
681,69782.6,0.6693,0.92961,1.00949,0.90815,0.92969,0.93893,0.83772,0.64256,0.90125,0.93082,0.00955502,0.00955502,0.00955502
682,69859.5,0.69716,0.92905,1.02284,0.90772,0.92969,0.9391,0.83811,0.64252,0.90168,0.93077,0.00955373,0.00955373,0.00955373
683,69935.5,0.68308,0.93966,1.01288,0.90805,0.92969,0.93919,0.83884,0.64227,0.90179,0.9308,0.00955244,0.00955244,0.00955244
684,70011.8,0.67956,0.93527,1.02364,0.9079,0.92969,0.93917,0.83825,0.64207,0.90223,0.93071,0.00955115,0.00955115,0.00955115
685,70088.3,0.6854,0.93,1.02066,0.9078,0.92969,0.93894,0.83768,0.6419,0.90131,0.93078,0.00954986,0.00954986,0.00954986
686,70164.3,0.67518,0.9305,1.01532,0.90777,0.92969,0.939,0.83834,0.64172,0.90024,0.93073,0.00954856,0.00954856,0.00954856
687,70240.6,0.68385,0.91844,1.01834,0.9098,0.92906,0.93967,0.83961,0.64153,0.90211,0.93068,0.00954726,0.00954726,0.00954726
688,70316.9,0.66561,0.88028,1.01351,0.90987,0.92933,0.93961,0.83826,0.64121,0.89972,0.9305,0.00954596,0.00954596,0.00954596
689,70393.3,0.68912,0.92671,1.0253,0.90976,0.92969,0.93957,0.83764,0.64071,0.89948,0.93033,0.00954466,0.00954466,0.00954466
690,70469.1,0.70022,0.95683,1.02793,0.9097,0.92969,0.93956,0.83791,0.64067,0.90219,0.93051,0.00954335,0.00954335,0.00954335
691,70545.2,0.6723,0.94396,1.00583,0.90972,0.92969,0.93928,0.83961,0.6403,0.89889,0.93024,0.00954205,0.00954205,0.00954205
692,70620.9,0.66436,0.92625,1.00743,0.91009,0.92969,0.93908,0.83715,0.64038,0.9002,0.93031,0.00954074,0.00954074,0.00954074
693,70696.1,0.6911,0.94361,1.02516,0.91333,0.92686,0.93905,0.83831,0.63956,0.89977,0.93021,0.00953943,0.00953943,0.00953943
694,70772.2,0.68586,0.94485,1.02443,0.91445,0.92708,0.93901,0.83988,0.63964,0.89827,0.93046,0.00953812,0.00953812,0.00953812
695,70847.4,0.67369,0.92322,1.00969,0.91457,0.92708,0.93899,0.83618,0.63925,0.89754,0.93056,0.00953681,0.00953681,0.00953681
696,70923.7,0.66613,0.90784,1.00098,0.9155,0.92708,0.93894,0.83816,0.63959,0.89719,0.93087,0.00953549,0.00953549,0.00953549
697,70999,0.6719,0.94564,1.02021,0.91603,0.92537,0.93916,0.83809,0.63961,0.8968,0.93121,0.00953418,0.00953418,0.00953418
698,71074.4,0.66962,0.90679,1.01435,0.91816,0.92448,0.9391,0.83621,0.64026,0.89664,0.93143,0.00953286,0.00953286,0.00953286
699,71151.9,0.66037,0.91472,1.00461,0.92015,0.92327,0.93852,0.83937,0.64003,0.89452,0.93178,0.00953154,0.00953154,0.00953154
700,71226.6,0.6573,0.89989,1.003,0.91948,0.92188,0.93876,0.838,0.64009,0.89586,0.93177,0.00953022,0.00953022,0.00953022
701,71301.7,0.66163,0.94535,1.00329,0.92008,0.92163,0.93946,0.83862,0.64052,0.89527,0.93201,0.00952889,0.00952889,0.00952889
702,71376.4,0.66022,0.92772,1.00501,0.91986,0.92173,0.93854,0.83916,0.64025,0.89408,0.93194,0.00952757,0.00952757,0.00952757
703,71452,0.67679,0.90383,1.01856,0.9199,0.92177,0.9394,0.83815,0.63999,0.89443,0.93192,0.00952624,0.00952624,0.00952624
704,71528.7,0.69023,0.89787,1.02508,0.91954,0.91952,0.93958,0.83997,0.64021,0.89414,0.9321,0.00952491,0.00952491,0.00952491
705,71604.6,0.67025,0.93424,1.01003,0.91973,0.92109,0.93995,0.83914,0.64004,0.89358,0.93206,0.00952358,0.00952358,0.00952358
706,71681.2,0.66151,0.93921,1.00627,0.91964,0.92149,0.93964,0.83855,0.64021,0.89582,0.93214,0.00952225,0.00952225,0.00952225
707,71757.7,0.68178,0.96039,1.0177,0.91959,0.92086,0.94011,0.8391,0.64047,0.89507,0.9322,0.00952092,0.00952092,0.00952092
708,71834.1,0.66568,0.92335,1.01603,0.91955,0.92132,0.94019,0.8388,0.64037,0.8951,0.93232,0.00951958,0.00951958,0.00951958
709,71909.5,0.66796,0.9502,1.00942,0.91942,0.92186,0.93927,0.8386,0.64025,0.89369,0.93238,0.00951824,0.00951824,0.00951824
710,71985.4,0.67013,0.93408,1.00295,0.91932,0.92214,0.93995,0.8386,0.64078,0.89421,0.93264,0.0095169,0.0095169,0.0095169
711,72062.4,0.6692,0.9413,1.00188,0.9193,0.9218,0.94006,0.83827,0.64154,0.89181,0.93337,0.00951556,0.00951556,0.00951556
712,72137.9,0.66809,0.95935,1.00304,0.91929,0.92143,0.94012,0.83967,0.64197,0.89131,0.93356,0.00951422,0.00951422,0.00951422
713,72212.9,0.67773,0.93372,1.01823,0.91705,0.91927,0.94008,0.83934,0.64169,0.89218,0.93346,0.00951288,0.00951288,0.00951288
714,72289.9,0.67959,0.95185,1.01907,0.92468,0.91741,0.94054,0.84012,0.64117,0.89195,0.93337,0.00951153,0.00951153,0.00951153
715,72367.6,0.67513,0.96248,1.01497,0.92464,0.91696,0.94043,0.83975,0.64139,0.89092,0.93353,0.00951018,0.00951018,0.00951018
716,72443.6,0.6636,0.93651,1.01126,0.91526,0.92351,0.94042,0.83795,0.64091,0.8924,0.93348,0.00950883,0.00950883,0.00950883
717,72520,0.66627,0.91759,1.00536,0.91304,0.92296,0.94046,0.83938,0.64009,0.89062,0.93311,0.00950748,0.00950748,0.00950748
718,72596.1,0.67209,0.94533,1.00183,0.91533,0.92391,0.94043,0.83868,0.63972,0.88571,0.93303,0.00950613,0.00950613,0.00950613
719,72673.2,0.66936,0.8969,1.01061,0.91545,0.92407,0.94044,0.83786,0.63864,0.88472,0.93206,0.00950477,0.00950477,0.00950477
720,72750.2,0.6567,0.89657,1.00835,0.91561,0.92368,0.94041,0.83943,0.639,0.8849,0.93285,0.00950341,0.00950341,0.00950341
721,72826.7,0.65522,0.89485,1.00574,0.91576,0.92243,0.94049,0.84018,0.63878,0.88488,0.93254,0.00950206,0.00950206,0.00950206
722,72902.8,0.66634,0.91081,1.00738,0.91575,0.92262,0.94053,0.84058,0.63843,0.88312,0.93226,0.0095007,0.0095007,0.0095007
723,72978,0.65796,0.88742,1.01025,0.9156,0.9243,0.94074,0.83903,0.63778,0.88476,0.93139,0.00949933,0.00949933,0.00949933
724,73053.7,0.6653,0.92949,1.01259,0.91277,0.92497,0.94042,0.83819,0.63739,0.88298,0.93121,0.00949797,0.00949797,0.00949797
725,73128.5,0.67629,0.93134,1.01739,0.91276,0.9261,0.94055,0.83953,0.63733,0.88289,0.93107,0.0094966,0.0094966,0.0094966
726,73203.8,0.6825,0.95112,1.01641,0.91264,0.92483,0.94102,0.83925,0.6373,0.88172,0.93096,0.00949524,0.00949524,0.00949524
727,73277.7,0.66875,0.93181,1.00384,0.91256,0.92512,0.94107,0.83917,0.63771,0.88194,0.93108,0.00949387,0.00949387,0.00949387
728,73352.7,0.67707,0.94862,1.01565,0.91256,0.92542,0.94109,0.83953,0.63762,0.88221,0.93098,0.0094925,0.0094925,0.0094925
729,73427.2,0.67057,0.92821,1.01819,0.91245,0.92537,0.941,0.84048,0.63808,0.88408,0.93124,0.00949112,0.00949112,0.00949112
730,73500.2,0.67021,0.90587,1.01694,0.92659,0.91255,0.94107,0.84102,0.63817,0.88294,0.93121,0.00948975,0.00948975,0.00948975
731,73573.6,0.67881,0.91855,1.01509,0.92661,0.91278,0.94076,0.83994,0.63735,0.88294,0.93092,0.00948837,0.00948837,0.00948837
732,73648.4,0.66862,0.92889,1.00768,0.92667,0.91346,0.94086,0.8409,0.63746,0.88343,0.93075,0.009487,0.009487,0.009487
733,73723.4,0.66769,0.90526,1.01112,0.92587,0.91374,0.94053,0.84045,0.6375,0.8868,0.93104,0.00948562,0.00948562,0.00948562
734,73798.8,0.67588,0.91471,1.01707,0.92551,0.91361,0.94066,0.83939,0.63742,0.88677,0.9309,0.00948423,0.00948423,0.00948423
735,73873,0.66273,0.92054,1.01243,0.92559,0.91353,0.94108,0.84031,0.6372,0.88718,0.93072,0.00948285,0.00948285,0.00948285
736,73947.2,0.65293,0.91639,0.99508,0.92602,0.91353,0.94072,0.83953,0.63646,0.88742,0.93026,0.00948147,0.00948147,0.00948147
737,74022.1,0.66864,0.93547,1.01665,0.92476,0.91358,0.94123,0.84171,0.63645,0.8877,0.93042,0.00948008,0.00948008,0.00948008
738,74097.8,0.66113,0.90963,1.00235,0.92468,0.91337,0.94147,0.84222,0.6361,0.88826,0.93023,0.00947869,0.00947869,0.00947869
739,74171,0.6815,0.9225,1.01488,0.91253,0.92296,0.94135,0.84174,0.63504,0.88913,0.92998,0.0094773,0.0094773,0.0094773
740,74244.8,0.67122,0.90424,1.01521,0.91306,0.92208,0.94133,0.84252,0.63478,0.88919,0.93003,0.00947591,0.00947591,0.00947591
741,74317.7,0.65995,0.88589,0.99679,0.91314,0.92203,0.94126,0.84227,0.63476,0.88805,0.92972,0.00947452,0.00947452,0.00947452
742,74390.4,0.66579,0.90964,1.01385,0.91348,0.92188,0.94152,0.84148,0.6346,0.88721,0.92966,0.00947312,0.00947312,0.00947312
743,74464.6,0.66475,0.94305,1.00748,0.91355,0.92188,0.94176,0.84106,0.63445,0.88728,0.92972,0.00947172,0.00947172,0.00947172
744,74538.9,0.65945,0.90958,1.00315,0.91564,0.92188,0.94104,0.84116,0.63463,0.88757,0.92981,0.00947032,0.00947032,0.00947032
745,74612.6,0.67167,0.92506,1.00965,0.91765,0.91483,0.94117,0.84086,0.63472,0.88757,0.92961,0.00946892,0.00946892,0.00946892
746,74687.2,0.68448,0.93476,1.01654,0.91811,0.91481,0.94115,0.84106,0.63361,0.88387,0.92948,0.00946752,0.00946752,0.00946752
747,74761.1,0.67061,0.95105,1.01083,0.91811,0.91489,0.9416,0.8422,0.63445,0.88282,0.93044,0.00946612,0.00946612,0.00946612
748,74836.1,0.67157,0.89149,1.01329,0.91766,0.91543,0.94174,0.83887,0.63442,0.88212,0.9304,0.00946471,0.00946471,0.00946471
749,74909.4,0.66605,0.90487,1.00868,0.91798,0.91846,0.94111,0.83905,0.63449,0.88283,0.93072,0.0094633,0.0094633,0.0094633
750,74982.9,0.6734,0.92782,1.01074,0.91816,0.92051,0.94131,0.83884,0.63443,0.88233,0.93061,0.00946189,0.00946189,0.00946189
751,75055.5,0.66074,0.90783,1.01146,0.9181,0.91979,0.94125,0.83844,0.6348,0.88191,0.93068,0.00946048,0.00946048,0.00946048
752,75129.1,0.67912,0.91049,1.01404,0.91708,0.91864,0.94096,0.83966,0.6352,0.88013,0.93081,0.00945907,0.00945907,0.00945907
753,75201.3,0.66986,0.93053,1.01415,0.91807,0.91933,0.94187,0.84092,0.63534,0.87949,0.93102,0.00945765,0.00945765,0.00945765
754,75274.9,0.6738,0.96145,1.01426,0.91757,0.91844,0.94188,0.83991,0.63565,0.88009,0.9312,0.00945624,0.00945624,0.00945624
755,75347.5,0.6646,0.898,1.01275,0.91786,0.91862,0.94133,0.83868,0.63608,0.88085,0.9315,0.00945482,0.00945482,0.00945482
756,75419.4,0.66443,0.94506,1.01904,0.91805,0.91864,0.94199,0.83982,0.63527,0.88164,0.93077,0.0094534,0.0094534,0.0094534
757,75492.5,0.66495,0.91274,1.01842,0.91857,0.91875,0.94171,0.84014,0.63556,0.88317,0.931,0.00945198,0.00945198,0.00945198
758,75564.9,0.66899,0.93888,1.01237,0.92007,0.91696,0.94134,0.83979,0.63623,0.88387,0.93137,0.00945056,0.00945056,0.00945056
759,75637.9,0.66862,0.91064,1.00634,0.92006,0.91693,0.94174,0.83999,0.6369,0.88574,0.9315,0.00944913,0.00944913,0.00944913
760,75712.4,0.65923,0.94746,1.00646,0.92007,0.91699,0.942,0.83922,0.63727,0.88767,0.93171,0.0094477,0.0094477,0.0094477
761,75786.1,0.66457,0.90999,1.01101,0.92007,0.917,0.94193,0.83853,0.63756,0.88965,0.9316,0.00944628,0.00944628,0.00944628
762,75860.4,0.68505,0.90264,1.0195,0.92007,0.91686,0.94179,0.84002,0.63797,0.88975,0.93163,0.00944485,0.00944485,0.00944485
763,75934.9,0.67158,0.91016,1.00559,0.92007,0.91684,0.94146,0.83901,0.63781,0.88858,0.93157,0.00944341,0.00944341,0.00944341
764,76008,0.66208,0.90073,1.009,0.91979,0.91841,0.94145,0.83826,0.63763,0.88767,0.93138,0.00944198,0.00944198,0.00944198
765,76081,0.66606,0.93556,1.00797,0.88733,0.95573,0.94196,0.8402,0.6372,0.88637,0.93112,0.00944054,0.00944054,0.00944054
766,76154.8,0.688,0.93035,1.02633,0.88799,0.95573,0.94203,0.84097,0.63756,0.88596,0.931,0.00943911,0.00943911,0.00943911
767,76228.2,0.65694,0.92253,0.99726,0.88809,0.95573,0.94214,0.84075,0.63789,0.88522,0.93098,0.00943767,0.00943767,0.00943767
768,76301.6,0.67204,0.90009,1.0188,0.8866,0.95573,0.94202,0.84236,0.63808,0.885,0.93107,0.00943623,0.00943623,0.00943623
769,76374.9,0.66882,0.88356,1.00804,0.88604,0.95573,0.9421,0.84047,0.63819,0.8869,0.93124,0.00943478,0.00943478,0.00943478
770,76447.1,0.65819,0.91989,1.00601,0.88541,0.95573,0.94186,0.84014,0.63788,0.88781,0.93118,0.00943334,0.00943334,0.00943334
771,76520.8,0.67363,0.89601,1.0154,0.88548,0.95573,0.94174,0.83985,0.63786,0.88586,0.93103,0.00943189,0.00943189,0.00943189
772,76595,0.66794,0.91336,1.01024,0.88513,0.95573,0.9419,0.84027,0.63767,0.88516,0.93103,0.00943045,0.00943045,0.00943045
773,76669.8,0.65886,0.92478,1.00155,0.88501,0.95322,0.94172,0.84032,0.63816,0.88348,0.9312,0.009429,0.009429,0.009429
774,76744.1,0.66594,0.93504,1.00217,0.8863,0.95312,0.9427,0.83854,0.63808,0.88336,0.93132,0.00942755,0.00942755,0.00942755
775,76817.9,0.66832,0.90543,1.01189,0.88669,0.95245,0.94232,0.83876,0.63784,0.88035,0.93123,0.00942609,0.00942609,0.00942609
776,76891.3,0.6678,0.94123,1.01181,0.90115,0.9426,0.94303,0.83936,0.6376,0.87878,0.93121,0.00942464,0.00942464,0.00942464
777,76964.9,0.68338,0.89644,1.01326,0.90128,0.94253,0.94222,0.83818,0.63788,0.87762,0.93145,0.00942318,0.00942318,0.00942318
778,77039.3,0.66233,0.927,1.01179,0.90192,0.94246,0.94277,0.84026,0.63821,0.87637,0.93158,0.00942173,0.00942173,0.00942173
779,77112.6,0.65818,0.90205,1.01141,0.90515,0.94216,0.94216,0.83726,0.63848,0.87817,0.93183,0.00942027,0.00942027,0.00942027
780,77185.1,0.687,0.94884,1.02149,0.90446,0.94257,0.94245,0.8388,0.6384,0.87694,0.9319,0.0094188,0.0094188,0.0094188
781,77258.3,0.66863,0.92277,1.00978,0.89855,0.95055,0.94231,0.83804,0.63856,0.87776,0.93198,0.00941734,0.00941734,0.00941734
782,77331.9,0.66187,0.89808,1.00964,0.89715,0.95053,0.94343,0.84037,0.63937,0.87812,0.93223,0.00941588,0.00941588,0.00941588
783,77404.1,0.65547,0.93135,0.99834,0.90381,0.94713,0.94301,0.83931,0.63909,0.87535,0.93213,0.00941441,0.00941441,0.00941441
784,77477.1,0.66106,0.9102,1.0007,0.90409,0.9449,0.94291,0.83962,0.63856,0.87486,0.93182,0.00941294,0.00941294,0.00941294
785,77551.9,0.66634,0.92565,1.01378,0.90439,0.94383,0.94284,0.84062,0.6385,0.87321,0.93173,0.00941147,0.00941147,0.00941147
786,77626.4,0.66249,0.91693,1.00979,0.9037,0.94381,0.94354,0.83999,0.6382,0.87424,0.93148,0.00941,0.00941,0.00941
787,77702.1,0.64965,0.91046,0.99938,0.90355,0.94359,0.94307,0.84023,0.63787,0.87406,0.93137,0.00940853,0.00940853,0.00940853
788,77777.3,0.67716,0.95336,1.01115,0.90367,0.9431,0.943,0.83965,0.63807,0.87389,0.93144,0.00940705,0.00940705,0.00940705
789,77852.7,0.66211,0.91415,1.01011,0.90342,0.9433,0.94333,0.84028,0.63734,0.87269,0.93108,0.00940557,0.00940557,0.00940557
790,77926.8,0.68334,0.9292,1.01176,0.90263,0.94396,0.94324,0.83875,0.63717,0.87185,0.93101,0.0094041,0.0094041,0.0094041
791,78000.4,0.65734,0.89876,1.0027,0.90165,0.9443,0.9431,0.83966,0.63691,0.87194,0.93075,0.00940262,0.00940262,0.00940262
792,78074.6,0.66662,0.90834,1.01264,0.90006,0.94506,0.94337,0.83979,0.63641,0.87347,0.93044,0.00940113,0.00940113,0.00940113
793,78148.4,0.67693,0.93019,1.00348,0.90017,0.94523,0.94284,0.84142,0.63616,0.87278,0.9303,0.00939965,0.00939965,0.00939965
794,78222.5,0.65775,0.90676,1.00711,0.89975,0.9472,0.94283,0.84168,0.6361,0.87402,0.93042,0.00939816,0.00939816,0.00939816
795,78297.7,0.67768,0.91379,1.01159,0.89938,0.94714,0.94297,0.84143,0.63653,0.87363,0.93057,0.00939668,0.00939668,0.00939668
796,78372.5,0.64694,0.8863,0.99851,0.89996,0.94651,0.94277,0.8415,0.63633,0.87356,0.93056,0.00939519,0.00939519,0.00939519
797,78447.6,0.66982,0.91745,1.00623,0.89965,0.94608,0.9431,0.84158,0.63619,0.87343,0.93043,0.0093937,0.0093937,0.0093937
798,78522.4,0.66486,0.91831,1.00738,0.90068,0.94531,0.94275,0.84125,0.63689,0.87348,0.93084,0.00939221,0.00939221,0.00939221
799,78594.9,0.67662,0.91538,1.01519,0.90162,0.94531,0.94237,0.84044,0.63649,0.87232,0.93066,0.00939071,0.00939071,0.00939071
800,78667.7,0.67153,0.89818,1.01026,0.90145,0.94531,0.94249,0.84098,0.6366,0.87184,0.93079,0.00938922,0.00938922,0.00938922
801,78740.8,0.66336,0.87913,1.01333,0.90124,0.94531,0.94281,0.84152,0.63665,0.87174,0.93072,0.00938772,0.00938772,0.00938772
802,78814.3,0.6701,0.91943,1.00668,0.9014,0.94531,0.94275,0.84083,0.63679,0.87011,0.93061,0.00938622,0.00938622,0.00938622
803,78889,0.6734,0.9108,1.01189,0.90215,0.94629,0.94271,0.84135,0.63791,0.87532,0.9313,0.00938472,0.00938472,0.00938472
804,78962.8,0.66273,0.94463,1.01262,0.90211,0.94628,0.94266,0.84133,0.63784,0.87548,0.9313,0.00938322,0.00938322,0.00938322
805,79035.3,0.66503,0.9191,1.00299,0.90141,0.94531,0.94258,0.84066,0.63754,0.87468,0.93111,0.00938171,0.00938171,0.00938171
806,79106.6,0.67389,0.89003,1.00818,0.90184,0.94531,0.94262,0.84048,0.63762,0.87322,0.93113,0.0093802,0.0093802,0.0093802
807,79178.8,0.67577,0.94923,1.01169,0.90253,0.94531,0.94248,0.84012,0.63729,0.87363,0.93106,0.0093787,0.0093787,0.0093787
808,79251.1,0.65748,0.91017,1.00604,0.90326,0.94557,0.94248,0.84038,0.63747,0.87551,0.93084,0.00937719,0.00937719,0.00937719
809,79324.8,0.66236,0.90814,1.01225,0.90328,0.94551,0.94273,0.8401,0.63753,0.87416,0.9308,0.00937568,0.00937568,0.00937568
810,79398.2,0.66365,0.90101,1.00227,0.90322,0.94531,0.94251,0.84056,0.6376,0.87396,0.93086,0.00937416,0.00937416,0.00937416
811,79469.7,0.65061,0.91132,1.00697,0.90331,0.94531,0.94239,0.84055,0.63761,0.87408,0.93082,0.00937265,0.00937265,0.00937265
812,79542.3,0.65213,0.90151,1.00462,0.90386,0.94464,0.94312,0.84102,0.63698,0.87309,0.93033,0.00937113,0.00937113,0.00937113
813,79616.2,0.68575,0.92971,1.01942,0.90362,0.94356,0.94328,0.8417,0.63705,0.87389,0.9302,0.00936961,0.00936961,0.00936961
814,79689.8,0.66117,0.88409,1.00516,0.9038,0.94271,0.9433,0.84249,0.63692,0.87295,0.92996,0.0093681,0.0093681,0.0093681
815,79761.3,0.66747,0.91641,1.00619,0.90455,0.94271,0.94333,0.84264,0.6363,0.87186,0.92959,0.00936657,0.00936657,0.00936657
816,79832.2,0.67643,0.91497,1.01797,0.90562,0.94271,0.94381,0.84271,0.63643,0.87287,0.92931,0.00936505,0.00936505,0.00936505
817,79904.8,0.66892,0.9142,1.00631,0.9058,0.93981,0.94321,0.84171,0.63638,0.874,0.92922,0.00936353,0.00936353,0.00936353
818,79976.8,0.65582,0.90344,1.00929,0.90588,0.9394,0.94336,0.84277,0.63638,0.87419,0.92928,0.009362,0.009362,0.009362
819,80048.9,0.65417,0.9028,1.00546,0.90608,0.93934,0.9434,0.8422,0.6364,0.87627,0.92909,0.00936047,0.00936047,0.00936047
820,80121.3,0.65062,0.89996,1.00184,0.90614,0.93885,0.94362,0.84253,0.63614,0.8756,0.92905,0.00935894,0.00935894,0.00935894
821,80194.1,0.65326,0.89283,1.00125,0.90621,0.93874,0.94316,0.84335,0.63691,0.87759,0.92943,0.00935741,0.00935741,0.00935741
822,80266.3,0.66124,0.88848,1.00869,0.90523,0.9375,0.94333,0.8417,0.63669,0.87681,0.9291,0.00935588,0.00935588,0.00935588
823,80340.1,0.66601,0.89954,1.01211,0.90496,0.9375,0.94339,0.84313,0.6365,0.8761,0.92884,0.00935434,0.00935434,0.00935434
824,80411.5,0.65864,0.91846,1.00173,0.9047,0.9375,0.94321,0.84172,0.6366,0.87719,0.92865,0.0093528,0.0093528,0.0093528
825,80480.9,0.65741,0.91795,1.01041,0.90483,0.9375,0.94321,0.84179,0.63611,0.87734,0.92851,0.00935127,0.00935127,0.00935127
826,80551.8,0.67305,0.91389,1.01093,0.90555,0.9375,0.94329,0.84308,0.63581,0.87661,0.92808,0.00934973,0.00934973,0.00934973
827,80624.7,0.6532,0.8852,1.00223,0.9062,0.9375,0.94301,0.84207,0.63587,0.87631,0.92794,0.00934818,0.00934818,0.00934818
828,80698.4,0.6516,0.91679,1.00805,0.90645,0.9375,0.94278,0.84135,0.63545,0.87731,0.92768,0.00934664,0.00934664,0.00934664
829,80772.9,0.64752,0.89599,0.99897,0.90672,0.9375,0.94274,0.84145,0.63524,0.87726,0.92749,0.0093451,0.0093451,0.0093451
830,80847.3,0.65756,0.8965,1.00383,0.90402,0.93866,0.94294,0.84106,0.6352,0.87745,0.92754,0.00934355,0.00934355,0.00934355
831,80921.7,0.64491,0.86891,0.99465,0.90423,0.93958,0.94285,0.841,0.63468,0.87842,0.9273,0.009342,0.009342,0.009342
832,80996.4,0.66602,0.8892,1.00929,0.90444,0.9408,0.94337,0.84116,0.63423,0.87712,0.92708,0.00934045,0.00934045,0.00934045
833,81070.4,0.66323,0.91044,0.9993,0.90481,0.94082,0.94329,0.84104,0.63401,0.87808,0.92689,0.0093389,0.0093389,0.0093389
834,81144.7,0.65302,0.87399,0.99429,0.90433,0.9401,0.94319,0.84094,0.63392,0.87857,0.92695,0.00933734,0.00933734,0.00933734
835,81219.2,0.6532,0.9199,0.9998,0.90416,0.94042,0.94337,0.84137,0.63355,0.87892,0.92674,0.00933579,0.00933579,0.00933579
836,81293.3,0.65418,0.85505,0.99468,0.90208,0.94271,0.94306,0.8404,0.63303,0.87738,0.92678,0.00933423,0.00933423,0.00933423
837,81367.5,0.67568,0.94008,1.02588,0.90156,0.94311,0.94327,0.84012,0.63279,0.87759,0.92658,0.00933267,0.00933267,0.00933267
838,81439.6,0.6456,0.87954,1.00586,0.90145,0.94329,0.94333,0.83945,0.63238,0.87902,0.92633,0.00933111,0.00933111,0.00933111
839,81510.9,0.65074,0.89625,1.00502,0.9016,0.94271,0.94323,0.84151,0.63198,0.87932,0.92606,0.00932955,0.00932955,0.00932955
840,81584,0.65697,0.92544,1.00594,0.89744,0.94483,0.94336,0.84124,0.63193,0.87916,0.92566,0.00932799,0.00932799,0.00932799
841,81659.4,0.66302,0.90561,1.01501,0.89754,0.94391,0.943,0.84031,0.63188,0.87872,0.92555,0.00932642,0.00932642,0.00932642
842,81733.7,0.661,0.89407,1.00259,0.9001,0.94344,0.94429,0.8415,0.63151,0.87924,0.92513,0.00932485,0.00932485,0.00932485
843,81808.7,0.66758,0.90552,1.01026,0.898,0.94366,0.94332,0.84056,0.63172,0.88113,0.92533,0.00932328,0.00932328,0.00932328
844,81883.8,0.66069,0.91783,1.00097,0.89875,0.94374,0.94339,0.84085,0.63157,0.88143,0.9253,0.00932171,0.00932171,0.00932171
845,81958.2,0.66688,0.89528,1.00832,0.89977,0.94291,0.9438,0.84049,0.6319,0.87985,0.92554,0.00932014,0.00932014,0.00932014
846,82032.7,0.65393,0.89627,1.00824,0.90193,0.94271,0.94324,0.83971,0.63141,0.88059,0.92527,0.00931857,0.00931857,0.00931857
847,82108.4,0.65428,0.90629,1.0005,0.90096,0.94271,0.94372,0.8411,0.63155,0.88079,0.92524,0.00931699,0.00931699,0.00931699
848,82183,0.66122,0.9236,1.0084,0.90122,0.94271,0.94417,0.84236,0.63167,0.88249,0.92521,0.00931542,0.00931542,0.00931542
849,82256.9,0.65626,0.88734,1.01055,0.89901,0.94271,0.94422,0.84206,0.63162,0.88425,0.92516,0.00931384,0.00931384,0.00931384
850,82330.3,0.66175,0.89443,1.01023,0.89964,0.94271,0.94414,0.84164,0.63074,0.88155,0.92462,0.00931226,0.00931226,0.00931226
851,82404.5,0.6583,0.93742,0.99884,0.89495,0.94016,0.94364,0.8415,0.63041,0.882,0.92459,0.00931067,0.00931067,0.00931067
852,82476.3,0.65563,0.89197,1.00653,0.89436,0.94312,0.94383,0.84305,0.63079,0.88395,0.92465,0.00930909,0.00930909,0.00930909
853,82550.2,0.64653,0.87178,0.99801,0.89741,0.94271,0.94385,0.84329,0.63023,0.88364,0.92435,0.0093075,0.0093075,0.0093075
854,82622.5,0.66121,0.89963,1.00394,0.89662,0.94378,0.94397,0.84425,0.62986,0.88192,0.92383,0.00930592,0.00930592,0.00930592
855,82695.9,0.64802,0.90921,0.99519,0.89837,0.94584,0.94465,0.84396,0.62939,0.88017,0.92368,0.00930433,0.00930433,0.00930433
856,82766.9,0.6676,0.90597,1.00992,0.89825,0.9464,0.94471,0.84508,0.6301,0.88624,0.92403,0.00930274,0.00930274,0.00930274
857,82838.6,0.66414,0.90775,1.0125,0.8979,0.9466,0.94453,0.84534,0.6296,0.88418,0.92386,0.00930114,0.00930114,0.00930114
858,82910.5,0.65761,0.9184,1.00555,0.8978,0.9471,0.94469,0.84513,0.62949,0.88346,0.9237,0.00929955,0.00929955,0.00929955
859,82982.4,0.66055,0.89863,1.00429,0.89786,0.94749,0.94483,0.84614,0.62894,0.88306,0.92336,0.00929795,0.00929795,0.00929795
860,83053.6,0.65213,0.86485,1.01146,0.89828,0.9474,0.94446,0.84534,0.62881,0.88506,0.92332,0.00929636,0.00929636,0.00929636
861,83125.3,0.66418,0.915,1.00902,0.89883,0.948,0.94501,0.84691,0.62836,0.88417,0.92325,0.00929476,0.00929476,0.00929476
862,83196,0.66113,0.90346,1.00404,0.89957,0.94829,0.94511,0.84667,0.62788,0.8826,0.92304,0.00929316,0.00929316,0.00929316
863,83264.9,0.65866,0.9031,1.00189,0.90034,0.9487,0.94495,0.84684,0.62722,0.87969,0.9226,0.00929155,0.00929155,0.00929155
864,83334.4,0.65655,0.92248,1.00438,0.90115,0.94944,0.94475,0.84566,0.62671,0.87934,0.92213,0.00928995,0.00928995,0.00928995
865,83405,0.6657,0.91751,1.00975,0.90165,0.94953,0.94486,0.84557,0.62661,0.87834,0.92204,0.00928834,0.00928834,0.00928834
866,83476.4,0.65489,0.90497,1.0034,0.8992,0.94934,0.94475,0.84574,0.62561,0.87743,0.9214,0.00928674,0.00928674,0.00928674
867,83547.9,0.65446,0.89915,0.99573,0.89847,0.94992,0.94477,0.84642,0.62455,0.8785,0.92083,0.00928513,0.00928513,0.00928513
868,83619.4,0.66969,0.91811,1.01198,0.89903,0.94977,0.94498,0.84611,0.62416,0.87945,0.92061,0.00928352,0.00928352,0.00928352
869,83691.8,0.64813,0.87859,0.9924,0.89862,0.9505,0.94482,0.84726,0.62391,0.87774,0.92066,0.0092819,0.0092819,0.0092819
870,83764.1,0.65155,0.89582,1.001,0.89885,0.95052,0.94488,0.84784,0.62375,0.8783,0.92032,0.00928029,0.00928029,0.00928029
871,83835.9,0.6484,0.89434,0.99839,0.89894,0.95048,0.94466,0.84687,0.62347,0.87663,0.92017,0.00927867,0.00927867,0.00927867
872,83907.9,0.66368,0.90553,1.00254,0.89901,0.95035,0.94503,0.84822,0.62288,0.8757,0.91979,0.00927706,0.00927706,0.00927706
873,83978.9,0.65465,0.88598,1.00271,0.90126,0.94128,0.94467,0.84779,0.62232,0.87794,0.91944,0.00927544,0.00927544,0.00927544
874,84050,0.67151,0.90632,1.01449,0.90125,0.9409,0.94507,0.84844,0.62181,0.87737,0.91907,0.00927382,0.00927382,0.00927382
875,84121.3,0.65543,0.88404,1.00041,0.90124,0.94067,0.94547,0.84935,0.6216,0.87798,0.91887,0.00927219,0.00927219,0.00927219
876,84193.5,0.65395,0.89902,1.00578,0.92584,0.90334,0.94492,0.84891,0.62169,0.87917,0.91904,0.00927057,0.00927057,0.00927057
877,84265.3,0.65464,0.90121,1.01459,0.92588,0.90328,0.94477,0.84854,0.62126,0.87909,0.91881,0.00926894,0.00926894,0.00926894
878,84337.4,0.64893,0.90479,0.99946,0.92579,0.90333,0.945,0.84591,0.62099,0.87685,0.91848,0.00926732,0.00926732,0.00926732
879,84408.6,0.65446,0.90039,1.00102,0.92583,0.90371,0.945,0.84743,0.6213,0.8798,0.91871,0.00926569,0.00926569,0.00926569
880,84479.6,0.65655,0.86933,1.0049,0.92584,0.9039,0.94507,0.84725,0.62128,0.88063,0.91895,0.00926406,0.00926406,0.00926406
881,84551.2,0.6647,0.94187,1.00248,0.92584,0.90391,0.94481,0.84788,0.62109,0.88016,0.91898,0.00926242,0.00926242,0.00926242
882,84624.2,0.65332,0.88558,0.99739,0.92593,0.90484,0.94514,0.84972,0.62145,0.88051,0.91915,0.00926079,0.00926079,0.00926079
883,84696,0.66102,0.88339,1.00039,0.92596,0.90503,0.94435,0.84875,0.6212,0.87915,0.9188,0.00925915,0.00925915,0.00925915
884,84766.6,0.66647,0.87808,1.00778,0.92597,0.90513,0.94447,0.84865,0.62087,0.87787,0.91848,0.00925752,0.00925752,0.00925752
885,84837.9,0.6456,0.90191,0.99753,0.926,0.90537,0.94473,0.84785,0.62055,0.87639,0.91819,0.00925588,0.00925588,0.00925588
886,84908.9,0.65758,0.8884,0.99974,0.92595,0.90482,0.94414,0.84729,0.62035,0.87922,0.91828,0.00925423,0.00925423,0.00925423
887,84978.1,0.65771,0.87868,1.00279,0.89127,0.93373,0.94444,0.84784,0.6198,0.87855,0.91793,0.00925259,0.00925259,0.00925259
888,85048.3,0.67111,0.9324,1.01745,0.89096,0.93556,0.94436,0.84598,0.6196,0.87824,0.91791,0.00925095,0.00925095,0.00925095
889,85118.5,0.65653,0.88553,1.00397,0.89101,0.93895,0.94417,0.84345,0.6192,0.87726,0.91762,0.0092493,0.0092493,0.0092493
890,85188.9,0.66748,0.8911,1.0119,0.89092,0.93783,0.94386,0.84395,0.61908,0.87768,0.91778,0.00924765,0.00924765,0.00924765
891,85257.8,0.65375,0.90246,1.00482,0.89094,0.93648,0.94396,0.84768,0.61873,0.87873,0.91788,0.00924601,0.00924601,0.00924601
892,85328.9,0.65872,0.91442,0.99914,0.92561,0.90589,0.94448,0.8455,0.61892,0.87886,0.91798,0.00924435,0.00924435,0.00924435
893,85398.7,0.65373,0.88072,0.99909,0.89256,0.93367,0.9441,0.84552,0.61878,0.87939,0.91783,0.0092427,0.0092427,0.0092427
894,85468.7,0.64682,0.9075,0.99235,0.893,0.93366,0.94422,0.84653,0.61911,0.88008,0.91796,0.00924105,0.00924105,0.00924105
895,85538.2,0.66336,0.9059,1.00939,0.9219,0.90647,0.94409,0.84657,0.61964,0.87982,0.91906,0.00923939,0.00923939,0.00923939
896,85609,0.65452,0.89121,0.99988,0.92181,0.90659,0.94376,0.84602,0.61973,0.88011,0.91909,0.00923774,0.00923774,0.00923774
897,85680.3,0.66558,0.90276,1.01163,0.90158,0.93627,0.94455,0.84734,0.61972,0.88131,0.91906,0.00923608,0.00923608,0.00923608
898,85751,0.66453,0.91688,1.01179,0.9021,0.93623,0.94375,0.84636,0.61982,0.88012,0.919,0.00923442,0.00923442,0.00923442
899,85819.4,0.65603,0.87774,1.00056,0.90198,0.93614,0.94456,0.8472,0.6198,0.87931,0.91903,0.00923275,0.00923275,0.00923275
900,85890.4,0.66286,0.91956,1.00389,0.90165,0.9363,0.94418,0.84678,0.61931,0.87969,0.91885,0.00923109,0.00923109,0.00923109
901,85961.9,0.66384,0.88812,1.00599,0.90224,0.93702,0.94407,0.84724,0.61895,0.87879,0.91879,0.00922942,0.00922942,0.00922942
902,86030,0.66462,0.88936,1.01179,0.9018,0.94507,0.94428,0.84604,0.61905,0.87915,0.91886,0.00922776,0.00922776,0.00922776
903,86102.5,0.65475,0.87821,1.00257,0.89947,0.94474,0.94433,0.84351,0.61912,0.87886,0.91871,0.00922609,0.00922609,0.00922609
904,86171.3,0.65974,0.92865,1.00236,0.89737,0.94466,0.94411,0.84475,0.61913,0.88027,0.91878,0.00922442,0.00922442,0.00922442
905,86239.7,0.65416,0.8708,1.0049,0.89563,0.94515,0.94406,0.84295,0.61913,0.88066,0.91936,0.00922274,0.00922274,0.00922274
906,86309.1,0.65024,0.90044,0.99227,0.89522,0.94531,0.94393,0.84547,0.61897,0.88262,0.91938,0.00922107,0.00922107,0.00922107
907,86378,0.64799,0.8735,1.00107,0.89394,0.94531,0.9444,0.84459,0.61854,0.88362,0.91926,0.00921939,0.00921939,0.00921939
908,86446.9,0.66297,0.87851,1.0043,0.89657,0.94531,0.9441,0.84549,0.61844,0.88376,0.91933,0.00921772,0.00921772,0.00921772
909,86516.4,0.66037,0.88869,1.00302,0.8978,0.9449,0.94412,0.84701,0.61819,0.88273,0.91933,0.00921604,0.00921604,0.00921604
910,86585.8,0.65409,0.91615,0.99019,0.89871,0.94484,0.94406,0.84718,0.6183,0.88263,0.91927,0.00921436,0.00921436,0.00921436
911,86656.1,0.66439,0.88704,1.00572,0.89935,0.94431,0.94415,0.84765,0.61849,0.88148,0.91928,0.00921268,0.00921268,0.00921268
912,86726.1,0.6495,0.89659,1.00105,0.9017,0.9425,0.94419,0.84637,0.61903,0.88117,0.91939,0.00921099,0.00921099,0.00921099
913,86796.2,0.67512,0.94815,1.01193,0.9012,0.94328,0.94428,0.84696,0.61899,0.88159,0.91967,0.00920931,0.00920931,0.00920931
914,86866,0.66775,0.90903,1.00701,0.9013,0.94301,0.94404,0.84795,0.61896,0.88186,0.91992,0.00920762,0.00920762,0.00920762
915,86942.4,0.65543,0.92867,1.00066,0.90154,0.94281,0.94447,0.84694,0.61867,0.88112,0.91971,0.00920593,0.00920593,0.00920593
916,87022,0.65122,0.87217,0.99701,0.90092,0.94271,0.94416,0.84731,0.61847,0.88155,0.9196,0.00920424,0.00920424,0.00920424
917,87101.7,0.6469,0.88429,1,0.90145,0.94271,0.94424,0.84974,0.61805,0.88074,0.91948,0.00920255,0.00920255,0.00920255
918,87181.2,0.63898,0.87,0.99043,0.90146,0.94271,0.94428,0.84819,0.61826,0.88147,0.91946,0.00920085,0.00920085,0.00920085
919,87260.8,0.64103,0.89063,0.99351,0.90208,0.94271,0.94415,0.8481,0.61838,0.88194,0.91949,0.00919916,0.00919916,0.00919916
920,87340.9,0.6383,0.86523,0.98961,0.90255,0.94326,0.94408,0.84823,0.61864,0.8802,0.91939,0.00919746,0.00919746,0.00919746
921,87421.6,0.65093,0.90361,1.00568,0.90293,0.94396,0.94414,0.84946,0.61874,0.88083,0.91948,0.00919576,0.00919576,0.00919576
922,87502,0.65504,0.88296,1.00322,0.90292,0.94403,0.94428,0.84932,0.61845,0.88095,0.91934,0.00919406,0.00919406,0.00919406
923,87582.1,0.64545,0.87704,0.99525,0.90293,0.94378,0.94417,0.84817,0.61869,0.88064,0.91942,0.00919236,0.00919236,0.00919236
924,87661.6,0.65039,0.8954,1.00731,0.9004,0.94531,0.94412,0.84782,0.61822,0.8804,0.91912,0.00919066,0.00919066,0.00919066
925,87741.4,0.65627,0.89651,1.00733,0.90005,0.94531,0.94451,0.8484,0.61786,0.88116,0.91901,0.00918895,0.00918895,0.00918895
926,87820.5,0.66521,0.87272,1.00285,0.89841,0.94531,0.944,0.84767,0.61774,0.87954,0.91878,0.00918725,0.00918725,0.00918725
927,87900.1,0.64656,0.87505,0.99875,0.90009,0.94241,0.94467,0.849,0.61836,0.88091,0.91906,0.00918554,0.00918554,0.00918554
928,87979.6,0.65758,0.90056,1.00348,0.89936,0.94209,0.94437,0.84902,0.61841,0.88251,0.91911,0.00918383,0.00918383,0.00918383
929,88059,0.64599,0.86214,0.99198,0.89895,0.94428,0.94464,0.84978,0.61852,0.88177,0.91889,0.00918212,0.00918212,0.00918212
930,88138.3,0.64497,0.89107,0.99122,0.89829,0.94478,0.94438,0.84928,0.6192,0.88157,0.91926,0.0091804,0.0091804,0.0091804
931,88218.2,0.65973,0.86846,0.9987,0.89769,0.94441,0.94429,0.84923,0.61949,0.88558,0.9199,0.00917869,0.00917869,0.00917869
932,88297.8,0.65622,0.91921,1.00154,0.8975,0.94437,0.94419,0.84735,0.61989,0.88557,0.91992,0.00917697,0.00917697,0.00917697
933,88378.2,0.65764,0.87114,0.99578,0.89777,0.94409,0.94402,0.84837,0.6196,0.88736,0.91978,0.00917525,0.00917525,0.00917525
934,88458.3,0.66356,0.90276,1.01467,0.89805,0.94383,0.94421,0.8478,0.61962,0.88809,0.91988,0.00917353,0.00917353,0.00917353
935,88537.9,0.67011,0.89288,1.01828,0.89885,0.93984,0.94447,0.84838,0.61956,0.88737,0.91984,0.00917181,0.00917181,0.00917181
936,88617.4,0.65026,0.9067,0.99694,0.89896,0.94016,0.94445,0.8475,0.61899,0.8883,0.91962,0.00917009,0.00917009,0.00917009
937,88697.9,0.65796,0.93104,1.00422,0.90037,0.93991,0.94434,0.84746,0.61866,0.88598,0.91957,0.00916836,0.00916836,0.00916836
938,88778.4,0.64379,0.8808,1.00255,0.90084,0.94031,0.94448,0.84639,0.61856,0.88565,0.91945,0.00916664,0.00916664,0.00916664
939,88857.8,0.65485,0.90227,1.002,0.90125,0.94056,0.9442,0.84545,0.61823,0.88611,0.91932,0.00916491,0.00916491,0.00916491
940,88937.2,0.63777,0.87647,0.99565,0.90072,0.94072,0.94465,0.84808,0.61815,0.88616,0.91933,0.00916318,0.00916318,0.00916318
941,89016.8,0.64717,0.87652,0.99873,0.90056,0.94067,0.94445,0.84789,0.618,0.8864,0.91933,0.00916145,0.00916145,0.00916145
942,89096,0.65063,0.88515,1.00693,0.89949,0.94047,0.94442,0.84538,0.61805,0.88729,0.91932,0.00915972,0.00915972,0.00915972
943,89176.7,0.661,0.89705,1.00633,0.89866,0.94082,0.94453,0.84578,0.61763,0.88439,0.91925,0.00915798,0.00915798,0.00915798
944,89256.8,0.64688,0.89301,1.00627,0.89868,0.94101,0.94478,0.84561,0.61749,0.88424,0.91933,0.00915625,0.00915625,0.00915625
945,89337.3,0.65939,0.88574,1.00649,0.89883,0.9404,0.94425,0.84499,0.61777,0.88505,0.91955,0.00915451,0.00915451,0.00915451
946,89417,0.65369,0.87165,1.00214,0.89962,0.94035,0.94417,0.84469,0.61781,0.88468,0.91964,0.00915277,0.00915277,0.00915277
947,89497.2,0.65085,0.89631,0.99908,0.89863,0.94034,0.94426,0.84478,0.61756,0.88665,0.91957,0.00915103,0.00915103,0.00915103
948,89577.5,0.64518,0.88004,0.99984,0.91467,0.92332,0.94393,0.84461,0.61759,0.88653,0.91979,0.00914929,0.00914929,0.00914929
949,89657.5,0.65104,0.88492,0.99051,0.91577,0.92432,0.94429,0.84658,0.61731,0.88723,0.91965,0.00914754,0.00914754,0.00914754
950,89736.9,0.64492,0.88157,0.99923,0.91569,0.92355,0.94408,0.84699,0.61696,0.88566,0.91938,0.0091458,0.0091458,0.0091458
951,89817.8,0.64907,0.89767,1.00348,0.91573,0.92403,0.94413,0.84734,0.61644,0.88339,0.91914,0.00914405,0.00914405,0.00914405
952,89897.3,0.66015,0.89864,1.00614,0.91563,0.91927,0.94454,0.84798,0.61651,0.88165,0.91897,0.0091423,0.0091423,0.0091423
953,89975.9,0.65486,0.88629,0.99578,0.91604,0.91927,0.94434,0.84762,0.61647,0.88171,0.919,0.00914055,0.00914055,0.00914055
954,90055.4,0.65202,0.88677,0.99625,0.91646,0.91927,0.94425,0.84779,0.61677,0.87905,0.91922,0.0091388,0.0091388,0.0091388
955,90134.8,0.64587,0.86636,0.99827,0.91662,0.91927,0.944,0.84669,0.61661,0.88024,0.91922,0.00913704,0.00913704,0.00913704
956,90215.4,0.65678,0.90298,1.00091,0.91683,0.91927,0.9446,0.84826,0.61599,0.87751,0.91888,0.00913529,0.00913529,0.00913529
957,90294.7,0.65,0.8864,0.99833,0.9172,0.91927,0.94405,0.8472,0.61599,0.87508,0.91877,0.00913353,0.00913353,0.00913353
958,90374.7,0.65554,0.9057,0.99697,0.91756,0.91927,0.94409,0.84706,0.61587,0.8743,0.91878,0.00913177,0.00913177,0.00913177
959,90454.6,0.6369,0.88556,0.99488,0.91781,0.91927,0.94403,0.84563,0.61531,0.87538,0.91841,0.00913001,0.00913001,0.00913001
960,90534.3,0.65694,0.9302,1.01122,0.93446,0.91064,0.9443,0.84734,0.61501,0.87356,0.91816,0.00912825,0.00912825,0.00912825
961,90614.6,0.66907,0.88315,1.01237,0.91853,0.91927,0.94354,0.8464,0.61463,0.87441,0.91804,0.00912649,0.00912649,0.00912649
962,90694.1,0.6436,0.87119,0.99899,0.93427,0.91125,0.94397,0.84773,0.61429,0.87357,0.91772,0.00912472,0.00912472,0.00912472
963,90774.2,0.64724,0.87441,0.99051,0.93246,0.91927,0.94366,0.84629,0.61432,0.87353,0.91766,0.00912295,0.00912295,0.00912295
964,90853.9,0.66514,0.86861,1.0098,0.93155,0.91927,0.9436,0.84634,0.61395,0.87533,0.91756,0.00912119,0.00912119,0.00912119
965,90933.8,0.64186,0.88633,1.0013,0.93024,0.91927,0.94391,0.84828,0.61437,0.87723,0.91762,0.00911942,0.00911942,0.00911942
966,91014,0.6556,0.89356,1.003,0.93036,0.91927,0.94406,0.84849,0.61493,0.87752,0.91763,0.00911764,0.00911764,0.00911764
967,91093.6,0.65692,0.88,1.0052,0.93064,0.91927,0.94393,0.84882,0.61535,0.8778,0.91792,0.00911587,0.00911587,0.00911587
968,91173.9,0.65415,0.89763,1.0077,0.93065,0.91927,0.94416,0.84753,0.61498,0.87811,0.91761,0.0091141,0.0091141,0.0091141
969,91254.3,0.66574,0.89116,1.00608,0.93011,0.91927,0.94385,0.84777,0.6151,0.8766,0.91795,0.00911232,0.00911232,0.00911232
970,91334.8,0.63495,0.88136,0.98877,0.93317,0.91927,0.94422,0.84769,0.61493,0.87663,0.91778,0.00911054,0.00911054,0.00911054
971,91415.2,0.65773,0.9289,1.0017,0.93328,0.91927,0.94429,0.84793,0.61504,0.87515,0.91797,0.00910876,0.00910876,0.00910876
972,91496,0.64756,0.86294,0.99577,0.93335,0.91922,0.9443,0.84768,0.61462,0.87449,0.9179,0.00910698,0.00910698,0.00910698
973,91576.9,0.63583,0.87504,0.99205,0.93236,0.91927,0.9439,0.84822,0.61454,0.87635,0.9178,0.0091052,0.0091052,0.0091052
974,91657.6,0.64557,0.88178,0.99801,0.9331,0.9191,0.94401,0.84873,0.61431,0.87536,0.91774,0.00910341,0.00910341,0.00910341
975,91737.9,0.64978,0.87241,0.9971,0.933,0.91897,0.94426,0.84934,0.61498,0.87523,0.91794,0.00910163,0.00910163,0.00910163
976,91817.7,0.65707,0.90859,1.00699,0.92969,0.91746,0.94419,0.84833,0.61478,0.87603,0.91784,0.00909984,0.00909984,0.00909984
977,91898,0.6473,0.88315,1.00046,0.92949,0.91682,0.94422,0.84821,0.61484,0.87483,0.91785,0.00909805,0.00909805,0.00909805
978,91978,0.65448,0.89373,1.00441,0.92973,0.91667,0.94455,0.8486,0.61434,0.87309,0.91739,0.00909626,0.00909626,0.00909626
979,92057.3,0.63467,0.87554,0.9965,0.92989,0.91667,0.94445,0.84987,0.61373,0.87437,0.91725,0.00909447,0.00909447,0.00909447
980,92137.3,0.64566,0.88208,0.99252,0.92936,0.91667,0.94445,0.84901,0.61346,0.87263,0.91708,0.00909267,0.00909267,0.00909267
981,92216.9,0.65013,0.90583,0.99585,0.92941,0.91667,0.94435,0.84965,0.61322,0.87429,0.91701,0.00909088,0.00909088,0.00909088
982,92297.7,0.65779,0.8908,1.00611,0.9286,0.91927,0.94464,0.84991,0.6134,0.87656,0.91715,0.00908908,0.00908908,0.00908908
983,92375.9,0.65378,0.88584,0.99841,0.92813,0.91927,0.94427,0.84785,0.61309,0.87621,0.91689,0.00908728,0.00908728,0.00908728
984,92456.5,0.65444,0.90683,1.00861,0.92862,0.91927,0.9441,0.84759,0.61267,0.87614,0.9168,0.00908548,0.00908548,0.00908548
985,92537.8,0.6401,0.87544,0.99686,0.92807,0.91927,0.94416,0.84773,0.61254,0.87509,0.91679,0.00908368,0.00908368,0.00908368
986,92618,0.64682,0.90388,0.9958,0.92663,0.91927,0.94444,0.84838,0.61226,0.87446,0.9167,0.00908188,0.00908188,0.00908188
987,92698.8,0.65923,0.85247,0.99599,0.92598,0.91927,0.94434,0.84864,0.612,0.87277,0.91693,0.00908007,0.00908007,0.00908007
988,92779.9,0.65838,0.89659,0.99557,0.89968,0.94452,0.94433,0.84957,0.61219,0.87242,0.91706,0.00907827,0.00907827,0.00907827
989,92861,0.66161,0.88345,1.00192,0.90015,0.94463,0.94455,0.84824,0.61107,0.8678,0.91641,0.00907646,0.00907646,0.00907646
990,92941.8,0.65533,0.87942,0.99571,0.9011,0.94502,0.94458,0.84816,0.61114,0.87154,0.91673,0.00907465,0.00907465,0.00907465
991,93022.7,0.64923,0.86483,0.99273,0.90184,0.94462,0.94533,0.84864,0.61102,0.87042,0.91668,0.00907284,0.00907284,0.00907284
992,93103.4,0.64302,0.83869,0.99071,0.90325,0.94601,0.94472,0.84832,0.61089,0.87018,0.91686,0.00907102,0.00907102,0.00907102
993,93183.5,0.65275,0.89374,1.0075,0.9033,0.94633,0.94526,0.84892,0.61105,0.87065,0.91723,0.00906921,0.00906921,0.00906921
994,93264.4,0.64415,0.86743,0.99048,0.90331,0.94636,0.94502,0.84804,0.6109,0.87109,0.91716,0.00906739,0.00906739,0.00906739
995,93345.5,0.64559,0.88894,0.99682,0.90338,0.94685,0.94497,0.8475,0.61056,0.87217,0.91702,0.00906557,0.00906557,0.00906557
996,93426.6,0.65251,0.90133,0.9957,0.90254,0.94707,0.94484,0.84705,0.61077,0.87166,0.91724,0.00906375,0.00906375,0.00906375
997,93507.5,0.65006,0.88534,1.00029,0.90172,0.947,0.94484,0.84786,0.61035,0.87448,0.91735,0.00906193,0.00906193,0.00906193
998,93588,0.64414,0.88403,0.98965,0.90165,0.94693,0.94503,0.84852,0.60945,0.87177,0.91695,0.00906011,0.00906011,0.00906011
999,93668.6,0.64548,0.87681,1.00719,0.902,0.94666,0.94488,0.84915,0.60902,0.87284,0.91657,0.00905829,0.00905829,0.00905829
1000,93749.7,0.63746,0.84377,0.9973,0.90358,0.94795,0.94506,0.8481,0.60897,0.87333,0.91655,0.00905646,0.00905646,0.00905646
1001,93830.7,0.64425,0.878,0.99598,0.91337,0.92448,0.94459,0.8493,0.60829,0.87179,0.91638,0.00905463,0.00905463,0.00905463
1002,93911.4,0.64071,0.8451,0.98941,0.91493,0.92688,0.9445,0.84844,0.60802,0.87287,0.9163,0.00905281,0.00905281,0.00905281
1003,93992.5,0.65219,0.89874,0.99717,0.91249,0.92492,0.94473,0.84891,0.60791,0.87429,0.91625,0.00905097,0.00905097,0.00905097
1004,94073.1,0.65253,0.88117,1.00674,0.91247,0.92708,0.94466,0.84953,0.60771,0.87387,0.91612,0.00904914,0.00904914,0.00904914
1005,94154.6,0.63967,0.86899,0.99085,0.91278,0.92672,0.94499,0.849,0.6076,0.87285,0.91608,0.00904731,0.00904731,0.00904731
1006,94236.1,0.64326,0.85999,0.99234,0.9128,0.92705,0.94493,0.849,0.60768,0.87228,0.91597,0.00904547,0.00904547,0.00904547
1007,94316.9,0.64539,0.85856,0.99672,0.91216,0.92708,0.94488,0.84904,0.60733,0.87344,0.91525,0.00904364,0.00904364,0.00904364
1008,94396.7,0.64784,0.84876,0.99882,0.91264,0.92696,0.94476,0.84576,0.60787,0.87297,0.91544,0.0090418,0.0090418,0.0090418
1009,94478.2,0.63655,0.89158,0.98824,0.90954,0.92893,0.94488,0.84778,0.60801,0.87376,0.91555,0.00903996,0.00903996,0.00903996
1010,94559.8,0.65272,0.89239,1.00483,0.90954,0.9291,0.94496,0.84627,0.6083,0.87476,0.91587,0.00903812,0.00903812,0.00903812
1011,94641.1,0.651,0.88037,1.00002,0.90956,0.92926,0.94467,0.8459,0.60872,0.87588,0.91609,0.00903627,0.00903627,0.00903627
1012,94722.7,0.65874,0.86754,0.99863,0.91043,0.92556,0.9448,0.84598,0.60892,0.87601,0.91623,0.00903443,0.00903443,0.00903443
1013,94803.7,0.65274,0.86861,0.99924,0.91046,0.92601,0.94495,0.84578,0.60941,0.87641,0.91642,0.00903258,0.00903258,0.00903258
1014,94885.6,0.6481,0.87798,1.00736,0.9073,0.92937,0.94465,0.84496,0.60945,0.8743,0.91653,0.00903074,0.00903074,0.00903074
1015,94967.3,0.63756,0.86222,0.99143,0.90707,0.93039,0.94497,0.84816,0.60977,0.87645,0.9166,0.00902889,0.00902889,0.00902889
1016,95048.7,0.64669,0.88825,0.99978,0.90707,0.93025,0.94448,0.84516,0.61003,0.8785,0.91672,0.00902703,0.00902703,0.00902703
1017,95130.5,0.64964,0.8864,0.99841,0.90705,0.93078,0.94519,0.84588,0.61021,0.87895,0.91672,0.00902518,0.00902518,0.00902518
1018,95212,0.64934,0.88264,1.00228,0.9071,0.93122,0.94512,0.84641,0.61035,0.87656,0.91658,0.00902333,0.00902333,0.00902333
1019,95293.7,0.65001,0.88433,1.00516,0.90711,0.93139,0.94522,0.84525,0.61026,0.87767,0.91662,0.00902147,0.00902147,0.00902147
1020,95374.9,0.64146,0.85278,0.98961,0.90711,0.93185,0.94512,0.84663,0.61017,0.88026,0.91658,0.00901962,0.00901962,0.00901962
1021,95456.3,0.64068,0.88334,0.9986,0.90695,0.93205,0.94528,0.84538,0.61021,0.88049,0.91634,0.00901776,0.00901776,0.00901776
1022,95537.8,0.64272,0.86521,0.99178,0.90693,0.93197,0.9451,0.84579,0.61027,0.88202,0.91636,0.0090159,0.0090159,0.0090159
1023,95619.6,0.65218,0.87062,1.00449,0.90707,0.93137,0.94483,0.84573,0.61008,0.88323,0.91626,0.00901403,0.00901403,0.00901403
1024,95701,0.63903,0.85043,0.99524,0.90712,0.93126,0.9448,0.84443,0.6098,0.88384,0.91594,0.00901217,0.00901217,0.00901217
1025,95782.6,0.65613,0.87739,1.0024,0.90783,0.92959,0.94485,0.84481,0.60912,0.88033,0.91546,0.00901031,0.00901031,0.00901031
1026,95863.9,0.6385,0.88485,0.99056,0.908,0.92962,0.94351,0.84341,0.60892,0.88143,0.91518,0.00900844,0.00900844,0.00900844
1027,95945.5,0.63457,0.86735,0.99101,0.90789,0.9302,0.94289,0.84364,0.60931,0.88504,0.91535,0.00900657,0.00900657,0.00900657
1028,96026.8,0.63732,0.84725,0.99147,0.90773,0.93004,0.94358,0.84376,0.60929,0.88353,0.9154,0.0090047,0.0090047,0.0090047
1029,96108.2,0.6477,0.85386,0.99469,0.90777,0.93154,0.94342,0.8451,0.60944,0.88341,0.91551,0.00900283,0.00900283,0.00900283
1030,96189.6,0.63884,0.8747,0.99149,0.90726,0.93229,0.9432,0.84557,0.61007,0.8836,0.91575,0.00900096,0.00900096,0.00900096
1031,96271.1,0.64809,0.87192,0.98704,0.90697,0.93229,0.94328,0.84596,0.61074,0.88441,0.9162,0.00899908,0.00899908,0.00899908
1032,96352.9,0.64985,0.86939,0.99425,0.90932,0.93229,0.94389,0.84685,0.61128,0.88443,0.91645,0.00899721,0.00899721,0.00899721
1033,96434.1,0.64735,0.8602,0.98892,0.90906,0.93156,0.94358,0.84648,0.61181,0.8849,0.91675,0.00899533,0.00899533,0.00899533
1034,96515.4,0.63927,0.86891,0.99352,0.90867,0.93018,0.94338,0.84591,0.61242,0.88566,0.91699,0.00899345,0.00899345,0.00899345
1035,96596.4,0.64857,0.89004,0.99271,0.90833,0.93096,0.94305,0.84528,0.6131,0.8853,0.91755,0.00899157,0.00899157,0.00899157
1036,96677.7,0.64144,0.85989,0.98858,0.9081,0.93038,0.9432,0.844,0.61355,0.88519,0.9177,0.00898969,0.00898969,0.00898969
1037,96759.3,0.63849,0.8666,0.99632,0.90784,0.93093,0.94345,0.8462,0.6135,0.88375,0.91779,0.0089878,0.0089878,0.0089878
1038,96840.9,0.64743,0.8848,0.99789,0.90565,0.93109,0.94304,0.84562,0.61435,0.88611,0.91822,0.00898592,0.00898592,0.00898592
1039,96922.4,0.64986,0.87093,0.99607,0.90775,0.93097,0.94329,0.84477,0.61468,0.88569,0.91842,0.00898403,0.00898403,0.00898403
1040,97003.6,0.64486,0.85701,0.99501,0.90422,0.92969,0.94281,0.84578,0.61515,0.88594,0.91868,0.00898214,0.00898214,0.00898214
1041,97085.6,0.65008,0.88905,0.99811,0.90499,0.93086,0.94288,0.84488,0.61564,0.88643,0.91888,0.00898025,0.00898025,0.00898025
1042,97167.4,0.65198,0.87225,1.00356,0.90531,0.92969,0.94313,0.8464,0.61599,0.888,0.91907,0.00897836,0.00897836,0.00897836
1043,97248.8,0.64149,0.87052,0.99268,0.90518,0.92969,0.94314,0.84622,0.61634,0.89025,0.9192,0.00897647,0.00897647,0.00897647
1044,97329.8,0.64293,0.87901,0.99014,0.90466,0.93134,0.94308,0.84631,0.6165,0.89056,0.91921,0.00897457,0.00897457,0.00897457
1045,97411.2,0.65143,0.83947,1.00523,0.90262,0.92969,0.943,0.84698,0.61713,0.89175,0.91963,0.00897268,0.00897268,0.00897268
1046,97492.4,0.64441,0.91259,0.99538,0.89842,0.93977,0.94287,0.84672,0.61712,0.89255,0.91966,0.00897078,0.00897078,0.00897078
1047,97573.6,0.63647,0.86069,0.99149,0.90353,0.92969,0.94285,0.84733,0.61703,0.8923,0.91966,0.00896888,0.00896888,0.00896888
1048,97655.1,0.64544,0.87805,0.98968,0.91288,0.92969,0.94276,0.84753,0.61708,0.89163,0.91975,0.00896698,0.00896698,0.00896698
1049,97736.3,0.64179,0.83802,0.99148,0.90605,0.92969,0.94273,0.84677,0.61822,0.89846,0.92071,0.00896508,0.00896508,0.00896508
1050,97817.6,0.64726,0.87571,0.99557,0.90731,0.92969,0.94299,0.84596,0.61812,0.89705,0.9208,0.00896317,0.00896317,0.00896317
1051,97899.3,0.64455,0.8894,0.99725,0.91051,0.92969,0.94333,0.84679,0.61828,0.89762,0.92096,0.00896127,0.00896127,0.00896127
1052,97980.3,0.63088,0.87186,0.98726,0.91003,0.92969,0.9434,0.84814,0.61848,0.89594,0.92114,0.00895936,0.00895936,0.00895936
1053,98061.5,0.6363,0.87016,0.98372,0.90955,0.92969,0.94331,0.84773,0.61855,0.89518,0.92116,0.00895745,0.00895745,0.00895745
1054,98142.7,0.64091,0.88129,0.99809,0.91123,0.93091,0.94315,0.8474,0.6188,0.89388,0.92148,0.00895554,0.00895554,0.00895554
1055,98223.4,0.65122,0.87239,1.00821,0.91166,0.93145,0.94318,0.8472,0.61859,0.8946,0.92149,0.00895363,0.00895363,0.00895363
1056,98304.3,0.63566,0.84802,0.98739,0.91186,0.93138,0.94342,0.84756,0.61911,0.89428,0.92187,0.00895172,0.00895172,0.00895172
1057,98385.8,0.64732,0.89123,0.99204,0.91199,0.93229,0.94364,0.84818,0.61929,0.89464,0.9221,0.0089498,0.0089498,0.0089498
1058,98467.3,0.63418,0.87464,0.98894,0.91187,0.93229,0.94357,0.84718,0.61948,0.8944,0.92231,0.00894789,0.00894789,0.00894789
1059,98548.1,0.645,0.84067,0.9974,0.91223,0.93242,0.94365,0.84819,0.61978,0.89446,0.92242,0.00894597,0.00894597,0.00894597
1060,98629.6,0.64251,0.87698,0.99759,0.91239,0.93229,0.94377,0.84765,0.61975,0.89435,0.92254,0.00894405,0.00894405,0.00894405
1061,98710.6,0.65116,0.86421,1.00327,0.91245,0.93229,0.94381,0.84807,0.61979,0.89411,0.92278,0.00894213,0.00894213,0.00894213
1062,98790.9,0.63759,0.87606,0.99329,0.91412,0.93229,0.94403,0.84839,0.61914,0.89475,0.92256,0.00894021,0.00894021,0.00894021
1063,98871.8,0.65011,0.85779,1.00065,0.91378,0.93229,0.94377,0.84596,0.61904,0.89342,0.92257,0.00893828,0.00893828,0.00893828
1064,98952.8,0.6409,0.85581,0.99275,0.91426,0.93229,0.94368,0.84728,0.61905,0.89464,0.92237,0.00893636,0.00893636,0.00893636
1065,99034.5,0.64141,0.87198,0.98768,0.91487,0.93229,0.94369,0.84656,0.61875,0.8935,0.92241,0.00893443,0.00893443,0.00893443
1066,99115.7,0.65962,0.86939,1.00441,0.91514,0.93229,0.94375,0.84621,0.61845,0.89277,0.92235,0.0089325,0.0089325,0.0089325
1067,99196.9,0.6511,0.87222,0.99766,0.91766,0.92969,0.94387,0.84678,0.61796,0.89155,0.92228,0.00893057,0.00893057,0.00893057
1068,99277.6,0.64275,0.83654,0.99183,0.91774,0.92969,0.94386,0.84582,0.61839,0.89174,0.92248,0.00892864,0.00892864,0.00892864
1069,99359.2,0.64384,0.85765,0.98599,0.91777,0.92969,0.94396,0.84473,0.61733,0.88472,0.92173,0.00892671,0.00892671,0.00892671
1070,99440.2,0.6454,0.88708,1.00017,0.91786,0.92969,0.94375,0.84581,0.61719,0.88519,0.92173,0.00892477,0.00892477,0.00892477
1071,99521.5,0.64419,0.83242,1.0002,0.91798,0.92969,0.94372,0.84445,0.61656,0.88459,0.92144,0.00892283,0.00892283,0.00892283
1072,99602.7,0.64814,0.888,1.00095,0.91813,0.92969,0.94388,0.84536,0.61636,0.88495,0.92152,0.0089209,0.0089209,0.0089209
1073,99684.2,0.64009,0.84595,0.9971,0.9183,0.92969,0.94389,0.84505,0.61652,0.88435,0.92158,0.00891896,0.00891896,0.00891896
1074,99765.6,0.64683,0.8542,0.99409,0.91999,0.9313,0.94387,0.84631,0.61655,0.88386,0.92201,0.00891702,0.00891702,0.00891702
1075,99847,0.65628,0.88527,1.00661,0.91972,0.93125,0.94372,0.84515,0.61778,0.88961,0.92271,0.00891507,0.00891507,0.00891507
1076,99928.2,0.6383,0.85772,0.98691,0.91959,0.93108,0.94353,0.84654,0.61793,0.88734,0.92303,0.00891313,0.00891313,0.00891313
1077,100010,0.62541,0.84248,0.98727,0.92183,0.93097,0.94409,0.84505,0.61815,0.88885,0.9233,0.00891119,0.00891119,0.00891119
1078,100091,0.65654,0.8919,0.99656,0.91931,0.93118,0.94354,0.84529,0.61836,0.8916,0.92355,0.00890924,0.00890924,0.00890924
1079,100173,0.65225,0.87913,0.99084,0.91922,0.93104,0.94383,0.8451,0.6188,0.89152,0.92369,0.00890729,0.00890729,0.00890729
1080,100254,0.64134,0.84083,0.9884,0.91938,0.93091,0.94349,0.8459,0.61923,0.89091,0.92382,0.00890534,0.00890534,0.00890534
1081,100335,0.64485,0.89803,0.99163,0.91943,0.93098,0.94371,0.84688,0.61938,0.89069,0.92403,0.00890339,0.00890339,0.00890339
1082,100416,0.64699,0.88015,0.99229,0.91947,0.93127,0.9437,0.847,0.61949,0.89025,0.92406,0.00890144,0.00890144,0.00890144
