epoch,time,train/box_loss,train/cls_loss,train/dfl_loss,metrics/precision(B),metrics/recall(B),metrics/mAP50(B),metrics/mAP50-95(B),val/box_loss,val/cls_loss,val/dfl_loss,lr/pg0,lr/pg1,lr/pg2
1,75.099,1.22693,7.84935,1.45507,0.74411,0.74602,0.77624,0.56164,1.03943,3.4108,1.20581,0.00330729,0.00330729,0.00330729
2,129.493,1.04163,4.48191,1.27166,0.41328,0.83853,0.80711,0.58382,1.0814,5.85289,1.29176,0.00664062,0.00664062,0.00664062
3,183.372,1.1226,3.27943,1.32135,0.44576,0.51086,0.43272,0.2788,2.31094,9.16687,2.81839,0.00997395,0.00997395,0.00997395
4,237.25,1.24894,2.99364,1.41735,0.88289,0.31034,0.36674,0.27174,1.98035,6.73983,2.65069,0.00999999,0.00999999,0.00999999
5,291.172,1.25684,2.89262,1.44963,0.72101,0.80968,0.79844,0.50319,1.45148,3.32063,1.55195,0.00999998,0.00999998,0.00999998
6,344.606,1.18707,2.54378,1.3884,0.77092,0.80305,0.84851,0.55291,1.3116,2.56249,1.46106,0.00999998,0.00999998,0.00999998
7,398.655,1.14027,2.29507,1.34922,0.50114,0.6418,0.62714,0.42106,1.58302,3.41628,1.87701,0.00999996,0.00999996,0.00999996
8,452.838,1.12077,2.27354,1.33525,0.66288,0.74883,0.78899,0.56323,1.21623,2.56209,1.3947,0.00999995,0.00999995,0.00999995
9,506.597,1.08891,2.18843,1.32591,0.68359,0.86515,0.89304,0.63532,1.08995,2.02254,1.23972,0.00999994,0.00999994,0.00999994
10,560.464,1.08046,2.10206,1.30982,0.83129,0.75909,0.84992,0.59135,1.30943,2.06569,1.40957,0.00999992,0.00999992,0.00999992
11,614.091,1.072,2.09679,1.29981,0.80747,0.87565,0.86432,0.64209,1.12434,1.83225,1.24458,0.0099999,0.0099999,0.0099999
12,668.202,1.05761,2.01296,1.29561,0.81093,0.86673,0.87116,0.61344,1.19376,1.6221,1.31028,0.00999988,0.00999988,0.00999988
13,721.877,1.03031,1.97617,1.27992,0.70003,0.85867,0.89785,0.6977,0.90888,1.66911,1.11557,0.00999986,0.00999986,0.00999986
14,775.956,1.01517,1.92424,1.26461,0.81755,0.82355,0.87387,0.65484,1.06342,1.68012,1.23078,0.00999983,0.00999983,0.00999983
15,829.006,0.99654,1.88855,1.24984,0.85724,0.85975,0.8954,0.68242,0.98879,1.52059,1.17407,0.00999981,0.00999981,0.00999981
16,882.599,1.00518,1.88152,1.24591,0.84776,0.84814,0.89433,0.6234,1.21905,1.65563,1.28098,0.00999978,0.00999978,0.00999978
17,935.694,0.97362,1.84241,1.23143,0.80199,0.91365,0.89696,0.64769,1.10925,1.66816,1.26466,0.00999975,0.00999975,0.00999975
18,989.381,0.97751,1.80366,1.22714,0.86759,0.84499,0.91067,0.67231,1.05402,1.47424,1.16958,0.00999972,0.00999972,0.00999972
19,1043.35,0.96186,1.75616,1.22663,0.85126,0.91666,0.91889,0.68007,1.01828,1.42503,1.15053,0.00999968,0.00999968,0.00999968
20,1096.53,0.94893,1.72264,1.20839,0.82185,0.88661,0.89654,0.66816,1.03078,1.50775,1.21439,0.00999965,0.00999965,0.00999965
21,1150.18,0.97111,1.76261,1.23411,0.84998,0.8519,0.89806,0.68606,0.95857,1.67283,1.11905,0.00999961,0.00999961,0.00999961
22,1202.8,0.94778,1.71253,1.20949,0.8185,0.8791,0.90384,0.70349,0.96497,1.43478,1.12175,0.00999957,0.00999957,0.00999957
23,1256.35,0.94196,1.7279,1.20857,0.88396,0.86737,0.91483,0.69324,1.03763,1.49381,1.17815,0.00999953,0.00999953,0.00999953
24,1309.87,0.92273,1.64322,1.19382,0.85986,0.83985,0.91837,0.71192,0.91897,1.48862,1.11143,0.00999948,0.00999948,0.00999948
25,1363.76,0.91798,1.62294,1.19207,0.8521,0.87822,0.92136,0.69904,0.95221,1.41238,1.12835,0.00999944,0.00999944,0.00999944
26,1417.63,0.95649,1.667,1.21116,0.8418,0.90635,0.9181,0.69699,0.97016,1.36555,1.1391,0.00999939,0.00999939,0.00999939
27,1471.85,0.92848,1.64898,1.20332,0.86762,0.88517,0.92267,0.68713,1.01646,1.53858,1.15543,0.00999934,0.00999934,0.00999934
28,1525.02,0.91787,1.59557,1.19746,0.82735,0.90022,0.90396,0.68764,0.95908,1.49552,1.14921,0.00999929,0.00999929,0.00999929
29,1579.31,0.90709,1.55539,1.18423,0.857,0.91446,0.92909,0.72836,0.90575,1.29288,1.11512,0.00999923,0.00999923,0.00999923
30,1632.26,0.88388,1.56521,1.17238,0.82991,0.93824,0.92505,0.73392,0.865,1.27006,1.07068,0.00999918,0.00999918,0.00999918
31,1685.23,0.90692,1.58136,1.17534,0.82314,0.88981,0.90734,0.71342,0.9159,1.5552,1.12065,0.00999912,0.00999912,0.00999912
32,1737.92,0.8996,1.53617,1.17845,0.86087,0.87997,0.91813,0.71333,0.92404,1.38138,1.12181,0.00999906,0.00999906,0.00999906
33,1790.86,0.90051,1.52042,1.17136,0.90111,0.91523,0.9499,0.74026,0.93086,1.26863,1.09011,0.009999,0.009999,0.009999
34,1844.22,0.88816,1.52594,1.17324,0.86244,0.85975,0.90268,0.71974,0.86972,1.3386,1.07702,0.00999894,0.00999894,0.00999894
35,1897.39,0.88029,1.47452,1.16508,0.80501,0.93446,0.90573,0.7164,0.91108,1.33922,1.09394,0.00999887,0.00999887,0.00999887
36,1950.75,0.87608,1.53029,1.15519,0.84998,0.93931,0.9189,0.73187,0.85964,1.21928,1.05608,0.0099988,0.0099988,0.0099988
37,2003.74,0.87459,1.51514,1.16067,0.85552,0.87854,0.93064,0.69012,1.06915,1.36625,1.16041,0.00999873,0.00999873,0.00999873
38,2058.24,0.88772,1.51544,1.16906,0.78905,0.83887,0.89269,0.7143,0.87066,1.74907,1.0601,0.00999866,0.00999866,0.00999866
39,2111,0.8573,1.4441,1.15355,0.84764,0.94142,0.92411,0.74828,0.82329,1.20052,1.03618,0.00999859,0.00999859,0.00999859
40,2165.81,0.86545,1.45077,1.15739,0.86189,0.91127,0.93112,0.7038,0.97944,1.22728,1.10648,0.00999851,0.00999851,0.00999851
41,2218.62,0.84982,1.50606,1.1459,0.84899,0.91324,0.9231,0.73029,0.90333,1.26524,1.07356,0.00999844,0.00999844,0.00999844
42,2272.9,0.85994,1.47398,1.15664,0.86667,0.90061,0.9151,0.71107,0.92581,1.25744,1.06991,0.00999836,0.00999836,0.00999836
43,2326.63,0.86224,1.41906,1.14938,0.86518,0.90561,0.92913,0.73301,0.90036,1.29303,1.06912,0.00999828,0.00999828,0.00999828
44,2380,0.84611,1.42895,1.13829,0.86334,0.8918,0.92672,0.73904,0.88705,1.23114,1.07131,0.00999819,0.00999819,0.00999819
45,2433.79,0.84921,1.42409,1.14285,0.86895,0.87241,0.93502,0.72523,0.92938,1.36892,1.07204,0.00999811,0.00999811,0.00999811
46,2487.36,0.84935,1.39984,1.13788,0.87989,0.92186,0.91657,0.68614,1.05248,1.23763,1.15681,0.00999802,0.00999802,0.00999802
47,2541.39,0.83942,1.39111,1.13528,0.87177,0.93114,0.93639,0.74791,0.85913,1.16199,1.06228,0.00999793,0.00999793,0.00999793
48,2596.24,0.84177,1.4005,1.13787,0.87221,0.91608,0.93764,0.7319,0.92751,1.22592,1.08213,0.00999784,0.00999784,0.00999784
49,2650.64,0.84598,1.39759,1.13527,0.86651,0.89942,0.91927,0.73775,0.86939,1.25081,1.05407,0.00999775,0.00999775,0.00999775
50,2704.87,0.85768,1.38941,1.14264,0.87112,0.91401,0.9189,0.73114,0.87729,1.21388,1.05739,0.00999765,0.00999765,0.00999765
51,2758.35,0.83569,1.35405,1.13771,0.90461,0.90263,0.92883,0.7322,0.88986,1.17965,1.05116,0.00999756,0.00999756,0.00999756
52,2810.96,0.84032,1.38659,1.13225,0.85179,0.93973,0.94027,0.73054,0.93319,1.18688,1.08236,0.00999746,0.00999746,0.00999746
53,2863.68,0.83441,1.40121,1.13149,0.8855,0.87653,0.8971,0.71216,0.90814,1.24212,1.06497,0.00999736,0.00999736,0.00999736
54,2918.45,0.81744,1.33643,1.11512,0.87653,0.91444,0.93323,0.73861,0.8367,1.20593,1.04007,0.00999726,0.00999726,0.00999726
55,2972.39,0.8223,1.34736,1.11166,0.87458,0.91674,0.93035,0.74245,0.86684,1.13945,1.04662,0.00999715,0.00999715,0.00999715
56,3026.29,0.82249,1.34425,1.11209,0.89388,0.86124,0.94787,0.7535,0.86446,1.26475,1.05419,0.00999704,0.00999704,0.00999704
57,3079.63,0.82945,1.32761,1.1196,0.89345,0.91744,0.93945,0.71227,0.99815,1.15052,1.12173,0.00999694,0.00999694,0.00999694
58,3132.14,0.82051,1.33168,1.10984,0.87438,0.91545,0.92797,0.72569,0.89874,1.16054,1.06414,0.00999683,0.00999683,0.00999683
59,3184.8,0.82675,1.36152,1.12476,0.90183,0.90429,0.94831,0.73948,0.91066,1.1674,1.07008,0.00999671,0.00999671,0.00999671
60,3237.48,0.81908,1.31001,1.12139,0.87933,0.9133,0.9523,0.75241,0.89438,1.17644,1.04815,0.0099966,0.0099966,0.0099966
61,3291.06,0.8245,1.33932,1.11059,0.90039,0.92286,0.95321,0.74791,0.92599,1.11774,1.06787,0.00999648,0.00999648,0.00999648
62,3344.37,0.82124,1.32426,1.12271,0.84476,0.92647,0.91939,0.72763,0.90862,1.19722,1.07762,0.00999636,0.00999636,0.00999636
63,3398,0.82908,1.29708,1.11916,0.89774,0.88075,0.94192,0.73733,0.94032,1.22582,1.0912,0.00999624,0.00999624,0.00999624
64,3451.46,0.80172,1.29775,1.10252,0.92484,0.92592,0.94436,0.78047,0.8016,1.08462,1.01179,0.00999612,0.00999612,0.00999612
65,3504.27,0.81845,1.321,1.11651,0.90755,0.8908,0.93262,0.72452,0.90875,1.15319,1.07002,0.009996,0.009996,0.009996
66,3557.37,0.8039,1.29312,1.10311,0.86253,0.92723,0.9377,0.75084,0.87796,1.15232,1.04674,0.00999587,0.00999587,0.00999587
67,3610.46,0.81488,1.2793,1.10867,0.86146,0.93256,0.92081,0.7278,0.89125,1.16026,1.0517,0.00999574,0.00999574,0.00999574
68,3663.81,0.80728,1.28999,1.11036,0.90334,0.90286,0.94764,0.7604,0.86213,1.11629,1.04789,0.00999561,0.00999561,0.00999561
69,3717.55,0.7844,1.25904,1.09111,0.89241,0.88285,0.94322,0.76858,0.84197,1.13922,1.02666,0.00999548,0.00999548,0.00999548
70,3770.74,0.81053,1.25432,1.10723,0.88363,0.92262,0.92785,0.71921,0.94927,1.16947,1.08344,0.00999535,0.00999535,0.00999535
71,3823.88,0.79393,1.25787,1.0896,0.88968,0.91208,0.93834,0.76113,0.82407,1.08717,1.02167,0.00999521,0.00999521,0.00999521
72,3877.55,0.81272,1.26091,1.10942,0.87544,0.92065,0.93089,0.7326,0.82114,1.09633,1.0216,0.00999508,0.00999508,0.00999508
73,3930.48,0.78984,1.26571,1.0968,0.85862,0.91424,0.93167,0.74174,0.88464,1.13856,1.05111,0.00999494,0.00999494,0.00999494
74,3983.98,0.78435,1.23076,1.0988,0.88537,0.90064,0.94496,0.74264,0.95067,1.1886,1.0851,0.00999479,0.00999479,0.00999479
75,4037.67,0.80205,1.26257,1.10633,0.89689,0.90039,0.93147,0.76448,0.78564,1.08638,1.00493,0.00999465,0.00999465,0.00999465
76,4092.01,0.79342,1.23607,1.08796,0.87554,0.92385,0.93034,0.75815,0.84568,1.14494,1.03155,0.0099945,0.0099945,0.0099945
77,4147.53,0.79616,1.27406,1.10199,0.88498,0.92476,0.93671,0.77297,0.8057,1.08356,1.00295,0.00999436,0.00999436,0.00999436
78,4201.18,0.78894,1.24947,1.0942,0.90241,0.93577,0.94304,0.77789,0.79061,1.05157,1.00469,0.00999421,0.00999421,0.00999421
79,4253.9,0.77721,1.22397,1.08268,0.88796,0.932,0.94019,0.76205,0.83491,1.04508,1.01364,0.00999406,0.00999406,0.00999406
80,4308.13,0.77892,1.2556,1.08032,0.88364,0.93215,0.93694,0.74646,0.83111,1.08574,1.02155,0.0099939,0.0099939,0.0099939
81,4361.27,0.76643,1.22698,1.07821,0.87628,0.93444,0.91443,0.741,0.83485,1.11416,1.02392,0.00999375,0.00999375,0.00999375
82,4415.2,0.78412,1.20526,1.09442,0.89727,0.95026,0.94893,0.74627,0.88116,1.0148,1.04471,0.00999359,0.00999359,0.00999359
83,4468.63,0.7996,1.24363,1.10366,0.86318,0.92836,0.94456,0.76274,0.85798,1.07266,1.02692,0.00999343,0.00999343,0.00999343
84,4523.05,0.79021,1.21766,1.09493,0.87786,0.93252,0.93829,0.76552,0.84881,1.07696,1.03383,0.00999327,0.00999327,0.00999327
85,4579.29,0.78469,1.22122,1.09099,0.87798,0.94031,0.93743,0.74147,0.86427,1.07781,1.02988,0.00999311,0.00999311,0.00999311
86,4633.17,0.77081,1.21389,1.08856,0.90819,0.896,0.94975,0.75234,0.89702,1.05489,1.04788,0.00999294,0.00999294,0.00999294
87,4685.98,0.78323,1.20395,1.08611,0.88651,0.91879,0.9185,0.75663,0.78702,1.10953,1.00936,0.00999278,0.00999278,0.00999278
88,4739.24,0.78099,1.20194,1.09232,0.88103,0.85873,0.93345,0.76873,0.81983,1.29986,1.00725,0.00999261,0.00999261,0.00999261
89,4793.18,0.77941,1.24085,1.09416,0.89192,0.90402,0.94363,0.77983,0.77892,1.05724,0.99717,0.00999244,0.00999244,0.00999244
90,4847.49,0.77215,1.21625,1.08486,0.89485,0.92592,0.94326,0.74642,0.90564,1.03032,1.05229,0.00999226,0.00999226,0.00999226
91,4899.7,0.77457,1.17018,1.0829,0.89695,0.92765,0.94426,0.76512,0.84178,1.0934,1.01743,0.00999209,0.00999209,0.00999209
92,4953.77,0.77267,1.15615,1.08994,0.89886,0.91523,0.93555,0.77899,0.78886,1.06672,1.00015,0.00999191,0.00999191,0.00999191
93,5007.23,0.77706,1.19894,1.07495,0.90527,0.92471,0.94566,0.76654,0.81723,1.02812,1.01597,0.00999173,0.00999173,0.00999173
94,5060.8,0.78315,1.20717,1.08695,0.90177,0.9141,0.95448,0.76911,0.8372,1.01472,1.02124,0.00999155,0.00999155,0.00999155
95,5113.76,0.77998,1.16918,1.09245,0.87209,0.95491,0.94961,0.76602,0.83084,1.02271,1.01155,0.00999137,0.00999137,0.00999137
96,5167.57,0.76075,1.17194,1.078,0.89002,0.93707,0.94006,0.75064,0.87124,0.99991,1.03289,0.00999118,0.00999118,0.00999118
97,5220.64,0.77472,1.1818,1.08886,0.9073,0.93347,0.94755,0.76793,0.85631,1.02064,1.02579,0.009991,0.009991,0.009991
98,5274.23,0.76296,1.17918,1.07721,0.90212,0.91339,0.94581,0.76332,0.86197,1.02672,1.03681,0.00999081,0.00999081,0.00999081
99,5327.4,0.76447,1.20031,1.0796,0.90197,0.92593,0.94031,0.77317,0.80525,1.008,0.99387,0.00999062,0.00999062,0.00999062
100,5381.02,0.75112,1.14525,1.06572,0.91644,0.91732,0.94382,0.78393,0.80684,1.02372,0.998,0.00999043,0.00999043,0.00999043
101,5433.87,0.75883,1.17381,1.07685,0.89374,0.9267,0.93289,0.77997,0.76671,1.02152,0.98339,0.00999023,0.00999023,0.00999023
102,5486.93,0.75859,1.13345,1.07533,0.84883,0.9517,0.93568,0.77769,0.79269,1.08832,0.9909,0.00999004,0.00999004,0.00999004
103,5539.63,0.76102,1.15678,1.07714,0.87185,0.94776,0.94209,0.77164,0.85736,1.034,1.02087,0.00998984,0.00998984,0.00998984
104,5593.23,0.75822,1.14631,1.07351,0.88161,0.94252,0.93955,0.77407,0.79912,1.03165,0.99801,0.00998964,0.00998964,0.00998964
105,5646.75,0.75524,1.12724,1.07165,0.89719,0.92087,0.94376,0.75731,0.86912,1.00772,1.03463,0.00998944,0.00998944,0.00998944
106,5700.3,0.7536,1.16182,1.06451,0.9037,0.91143,0.94272,0.76201,0.83164,0.99957,1.01046,0.00998923,0.00998923,0.00998923
107,5753.36,0.76903,1.20562,1.09219,0.91312,0.91822,0.93938,0.78531,0.76253,0.98959,0.99264,0.00998903,0.00998903,0.00998903
108,5806.89,0.77472,1.17485,1.07084,0.87805,0.94573,0.93977,0.78717,0.74698,0.97835,0.98366,0.00998882,0.00998882,0.00998882
109,5860.48,0.74859,1.11352,1.06559,0.87836,0.94261,0.93495,0.76969,0.79834,1.04077,1.0078,0.00998861,0.00998861,0.00998861
110,5914.34,0.75384,1.12694,1.07337,0.88308,0.93553,0.93731,0.76824,0.80185,1.01124,1.00584,0.0099884,0.0099884,0.0099884
111,5968.13,0.75266,1.15813,1.07143,0.89554,0.93568,0.94223,0.78098,0.75941,0.99447,0.98362,0.00998818,0.00998818,0.00998818
112,6022.51,0.75145,1.15684,1.0692,0.87788,0.95263,0.94019,0.78389,0.75933,0.93694,0.98918,0.00998797,0.00998797,0.00998797
113,6076.14,0.74679,1.15317,1.07158,0.91392,0.93107,0.94348,0.78265,0.75818,0.94852,0.98159,0.00998775,0.00998775,0.00998775
114,6129.53,0.75994,1.12637,1.0713,0.88432,0.95391,0.93925,0.76344,0.81691,0.97759,0.99675,0.00998753,0.00998753,0.00998753
115,6182.65,0.7376,1.13545,1.05942,0.89947,0.93026,0.94867,0.78546,0.78372,0.95076,0.98448,0.00998731,0.00998731,0.00998731
116,6234.83,0.7582,1.16236,1.07758,0.90323,0.92882,0.94293,0.78315,0.76138,0.99001,0.97769,0.00998708,0.00998708,0.00998708
117,6287.32,0.74096,1.14344,1.05905,0.89176,0.91822,0.94094,0.75593,0.85012,1.00769,1.01645,0.00998686,0.00998686,0.00998686
118,6340.01,0.75542,1.12645,1.08458,0.91937,0.92109,0.94923,0.76452,0.85262,0.98997,1.01818,0.00998663,0.00998663,0.00998663
119,6393.13,0.7472,1.12215,1.0691,0.90396,0.93773,0.94869,0.77188,0.82452,0.96716,1.00276,0.0099864,0.0099864,0.0099864
120,6446.78,0.74765,1.14434,1.06258,0.90906,0.91122,0.94481,0.77226,0.83055,0.98632,1.00456,0.00998617,0.00998617,0.00998617
121,6499.8,0.73534,1.10642,1.05878,0.93012,0.91943,0.94852,0.77637,0.79552,0.96823,0.99282,0.00998594,0.00998594,0.00998594
122,6553.29,0.74108,1.13118,1.06592,0.90092,0.93071,0.94998,0.7768,0.78514,0.96421,0.98922,0.0099857,0.0099857,0.0099857
123,6607.06,0.72279,1.09201,1.05913,0.93361,0.92805,0.94709,0.78405,0.75724,0.93849,0.98076,0.00998546,0.00998546,0.00998546
124,6660.35,0.73908,1.11045,1.05868,0.91888,0.91394,0.94507,0.78899,0.74949,0.95077,0.97857,0.00998522,0.00998522,0.00998522
125,6713.25,0.72927,1.08781,1.0596,0.91955,0.92385,0.94709,0.78989,0.76544,0.95669,0.99328,0.00998498,0.00998498,0.00998498
126,6765.49,0.7316,1.08242,1.0521,0.92835,0.91523,0.95331,0.79398,0.78487,0.95632,0.99308,0.00998474,0.00998474,0.00998474
127,6818.8,0.7308,1.11223,1.06641,0.93218,0.92242,0.95503,0.78298,0.79603,0.90998,0.99572,0.0099845,0.0099845,0.0099845
128,6871.74,0.73012,1.08678,1.05385,0.90805,0.95152,0.95858,0.78326,0.79924,0.91119,0.99752,0.00998425,0.00998425,0.00998425
129,6925.05,0.73847,1.09425,1.05945,0.93547,0.9331,0.95832,0.78525,0.80245,0.91108,1.00374,0.009984,0.009984,0.009984
130,6979.3,0.73633,1.10075,1.05922,0.93083,0.91438,0.95405,0.78698,0.79577,0.98444,1.00121,0.00998375,0.00998375,0.00998375
131,7032.87,0.72684,1.07456,1.05194,0.93659,0.94614,0.94772,0.7894,0.77503,0.93172,0.99017,0.0099835,0.0099835,0.0099835
132,7086.51,0.75059,1.09474,1.06418,0.91709,0.94116,0.94879,0.78778,0.79111,0.93693,0.99232,0.00998324,0.00998324,0.00998324
133,7139.76,0.72666,1.07421,1.05142,0.91475,0.9431,0.94405,0.78505,0.79791,0.93012,0.99698,0.00998298,0.00998298,0.00998298
134,7193.38,0.73891,1.08611,1.06299,0.91793,0.94703,0.9469,0.78254,0.789,0.92662,0.99259,0.00998273,0.00998273,0.00998273
135,7247.22,0.73626,1.10489,1.05857,0.92503,0.92247,0.9451,0.79114,0.76752,0.93903,0.98203,0.00998247,0.00998247,0.00998247
136,7301.93,0.74168,1.10756,1.06123,0.91801,0.93869,0.94693,0.78317,0.79597,0.93248,0.99183,0.0099822,0.0099822,0.0099822
137,7355.9,0.72404,1.09126,1.0542,0.91987,0.92725,0.94602,0.78424,0.78714,0.96405,0.98544,0.00998194,0.00998194,0.00998194
138,7409.22,0.73559,1.06255,1.05865,0.89758,0.93782,0.94628,0.80036,0.77151,0.9483,0.97698,0.00998167,0.00998167,0.00998167
139,7462.57,0.72502,1.06151,1.04841,0.8964,0.93949,0.94179,0.78413,0.76897,0.96445,0.97685,0.0099814,0.0099814,0.0099814
140,7516.58,0.73796,1.07458,1.06643,0.90366,0.9211,0.94594,0.78974,0.76943,0.97057,0.97878,0.00998113,0.00998113,0.00998113
141,7570.5,0.73487,1.04114,1.06226,0.88021,0.95914,0.94092,0.79194,0.76711,0.94113,0.97835,0.00998086,0.00998086,0.00998086
142,7624.99,0.73373,1.08535,1.06164,0.90447,0.95169,0.93945,0.78825,0.76939,0.94493,0.97626,0.00998059,0.00998059,0.00998059
143,7679.02,0.72083,1.06464,1.05001,0.91138,0.93896,0.95028,0.79435,0.77411,0.95246,0.98228,0.00998031,0.00998031,0.00998031
144,7733.28,0.72194,1.06356,1.0474,0.93784,0.92441,0.94706,0.79851,0.75925,0.91713,0.97157,0.00998003,0.00998003,0.00998003
145,7786.9,0.75305,1.10855,1.06772,0.91875,0.9335,0.95642,0.79695,0.76395,0.91979,0.97427,0.00997975,0.00997975,0.00997975
146,7839.97,0.71821,1.06088,1.05239,0.93614,0.92272,0.95506,0.80588,0.74825,0.91416,0.96549,0.00997947,0.00997947,0.00997947
147,7893.58,0.72292,1.07284,1.05737,0.92277,0.92364,0.95289,0.79723,0.74721,0.93688,0.96599,0.00997919,0.00997919,0.00997919
148,7946.98,0.72631,1.05037,1.04854,0.9332,0.92385,0.9514,0.79658,0.77066,0.92083,0.98361,0.0099789,0.0099789,0.0099789
149,8001.49,0.7327,1.06831,1.05074,0.92545,0.92464,0.94696,0.78412,0.77813,0.89661,0.99581,0.00997861,0.00997861,0.00997861
150,8055.93,0.71115,1.02401,1.04014,0.90043,0.95247,0.94643,0.78715,0.76586,0.8971,0.99105,0.00997832,0.00997832,0.00997832
151,8109.91,0.71791,1.08206,1.04516,0.90044,0.93767,0.94615,0.78249,0.78487,0.94342,0.99852,0.00997803,0.00997803,0.00997803
152,8163.67,0.71928,1.05798,1.04798,0.91715,0.94122,0.94517,0.78513,0.77586,0.91099,0.99064,0.00997774,0.00997774,0.00997774
153,8216.58,0.72482,1.04928,1.05068,0.92191,0.93988,0.9432,0.78644,0.7713,0.91101,0.98664,0.00997744,0.00997744,0.00997744
154,8270.56,0.72046,1.04588,1.05641,0.90484,0.94545,0.94088,0.79423,0.76346,0.89583,0.98403,0.00997714,0.00997714,0.00997714
155,8324.03,0.71829,1.04822,1.0477,0.91311,0.94255,0.94387,0.78901,0.77084,0.89019,0.98847,0.00997685,0.00997685,0.00997685
156,8377.86,0.73332,1.04744,1.05202,0.91792,0.94395,0.94406,0.78661,0.7758,0.89844,0.98692,0.00997654,0.00997654,0.00997654
157,8431.47,0.72278,1.03568,1.05072,0.92271,0.9303,0.93983,0.7803,0.78877,0.93729,0.98985,0.00997624,0.00997624,0.00997624
158,8484.73,0.70539,1.03077,1.04272,0.92471,0.93135,0.93842,0.78354,0.79323,0.9295,0.9924,0.00997594,0.00997594,0.00997594
159,8538.08,0.7149,1.02593,1.04757,0.91104,0.95109,0.94108,0.78171,0.79878,0.89533,0.99441,0.00997563,0.00997563,0.00997563
160,8592.54,0.7012,1.03261,1.04637,0.9181,0.94553,0.94489,0.78132,0.80762,0.90416,0.99874,0.00997532,0.00997532,0.00997532
161,8646.63,0.71521,1.04125,1.05064,0.9176,0.93397,0.95009,0.79114,0.80186,0.89781,0.99417,0.00997501,0.00997501,0.00997501
162,8701.22,0.70657,1.01298,1.02926,0.91316,0.95386,0.94531,0.78643,0.79562,0.91148,0.99054,0.00997469,0.00997469,0.00997469
163,8755.1,0.71667,1.03357,1.05245,0.91047,0.94757,0.9436,0.78406,0.79194,0.91354,0.98795,0.00997438,0.00997438,0.00997438
164,8809.57,0.69386,1.01826,1.03086,0.90616,0.95119,0.94665,0.79027,0.7776,0.90448,0.98404,0.00997406,0.00997406,0.00997406
165,8863.01,0.70996,1.00934,1.04555,0.92644,0.92706,0.94878,0.79117,0.77524,0.88969,0.98155,0.00997374,0.00997374,0.00997374
166,8916.86,0.70279,1.01869,1.03101,0.92321,0.93667,0.94791,0.79203,0.76524,0.87315,0.97576,0.00997342,0.00997342,0.00997342
167,8970.59,0.71063,1.04101,1.04582,0.92702,0.92803,0.94702,0.79445,0.7694,0.89493,0.97708,0.0099731,0.0099731,0.0099731
168,9024.23,0.71636,1.03499,1.05297,0.91456,0.9413,0.94852,0.79523,0.76544,0.87943,0.97643,0.00997277,0.00997277,0.00997277
169,9077.89,0.7177,1.03765,1.05356,0.91801,0.93816,0.94723,0.79408,0.77126,0.87798,0.98022,0.00997245,0.00997245,0.00997245
170,9131.45,0.70756,1.03034,1.0425,0.91732,0.93508,0.94425,0.7955,0.76412,0.88368,0.97839,0.00997212,0.00997212,0.00997212
171,9184.93,0.69756,0.99759,1.03232,0.9197,0.93667,0.94682,0.79845,0.76137,0.89278,0.97585,0.00997179,0.00997179,0.00997179
172,9238.67,0.69779,1.03748,1.03414,0.91708,0.9418,0.94525,0.7981,0.74585,0.88032,0.96797,0.00997146,0.00997146,0.00997146
173,9293.64,0.69014,0.99512,1.02811,0.88487,0.97248,0.94612,0.79989,0.74141,0.88248,0.96653,0.00997112,0.00997112,0.00997112
174,9348.29,0.69839,1.03047,1.04182,0.91187,0.94308,0.94798,0.80333,0.74351,0.89212,0.9651,0.00997079,0.00997079,0.00997079
175,9402.11,0.69075,0.99479,1.02944,0.91086,0.95618,0.94807,0.80361,0.74049,0.88869,0.96436,0.00997045,0.00997045,0.00997045
176,9456.02,0.69257,1.01535,1.03885,0.8937,0.96779,0.94663,0.80128,0.74025,0.89259,0.96404,0.00997011,0.00997011,0.00997011
177,9510.13,0.70459,0.98931,1.04638,0.88797,0.96943,0.94138,0.79809,0.72954,0.91652,0.95759,0.00996976,0.00996976,0.00996976
178,9564.31,0.69427,1.00622,1.04434,0.88666,0.96206,0.94303,0.80074,0.71671,0.90977,0.9525,0.00996942,0.00996942,0.00996942
179,9618.15,0.67714,1.00599,1.02203,0.88442,0.96424,0.94186,0.80045,0.71471,0.92679,0.9515,0.00996907,0.00996907,0.00996907
180,9670.84,0.68636,0.99494,1.03139,0.87854,0.97084,0.94272,0.80395,0.71725,0.92198,0.95123,0.00996873,0.00996873,0.00996873
181,9723.43,0.7062,1.02551,1.03415,0.90252,0.93667,0.94484,0.80974,0.7165,0.92519,0.95135,0.00996838,0.00996838,0.00996838
182,9776.79,0.69269,0.99359,1.02835,0.90764,0.94063,0.94715,0.81287,0.72174,0.92037,0.95512,0.00996802,0.00996802,0.00996802
183,9830.14,0.68921,0.97181,1.02844,0.91165,0.94429,0.94396,0.8097,0.72778,0.91647,0.95678,0.00996767,0.00996767,0.00996767
184,9883.86,0.67632,0.99369,1.02352,0.91355,0.94838,0.9449,0.80837,0.72495,0.89842,0.95574,0.00996731,0.00996731,0.00996731
185,9936.98,0.6877,0.97173,1.03721,0.90747,0.94989,0.94472,0.80846,0.71813,0.88906,0.95289,0.00996696,0.00996696,0.00996696
186,9991.12,0.68636,1.00719,1.03881,0.91224,0.93988,0.94674,0.81051,0.71421,0.88608,0.9529,0.0099666,0.0099666,0.0099666
187,10044.4,0.68605,0.97262,1.03194,0.91059,0.9454,0.9459,0.80798,0.71023,0.87831,0.95183,0.00996624,0.00996624,0.00996624
188,10098.4,0.67876,1.00063,1.03106,0.9125,0.94148,0.94687,0.81065,0.71326,0.87422,0.95344,0.00996587,0.00996587,0.00996587
189,10152.4,0.69435,1.0191,1.03944,0.91001,0.94539,0.94708,0.8163,0.70244,0.88116,0.95086,0.00996551,0.00996551,0.00996551
190,10205.6,0.67447,0.97726,1.03345,0.91167,0.93849,0.94618,0.81026,0.69842,0.87868,0.94797,0.00996514,0.00996514,0.00996514
191,10259.4,0.68377,0.96465,1.03471,0.91453,0.93408,0.9464,0.81087,0.6979,0.8723,0.94801,0.00996477,0.00996477,0.00996477
192,10313.8,0.66702,0.95733,1.01424,0.92814,0.93194,0.9461,0.8138,0.69616,0.86685,0.94834,0.0099644,0.0099644,0.0099644
193,10367,0.67401,0.9699,1.03027,0.93403,0.92805,0.94361,0.81036,0.68961,0.876,0.94415,0.00996402,0.00996402,0.00996402
194,10421,0.67823,0.97599,1.02444,0.93848,0.92805,0.94395,0.81206,0.6872,0.87047,0.94393,0.00996365,0.00996365,0.00996365
195,10474.4,0.66974,0.95671,1.03212,0.93937,0.93004,0.94369,0.81346,0.68724,0.87368,0.94229,0.00996327,0.00996327,0.00996327
196,10527.9,0.68121,0.97683,1.02306,0.93981,0.92712,0.94496,0.81276,0.68546,0.86656,0.94,0.00996289,0.00996289,0.00996289
197,10582.4,0.67878,0.96987,1.0285,0.94031,0.93199,0.94407,0.81128,0.68597,0.84569,0.94106,0.00996251,0.00996251,0.00996251
198,10636.9,0.66114,0.94237,1.01736,0.93975,0.92969,0.94574,0.81446,0.69141,0.8342,0.94505,0.00996213,0.00996213,0.00996213
199,10690.7,0.67798,0.96693,1.03086,0.94153,0.92769,0.94549,0.81754,0.69166,0.83673,0.94821,0.00996174,0.00996174,0.00996174
200,10744.5,0.67662,0.99537,1.02656,0.9348,0.93824,0.94675,0.8153,0.69258,0.83347,0.94983,0.00996136,0.00996136,0.00996136
201,10798.5,0.66975,0.96163,1.02013,0.93434,0.94075,0.94679,0.81593,0.68948,0.82746,0.94989,0.00996097,0.00996097,0.00996097
202,10851.9,0.67501,0.94868,1.02012,0.93447,0.94918,0.94647,0.81815,0.68807,0.82314,0.95093,0.00996058,0.00996058,0.00996058
203,10906,0.66586,0.92305,1.01851,0.93411,0.93423,0.94497,0.81571,0.68492,0.82926,0.94982,0.00996018,0.00996018,0.00996018
204,10959.4,0.68091,0.94861,1.02789,0.93913,0.93473,0.94232,0.8154,0.6824,0.8278,0.95003,0.00995979,0.00995979,0.00995979
205,11013.1,0.66026,0.91399,1.02256,0.9372,0.92805,0.94409,0.81538,0.68171,0.8352,0.94928,0.00995939,0.00995939,0.00995939
206,11066.6,0.6639,0.91583,1.02983,0.93826,0.9233,0.94143,0.81213,0.68028,0.83595,0.94978,0.00995899,0.00995899,0.00995899
207,11120.3,0.67375,0.96294,1.02387,0.93818,0.92247,0.94086,0.8105,0.6793,0.83304,0.94954,0.00995859,0.00995859,0.00995859
208,11172.7,0.66929,0.96819,1.02408,0.93932,0.92164,0.93981,0.81077,0.67601,0.83627,0.94682,0.00995819,0.00995819,0.00995819
209,11225.7,0.66104,0.96222,1.02114,0.94006,0.91634,0.94033,0.81536,0.67217,0.83806,0.94543,0.00995779,0.00995779,0.00995779
210,11278.8,0.67135,0.94218,1.02672,0.93763,0.92285,0.9404,0.81426,0.67037,0.83555,0.94534,0.00995738,0.00995738,0.00995738
211,11332.3,0.67612,0.97052,1.02903,0.93762,0.92485,0.93965,0.81588,0.67117,0.84128,0.94569,0.00995697,0.00995697,0.00995697
212,11384.8,0.66115,0.93538,1.01655,0.93807,0.92485,0.93782,0.8129,0.67069,0.84161,0.94482,0.00995656,0.00995656,0.00995656
213,11437.4,0.66171,0.94941,1.01675,0.94062,0.922,0.9376,0.81411,0.66996,0.83938,0.94473,0.00995615,0.00995615,0.00995615
214,11491.7,0.65731,0.93075,1.01354,0.93881,0.92318,0.93833,0.81283,0.66778,0.83616,0.94408,0.00995574,0.00995574,0.00995574
215,11545.7,0.64086,0.90758,1.00381,0.94145,0.92109,0.93771,0.81207,0.66586,0.83336,0.94216,0.00995532,0.00995532,0.00995532
216,11599.8,0.65852,0.92682,1.02346,0.94146,0.92052,0.93824,0.81468,0.66315,0.82775,0.94089,0.0099549,0.0099549,0.0099549
217,11653.5,0.67012,0.93202,1.01774,0.90559,0.95524,0.9398,0.81459,0.6623,0.83023,0.94085,0.00995448,0.00995448,0.00995448
218,11707.2,0.66391,0.92731,1.01994,0.90563,0.9577,0.94347,0.81857,0.66344,0.82653,0.94078,0.00995406,0.00995406,0.00995406
219,11759.8,0.66138,0.92884,1.02106,0.90593,0.95744,0.94545,0.82091,0.66314,0.82576,0.94079,0.00995364,0.00995364,0.00995364
220,11813,0.6542,0.92527,1.01514,0.909,0.95802,0.94641,0.82322,0.66264,0.8209,0.94038,0.00995321,0.00995321,0.00995321
221,11866.1,0.67089,0.93261,1.02124,0.91732,0.95045,0.94308,0.81928,0.66331,0.82433,0.94055,0.00995278,0.00995278,0.00995278
222,11920,0.66786,0.97099,1.02658,0.92243,0.94428,0.94345,0.82125,0.66224,0.82335,0.93984,0.00995235,0.00995235,0.00995235
223,11974,0.67153,0.9222,1.02374,0.92195,0.94423,0.9435,0.8197,0.66272,0.82755,0.93913,0.00995192,0.00995192,0.00995192
224,12028.1,0.65241,0.90494,1.01043,0.92219,0.94187,0.94346,0.82083,0.6603,0.82695,0.93864,0.00995149,0.00995149,0.00995149
225,12081.6,0.6435,0.92825,1.00496,0.92153,0.94124,0.94206,0.81832,0.66021,0.82043,0.93849,0.00995105,0.00995105,0.00995105
226,12135.2,0.66495,0.91895,1.02346,0.9216,0.9427,0.94286,0.82194,0.66089,0.82559,0.93751,0.00995062,0.00995062,0.00995062
227,12188.9,0.65806,0.90845,1.01477,0.92413,0.94321,0.94285,0.82312,0.65809,0.8234,0.93607,0.00995018,0.00995018,0.00995018
228,12243.6,0.65013,0.93082,1.01232,0.92378,0.94375,0.94242,0.82046,0.65929,0.82949,0.93691,0.00994974,0.00994974,0.00994974
229,12297,0.65917,0.90633,1.0205,0.92304,0.94294,0.9421,0.82046,0.65837,0.82894,0.93693,0.00994929,0.00994929,0.00994929
230,12350.8,0.64245,0.92557,1.00522,0.92656,0.94173,0.94295,0.82282,0.65793,0.8271,0.93728,0.00994885,0.00994885,0.00994885
231,12404.4,0.65367,0.90963,1.01854,0.92725,0.94239,0.94378,0.82547,0.65652,0.82548,0.93676,0.0099484,0.0099484,0.0099484
232,12458.6,0.65394,0.92814,1.01733,0.93035,0.94074,0.94529,0.8254,0.65572,0.82525,0.93658,0.00994795,0.00994795,0.00994795
233,12512.2,0.64961,0.90738,1.02342,0.93337,0.93654,0.946,0.82578,0.65513,0.82789,0.9362,0.0099475,0.0099475,0.0099475
234,12566,0.67443,0.91158,1.02318,0.93134,0.93623,0.94526,0.82355,0.65363,0.83289,0.93562,0.00994705,0.00994705,0.00994705
235,12619.5,0.64705,0.90478,1.01016,0.93155,0.93834,0.94527,0.82483,0.65281,0.83062,0.9349,0.00994659,0.00994659,0.00994659
236,12672,0.63573,0.90144,1.0011,0.92592,0.94124,0.9455,0.82455,0.65131,0.82954,0.93464,0.00994614,0.00994614,0.00994614
237,12723.5,0.64914,0.89133,1.01619,0.92844,0.93368,0.94541,0.82807,0.64862,0.82756,0.93337,0.00994568,0.00994568,0.00994568
238,12775.5,0.63748,0.91126,1.00979,0.90606,0.96089,0.94614,0.82695,0.64712,0.83134,0.9328,0.00994522,0.00994522,0.00994522
239,12828.8,0.65309,0.93605,1.00804,0.90581,0.9605,0.94619,0.82941,0.64547,0.83428,0.93184,0.00994476,0.00994476,0.00994476
240,12882.5,0.63875,0.88105,1.00666,0.90525,0.96104,0.94507,0.82892,0.64556,0.83478,0.93192,0.00994429,0.00994429,0.00994429
241,12935.6,0.65582,0.91369,1.01174,0.91234,0.95877,0.94569,0.83112,0.64493,0.83822,0.93198,0.00994383,0.00994383,0.00994383
242,12988,0.65406,0.89805,1.02224,0.91282,0.95626,0.94654,0.83272,0.64391,0.83786,0.93169,0.00994336,0.00994336,0.00994336
243,13040.8,0.64902,0.90054,1.01525,0.91479,0.95091,0.94696,0.83155,0.64402,0.83823,0.93158,0.00994289,0.00994289,0.00994289
244,13094.6,0.64431,0.89233,1.00464,0.91405,0.95504,0.94689,0.83277,0.6426,0.83567,0.93087,0.00994242,0.00994242,0.00994242
245,13147.9,0.65092,0.89377,1.01717,0.91355,0.95637,0.94734,0.8336,0.64184,0.83298,0.93082,0.00994194,0.00994194,0.00994194
246,13201,0.64017,0.86942,1.00711,0.91941,0.94903,0.94681,0.83274,0.64111,0.83261,0.93073,0.00994147,0.00994147,0.00994147
247,13255,0.64215,0.85843,1.00249,0.91968,0.94964,0.94762,0.834,0.63913,0.83171,0.92951,0.00994099,0.00994099,0.00994099
248,13308.2,0.63753,0.88581,1.00427,0.92162,0.95132,0.94776,0.83283,0.63811,0.83207,0.92901,0.00994051,0.00994051,0.00994051
249,13361.6,0.649,0.89793,1.01292,0.92397,0.95035,0.94747,0.82866,0.63697,0.83456,0.92783,0.00994003,0.00994003,0.00994003
250,13416.5,0.65313,0.88231,1.01259,0.92399,0.95099,0.94769,0.83041,0.63514,0.83398,0.92628,0.00993954,0.00993954,0.00993954
251,13470.3,0.65051,0.87255,1.01514,0.92473,0.95142,0.94721,0.8285,0.63499,0.83757,0.92579,0.00993906,0.00993906,0.00993906
252,13524,0.6406,0.85487,1.00395,0.92606,0.95239,0.94715,0.82975,0.63423,0.83674,0.92574,0.00993857,0.00993857,0.00993857
253,13576.2,0.66087,0.92979,1.01623,0.92674,0.95173,0.94698,0.82941,0.63296,0.83643,0.92526,0.00993808,0.00993808,0.00993808
254,13629.5,0.66204,0.91172,1.01918,0.92677,0.95157,0.94712,0.83095,0.6328,0.83866,0.92481,0.00993759,0.00993759,0.00993759
255,13681.9,0.65519,0.88519,1.01434,0.92711,0.95015,0.94686,0.83183,0.63216,0.83887,0.9247,0.0099371,0.0099371,0.0099371
256,13735.2,0.6514,0.87217,1.00792,0.92488,0.95014,0.94685,0.83163,0.63118,0.83973,0.92394,0.0099366,0.0099366,0.0099366
257,13788.8,0.63826,0.88954,1.00852,0.92594,0.94821,0.94733,0.83223,0.63105,0.84172,0.92352,0.0099361,0.0099361,0.0099361
258,13842.8,0.63144,0.87026,0.9979,0.9223,0.94982,0.94663,0.83351,0.63062,0.84142,0.92298,0.0099356,0.0099356,0.0099356
259,13896.3,0.63287,0.85072,1.00398,0.92051,0.95177,0.94585,0.83189,0.63014,0.84137,0.92307,0.0099351,0.0099351,0.0099351
260,13950.6,0.62739,0.86655,0.99342,0.92226,0.95251,0.94536,0.8313,0.62906,0.84464,0.92254,0.0099346,0.0099346,0.0099346
261,14004.8,0.64092,0.92629,1.00523,0.92007,0.95336,0.94533,0.83005,0.62832,0.84348,0.92226,0.0099341,0.0099341,0.0099341
262,14058.8,0.63588,0.87966,1.00186,0.91954,0.95318,0.94547,0.83044,0.62817,0.84217,0.92205,0.00993359,0.00993359,0.00993359
263,14113.1,0.64143,0.8541,1.01045,0.92008,0.95279,0.94585,0.83257,0.62699,0.84172,0.92168,0.00993308,0.00993308,0.00993308
264,14166,0.63641,0.87005,1.00491,0.92056,0.95211,0.94581,0.83178,0.62695,0.83982,0.92198,0.00993257,0.00993257,0.00993257
265,14219.7,0.63803,0.86216,0.99966,0.92064,0.95157,0.94533,0.83234,0.62686,0.83864,0.92195,0.00993206,0.00993206,0.00993206
266,14273.5,0.64329,0.90706,1.00972,0.92065,0.95127,0.94507,0.83209,0.62639,0.84097,0.92144,0.00993154,0.00993154,0.00993154
267,14326.7,0.62863,0.86936,0.99285,0.92067,0.95119,0.94407,0.83103,0.62613,0.84023,0.92154,0.00993103,0.00993103,0.00993103
268,14380.4,0.63417,0.86344,1.00397,0.92126,0.95106,0.94446,0.83381,0.62492,0.83782,0.92084,0.00993051,0.00993051,0.00993051
269,14433.6,0.64394,0.86936,1.00127,0.92457,0.95157,0.94485,0.83352,0.62448,0.83837,0.92098,0.00992999,0.00992999,0.00992999
270,14486.1,0.63753,0.88215,1.00018,0.92439,0.95114,0.94384,0.83326,0.6234,0.83758,0.92051,0.00992946,0.00992946,0.00992946
271,14539,0.63538,0.8658,1.00106,0.92431,0.95092,0.94306,0.83182,0.62266,0.83677,0.92028,0.00992894,0.00992894,0.00992894
272,14592,0.64474,0.87587,1.00817,0.92466,0.94938,0.94394,0.8322,0.62147,0.83672,0.91974,0.00992841,0.00992841,0.00992841
273,14644.8,0.62652,0.84512,0.99997,0.92477,0.95069,0.94352,0.83237,0.62087,0.83769,0.91956,0.00992789,0.00992789,0.00992789
274,14698.1,0.62013,0.83623,1.00011,0.92343,0.95135,0.94269,0.83138,0.62064,0.83447,0.91918,0.00992736,0.00992736,0.00992736
275,14752.5,0.64096,0.86391,0.99857,0.92236,0.9514,0.94297,0.83112,0.62,0.83667,0.91869,0.00992682,0.00992682,0.00992682
276,14805.7,0.62881,0.84227,0.99916,0.92231,0.95099,0.94366,0.83203,0.61973,0.83472,0.91863,0.00992629,0.00992629,0.00992629
277,14858.6,0.6335,0.86418,0.99834,0.92199,0.94767,0.94386,0.8332,0.61928,0.83308,0.91812,0.00992576,0.00992576,0.00992576
278,14912.5,0.63699,0.86957,0.99375,0.92163,0.94764,0.94359,0.83322,0.61964,0.83182,0.91793,0.00992522,0.00992522,0.00992522
279,14966.5,0.64308,0.83795,1.00409,0.92208,0.94795,0.94391,0.83303,0.61906,0.83005,0.91743,0.00992468,0.00992468,0.00992468
280,15020.8,0.63576,0.86652,1.00744,0.92187,0.94804,0.9446,0.83424,0.61862,0.82818,0.91737,0.00992414,0.00992414,0.00992414
281,15074.5,0.63519,0.86486,1.00456,0.92396,0.94764,0.94391,0.8341,0.61836,0.8275,0.91715,0.00992359,0.00992359,0.00992359
282,15128.1,0.63241,0.8573,1.00087,0.92421,0.94746,0.94482,0.83658,0.61849,0.82561,0.9173,0.00992305,0.00992305,0.00992305
283,15182.2,0.63327,0.85195,0.99514,0.92407,0.94694,0.94516,0.83678,0.61834,0.82551,0.91706,0.0099225,0.0099225,0.0099225
284,15237,0.63293,0.85936,1.00262,0.91963,0.95619,0.94508,0.83639,0.61821,0.82629,0.91702,0.00992195,0.00992195,0.00992195
285,15291.3,0.63336,0.86739,1.00409,0.91997,0.95599,0.94525,0.83714,0.61801,0.82663,0.91699,0.0099214,0.0099214,0.0099214
286,15345.9,0.62908,0.85799,1.00233,0.92308,0.94627,0.94518,0.83712,0.61848,0.82421,0.91732,0.00992085,0.00992085,0.00992085
287,15399.4,0.62585,0.84936,0.99679,0.91257,0.9562,0.94566,0.83699,0.61851,0.82311,0.91788,0.00992029,0.00992029,0.00992029
288,15452.8,0.61531,0.83497,0.98537,0.9136,0.95513,0.94618,0.83724,0.61903,0.82101,0.91837,0.00991974,0.00991974,0.00991974
289,15507.4,0.61535,0.82015,0.98785,0.91395,0.95459,0.94606,0.83805,0.61931,0.81938,0.91859,0.00991918,0.00991918,0.00991918
290,15561.4,0.62888,0.83152,1.00944,0.915,0.95621,0.94638,0.83922,0.61978,0.81728,0.91862,0.00991862,0.00991862,0.00991862
291,15615.1,0.62829,0.85367,1.00487,0.91516,0.95773,0.94614,0.83802,0.62026,0.8163,0.91875,0.00991805,0.00991805,0.00991805
292,15668.6,0.62003,0.84179,1.00127,0.91487,0.95509,0.94621,0.83817,0.61986,0.81541,0.91862,0.00991749,0.00991749,0.00991749
293,15721.9,0.62806,0.82079,0.99417,0.91258,0.95425,0.94575,0.83806,0.62018,0.81739,0.91845,0.00991692,0.00991692,0.00991692
294,15774.9,0.62981,0.83294,0.98882,0.91426,0.95339,0.94578,0.83917,0.6206,0.81804,0.91834,0.00991635,0.00991635,0.00991635
295,15827.7,0.61892,0.82486,0.99608,0.91434,0.95339,0.94646,0.83991,0.62,0.8176,0.91817,0.00991578,0.00991578,0.00991578
296,15881.2,0.62557,0.82468,0.99877,0.91748,0.95274,0.94663,0.83766,0.61965,0.81724,0.91776,0.00991521,0.00991521,0.00991521
297,15934.4,0.63378,0.85152,0.99862,0.91718,0.9532,0.94695,0.8411,0.61947,0.81419,0.91778,0.00991464,0.00991464,0.00991464
298,15987.5,0.62937,0.83068,0.99945,0.91652,0.9535,0.94679,0.83734,0.61947,0.81305,0.9177,0.00991406,0.00991406,0.00991406
299,16040.7,0.62024,0.83091,0.99412,0.92231,0.94528,0.94661,0.83775,0.62045,0.81402,0.91806,0.00991348,0.00991348,0.00991348
300,16093.6,0.63305,0.81579,0.99453,0.92253,0.94557,0.94642,0.83724,0.62072,0.81285,0.91806,0.0099129,0.0099129,0.0099129
301,16147,0.61122,0.84516,0.98827,0.9225,0.94587,0.94637,0.83884,0.62089,0.81117,0.91783,0.00991232,0.00991232,0.00991232
302,16199.6,0.61958,0.81586,0.99684,0.923,0.94629,0.94648,0.83956,0.62077,0.81001,0.91779,0.00991174,0.00991174,0.00991174
303,16253.6,0.63276,0.83778,0.99759,0.92264,0.94595,0.94631,0.83972,0.62074,0.80936,0.91763,0.00991115,0.00991115,0.00991115
304,16305.3,0.61861,0.80318,0.99771,0.92268,0.94629,0.94633,0.84047,0.62104,0.80729,0.91806,0.00991056,0.00991056,0.00991056
305,16356.6,0.62219,0.83366,0.99879,0.92276,0.94647,0.94596,0.83975,0.62061,0.8072,0.91779,0.00990998,0.00990998,0.00990998
306,16408.7,0.62001,0.82783,0.99864,0.92242,0.94669,0.94615,0.84027,0.6204,0.80674,0.91746,0.00990938,0.00990938,0.00990938
307,16461.1,0.61533,0.82802,0.99004,0.92256,0.9464,0.94571,0.83866,0.62075,0.80677,0.91763,0.00990879,0.00990879,0.00990879
308,16511.8,0.6254,0.83649,1.0027,0.92084,0.94736,0.94629,0.83868,0.62035,0.80375,0.91765,0.0099082,0.0099082,0.0099082
309,16562.4,0.62039,0.81262,0.9966,0.91899,0.94839,0.94708,0.83965,0.62002,0.80489,0.91776,0.0099076,0.0099076,0.0099076
310,16613.8,0.6201,0.85511,0.99334,0.91894,0.94876,0.94688,0.83862,0.62028,0.80415,0.91759,0.009907,0.009907,0.009907
311,16665.2,0.60886,0.82234,0.98471,0.91706,0.95112,0.94732,0.84007,0.61996,0.80499,0.91751,0.0099064,0.0099064,0.0099064
312,16716.2,0.6306,0.84169,0.99868,0.90873,0.96035,0.9473,0.83995,0.62029,0.80424,0.91771,0.0099058,0.0099058,0.0099058
313,16766.8,0.62899,0.82721,1.00145,0.90778,0.9634,0.94681,0.83975,0.62072,0.80443,0.91789,0.00990519,0.00990519,0.00990519
314,16818.6,0.61305,0.82967,0.98238,0.90521,0.96353,0.94697,0.84086,0.62131,0.80467,0.91791,0.00990458,0.00990458,0.00990458
315,16869.5,0.6169,0.87427,0.98671,0.91753,0.94948,0.94766,0.8415,0.62094,0.80851,0.91793,0.00990397,0.00990397,0.00990397
316,16921.2,0.60641,0.809,0.986,0.91769,0.94904,0.94722,0.83973,0.62033,0.80859,0.91739,0.00990336,0.00990336,0.00990336
317,16972.7,0.61025,0.80167,0.98275,0.92823,0.9374,0.94748,0.8403,0.62015,0.80874,0.91723,0.00990275,0.00990275,0.00990275
318,17023.2,0.62095,0.8285,0.9929,0.9291,0.93819,0.94695,0.84062,0.62038,0.80789,0.91743,0.00990214,0.00990214,0.00990214
319,17074.8,0.62445,0.83658,0.99749,0.92908,0.93792,0.94673,0.83949,0.62048,0.80646,0.91725,0.00990152,0.00990152,0.00990152
320,17125.9,0.61672,0.82292,0.9966,0.92904,0.93722,0.94622,0.83939,0.62055,0.80424,0.91734,0.0099009,0.0099009,0.0099009
321,17176.5,0.61847,0.82677,0.99322,0.91735,0.95379,0.94621,0.83884,0.61995,0.80507,0.91698,0.00990028,0.00990028,0.00990028
322,17227.8,0.60458,0.81281,0.9837,0.91736,0.9549,0.94637,0.84009,0.62039,0.80303,0.9171,0.00989966,0.00989966,0.00989966
323,17279.8,0.60625,0.83485,0.99454,0.91735,0.9549,0.94669,0.8387,0.61981,0.80226,0.91689,0.00989904,0.00989904,0.00989904
324,17330.8,0.61526,0.79221,0.98893,0.9147,0.95725,0.94702,0.83947,0.61963,0.80194,0.91666,0.00989841,0.00989841,0.00989841
325,17382,0.6123,0.81873,0.99343,0.91511,0.95643,0.94662,0.83875,0.61937,0.80234,0.91612,0.00989778,0.00989778,0.00989778
326,17433,0.62495,0.80082,0.99806,0.91618,0.95604,0.94666,0.84045,0.61875,0.80231,0.91602,0.00989715,0.00989715,0.00989715
327,17483.6,0.614,0.82718,0.98596,0.91452,0.9567,0.94678,0.84066,0.61834,0.80344,0.91591,0.00989652,0.00989652,0.00989652
328,17534.3,0.61527,0.85937,0.9874,0.91364,0.95725,0.94663,0.84197,0.61787,0.80343,0.91572,0.00989589,0.00989589,0.00989589
329,17585.2,0.6322,0.83372,0.99993,0.91388,0.95712,0.94663,0.84116,0.61766,0.80469,0.91566,0.00989525,0.00989525,0.00989525
330,17637,0.61751,0.82257,1.00052,0.91409,0.95687,0.94682,0.84226,0.61792,0.80528,0.91572,0.00989461,0.00989461,0.00989461
331,17688.3,0.61529,0.79921,0.98393,0.91422,0.95642,0.94641,0.84199,0.61783,0.80841,0.91561,0.00989398,0.00989398,0.00989398
332,17739.3,0.61609,0.81349,0.99035,0.91425,0.9565,0.94663,0.84207,0.6175,0.80934,0.91537,0.00989333,0.00989333,0.00989333
333,17789.9,0.6064,0.79214,0.98306,0.9144,0.95642,0.9461,0.84195,0.6171,0.80751,0.91511,0.00989269,0.00989269,0.00989269
334,17839.6,0.60551,0.78247,0.98425,0.91241,0.96025,0.94636,0.84181,0.61721,0.80654,0.91514,0.00989205,0.00989205,0.00989205
335,17890.5,0.59701,0.79299,0.97972,0.91513,0.95887,0.94575,0.8412,0.6173,0.80657,0.91514,0.0098914,0.0098914,0.0098914
336,17941,0.60733,0.79265,0.99113,0.91456,0.95959,0.94591,0.84115,0.61704,0.8051,0.91478,0.00989075,0.00989075,0.00989075
337,17992.2,0.614,0.81007,0.98427,0.9137,0.9604,0.94608,0.84147,0.61709,0.80471,0.91457,0.0098901,0.0098901,0.0098901
338,18043.1,0.60052,0.80509,0.9795,0.91499,0.95899,0.94656,0.8419,0.61717,0.80365,0.91459,0.00988945,0.00988945,0.00988945
339,18094.5,0.62168,0.79391,0.99539,0.91303,0.96116,0.94632,0.84222,0.61691,0.80307,0.91447,0.00988879,0.00988879,0.00988879
340,18145.5,0.62581,0.8369,0.99852,0.91659,0.95746,0.9467,0.8421,0.61645,0.80216,0.91411,0.00988814,0.00988814,0.00988814
341,18196,0.59072,0.80448,0.97727,0.91742,0.95715,0.94601,0.84059,0.61641,0.80357,0.91398,0.00988748,0.00988748,0.00988748
342,18247.6,0.60305,0.7879,0.98532,0.91767,0.95704,0.94646,0.8409,0.6162,0.80327,0.91376,0.00988682,0.00988682,0.00988682
343,18298.7,0.5851,0.7796,0.9705,0.91805,0.9569,0.94595,0.84213,0.61661,0.80684,0.91392,0.00988615,0.00988615,0.00988615
344,18349.8,0.60366,0.80502,0.98545,0.91572,0.95702,0.94644,0.84371,0.61658,0.80613,0.91444,0.00988549,0.00988549,0.00988549
345,18401.2,0.61825,0.79494,0.99361,0.91575,0.95719,0.94633,0.8432,0.61698,0.80604,0.91454,0.00988482,0.00988482,0.00988482
346,18452.5,0.60298,0.78613,0.97844,0.91576,0.95708,0.94579,0.84355,0.61666,0.8055,0.91414,0.00988416,0.00988416,0.00988416
347,18504,0.60717,0.80056,0.9899,0.91565,0.95701,0.94542,0.84366,0.61698,0.80566,0.91461,0.00988349,0.00988349,0.00988349
348,18555.3,0.61761,0.81445,0.98527,0.91562,0.95692,0.94565,0.8431,0.61668,0.80538,0.91465,0.00988281,0.00988281,0.00988281
349,18605.7,0.61211,0.8337,0.98745,0.91565,0.95686,0.94561,0.84324,0.6162,0.80674,0.91462,0.00988214,0.00988214,0.00988214
350,18656.1,0.59671,0.80232,0.97425,0.91563,0.95693,0.94552,0.84298,0.61583,0.8068,0.91437,0.00988147,0.00988147,0.00988147
351,18706.7,0.61413,0.81564,0.98687,0.91803,0.95692,0.94523,0.84266,0.61553,0.80793,0.91439,0.00988079,0.00988079,0.00988079
352,18757.8,0.60178,0.77575,0.98278,0.91805,0.95708,0.94581,0.84313,0.61553,0.80557,0.91413,0.00988011,0.00988011,0.00988011
353,18808.5,0.60132,0.7871,0.97928,0.91811,0.95713,0.94464,0.84187,0.61574,0.80744,0.91429,0.00987943,0.00987943,0.00987943
354,18859.2,0.60452,0.79087,0.98228,0.91813,0.95699,0.94492,0.84165,0.61546,0.80574,0.91402,0.00987874,0.00987874,0.00987874
355,18909.6,0.59887,0.78821,0.97498,0.91822,0.95699,0.94423,0.84194,0.61539,0.80681,0.91397,0.00987806,0.00987806,0.00987806
356,18960.4,0.60907,0.79082,0.99113,0.91823,0.957,0.94482,0.84214,0.61516,0.8049,0.91388,0.00987737,0.00987737,0.00987737
357,19010.8,0.59372,0.79685,0.97131,0.91829,0.95727,0.94391,0.84119,0.61486,0.80421,0.91361,0.00987668,0.00987668,0.00987668
358,19060.8,0.60645,0.80506,0.98619,0.9183,0.9574,0.94429,0.84149,0.61469,0.80419,0.91351,0.00987599,0.00987599,0.00987599
359,19112,0.60037,0.79886,0.98612,0.91818,0.95759,0.94503,0.84162,0.61423,0.80367,0.91323,0.0098753,0.0098753,0.0098753
360,19162.8,0.60399,0.79062,0.98353,0.91807,0.95765,0.94451,0.84026,0.61355,0.8026,0.91283,0.0098746,0.0098746,0.0098746
361,19213.8,0.60025,0.78238,0.98558,0.91802,0.95768,0.94512,0.84055,0.61359,0.8024,0.91271,0.00987391,0.00987391,0.00987391
362,19263.7,0.60564,0.80166,0.99447,0.91794,0.95784,0.94437,0.84023,0.6136,0.80192,0.91268,0.00987321,0.00987321,0.00987321
363,19313.5,0.59611,0.78734,0.97605,0.91799,0.95768,0.94692,0.84107,0.61322,0.80229,0.9124,0.00987251,0.00987251,0.00987251
364,19363.6,0.60558,0.80497,0.98139,0.918,0.95774,0.9482,0.8426,0.61291,0.80106,0.9122,0.00987181,0.00987181,0.00987181
365,19414,0.60877,0.78897,0.98209,0.91801,0.95772,0.94868,0.8429,0.6126,0.80191,0.91178,0.0098711,0.0098711,0.0098711
366,19464,0.60605,0.7856,0.98262,0.91801,0.95788,0.94723,0.84056,0.61303,0.80283,0.9119,0.0098704,0.0098704,0.0098704
367,19513.7,0.59431,0.78648,0.97989,0.91799,0.95791,0.94785,0.84158,0.61282,0.80124,0.91174,0.00986969,0.00986969,0.00986969
368,19563.7,0.61265,0.79626,0.97852,0.91804,0.95786,0.94877,0.84314,0.61312,0.80316,0.9119,0.00986898,0.00986898,0.00986898
369,19613.9,0.60192,0.79203,0.97856,0.91806,0.95798,0.94813,0.84215,0.6131,0.8029,0.91184,0.00986827,0.00986827,0.00986827
370,19664.3,0.58851,0.76491,0.98188,0.9181,0.95808,0.94804,0.84169,0.61237,0.80467,0.91154,0.00986755,0.00986755,0.00986755
371,19714.1,0.59981,0.78434,0.98245,0.91816,0.95791,0.94842,0.84173,0.61211,0.80437,0.91139,0.00986684,0.00986684,0.00986684
372,19765.2,0.58952,0.76502,0.97189,0.91816,0.95785,0.94866,0.84257,0.61247,0.80325,0.91144,0.00986612,0.00986612,0.00986612
373,19816.8,0.59053,0.7826,0.98432,0.91814,0.95782,0.94735,0.84136,0.61223,0.80343,0.91138,0.0098654,0.0098654,0.0098654
374,19868,0.60513,0.7791,0.98057,0.91814,0.95782,0.94732,0.84225,0.61177,0.80162,0.91101,0.00986468,0.00986468,0.00986468
375,19919.2,0.60501,0.79761,0.97941,0.9182,0.95767,0.9473,0.84227,0.61146,0.80183,0.91075,0.00986396,0.00986396,0.00986396
376,19970.4,0.59802,0.78299,0.98089,0.91822,0.95759,0.94774,0.84303,0.61129,0.80193,0.91066,0.00986323,0.00986323,0.00986323
377,20020.9,0.59121,0.758,0.97146,0.91826,0.95747,0.94791,0.8428,0.61096,0.80275,0.91041,0.0098625,0.0098625,0.0098625
378,20072.1,0.60181,0.78099,0.98822,0.9183,0.95724,0.94734,0.84251,0.61113,0.80265,0.91038,0.00986178,0.00986178,0.00986178
379,20121.8,0.59405,0.78674,0.97514,0.91833,0.95723,0.94734,0.84178,0.61045,0.80428,0.91003,0.00986104,0.00986104,0.00986104
380,20173.3,0.59017,0.77848,0.97641,0.91835,0.95713,0.94732,0.84241,0.61068,0.80417,0.91005,0.00986031,0.00986031,0.00986031
381,20224.7,0.58781,0.78514,0.97304,0.91837,0.95691,0.94782,0.8419,0.61063,0.80483,0.90981,0.00985958,0.00985958,0.00985958
382,20275.6,0.5839,0.76595,0.97348,0.91837,0.95677,0.948,0.84301,0.6103,0.80469,0.90982,0.00985884,0.00985884,0.00985884
383,20326.6,0.60478,0.77054,0.98149,0.91836,0.95677,0.94706,0.84189,0.61013,0.80328,0.90969,0.0098581,0.0098581,0.0098581
384,20377.9,0.60383,0.79651,0.9825,0.91833,0.95667,0.94628,0.84085,0.60964,0.80258,0.90932,0.00985736,0.00985736,0.00985736
385,20429.3,0.57386,0.77336,0.96784,0.91833,0.9568,0.94702,0.8416,0.60905,0.80185,0.909,0.00985662,0.00985662,0.00985662
386,20480.1,0.58885,0.76202,0.97761,0.91833,0.95684,0.9472,0.84153,0.60869,0.80236,0.90873,0.00985588,0.00985588,0.00985588
387,20531.6,0.60083,0.77631,0.98907,0.91845,0.95656,0.94757,0.84165,0.60896,0.80202,0.90873,0.00985513,0.00985513,0.00985513
388,20583,0.58728,0.77783,0.97064,0.91869,0.9563,0.94873,0.84418,0.60888,0.80052,0.90862,0.00985438,0.00985438,0.00985438
389,20635.4,0.59126,0.7856,0.97536,0.91876,0.95665,0.94761,0.84202,0.60873,0.80002,0.90845,0.00985363,0.00985363,0.00985363
390,20687.4,0.59893,0.77885,0.97807,0.91887,0.95688,0.94771,0.84226,0.60885,0.79947,0.90841,0.00985288,0.00985288,0.00985288
391,20738.9,0.59549,0.79716,0.98232,0.91881,0.95708,0.94808,0.84274,0.60898,0.79838,0.90841,0.00985213,0.00985213,0.00985213
392,20790.6,0.58841,0.76343,0.97657,0.91873,0.95707,0.9474,0.84123,0.60875,0.7959,0.90826,0.00985137,0.00985137,0.00985137
393,20842,0.59574,0.75813,0.98815,0.91872,0.95707,0.94726,0.84134,0.60858,0.79621,0.90819,0.00985061,0.00985061,0.00985061
394,20893.3,0.59022,0.77116,0.96709,0.91853,0.95721,0.94848,0.84274,0.60878,0.79597,0.90823,0.00984985,0.00984985,0.00984985
395,20946,0.59821,0.77608,0.98417,0.92008,0.95636,0.94833,0.84219,0.60829,0.7955,0.90818,0.00984909,0.00984909,0.00984909
396,20997.3,0.58924,0.75773,0.97703,0.9208,0.9562,0.94874,0.84272,0.60825,0.79489,0.90813,0.00984833,0.00984833,0.00984833
397,21048.5,0.58684,0.75507,0.9745,0.92194,0.95621,0.94838,0.8412,0.60819,0.79501,0.90803,0.00984757,0.00984757,0.00984757
398,21100.4,0.60501,0.8085,0.99141,0.92314,0.95628,0.94862,0.84147,0.60833,0.79181,0.90813,0.0098468,0.0098468,0.0098468
399,21151.1,0.59622,0.78209,0.97507,0.92342,0.95627,0.94771,0.84094,0.60806,0.79052,0.908,0.00984603,0.00984603,0.00984603
400,21203.6,0.59858,0.80186,0.98246,0.92367,0.95632,0.94851,0.8426,0.60809,0.79017,0.90799,0.00984526,0.00984526,0.00984526
401,21255.4,0.58502,0.77293,0.97257,0.92391,0.95642,0.94749,0.84146,0.60796,0.78965,0.90791,0.00984449,0.00984449,0.00984449
402,21306.7,0.58649,0.78641,0.97781,0.92364,0.95666,0.94846,0.84102,0.60808,0.78942,0.9079,0.00984371,0.00984371,0.00984371
403,21357.9,0.58555,0.77194,0.96615,0.92338,0.9569,0.94834,0.84062,0.6077,0.78907,0.90773,0.00984294,0.00984294,0.00984294
404,21409.6,0.5992,0.77093,0.98265,0.92322,0.95711,0.94799,0.84115,0.60767,0.79018,0.90762,0.00984216,0.00984216,0.00984216
405,21460.7,0.58066,0.76736,0.96046,0.92076,0.95789,0.94807,0.83966,0.60773,0.79055,0.90766,0.00984138,0.00984138,0.00984138
406,21512.1,0.59346,0.80282,0.97277,0.92039,0.95801,0.94803,0.8402,0.6076,0.79114,0.90757,0.0098406,0.0098406,0.0098406
407,21563.8,0.56455,0.76457,0.96266,0.92024,0.95805,0.94829,0.8393,0.60729,0.79157,0.90729,0.00983981,0.00983981,0.00983981
408,21615.7,0.5873,0.78258,0.97572,0.92075,0.95803,0.947,0.83797,0.60641,0.79135,0.90684,0.00983903,0.00983903,0.00983903
409,21666.3,0.58339,0.77601,0.98134,0.92102,0.95785,0.94674,0.83647,0.60663,0.79107,0.9067,0.00983824,0.00983824,0.00983824
410,21717.8,0.58661,0.75555,0.97144,0.92143,0.95772,0.94707,0.83768,0.60649,0.78928,0.90642,0.00983745,0.00983745,0.00983745
411,21769.7,0.58306,0.75933,0.9769,0.92373,0.95695,0.94676,0.83691,0.60658,0.79004,0.90636,0.00983666,0.00983666,0.00983666
412,21822.4,0.58472,0.79787,0.97258,0.92615,0.95697,0.94671,0.83713,0.60645,0.79103,0.9064,0.00983586,0.00983586,0.00983586
413,21872.9,0.58118,0.75074,0.97772,0.92619,0.95713,0.94784,0.83826,0.60647,0.78949,0.90636,0.00983507,0.00983507,0.00983507
414,21924.9,0.59752,0.78988,0.98757,0.92589,0.95722,0.94813,0.83906,0.60674,0.78795,0.90631,0.00983427,0.00983427,0.00983427
415,21975.9,0.58418,0.75998,0.97252,0.92592,0.95716,0.9476,0.83842,0.60667,0.7875,0.90621,0.00983347,0.00983347,0.00983347
416,22026.1,0.57583,0.75638,0.96558,0.92433,0.95774,0.94805,0.83907,0.607,0.78644,0.90645,0.00983267,0.00983267,0.00983267
417,22076.3,0.59264,0.77206,0.97045,0.92404,0.95783,0.94852,0.84088,0.60735,0.78642,0.90642,0.00983187,0.00983187,0.00983187
418,22126.8,0.57919,0.76667,0.96911,0.92364,0.95786,0.94895,0.83989,0.60716,0.7845,0.90644,0.00983106,0.00983106,0.00983106
419,22176.5,0.59089,0.74389,0.97314,0.92358,0.95786,0.94769,0.8395,0.60669,0.78498,0.90628,0.00983026,0.00983026,0.00983026
420,22226.1,0.595,0.75432,0.97874,0.92367,0.95764,0.94861,0.83965,0.60655,0.78504,0.90628,0.00982945,0.00982945,0.00982945
421,22276,0.5828,0.7679,0.97123,0.92358,0.95768,0.94748,0.83984,0.60619,0.78539,0.90605,0.00982864,0.00982864,0.00982864
422,22325.2,0.58501,0.75316,0.97767,0.92358,0.95764,0.9472,0.83741,0.60545,0.78656,0.90599,0.00982783,0.00982783,0.00982783
423,22374.2,0.57515,0.75978,0.96542,0.9237,0.95764,0.94815,0.83824,0.60555,0.7838,0.90576,0.00982701,0.00982701,0.00982701
424,22423.4,0.58261,0.747,0.96928,0.92392,0.95752,0.94704,0.83692,0.60492,0.7839,0.90563,0.0098262,0.0098262,0.0098262
425,22473.5,0.58133,0.76078,0.97775,0.92407,0.95746,0.94756,0.83785,0.60423,0.78403,0.90505,0.00982538,0.00982538,0.00982538
426,22522.8,0.58702,0.75106,0.97674,0.9242,0.95744,0.94721,0.83705,0.60426,0.78445,0.90491,0.00982456,0.00982456,0.00982456
427,22571.9,0.56929,0.76438,0.96636,0.92545,0.95692,0.94773,0.84009,0.60383,0.78339,0.90474,0.00982374,0.00982374,0.00982374
428,22621.8,0.57975,0.75819,0.97816,0.92421,0.95715,0.94748,0.83911,0.60438,0.78432,0.90484,0.00982291,0.00982291,0.00982291
429,22671.2,0.59228,0.75362,0.98328,0.92408,0.95705,0.94753,0.8384,0.60429,0.78343,0.90474,0.00982209,0.00982209,0.00982209
430,22721.5,0.5681,0.71299,0.96506,0.92388,0.95679,0.94721,0.83782,0.60349,0.78419,0.90459,0.00982126,0.00982126,0.00982126
431,22771.6,0.58836,0.73592,0.9781,0.92362,0.95666,0.94598,0.83681,0.60321,0.78414,0.90437,0.00982043,0.00982043,0.00982043
432,22822.8,0.58475,0.74546,0.96807,0.92317,0.95715,0.94712,0.83959,0.60353,0.78328,0.90447,0.0098196,0.0098196,0.0098196
433,22872.6,0.57511,0.75479,0.97373,0.92286,0.95753,0.94671,0.83705,0.60369,0.78221,0.90444,0.00981877,0.00981877,0.00981877
434,22922.5,0.56988,0.73503,0.96942,0.92286,0.9579,0.94699,0.83816,0.60367,0.78103,0.90429,0.00981793,0.00981793,0.00981793
435,22972.4,0.57392,0.75111,0.97008,0.92493,0.96035,0.94676,0.83703,0.60283,0.78182,0.90421,0.0098171,0.0098171,0.0098171
436,23021.5,0.58387,0.74813,0.96701,0.92495,0.96056,0.94711,0.83777,0.60249,0.78113,0.90408,0.00981626,0.00981626,0.00981626
437,23070.5,0.59383,0.754,0.97669,0.92496,0.96083,0.94684,0.83717,0.60203,0.78008,0.90378,0.00981542,0.00981542,0.00981542
438,23119.7,0.57594,0.74711,0.97414,0.92493,0.96067,0.94631,0.83716,0.60173,0.78015,0.90371,0.00981458,0.00981458,0.00981458
439,23169.2,0.58396,0.75571,0.97174,0.92284,0.95861,0.9468,0.83884,0.60167,0.77887,0.90324,0.00981373,0.00981373,0.00981373
440,23217.8,0.58674,0.76742,0.97019,0.9204,0.9588,0.9459,0.83818,0.60214,0.77914,0.90353,0.00981288,0.00981288,0.00981288
441,23266.5,0.57945,0.72721,0.95648,0.92024,0.95894,0.9468,0.83849,0.60225,0.7781,0.90353,0.00981204,0.00981204,0.00981204
442,23315.5,0.57351,0.74946,0.96891,0.92194,0.95658,0.94737,0.8406,0.60191,0.77734,0.90365,0.00981119,0.00981119,0.00981119
443,23364.4,0.59071,0.73859,0.97829,0.92244,0.96095,0.94741,0.84011,0.6015,0.77597,0.90325,0.00981034,0.00981034,0.00981034
444,23413.1,0.57812,0.7501,0.9692,0.92385,0.95663,0.9474,0.84026,0.60198,0.77606,0.90329,0.00980948,0.00980948,0.00980948
445,23462.3,0.56579,0.72844,0.96152,0.92244,0.96095,0.94762,0.84089,0.60246,0.77929,0.90383,0.00980863,0.00980863,0.00980863
446,23511.1,0.56938,0.77038,0.97326,0.92244,0.96095,0.94691,0.83964,0.6022,0.77893,0.90357,0.00980777,0.00980777,0.00980777
447,23560.7,0.58184,0.74094,0.96768,0.92244,0.96092,0.94672,0.83891,0.60173,0.77796,0.90324,0.00980691,0.00980691,0.00980691
448,23610.2,0.59094,0.75454,0.97362,0.92244,0.96088,0.94752,0.84143,0.60134,0.77623,0.90272,0.00980605,0.00980605,0.00980605
449,23659.3,0.5784,0.74802,0.9646,0.92246,0.96115,0.9469,0.83982,0.60131,0.77624,0.9027,0.00980519,0.00980519,0.00980519
450,23709,0.57457,0.73672,0.96738,0.92248,0.96132,0.94791,0.84277,0.60143,0.77636,0.90272,0.00980432,0.00980432,0.00980432
451,23757.9,0.58454,0.74946,0.96506,0.92247,0.96133,0.94747,0.84173,0.60127,0.77408,0.90249,0.00980345,0.00980345,0.00980345
452,23806.5,0.58046,0.74322,0.97054,0.92247,0.96114,0.9483,0.84097,0.60166,0.77523,0.90252,0.00980259,0.00980259,0.00980259
453,23854.7,0.56886,0.75718,0.95589,0.92497,0.96124,0.94842,0.84073,0.60187,0.77408,0.90265,0.00980171,0.00980171,0.00980171
454,23903.1,0.58908,0.75172,0.97615,0.92498,0.96132,0.94892,0.84315,0.60126,0.7733,0.90201,0.00980084,0.00980084,0.00980084
455,23950.9,0.57446,0.75449,0.96637,0.92497,0.96147,0.94837,0.84177,0.60099,0.77468,0.90178,0.00979997,0.00979997,0.00979997
456,23998.3,0.56872,0.7227,0.96307,0.92499,0.96163,0.94834,0.84072,0.60082,0.77399,0.90155,0.00979909,0.00979909,0.00979909
457,24046.4,0.57684,0.73116,0.97029,0.92499,0.96164,0.94895,0.84369,0.60054,0.77447,0.9013,0.00979821,0.00979821,0.00979821
458,24094.2,0.57592,0.74878,0.96924,0.92499,0.96163,0.94928,0.84277,0.60047,0.77337,0.90142,0.00979733,0.00979733,0.00979733
459,24142,0.57895,0.74921,0.97288,0.92499,0.96137,0.94916,0.84287,0.60045,0.77312,0.90122,0.00979645,0.00979645,0.00979645
460,24189.1,0.5636,0.74874,0.95776,0.92503,0.96177,0.94923,0.84139,0.6003,0.77173,0.90102,0.00979557,0.00979557,0.00979557
461,24236.7,0.56729,0.74805,0.96069,0.92501,0.96096,0.94921,0.84316,0.60014,0.77122,0.90083,0.00979468,0.00979468,0.00979468
462,24284.9,0.57439,0.75275,0.96498,0.92502,0.9605,0.94914,0.84383,0.59972,0.77222,0.90064,0.0097938,0.0097938,0.0097938
463,24332.5,0.56667,0.72124,0.95748,0.92501,0.96011,0.94926,0.84269,0.59956,0.77103,0.90057,0.00979291,0.00979291,0.00979291
464,24380.1,0.56664,0.73066,0.96282,0.92501,0.96013,0.94914,0.84389,0.59973,0.76975,0.90056,0.00979202,0.00979202,0.00979202
465,24429.8,0.56196,0.73283,0.96527,0.92498,0.96015,0.94942,0.84461,0.59942,0.76905,0.90046,0.00979112,0.00979112,0.00979112
466,24478.4,0.57709,0.73441,0.97124,0.92498,0.96017,0.94931,0.8442,0.59919,0.76821,0.90019,0.00979023,0.00979023,0.00979023
467,24526.9,0.56891,0.71578,0.96202,0.92499,0.96057,0.94983,0.84473,0.59865,0.76666,0.89989,0.00978933,0.00978933,0.00978933
468,24574.7,0.55643,0.71083,0.95641,0.925,0.96084,0.94952,0.84493,0.59829,0.76701,0.89974,0.00978843,0.00978843,0.00978843
469,24622.5,0.5813,0.75514,0.97491,0.925,0.96093,0.94954,0.84461,0.5981,0.76611,0.89965,0.00978753,0.00978753,0.00978753
470,24670.6,0.56328,0.72053,0.9685,0.925,0.96108,0.94957,0.84458,0.59792,0.76741,0.89969,0.00978663,0.00978663,0.00978663
471,24718.5,0.56387,0.71937,0.96161,0.92499,0.96101,0.9496,0.84467,0.59811,0.76614,0.89976,0.00978572,0.00978572,0.00978572
472,24766.1,0.56948,0.74454,0.97087,0.925,0.96122,0.94933,0.84432,0.59774,0.76603,0.89969,0.00978482,0.00978482,0.00978482
473,24813.3,0.57831,0.71879,0.96815,0.92498,0.96123,0.94955,0.8454,0.59744,0.76543,0.89973,0.00978391,0.00978391,0.00978391
474,24861.4,0.55447,0.72304,0.95258,0.92495,0.96104,0.9495,0.84353,0.59761,0.76617,0.89999,0.009783,0.009783,0.009783
475,24910.4,0.56683,0.72722,0.95359,0.92495,0.96112,0.9493,0.84409,0.59736,0.76663,0.90008,0.00978209,0.00978209,0.00978209
476,24958.8,0.56361,0.72292,0.96332,0.92497,0.9615,0.94966,0.84501,0.59692,0.76489,0.90004,0.00978118,0.00978118,0.00978118
477,25006,0.56501,0.72849,0.96272,0.92494,0.96128,0.9493,0.84663,0.59706,0.76584,0.90021,0.00978026,0.00978026,0.00978026
478,25053.9,0.57619,0.7563,0.95926,0.9249,0.9608,0.94944,0.84506,0.59712,0.76789,0.90017,0.00977934,0.00977934,0.00977934
479,25101.7,0.56749,0.70659,0.96552,0.9249,0.96091,0.94894,0.84489,0.59723,0.76852,0.90017,0.00977842,0.00977842,0.00977842
480,25149.9,0.57752,0.7417,0.95831,0.92488,0.96089,0.94897,0.84548,0.59681,0.76941,0.89986,0.0097775,0.0097775,0.0097775
481,25199.1,0.56291,0.71687,0.96044,0.92781,0.95645,0.94914,0.84594,0.59683,0.76914,0.89972,0.00977658,0.00977658,0.00977658
482,25247.8,0.57356,0.73303,0.97282,0.92784,0.95659,0.94847,0.84507,0.59652,0.76899,0.89992,0.00977565,0.00977565,0.00977565
483,25299.4,0.57373,0.71268,0.96808,0.92824,0.95652,0.94824,0.84471,0.59634,0.76985,0.89988,0.00977473,0.00977473,0.00977473
484,25347,0.57064,0.74735,0.96867,0.92845,0.95639,0.94887,0.84508,0.59634,0.76871,0.89992,0.0097738,0.0097738,0.0097738
485,25394.5,0.58066,0.73253,0.9647,0.92887,0.95648,0.94742,0.84576,0.59642,0.76647,0.89987,0.00977287,0.00977287,0.00977287
486,25443.6,0.57733,0.74619,0.96504,0.92927,0.95651,0.9475,0.84288,0.59644,0.76442,0.90002,0.00977194,0.00977194,0.00977194
487,25493.1,0.56632,0.70847,0.95406,0.92958,0.95653,0.94762,0.84343,0.59573,0.76536,0.89982,0.009771,0.009771,0.009771
488,25542.7,0.57167,0.7282,0.97254,0.92951,0.95639,0.94782,0.84493,0.59525,0.76544,0.89964,0.00977007,0.00977007,0.00977007
489,25592.9,0.56882,0.70243,0.96633,0.92932,0.95642,0.94746,0.84504,0.59517,0.76299,0.89962,0.00976913,0.00976913,0.00976913
490,25641.8,0.56491,0.72059,0.96,0.92969,0.95634,0.94693,0.84421,0.59512,0.76084,0.89974,0.00976819,0.00976819,0.00976819
491,25691.2,0.55917,0.72114,0.95566,0.93029,0.95624,0.94732,0.84594,0.59548,0.7614,0.89985,0.00976725,0.00976725,0.00976725
492,25738.9,0.57023,0.72464,0.96078,0.93033,0.95626,0.94752,0.84375,0.5952,0.76103,0.89979,0.0097663,0.0097663,0.0097663
493,25785.3,0.56882,0.71516,0.95778,0.93092,0.95613,0.94768,0.8443,0.59493,0.76038,0.89963,0.00976536,0.00976536,0.00976536
494,25832.7,0.56029,0.72232,0.95689,0.93122,0.95612,0.94793,0.84433,0.59481,0.76026,0.89955,0.00976441,0.00976441,0.00976441
495,25880.3,0.5551,0.69602,0.95045,0.93165,0.95614,0.94961,0.84501,0.59442,0.75969,0.89938,0.00976346,0.00976346,0.00976346
496,25928.4,0.56568,0.73776,0.96746,0.93165,0.95641,0.94968,0.84337,0.5944,0.76074,0.8993,0.00976251,0.00976251,0.00976251
497,25975.1,0.56877,0.75404,0.97293,0.93121,0.95656,0.94963,0.84314,0.59406,0.7602,0.89937,0.00976156,0.00976156,0.00976156
498,26022.6,0.55286,0.72964,0.9543,0.93128,0.95617,0.94918,0.84341,0.59399,0.76103,0.89885,0.0097606,0.0097606,0.0097606
499,26070.7,0.57376,0.73419,0.96729,0.9317,0.95535,0.9492,0.84277,0.59429,0.76252,0.8988,0.00975965,0.00975965,0.00975965
500,26117.9,0.57594,0.76034,0.9672,0.93296,0.95516,0.94903,0.84262,0.59362,0.76328,0.89865,0.00975869,0.00975869,0.00975869
501,26165.7,0.55554,0.73138,0.95803,0.93606,0.95242,0.94807,0.84257,0.59378,0.76258,0.89884,0.00975773,0.00975773,0.00975773
502,26212.4,0.57392,0.7275,0.97179,0.93647,0.95256,0.94855,0.84252,0.59428,0.76423,0.89894,0.00975677,0.00975677,0.00975677
503,26257.9,0.5627,0.73279,0.95629,0.93676,0.95228,0.94886,0.84331,0.59415,0.7639,0.89876,0.0097558,0.0097558,0.0097558
504,26303.2,0.57736,0.7317,0.96659,0.937,0.95203,0.94872,0.84299,0.59409,0.76702,0.89874,0.00975484,0.00975484,0.00975484
505,26349.4,0.57864,0.73432,0.97045,0.9402,0.95184,0.94911,0.84329,0.59419,0.7685,0.89876,0.00975387,0.00975387,0.00975387
506,26397,0.56524,0.72993,0.96325,0.94043,0.95253,0.94921,0.84387,0.59418,0.76726,0.89867,0.0097529,0.0097529,0.0097529
507,26444.6,0.55728,0.72353,0.96171,0.94052,0.953,0.94958,0.84548,0.59466,0.76827,0.89906,0.00975193,0.00975193,0.00975193
508,26492,0.57194,0.71426,0.96694,0.94056,0.95307,0.94892,0.84439,0.59466,0.76898,0.89904,0.00975096,0.00975096,0.00975096
509,26540.7,0.57812,0.72985,0.97365,0.94079,0.95276,0.94915,0.84463,0.59452,0.76876,0.8991,0.00974998,0.00974998,0.00974998
510,26588.9,0.56211,0.7361,0.95406,0.94084,0.95315,0.94899,0.84484,0.59448,0.7685,0.89917,0.009749,0.009749,0.009749
511,26637,0.56342,0.72381,0.9588,0.94081,0.95447,0.94941,0.84713,0.59448,0.76759,0.8991,0.00974803,0.00974803,0.00974803
512,26684.6,0.56699,0.73795,0.95737,0.94068,0.95513,0.94949,0.84575,0.5945,0.76775,0.89919,0.00974705,0.00974705,0.00974705
513,26731.1,0.56502,0.71528,0.9619,0.9407,0.9556,0.9493,0.84727,0.59469,0.76819,0.89922,0.00974606,0.00974606,0.00974606
514,26778,0.56917,0.70794,0.96182,0.94039,0.95588,0.94954,0.84578,0.59433,0.76736,0.89913,0.00974508,0.00974508,0.00974508
515,26825.8,0.56855,0.71871,0.95813,0.93932,0.95592,0.94948,0.84625,0.59433,0.76673,0.89887,0.00974409,0.00974409,0.00974409
516,26873.3,0.5672,0.7416,0.9677,0.93916,0.9562,0.94975,0.84618,0.59468,0.76613,0.89897,0.0097431,0.0097431,0.0097431
517,26921.8,0.56735,0.68635,0.96267,0.93972,0.95633,0.94942,0.84482,0.59447,0.7655,0.89883,0.00974211,0.00974211,0.00974211
518,26969.6,0.55726,0.71687,0.96017,0.93958,0.95643,0.94956,0.84533,0.59476,0.76636,0.89884,0.00974112,0.00974112,0.00974112
519,27016.9,0.56473,0.73705,0.95755,0.93953,0.95638,0.94952,0.84468,0.5947,0.76577,0.8988,0.00974013,0.00974013,0.00974013
520,27063.9,0.56609,0.70883,0.96385,0.93923,0.95628,0.94984,0.84652,0.5948,0.76648,0.89885,0.00973913,0.00973913,0.00973913
521,27112.7,0.5587,0.71998,0.95759,0.93893,0.9562,0.95092,0.84746,0.59485,0.76626,0.89886,0.00973814,0.00973814,0.00973814
522,27161,0.56466,0.68301,0.95807,0.93915,0.95624,0.94969,0.84601,0.59506,0.76768,0.89881,0.00973714,0.00973714,0.00973714
523,27209.7,0.55323,0.71092,0.95994,0.93929,0.95639,0.94984,0.8463,0.59526,0.7676,0.89893,0.00973614,0.00973614,0.00973614
524,27258.9,0.55874,0.72582,0.95568,0.93923,0.95681,0.95006,0.84645,0.59481,0.76678,0.89883,0.00973513,0.00973513,0.00973513
525,27307,0.56215,0.7176,0.95442,0.93853,0.95735,0.95031,0.84577,0.59475,0.76662,0.8988,0.00973413,0.00973413,0.00973413
526,27354.2,0.57619,0.73168,0.96014,0.93863,0.95725,0.94988,0.84485,0.59497,0.76756,0.89897,0.00973312,0.00973312,0.00973312
527,27402,0.5636,0.71535,0.95626,0.9387,0.95725,0.9494,0.84405,0.59477,0.7656,0.89897,0.00973211,0.00973211,0.00973211
528,27449.1,0.55607,0.69233,0.95051,0.93868,0.95727,0.94989,0.84441,0.59485,0.76586,0.89881,0.0097311,0.0097311,0.0097311
529,27497,0.55865,0.7235,0.95531,0.93878,0.95733,0.95143,0.84587,0.59445,0.76544,0.89846,0.00973009,0.00973009,0.00973009
530,27546,0.55899,0.72398,0.95621,0.93881,0.95735,0.95102,0.84559,0.5945,0.76485,0.89836,0.00972908,0.00972908,0.00972908
531,27593.9,0.5655,0.6928,0.96223,0.93884,0.95736,0.95086,0.84548,0.59422,0.7651,0.89815,0.00972806,0.00972806,0.00972806
532,27642.7,0.56966,0.73135,0.96488,0.93886,0.95735,0.95145,0.84618,0.59387,0.76622,0.89806,0.00972704,0.00972704,0.00972704
533,27690.9,0.5556,0.70032,0.9616,0.93886,0.95734,0.95089,0.84523,0.59374,0.76481,0.89833,0.00972603,0.00972603,0.00972603
534,27738.6,0.56387,0.72665,0.95921,0.93885,0.95738,0.9507,0.84535,0.59333,0.7653,0.89814,0.009725,0.009725,0.009725
535,27786.1,0.55968,0.68967,0.96568,0.93887,0.95748,0.95066,0.84542,0.59328,0.76407,0.89826,0.00972398,0.00972398,0.00972398
536,27833.5,0.55728,0.70897,0.95447,0.93889,0.9575,0.95111,0.84535,0.59264,0.76468,0.89789,0.00972296,0.00972296,0.00972296
537,27881,0.56314,0.69397,0.96216,0.9389,0.95769,0.95157,0.84556,0.59254,0.76333,0.89775,0.00972193,0.00972193,0.00972193
538,27929.8,0.5641,0.70085,0.95845,0.93891,0.95788,0.95199,0.84584,0.59252,0.76388,0.89818,0.0097209,0.0097209,0.0097209
539,27979,0.57208,0.73287,0.9648,0.93892,0.9579,0.95268,0.84685,0.59296,0.76257,0.8985,0.00971987,0.00971987,0.00971987
540,28026.1,0.56097,0.73368,0.96391,0.93893,0.95804,0.95143,0.845,0.59307,0.76202,0.89861,0.00971884,0.00971884,0.00971884
541,28075.1,0.5587,0.69509,0.9495,0.93889,0.95827,0.95094,0.84423,0.59279,0.7622,0.89862,0.0097178,0.0097178,0.0097178
542,28122.8,0.57348,0.75005,0.95742,0.93892,0.95845,0.95126,0.84556,0.59257,0.76295,0.89832,0.00971677,0.00971677,0.00971677
543,28170.1,0.55475,0.67993,0.95584,0.93893,0.95855,0.9513,0.84578,0.59245,0.76245,0.89837,0.00971573,0.00971573,0.00971573
544,28216.7,0.55552,0.7113,0.9517,0.93892,0.95868,0.95134,0.846,0.5925,0.76214,0.89837,0.00971469,0.00971469,0.00971469
545,28264.2,0.56473,0.72137,0.95634,0.93897,0.95881,0.95139,0.84561,0.59248,0.76238,0.89825,0.00971365,0.00971365,0.00971365
546,28310.4,0.5453,0.71521,0.94976,0.93892,0.9588,0.95125,0.84435,0.59267,0.7641,0.89847,0.0097126,0.0097126,0.0097126
547,28359.1,0.55995,0.7008,0.96284,0.93893,0.95886,0.95189,0.84505,0.59268,0.76461,0.89831,0.00971156,0.00971156,0.00971156
548,28407.1,0.56799,0.70779,0.96287,0.93894,0.95892,0.95058,0.84396,0.59265,0.76399,0.89835,0.00971051,0.00971051,0.00971051
549,28454.1,0.55274,0.7047,0.96097,0.93893,0.95911,0.95065,0.84463,0.59279,0.76358,0.89833,0.00970946,0.00970946,0.00970946
550,28500.9,0.55678,0.71887,0.95816,0.9389,0.95921,0.95136,0.84404,0.59285,0.76423,0.89822,0.00970841,0.00970841,0.00970841
551,28548.7,0.559,0.73087,0.95153,0.93888,0.95926,0.95067,0.8449,0.59288,0.76391,0.89826,0.00970736,0.00970736,0.00970736
552,28596.8,0.56637,0.71104,0.96309,0.93889,0.95935,0.95059,0.84463,0.59309,0.7631,0.89871,0.00970631,0.00970631,0.00970631
553,28645,0.56636,0.71206,0.96248,0.93886,0.95923,0.95057,0.84477,0.59295,0.76203,0.89857,0.00970525,0.00970525,0.00970525
554,28693.6,0.56772,0.71513,0.96251,0.93878,0.95927,0.95077,0.84482,0.59261,0.76165,0.8984,0.00970419,0.00970419,0.00970419
555,28740.8,0.55098,0.71513,0.9587,0.93885,0.95924,0.95138,0.84417,0.59209,0.76005,0.89802,0.00970313,0.00970313,0.00970313
556,28789.3,0.55945,0.71485,0.95822,0.93873,0.95933,0.95102,0.84398,0.59171,0.7603,0.89784,0.00970207,0.00970207,0.00970207
557,28835.7,0.5581,0.70027,0.95842,0.93864,0.95947,0.95107,0.84376,0.59168,0.76025,0.89782,0.00970101,0.00970101,0.00970101
558,28883.7,0.56526,0.71689,0.96051,0.93878,0.95943,0.9505,0.84339,0.59175,0.75879,0.89798,0.00969994,0.00969994,0.00969994
559,28932.5,0.55994,0.71219,0.95734,0.93857,0.95963,0.95068,0.84313,0.59147,0.75876,0.89767,0.00969887,0.00969887,0.00969887
560,28979.8,0.55926,0.70722,0.95105,0.93871,0.95964,0.95083,0.84354,0.59087,0.75783,0.89742,0.0096978,0.0096978,0.0096978
561,29025.7,0.55561,0.69911,0.94377,0.93843,0.96014,0.95095,0.84433,0.59038,0.75687,0.89715,0.00969673,0.00969673,0.00969673
562,29073.3,0.55598,0.71662,0.95747,0.9382,0.96065,0.95034,0.84367,0.58952,0.75568,0.89661,0.00969566,0.00969566,0.00969566
563,29121.4,0.56045,0.72964,0.96661,0.93789,0.96097,0.9508,0.84604,0.58933,0.75728,0.89637,0.00969459,0.00969459,0.00969459
564,29168.7,0.55232,0.70487,0.95495,0.93759,0.96122,0.95029,0.84413,0.58876,0.75688,0.896,0.00969351,0.00969351,0.00969351
565,29216.2,0.55245,0.6951,0.9503,0.93759,0.96126,0.95114,0.84376,0.58876,0.7582,0.89591,0.00969243,0.00969243,0.00969243
566,29263.8,0.55904,0.70267,0.95181,0.93742,0.9615,0.95114,0.84465,0.5884,0.75781,0.89585,0.00969135,0.00969135,0.00969135
567,29311.5,0.55358,0.70069,0.95998,0.93739,0.9618,0.95108,0.84451,0.58829,0.75689,0.89576,0.00969027,0.00969027,0.00969027
568,29358.7,0.55256,0.6881,0.95116,0.93743,0.96195,0.95101,0.84393,0.58802,0.75705,0.89565,0.00968918,0.00968918,0.00968918
569,29404.8,0.54552,0.69404,0.94344,0.93688,0.96257,0.95121,0.84433,0.58809,0.7569,0.8958,0.0096881,0.0096881,0.0096881
570,29453,0.55101,0.70535,0.95789,0.93725,0.96264,0.95092,0.84564,0.58689,0.76017,0.89538,0.00968701,0.00968701,0.00968701
571,29502,0.5546,0.69347,0.94739,0.93735,0.95941,0.95092,0.84569,0.58646,0.75951,0.89535,0.00968592,0.00968592,0.00968592
572,29551.4,0.54756,0.69794,0.94722,0.9376,0.95937,0.95194,0.84652,0.58682,0.76097,0.89541,0.00968483,0.00968483,0.00968483
573,29600,0.55808,0.70689,0.95294,0.93779,0.9597,0.95218,0.84888,0.58675,0.76038,0.89555,0.00968374,0.00968374,0.00968374
574,29648,0.55482,0.71914,0.9604,0.93763,0.96017,0.95199,0.84811,0.58649,0.75887,0.89541,0.00968264,0.00968264,0.00968264
575,29695.1,0.55416,0.70192,0.9545,0.93782,0.96032,0.95196,0.84793,0.58658,0.75902,0.89541,0.00968155,0.00968155,0.00968155
576,29741.8,0.56551,0.71233,0.95844,0.93782,0.96032,0.95182,0.84505,0.58598,0.75881,0.89512,0.00968045,0.00968045,0.00968045
577,29787.6,0.54717,0.70662,0.94316,0.93775,0.96032,0.95154,0.8451,0.58533,0.75786,0.89488,0.00967935,0.00967935,0.00967935
578,29834.1,0.54627,0.69005,0.95125,0.93762,0.96032,0.95225,0.84605,0.58522,0.75826,0.89472,0.00967825,0.00967825,0.00967825
579,29880.7,0.55281,0.70159,0.95404,0.93765,0.96032,0.95258,0.84592,0.58524,0.76043,0.89473,0.00967714,0.00967714,0.00967714
580,29927.9,0.54738,0.71838,0.94497,0.93755,0.96032,0.95179,0.84645,0.58516,0.75862,0.89479,0.00967604,0.00967604,0.00967604
581,29975.3,0.55955,0.72312,0.95499,0.93779,0.96032,0.95234,0.84686,0.5851,0.75832,0.8947,0.00967493,0.00967493,0.00967493
582,30022.9,0.55483,0.68848,0.9517,0.93791,0.96032,0.95232,0.8464,0.5852,0.758,0.89504,0.00967382,0.00967382,0.00967382
583,30069.8,0.55223,0.69208,0.94983,0.93851,0.96032,0.95212,0.84678,0.58505,0.7603,0.89512,0.00967271,0.00967271,0.00967271
584,30117.5,0.54833,0.68592,0.94962,0.93864,0.96032,0.95265,0.84804,0.58515,0.7591,0.89516,0.00967159,0.00967159,0.00967159
585,30164.7,0.54921,0.70238,0.95501,0.93943,0.96024,0.95265,0.84801,0.58495,0.75951,0.8951,0.00967048,0.00967048,0.00967048
586,30212,0.55554,0.72243,0.95675,0.93987,0.96032,0.95266,0.84644,0.58458,0.75883,0.89507,0.00966936,0.00966936,0.00966936
587,30259.3,0.54712,0.69254,0.95048,0.93981,0.95956,0.95227,0.84821,0.58419,0.76049,0.89488,0.00966824,0.00966824,0.00966824
588,30307.7,0.54545,0.6855,0.94526,0.93828,0.96032,0.95266,0.84843,0.58466,0.7599,0.89506,0.00966712,0.00966712,0.00966712
589,30356.2,0.55492,0.70001,0.95968,0.93805,0.96032,0.95233,0.84808,0.58406,0.75922,0.89472,0.009666,0.009666,0.009666
590,30403.2,0.53848,0.67888,0.9512,0.93814,0.96032,0.9526,0.84804,0.5841,0.75897,0.89456,0.00966488,0.00966488,0.00966488
591,30450.8,0.54523,0.68084,0.94712,0.93803,0.96032,0.95234,0.84791,0.58389,0.75882,0.89454,0.00966375,0.00966375,0.00966375
592,30498.4,0.55231,0.68753,0.94723,0.93801,0.96032,0.95268,0.84819,0.58391,0.75565,0.89446,0.00966262,0.00966262,0.00966262
593,30544.3,0.54531,0.69177,0.94321,0.93803,0.96032,0.95357,0.84835,0.58395,0.75513,0.89467,0.00966149,0.00966149,0.00966149
594,30591.3,0.55589,0.72176,0.95347,0.938,0.96032,0.95268,0.84656,0.58403,0.75369,0.89468,0.00966036,0.00966036,0.00966036
595,30639.3,0.55068,0.70377,0.95428,0.93762,0.96032,0.9526,0.84653,0.5841,0.75558,0.89465,0.00965923,0.00965923,0.00965923
596,30686.2,0.55947,0.69922,0.96284,0.93876,0.96032,0.95262,0.84661,0.58364,0.75381,0.89473,0.0096581,0.0096581,0.0096581
597,30732.5,0.53855,0.67132,0.94782,0.93952,0.95966,0.95271,0.84683,0.58356,0.7529,0.8948,0.00965696,0.00965696,0.00965696
598,30778.4,0.55977,0.69454,0.96092,0.93965,0.96032,0.95358,0.84839,0.58348,0.75658,0.8947,0.00965582,0.00965582,0.00965582
599,30824.4,0.55572,0.72293,0.95602,0.93962,0.95988,0.95272,0.84795,0.58294,0.75589,0.89465,0.00965468,0.00965468,0.00965468
600,30871.1,0.55156,0.70982,0.94751,0.93966,0.95992,0.95402,0.84974,0.58272,0.75609,0.89461,0.00965354,0.00965354,0.00965354
601,30918.4,0.55446,0.69486,0.94695,0.93966,0.95893,0.95355,0.8495,0.58293,0.75491,0.89495,0.00965239,0.00965239,0.00965239
602,30966.3,0.55336,0.69408,0.95683,0.93973,0.95716,0.9531,0.84857,0.58274,0.75535,0.89475,0.00965125,0.00965125,0.00965125
603,31015.1,0.55398,0.69092,0.9525,0.94259,0.95818,0.95406,0.84819,0.58273,0.75524,0.89471,0.0096501,0.0096501,0.0096501
604,31062.5,0.55387,0.70307,0.95597,0.9425,0.9569,0.9536,0.84871,0.58247,0.75638,0.89475,0.00964895,0.00964895,0.00964895
605,31109,0.56265,0.71623,0.94929,0.94242,0.95598,0.95392,0.84797,0.58258,0.75649,0.89447,0.0096478,0.0096478,0.0096478
606,31156.1,0.56647,0.70838,0.96289,0.9424,0.95574,0.95365,0.8479,0.58274,0.75708,0.89433,0.00964665,0.00964665,0.00964665
607,31203.2,0.54822,0.68478,0.94934,0.9424,0.95585,0.95392,0.84945,0.58278,0.75723,0.89421,0.00964549,0.00964549,0.00964549
608,31250.1,0.55313,0.69438,0.95326,0.94238,0.95575,0.95406,0.8486,0.58273,0.75993,0.89415,0.00964433,0.00964433,0.00964433
609,31296.6,0.54232,0.69814,0.94611,0.94236,0.95563,0.9548,0.84969,0.5831,0.75905,0.89421,0.00964318,0.00964318,0.00964318
610,31344.5,0.54386,0.6958,0.95398,0.94236,0.95593,0.95392,0.84898,0.58291,0.75783,0.89398,0.00964202,0.00964202,0.00964202
611,31393.6,0.55769,0.73219,0.95745,0.94236,0.95615,0.95392,0.84841,0.58326,0.75679,0.89403,0.00964085,0.00964085,0.00964085
612,31442.8,0.55035,0.69602,0.95474,0.94228,0.9561,0.95426,0.84945,0.58321,0.75662,0.89409,0.00963969,0.00963969,0.00963969
613,31490.8,0.56207,0.71745,0.95792,0.94198,0.95613,0.95468,0.84992,0.58309,0.75586,0.89413,0.00963852,0.00963852,0.00963852
614,31536.9,0.54374,0.66484,0.94196,0.93965,0.95391,0.95413,0.84971,0.5833,0.75608,0.89447,0.00963736,0.00963736,0.00963736
615,31584,0.5512,0.6919,0.95235,0.93952,0.95391,0.95466,0.85006,0.58306,0.75178,0.89406,0.00963619,0.00963619,0.00963619
616,31630.3,0.54279,0.66971,0.95487,0.93929,0.95391,0.95456,0.85206,0.58351,0.75072,0.89453,0.00963502,0.00963502,0.00963502
617,31675.8,0.54644,0.68996,0.94682,0.93915,0.95391,0.9544,0.8522,0.58282,0.7507,0.89421,0.00963384,0.00963384,0.00963384
618,31721.1,0.54612,0.68392,0.95602,0.93898,0.95391,0.95463,0.8532,0.58291,0.7512,0.89406,0.00963267,0.00963267,0.00963267
619,31770.6,0.54705,0.67797,0.95364,0.93903,0.95391,0.95474,0.85181,0.58305,0.75182,0.89422,0.00963149,0.00963149,0.00963149
620,31816.8,0.54645,0.69831,0.95071,0.93897,0.95391,0.95473,0.85301,0.58318,0.75153,0.89416,0.00963031,0.00963031,0.00963031
621,31862.8,0.53629,0.68827,0.95147,0.9388,0.95391,0.95487,0.85208,0.58178,0.75286,0.89332,0.00962913,0.00962913,0.00962913
622,31909,0.54662,0.70332,0.9512,0.93895,0.95391,0.95545,0.85302,0.58183,0.75172,0.89359,0.00962795,0.00962795,0.00962795
623,31955.3,0.543,0.70054,0.94618,0.93903,0.95391,0.95506,0.85322,0.58188,0.75365,0.89329,0.00962677,0.00962677,0.00962677
624,32001.8,0.54334,0.68045,0.9531,0.94107,0.95391,0.95534,0.8529,0.58172,0.75371,0.89316,0.00962558,0.00962558,0.00962558
625,32047.1,0.54403,0.6846,0.95222,0.94132,0.95391,0.95556,0.85189,0.58153,0.75349,0.89303,0.00962439,0.00962439,0.00962439
626,32091.4,0.55328,0.71935,0.95193,0.94131,0.95391,0.95545,0.853,0.58119,0.75317,0.89292,0.0096232,0.0096232,0.0096232
627,32135.9,0.54495,0.70451,0.94753,0.94167,0.95391,0.95539,0.85045,0.58139,0.75355,0.89303,0.00962201,0.00962201,0.00962201
628,32180.5,0.54443,0.6744,0.95026,0.9418,0.95391,0.95504,0.85092,0.5811,0.75208,0.89294,0.00962082,0.00962082,0.00962082
629,32226.2,0.54257,0.69255,0.94183,0.94178,0.95391,0.95538,0.85128,0.58195,0.74983,0.89322,0.00961962,0.00961962,0.00961962
630,32270.9,0.54618,0.69485,0.9502,0.94189,0.95391,0.95525,0.85097,0.58178,0.74999,0.89306,0.00961843,0.00961843,0.00961843
631,32316.4,0.54366,0.68025,0.95461,0.94187,0.95391,0.9551,0.85125,0.58162,0.75069,0.89293,0.00961723,0.00961723,0.00961723
632,32361.1,0.54563,0.69351,0.95384,0.94203,0.95391,0.95512,0.85108,0.58142,0.75086,0.89279,0.00961603,0.00961603,0.00961603
633,32405.2,0.54122,0.68374,0.95072,0.94218,0.95391,0.95551,0.85189,0.58149,0.75208,0.89262,0.00961483,0.00961483,0.00961483
634,32449.9,0.55208,0.6771,0.94945,0.94195,0.95391,0.95546,0.85237,0.58111,0.75157,0.89265,0.00961362,0.00961362,0.00961362
635,32496.1,0.53955,0.68574,0.93986,0.94221,0.95391,0.95543,0.85279,0.58108,0.75172,0.89268,0.00961242,0.00961242,0.00961242
636,32542.4,0.54368,0.71674,0.95004,0.94228,0.95391,0.95526,0.85191,0.5809,0.75232,0.89256,0.00961121,0.00961121,0.00961121
637,32588.5,0.55443,0.68932,0.96035,0.94335,0.95381,0.95466,0.85153,0.58086,0.75129,0.89275,0.00961,0.00961,0.00961
638,32634.5,0.54185,0.67279,0.94299,0.94341,0.95391,0.95478,0.84964,0.58052,0.75254,0.8926,0.00960879,0.00960879,0.00960879
639,32680.2,0.53967,0.68396,0.95247,0.94244,0.95391,0.95465,0.85141,0.58034,0.7527,0.89254,0.00960758,0.00960758,0.00960758
640,32725.4,0.54148,0.68995,0.95369,0.94116,0.95408,0.95462,0.85126,0.5806,0.75217,0.89278,0.00960636,0.00960636,0.00960636
641,32770.2,0.53671,0.68262,0.94738,0.94103,0.95424,0.95472,0.84989,0.58056,0.75425,0.89284,0.00960515,0.00960515,0.00960515
642,32816.1,0.542,0.69416,0.94616,0.941,0.95397,0.95441,0.84973,0.58063,0.75534,0.89296,0.00960393,0.00960393,0.00960393
643,32861.4,0.5424,0.67854,0.94441,0.94109,0.95391,0.9549,0.85189,0.58052,0.75384,0.89303,0.00960271,0.00960271,0.00960271
644,32907.2,0.54757,0.6886,0.94467,0.94198,0.95391,0.95512,0.8508,0.58065,0.75336,0.89293,0.00960149,0.00960149,0.00960149
645,32953.5,0.54591,0.68369,0.94687,0.94183,0.95391,0.95485,0.85149,0.58021,0.75323,0.8929,0.00960026,0.00960026,0.00960026
646,33000.2,0.54022,0.69476,0.94443,0.9432,0.95391,0.95498,0.85105,0.5806,0.75232,0.89309,0.00959904,0.00959904,0.00959904
647,33046.9,0.54043,0.69307,0.95265,0.94186,0.95391,0.955,0.85087,0.58071,0.75327,0.89323,0.00959781,0.00959781,0.00959781
648,33093.4,0.53187,0.68751,0.94365,0.94368,0.95391,0.95526,0.85119,0.58075,0.7545,0.89314,0.00959658,0.00959658,0.00959658
649,33139.1,0.53639,0.67743,0.94843,0.94404,0.95391,0.95518,0.85118,0.58045,0.75379,0.8933,0.00959535,0.00959535,0.00959535
650,33185.4,0.53313,0.6778,0.94585,0.94746,0.95361,0.95518,0.85171,0.5808,0.75398,0.89341,0.00959412,0.00959412,0.00959412
651,33234.6,0.54587,0.69207,0.94517,0.94754,0.95356,0.95542,0.85204,0.58071,0.75467,0.89354,0.00959289,0.00959289,0.00959289
652,33284.3,0.53901,0.66159,0.95092,0.9476,0.9535,0.95487,0.85147,0.58083,0.75414,0.89367,0.00959165,0.00959165,0.00959165
653,33332.8,0.54372,0.66957,0.94395,0.94767,0.9529,0.95573,0.85252,0.58082,0.75454,0.89374,0.00959041,0.00959041,0.00959041
654,33380.8,0.54399,0.6729,0.9483,0.94756,0.95236,0.95546,0.85193,0.58102,0.75414,0.89382,0.00958917,0.00958917,0.00958917
655,33427.9,0.52862,0.65348,0.94236,0.94746,0.9521,0.9552,0.85131,0.58126,0.75369,0.89389,0.00958793,0.00958793,0.00958793
656,33475.3,0.53027,0.68146,0.94384,0.94748,0.95205,0.95554,0.85177,0.58085,0.75217,0.894,0.00958669,0.00958669,0.00958669
657,33523.6,0.54249,0.67641,0.94407,0.9474,0.95146,0.95538,0.85095,0.58109,0.75173,0.89401,0.00958544,0.00958544,0.00958544
658,33570.5,0.54036,0.6771,0.94468,0.9473,0.95077,0.95536,0.85186,0.58092,0.75178,0.89388,0.0095842,0.0095842,0.0095842
659,33617.4,0.54304,0.69319,0.94856,0.9476,0.95071,0.95528,0.85174,0.58107,0.75016,0.89406,0.00958295,0.00958295,0.00958295
660,33662.4,0.54422,0.67771,0.95534,0.94778,0.95071,0.95561,0.85158,0.58127,0.749,0.89414,0.0095817,0.0095817,0.0095817
661,33708.9,0.53885,0.68938,0.95307,0.94828,0.95071,0.95547,0.85005,0.58156,0.74914,0.8943,0.00958044,0.00958044,0.00958044
662,33754.4,0.54375,0.69749,0.95059,0.94845,0.95071,0.95551,0.85184,0.58152,0.74989,0.89431,0.00957919,0.00957919,0.00957919
663,33799.4,0.53164,0.65007,0.94474,0.95039,0.95296,0.95535,0.85163,0.58154,0.74834,0.8942,0.00957793,0.00957793,0.00957793
664,33845.2,0.52936,0.68012,0.94329,0.95047,0.95313,0.95531,0.85133,0.58116,0.74791,0.89419,0.00957668,0.00957668,0.00957668
665,33891.7,0.54673,0.70631,0.94846,0.94789,0.95045,0.95531,0.85062,0.58103,0.74791,0.89404,0.00957542,0.00957542,0.00957542
666,33938.8,0.55034,0.67643,0.94837,0.94763,0.95071,0.95494,0.85056,0.58141,0.74716,0.89405,0.00957416,0.00957416,0.00957416
667,33986.9,0.53785,0.67531,0.94628,0.94755,0.95133,0.95526,0.84997,0.581,0.74664,0.89387,0.00957289,0.00957289,0.00957289
668,34034.3,0.53342,0.67784,0.94849,0.94752,0.95106,0.95507,0.84932,0.58104,0.74785,0.89413,0.00957163,0.00957163,0.00957163
669,34080.6,0.53127,0.65653,0.94655,0.94757,0.95166,0.95525,0.84966,0.58056,0.74727,0.89378,0.00957036,0.00957036,0.00957036
670,34127,0.53649,0.67414,0.93739,0.94754,0.95216,0.95539,0.8502,0.58065,0.74809,0.89377,0.00956909,0.00956909,0.00956909
671,34173,0.54993,0.70692,0.95719,0.94749,0.9524,0.95523,0.8498,0.58066,0.74794,0.89376,0.00956782,0.00956782,0.00956782
672,34219.8,0.53717,0.68879,0.94722,0.94739,0.9523,0.95527,0.84982,0.58046,0.74794,0.89362,0.00956655,0.00956655,0.00956655
673,34266.9,0.52267,0.65602,0.94249,0.94734,0.95248,0.9551,0.84965,0.5801,0.74861,0.89352,0.00956528,0.00956528,0.00956528
674,34313.5,0.53594,0.68564,0.93921,0.94739,0.95228,0.95532,0.85041,0.58018,0.74552,0.89354,0.009564,0.009564,0.009564
675,34360.8,0.52641,0.69274,0.93227,0.94739,0.95236,0.95515,0.84928,0.57997,0.74745,0.89327,0.00956273,0.00956273,0.00956273
676,34406.4,0.52688,0.66991,0.93639,0.94682,0.95417,0.95568,0.85037,0.57992,0.74747,0.89324,0.00956145,0.00956145,0.00956145
677,34451.7,0.53045,0.67529,0.94668,0.94669,0.95476,0.95527,0.85039,0.57967,0.7467,0.89315,0.00956017,0.00956017,0.00956017
678,34497.4,0.54515,0.66218,0.95241,0.94667,0.95474,0.95478,0.84974,0.57932,0.74687,0.89304,0.00955888,0.00955888,0.00955888
679,34542.5,0.53438,0.65914,0.94204,0.9467,0.95475,0.95507,0.84906,0.57924,0.74724,0.89295,0.0095576,0.0095576,0.0095576
680,34588.3,0.54266,0.69765,0.94666,0.94674,0.95486,0.95449,0.84888,0.57923,0.7467,0.89298,0.00955631,0.00955631,0.00955631
681,34634.4,0.54859,0.68388,0.95277,0.94674,0.95524,0.95499,0.84927,0.5793,0.74683,0.89312,0.00955502,0.00955502,0.00955502
682,34680.7,0.53392,0.66636,0.93974,0.94673,0.95548,0.95481,0.85219,0.57955,0.74664,0.89315,0.00955373,0.00955373,0.00955373
683,34725.8,0.53212,0.68901,0.94948,0.94688,0.9551,0.95483,0.85128,0.57953,0.74657,0.89307,0.00955244,0.00955244,0.00955244
684,34771.7,0.54029,0.68429,0.94691,0.94679,0.95482,0.95454,0.85193,0.57931,0.74647,0.89294,0.00955115,0.00955115,0.00955115
685,34816.5,0.53032,0.67298,0.94119,0.9468,0.95455,0.955,0.85209,0.57915,0.74704,0.89289,0.00954986,0.00954986,0.00954986
686,34861.9,0.53806,0.67953,0.93773,0.94673,0.95424,0.95526,0.85235,0.5799,0.74547,0.89348,0.00954856,0.00954856,0.00954856
687,34907,0.5326,0.68109,0.93629,0.94704,0.95391,0.95547,0.85214,0.57911,0.74319,0.89302,0.00954726,0.00954726,0.00954726
688,34954.2,0.53587,0.68118,0.94231,0.95018,0.9528,0.95499,0.85198,0.57929,0.74221,0.89301,0.00954596,0.00954596,0.00954596
689,34999.5,0.53723,0.67722,0.95174,0.95013,0.9527,0.95475,0.85149,0.57914,0.74161,0.89292,0.00954466,0.00954466,0.00954466
690,35044.5,0.54503,0.69611,0.94464,0.95001,0.95293,0.95541,0.85294,0.57909,0.74036,0.89275,0.00954335,0.00954335,0.00954335
691,35090.4,0.53446,0.6646,0.94201,0.9499,0.95297,0.95501,0.85297,0.57933,0.73994,0.893,0.00954205,0.00954205,0.00954205
692,35137,0.53147,0.66924,0.9432,0.94982,0.95293,0.95539,0.85268,0.57955,0.74087,0.89309,0.00954074,0.00954074,0.00954074
693,35182.9,0.53579,0.67711,0.942,0.94974,0.95276,0.95536,0.85198,0.57965,0.74059,0.89325,0.00953943,0.00953943,0.00953943
694,35228.3,0.52051,0.65751,0.94013,0.949,0.95391,0.95541,0.85208,0.5794,0.74122,0.89309,0.00953812,0.00953812,0.00953812
695,35274,0.53674,0.66163,0.94454,0.94857,0.95391,0.95576,0.85256,0.57906,0.74237,0.89288,0.00953681,0.00953681,0.00953681
696,35319.5,0.5319,0.69161,0.94586,0.94785,0.95391,0.95569,0.85261,0.57896,0.74233,0.89267,0.00953549,0.00953549,0.00953549
697,35365.7,0.53196,0.66849,0.94499,0.94782,0.95391,0.95575,0.85294,0.57932,0.74218,0.8928,0.00953418,0.00953418,0.00953418
698,35410.5,0.5432,0.69013,0.9441,0.94804,0.95391,0.95611,0.85312,0.57969,0.74184,0.89276,0.00953286,0.00953286,0.00953286
699,35455.9,0.52505,0.66195,0.94183,0.94865,0.95391,0.95602,0.85332,0.57975,0.74118,0.89275,0.00953154,0.00953154,0.00953154
700,35502.2,0.54041,0.67864,0.94409,0.94904,0.95382,0.95571,0.85313,0.57939,0.73772,0.89253,0.00953022,0.00953022,0.00953022
701,35546.5,0.53316,0.67729,0.94536,0.94909,0.95379,0.95588,0.85321,0.57919,0.73746,0.89243,0.00952889,0.00952889,0.00952889
702,35591.1,0.52589,0.67331,0.94547,0.94914,0.95382,0.95591,0.85291,0.57883,0.73709,0.89218,0.00952757,0.00952757,0.00952757
703,35635.9,0.53493,0.6555,0.95123,0.94924,0.95381,0.95593,0.85243,0.57828,0.73666,0.89207,0.00952624,0.00952624,0.00952624
704,35682.1,0.53352,0.65943,0.94274,0.94917,0.95376,0.95579,0.85216,0.57774,0.73505,0.89195,0.00952491,0.00952491,0.00952491
705,35728.3,0.52361,0.65733,0.93356,0.94921,0.95371,0.95648,0.85199,0.57698,0.73543,0.89166,0.00952358,0.00952358,0.00952358
706,35774.3,0.53255,0.65336,0.9428,0.9492,0.95369,0.9562,0.85205,0.57692,0.73497,0.89149,0.00952225,0.00952225,0.00952225
707,35820.8,0.53247,0.66394,0.94011,0.94894,0.95372,0.95537,0.85146,0.5769,0.734,0.89157,0.00952092,0.00952092,0.00952092
708,35866.7,0.53164,0.66405,0.9391,0.94872,0.95374,0.95556,0.85119,0.57713,0.73451,0.89182,0.00951958,0.00951958,0.00951958
709,35912.6,0.53064,0.65049,0.94288,0.94871,0.95387,0.95574,0.85177,0.57673,0.73293,0.89168,0.00951824,0.00951824,0.00951824
710,35959.1,0.53389,0.68496,0.9329,0.94848,0.95391,0.95593,0.85195,0.57669,0.73303,0.89175,0.0095169,0.0095169,0.0095169
711,36004.7,0.53651,0.68995,0.94448,0.94906,0.9519,0.95557,0.85123,0.5763,0.73277,0.89182,0.00951556,0.00951556,0.00951556
712,36049.9,0.5304,0.65816,0.93918,0.94891,0.952,0.95576,0.85244,0.57561,0.73168,0.89152,0.00951422,0.00951422,0.00951422
713,36095.2,0.54143,0.68612,0.94489,0.93938,0.96225,0.95558,0.85213,0.5755,0.73074,0.89153,0.00951288,0.00951288,0.00951288
714,36141.2,0.53632,0.67062,0.94457,0.93873,0.96353,0.95576,0.85232,0.57503,0.73001,0.89136,0.00951153,0.00951153,0.00951153
715,36186,0.54435,0.68635,0.9393,0.94155,0.96353,0.95602,0.85237,0.57483,0.73014,0.89122,0.00951018,0.00951018,0.00951018
716,36230.5,0.53859,0.67039,0.94453,0.94067,0.96353,0.95585,0.85225,0.57466,0.7312,0.89117,0.00950883,0.00950883,0.00950883
717,36275.9,0.53507,0.67794,0.94007,0.94048,0.96353,0.95656,0.85302,0.57448,0.73078,0.89107,0.00950748,0.00950748,0.00950748
718,36322.4,0.55465,0.69058,0.96065,0.94048,0.96353,0.95608,0.8528,0.5744,0.72913,0.891,0.00950613,0.00950613,0.00950613
719,36367.5,0.53366,0.67694,0.95008,0.93976,0.96353,0.95616,0.85186,0.57421,0.72927,0.89092,0.00950477,0.00950477,0.00950477
720,36413,0.54016,0.68424,0.94691,0.9398,0.96353,0.95623,0.85183,0.5743,0.72848,0.89088,0.00950341,0.00950341,0.00950341
721,36458.4,0.52842,0.67259,0.94559,0.93975,0.96353,0.95691,0.85259,0.57473,0.7292,0.89086,0.00950206,0.00950206,0.00950206
722,36503.4,0.5404,0.70473,0.95209,0.93996,0.96353,0.95609,0.85214,0.57463,0.73042,0.8909,0.0095007,0.0095007,0.0095007
723,36549.2,0.5356,0.6789,0.93941,0.94052,0.96353,0.95602,0.85211,0.57466,0.73262,0.8908,0.00949933,0.00949933,0.00949933
724,36594.1,0.53268,0.67035,0.94108,0.94061,0.96353,0.9565,0.85271,0.57495,0.73296,0.89107,0.00949797,0.00949797,0.00949797
725,36638.7,0.54323,0.67626,0.93868,0.94063,0.96353,0.95672,0.85279,0.57499,0.73415,0.89084,0.0094966,0.0094966,0.0094966
726,36683.5,0.53459,0.68393,0.93636,0.94028,0.96353,0.95658,0.85145,0.57456,0.73452,0.89059,0.00949524,0.00949524,0.00949524
727,36729,0.53799,0.68049,0.94596,0.95269,0.94931,0.95642,0.85156,0.57432,0.73536,0.89061,0.00949387,0.00949387,0.00949387
728,36773,0.52721,0.67652,0.93468,0.94052,0.96353,0.95646,0.85132,0.57444,0.73546,0.89061,0.0094925,0.0094925,0.0094925
729,36817.3,0.52724,0.65147,0.93786,0.94043,0.96353,0.95662,0.85135,0.57413,0.73583,0.89035,0.00949112,0.00949112,0.00949112
730,36863.6,0.53661,0.65965,0.94372,0.94033,0.96353,0.95676,0.85351,0.57441,0.73566,0.89056,0.00948975,0.00948975,0.00948975
731,36907.2,0.53817,0.6594,0.94304,0.95221,0.94943,0.95675,0.85336,0.57429,0.73745,0.89054,0.00948837,0.00948837,0.00948837
732,36951,0.53034,0.67261,0.94518,0.94039,0.96353,0.95687,0.85189,0.57458,0.7392,0.89061,0.009487,0.009487,0.009487
733,36995.6,0.52994,0.66688,0.94048,0.94027,0.96353,0.95635,0.85161,0.57432,0.73904,0.89048,0.00948562,0.00948562,0.00948562
734,37042.5,0.54028,0.66886,0.94437,0.94007,0.96353,0.95622,0.85225,0.574,0.74044,0.89048,0.00948423,0.00948423,0.00948423
735,37088.4,0.54541,0.67626,0.94551,0.93987,0.96353,0.95652,0.85162,0.57377,0.74051,0.89045,0.00948285,0.00948285,0.00948285
736,37134.6,0.52758,0.6625,0.93951,0.93977,0.96353,0.95615,0.85199,0.57387,0.74287,0.89041,0.00948147,0.00948147,0.00948147
737,37181.8,0.54213,0.66435,0.94821,0.93992,0.96353,0.95652,0.85203,0.57376,0.74302,0.8903,0.00948008,0.00948008,0.00948008
738,37228.8,0.53551,0.66099,0.94244,0.94039,0.96353,0.95616,0.85057,0.57369,0.74288,0.89018,0.00947869,0.00947869,0.00947869
739,37275.1,0.53352,0.65885,0.94644,0.94103,0.96353,0.95629,0.85225,0.57349,0.74379,0.89005,0.0094773,0.0094773,0.0094773
740,37321.3,0.53927,0.68932,0.94823,0.94102,0.96353,0.95672,0.85298,0.57299,0.74295,0.8897,0.00947591,0.00947591,0.00947591
741,37367.4,0.5307,0.66576,0.94262,0.9414,0.96353,0.95676,0.85327,0.57279,0.74145,0.88961,0.00947452,0.00947452,0.00947452
742,37411.6,0.51903,0.6344,0.92923,0.94145,0.96353,0.95654,0.85244,0.57256,0.741,0.88951,0.00947312,0.00947312,0.00947312
743,37457.5,0.52434,0.66052,0.94077,0.94205,0.95977,0.95646,0.85265,0.5727,0.74166,0.88956,0.00947172,0.00947172,0.00947172
744,37504,0.52985,0.64664,0.93728,0.94214,0.9598,0.95626,0.85206,0.57232,0.74322,0.88954,0.00947032,0.00947032,0.00947032
745,37549.1,0.52721,0.66938,0.93546,0.94211,0.95994,0.95689,0.85258,0.57237,0.74167,0.88949,0.00946892,0.00946892,0.00946892
746,37595.1,0.52217,0.64227,0.92971,0.94209,0.95964,0.95617,0.85329,0.57199,0.74498,0.88936,0.00946752,0.00946752,0.00946752
747,37640.7,0.52793,0.68181,0.945,0.95236,0.95031,0.95658,0.85381,0.5717,0.7464,0.88925,0.00946612,0.00946612,0.00946612
748,37686.5,0.53053,0.66102,0.94467,0.94607,0.95223,0.9566,0.85518,0.57178,0.74542,0.88951,0.00946471,0.00946471,0.00946471
749,37732.2,0.53016,0.65697,0.94799,0.93764,0.96353,0.95642,0.85513,0.57186,0.74645,0.88955,0.0094633,0.0094633,0.0094633
750,37778.5,0.51684,0.67503,0.93142,0.93762,0.96353,0.95639,0.85536,0.57156,0.74608,0.88961,0.00946189,0.00946189,0.00946189
751,37825.2,0.52501,0.67213,0.94023,0.93749,0.96353,0.95671,0.85609,0.57147,0.74628,0.88948,0.00946048,0.00946048,0.00946048
752,37872.5,0.52396,0.65154,0.94056,0.94608,0.95082,0.9564,0.85575,0.57158,0.74549,0.88974,0.00945907,0.00945907,0.00945907
753,37919.2,0.53597,0.69004,0.9404,0.9373,0.96353,0.95683,0.85667,0.57145,0.74591,0.88951,0.00945765,0.00945765,0.00945765
754,37964.7,0.52013,0.63253,0.92982,0.95579,0.94692,0.95652,0.8564,0.57159,0.74472,0.88974,0.00945624,0.00945624,0.00945624
755,38009.9,0.51987,0.64885,0.93162,0.9558,0.94693,0.95606,0.85568,0.57151,0.7437,0.88963,0.00945482,0.00945482,0.00945482
756,38055.9,0.53355,0.69404,0.94368,0.9558,0.94685,0.95658,0.85515,0.57142,0.74348,0.88982,0.0094534,0.0094534,0.0094534
757,38102.3,0.53635,0.66975,0.93645,0.95591,0.94663,0.95634,0.85494,0.57177,0.74279,0.88989,0.00945198,0.00945198,0.00945198
758,38147.7,0.51992,0.65695,0.93783,0.95592,0.94656,0.95733,0.85638,0.57133,0.74209,0.88982,0.00945056,0.00945056,0.00945056
759,38193.5,0.52826,0.66446,0.94575,0.95593,0.94675,0.95661,0.85487,0.57144,0.74339,0.88999,0.00944913,0.00944913,0.00944913
760,38238.9,0.53597,0.66711,0.9446,0.9462,0.95244,0.95577,0.85606,0.57149,0.74532,0.89002,0.0094477,0.0094477,0.0094477
761,38283.8,0.53349,0.6688,0.9443,0.94611,0.95246,0.95604,0.85689,0.5718,0.74575,0.89017,0.00944628,0.00944628,0.00944628
762,38329,0.53669,0.68525,0.93988,0.94901,0.95351,0.95633,0.85511,0.57194,0.74795,0.89021,0.00944485,0.00944485,0.00944485
763,38373.7,0.52964,0.65761,0.93589,0.94877,0.95391,0.95581,0.85322,0.57142,0.74847,0.89002,0.00944341,0.00944341,0.00944341
764,38419.5,0.52611,0.65505,0.94074,0.94929,0.95071,0.95628,0.85492,0.57118,0.7485,0.88986,0.00944198,0.00944198,0.00944198
765,38465.4,0.52995,0.66166,0.93955,0.94916,0.95138,0.95712,0.85571,0.5711,0.74913,0.88963,0.00944054,0.00944054,0.00944054
766,38510.5,0.51862,0.65955,0.93122,0.94937,0.95313,0.95712,0.85557,0.57018,0.74935,0.88924,0.00943911,0.00943911,0.00943911
767,38553.7,0.53152,0.6767,0.94239,0.9493,0.94863,0.9572,0.85497,0.56959,0.74936,0.88898,0.00943767,0.00943767,0.00943767
768,38597.2,0.52348,0.64653,0.93298,0.94946,0.94985,0.95684,0.8564,0.56929,0.74914,0.88878,0.00943623,0.00943623,0.00943623
769,38642.2,0.52311,0.63554,0.94057,0.94906,0.95391,0.95755,0.85571,0.56875,0.7502,0.88879,0.00943478,0.00943478,0.00943478
770,38687.2,0.52915,0.64698,0.94459,0.94868,0.95391,0.95718,0.85539,0.56866,0.75142,0.88881,0.00943334,0.00943334,0.00943334
771,38731,0.52452,0.63806,0.93888,0.94969,0.95391,0.95735,0.85534,0.5683,0.75016,0.8884,0.00943189,0.00943189,0.00943189
772,38775.5,0.52331,0.65737,0.93946,0.94922,0.95391,0.95685,0.85498,0.56817,0.74812,0.88834,0.00943045,0.00943045,0.00943045
773,38819.8,0.51859,0.65906,0.9282,0.94916,0.95391,0.9566,0.85449,0.56636,0.7451,0.8873,0.009429,0.009429,0.009429
774,38864.3,0.53258,0.67079,0.93828,0.94945,0.95391,0.95671,0.85459,0.5663,0.74587,0.88732,0.00942755,0.00942755,0.00942755
775,38909.9,0.52545,0.65862,0.9333,0.95327,0.95091,0.95682,0.85603,0.56607,0.7462,0.88736,0.00942609,0.00942609,0.00942609
776,38954.5,0.52673,0.64561,0.93472,0.95307,0.94963,0.95699,0.85572,0.56601,0.74511,0.88714,0.00942464,0.00942464,0.00942464
777,39001.2,0.51626,0.6569,0.93457,0.95288,0.94908,0.95706,0.85789,0.5657,0.74369,0.88696,0.00942318,0.00942318,0.00942318
778,39048,0.52934,0.65835,0.93689,0.95276,0.94971,0.95723,0.85873,0.56603,0.74397,0.88707,0.00942173,0.00942173,0.00942173
779,39094.6,0.52589,0.67231,0.94161,0.95292,0.95071,0.95747,0.85853,0.56545,0.7425,0.88678,0.00942027,0.00942027,0.00942027
780,39139.6,0.52562,0.65286,0.93191,0.95571,0.94912,0.9577,0.85864,0.56511,0.74315,0.88664,0.0094188,0.0094188,0.0094188
781,39183.7,0.51943,0.66711,0.93522,0.95562,0.94931,0.95768,0.85878,0.56478,0.74158,0.88634,0.00941734,0.00941734,0.00941734
782,39229.6,0.52467,0.65128,0.93814,0.95558,0.94952,0.95703,0.85835,0.56424,0.74217,0.88603,0.00941588,0.00941588,0.00941588
783,39275.9,0.51626,0.64701,0.93639,0.95549,0.94953,0.95729,0.85831,0.56419,0.74289,0.88603,0.00941441,0.00941441,0.00941441
784,39322.9,0.51952,0.65086,0.93966,0.95542,0.94956,0.95668,0.8575,0.56412,0.74357,0.886,0.00941294,0.00941294,0.00941294
785,39372,0.51278,0.64877,0.93304,0.9555,0.94964,0.95712,0.85785,0.56417,0.74311,0.88625,0.00941147,0.00941147,0.00941147
786,39419.8,0.53149,0.68696,0.94609,0.95561,0.94975,0.95793,0.85872,0.56361,0.74146,0.88601,0.00941,0.00941,0.00941
787,39466.9,0.54356,0.67912,0.95238,0.95566,0.94952,0.9578,0.8587,0.56328,0.74247,0.88605,0.00940853,0.00940853,0.00940853
788,39514.5,0.52968,0.64697,0.94182,0.95566,0.94939,0.9572,0.85846,0.56315,0.74326,0.88584,0.00940705,0.00940705,0.00940705
789,39562.2,0.52108,0.63722,0.93692,0.95578,0.94932,0.95706,0.85868,0.5629,0.74356,0.88574,0.00940557,0.00940557,0.00940557
790,39610.1,0.53606,0.66343,0.94782,0.95605,0.94952,0.95759,0.85888,0.56272,0.74452,0.88564,0.0094041,0.0094041,0.0094041
791,39658.3,0.51577,0.6514,0.93975,0.9561,0.94906,0.95761,0.85908,0.56261,0.74507,0.8856,0.00940262,0.00940262,0.00940262
792,39705.2,0.52439,0.6474,0.93964,0.95611,0.94911,0.95759,0.85902,0.56219,0.74491,0.88536,0.00940113,0.00940113,0.00940113
793,39750.5,0.51858,0.62748,0.93874,0.95612,0.94918,0.95769,0.85967,0.56206,0.74514,0.88524,0.00939965,0.00939965,0.00939965
794,39796.3,0.51889,0.64942,0.93739,0.95611,0.94907,0.95827,0.86059,0.5621,0.74551,0.88522,0.00939816,0.00939816,0.00939816
795,39842.8,0.51841,0.66154,0.93222,0.95611,0.94891,0.95731,0.85826,0.56248,0.74522,0.8854,0.00939668,0.00939668,0.00939668
796,39890.9,0.52162,0.65346,0.94331,0.95611,0.94898,0.95734,0.85895,0.56239,0.74484,0.88551,0.00939519,0.00939519,0.00939519
797,39939,0.52103,0.66384,0.93336,0.95611,0.94901,0.95726,0.85919,0.56241,0.74576,0.88556,0.0093937,0.0093937,0.0093937
798,39987.4,0.52184,0.63568,0.93122,0.95613,0.94937,0.95723,0.85871,0.56227,0.74594,0.88559,0.00939221,0.00939221,0.00939221
799,40034.4,0.52208,0.66493,0.93233,0.95615,0.94963,0.95802,0.85892,0.56231,0.74524,0.88569,0.00939071,0.00939071,0.00939071
800,40081.9,0.51448,0.65183,0.92633,0.95615,0.94978,0.95814,0.85872,0.56206,0.7466,0.88565,0.00938922,0.00938922,0.00938922
801,40130.5,0.5295,0.67806,0.94019,0.95613,0.94978,0.95729,0.85782,0.56204,0.74603,0.88563,0.00938772,0.00938772,0.00938772
802,40178.8,0.51418,0.64367,0.93361,0.95603,0.94973,0.9576,0.85917,0.56177,0.74632,0.88557,0.00938622,0.00938622,0.00938622
803,40226.7,0.52533,0.66053,0.94346,0.95595,0.94947,0.95755,0.85832,0.56202,0.74528,0.88569,0.00938472,0.00938472,0.00938472
804,40274.7,0.52612,0.65162,0.93767,0.95594,0.94966,0.9575,0.85895,0.56194,0.74506,0.88556,0.00938322,0.00938322,0.00938322
805,40322,0.51881,0.63928,0.93335,0.95596,0.94969,0.95825,0.85966,0.56202,0.74645,0.88559,0.00938171,0.00938171,0.00938171
806,40369.8,0.53402,0.65544,0.94043,0.95601,0.94973,0.95803,0.85977,0.56235,0.74741,0.88566,0.0093802,0.0093802,0.0093802
807,40417.9,0.52919,0.6591,0.93566,0.95604,0.9498,0.95785,0.8592,0.56211,0.74812,0.88587,0.0093787,0.0093787,0.0093787
808,40465.9,0.52574,0.63184,0.93567,0.95602,0.94972,0.95815,0.85917,0.56174,0.7479,0.88591,0.00937719,0.00937719,0.00937719
809,40513.8,0.52326,0.65441,0.93709,0.956,0.94973,0.95807,0.85903,0.56188,0.74732,0.88592,0.00937568,0.00937568,0.00937568
810,40561.9,0.53491,0.67855,0.93522,0.95596,0.94964,0.958,0.85862,0.56181,0.74877,0.88595,0.00937416,0.00937416,0.00937416
811,40609.7,0.5234,0.65233,0.92852,0.95597,0.94959,0.95811,0.85938,0.56168,0.74845,0.8861,0.00937265,0.00937265,0.00937265
812,40657.7,0.52636,0.65997,0.93529,0.95597,0.94954,0.95779,0.85873,0.56161,0.74973,0.88621,0.00937113,0.00937113,0.00937113
813,40706.4,0.52046,0.65545,0.93512,0.95598,0.94966,0.95805,0.85932,0.56108,0.74971,0.88597,0.00936961,0.00936961,0.00936961
814,40753.9,0.52294,0.64957,0.93433,0.95596,0.94966,0.95796,0.85956,0.56088,0.7498,0.88624,0.0093681,0.0093681,0.0093681
815,40800.8,0.53708,0.67241,0.94975,0.95581,0.94942,0.95814,0.85861,0.56092,0.74888,0.88613,0.00936657,0.00936657,0.00936657
816,40848.4,0.52833,0.65818,0.94285,0.95569,0.94959,0.95821,0.85938,0.56073,0.74889,0.886,0.00936505,0.00936505,0.00936505
817,40896.2,0.53745,0.6759,0.94517,0.95558,0.94967,0.95777,0.85921,0.56022,0.74904,0.88585,0.00936353,0.00936353,0.00936353
818,40943.9,0.52371,0.6646,0.93675,0.95554,0.94959,0.95822,0.85949,0.56029,0.74933,0.88568,0.009362,0.009362,0.009362
819,40992.7,0.52575,0.64284,0.93408,0.95565,0.94989,0.95775,0.85934,0.5597,0.74797,0.88558,0.00936047,0.00936047,0.00936047
820,41040.3,0.51569,0.65591,0.9343,0.9557,0.94991,0.95759,0.85918,0.55935,0.74963,0.88571,0.00935894,0.00935894,0.00935894
821,41088.2,0.52718,0.64758,0.94299,0.95583,0.95003,0.95785,0.85928,0.559,0.74964,0.88545,0.00935741,0.00935741,0.00935741
822,41135.5,0.51906,0.65222,0.93463,0.95585,0.95004,0.95797,0.85953,0.55864,0.74993,0.88545,0.00935588,0.00935588,0.00935588
823,41183.8,0.51753,0.64852,0.93113,0.95588,0.95013,0.95803,0.8592,0.55802,0.75051,0.88522,0.00935434,0.00935434,0.00935434
824,41231.9,0.5206,0.64666,0.92661,0.9559,0.95023,0.95745,0.85908,0.55824,0.75007,0.88536,0.0093528,0.0093528,0.0093528
825,41279.4,0.52839,0.65896,0.93705,0.95593,0.95029,0.95749,0.85947,0.55787,0.75155,0.88539,0.00935127,0.00935127,0.00935127
826,41327.2,0.51403,0.62873,0.94123,0.95594,0.95022,0.95745,0.85853,0.55784,0.75224,0.88549,0.00934973,0.00934973,0.00934973
827,41375.7,0.52501,0.6413,0.92762,0.95591,0.95011,0.95783,0.85906,0.55833,0.75341,0.88569,0.00934818,0.00934818,0.00934818
828,41422.9,0.52718,0.64462,0.93996,0.95595,0.95003,0.9576,0.85878,0.55819,0.75325,0.88564,0.00934664,0.00934664,0.00934664
829,41469.9,0.51598,0.66949,0.92797,0.95596,0.95,0.9578,0.85988,0.55827,0.75457,0.8856,0.0093451,0.0093451,0.0093451
830,41516,0.51695,0.64191,0.93643,0.95594,0.94998,0.9574,0.8595,0.55815,0.75534,0.8856,0.00934355,0.00934355,0.00934355
831,41562.9,0.51733,0.65052,0.9396,0.95579,0.94998,0.95773,0.85973,0.55796,0.75385,0.88545,0.009342,0.009342,0.009342
832,41610.8,0.52909,0.64626,0.94652,0.95569,0.94999,0.95789,0.85977,0.55828,0.75508,0.88569,0.00934045,0.00934045,0.00934045
833,41658.2,0.51688,0.63733,0.94325,0.95567,0.94994,0.95761,0.86017,0.55795,0.75602,0.88573,0.0093389,0.0093389,0.0093389
834,41705,0.52925,0.64937,0.94325,0.95561,0.94984,0.95782,0.86099,0.55756,0.75688,0.88563,0.00933734,0.00933734,0.00933734
835,41751.4,0.52156,0.64539,0.94188,0.95569,0.9498,0.95769,0.86036,0.55781,0.75719,0.88606,0.00933579,0.00933579,0.00933579
836,41798.4,0.51034,0.64345,0.92748,0.95439,0.94709,0.95816,0.86168,0.55755,0.75877,0.88623,0.00933423,0.00933423,0.00933423
837,41845,0.52182,0.64593,0.93824,0.95298,0.9475,0.95819,0.86165,0.55803,0.75834,0.88637,0.00933267,0.00933267,0.00933267
838,41891.8,0.52112,0.65355,0.93705,0.9528,0.9475,0.95842,0.86166,0.5581,0.759,0.8864,0.00933111,0.00933111,0.00933111
839,41938.3,0.50873,0.62541,0.93192,0.95283,0.9475,0.95822,0.86099,0.5578,0.7597,0.88655,0.00932955,0.00932955,0.00932955
840,41985.4,0.51301,0.62599,0.93162,0.95281,0.9475,0.95826,0.86159,0.55781,0.76187,0.88656,0.00932799,0.00932799,0.00932799
841,42033.8,0.51165,0.64219,0.93355,0.95291,0.9475,0.95811,0.86045,0.5576,0.76378,0.88658,0.00932642,0.00932642,0.00932642
842,42081.9,0.50859,0.63895,0.93414,0.95293,0.9475,0.95797,0.86063,0.55726,0.76286,0.88649,0.00932485,0.00932485,0.00932485
843,42129.8,0.53075,0.65991,0.9369,0.95295,0.9475,0.95865,0.8617,0.55762,0.76401,0.88689,0.00932328,0.00932328,0.00932328
844,42176.7,0.51298,0.64081,0.92312,0.95325,0.9475,0.95779,0.86063,0.55726,0.76457,0.88681,0.00932171,0.00932171,0.00932171
845,42223.9,0.52213,0.64193,0.9418,0.95426,0.94579,0.95819,0.86108,0.55675,0.76518,0.88656,0.00932014,0.00932014,0.00932014
846,42271.1,0.52227,0.66095,0.93711,0.95611,0.94936,0.95788,0.86054,0.5564,0.76333,0.88663,0.00931857,0.00931857,0.00931857
847,42319.1,0.51769,0.63087,0.92903,0.95406,0.94733,0.9585,0.86143,0.55667,0.76431,0.88709,0.00931699,0.00931699,0.00931699
848,42366.7,0.52178,0.64535,0.93515,0.95399,0.94684,0.95859,0.86128,0.55616,0.76582,0.88707,0.00931542,0.00931542,0.00931542
849,42414.1,0.52376,0.64302,0.93696,0.95433,0.94605,0.95856,0.8614,0.55605,0.76555,0.88732,0.00931384,0.00931384,0.00931384
850,42461.2,0.51623,0.63647,0.9394,0.95413,0.9451,0.95836,0.86083,0.55623,0.76448,0.88743,0.00931226,0.00931226,0.00931226
851,42509.1,0.513,0.6499,0.92664,0.95421,0.94506,0.95786,0.86107,0.55574,0.76206,0.88717,0.00931067,0.00931067,0.00931067
852,42556.4,0.51936,0.63201,0.93412,0.95426,0.94501,0.95834,0.86088,0.5555,0.76236,0.88721,0.00930909,0.00930909,0.00930909
853,42605,0.50436,0.65331,0.92789,0.95369,0.94542,0.95805,0.86041,0.5557,0.76225,0.88741,0.0093075,0.0093075,0.0093075
854,42653.7,0.52191,0.65889,0.94215,0.95383,0.94549,0.95852,0.86064,0.55515,0.76238,0.8872,0.00930592,0.00930592,0.00930592
855,42702,0.51541,0.63054,0.93142,0.95387,0.94535,0.95806,0.86007,0.55482,0.76222,0.88715,0.00930433,0.00930433,0.00930433
856,42750.8,0.51751,0.66536,0.94296,0.95526,0.94515,0.9583,0.86054,0.55445,0.76329,0.88709,0.00930274,0.00930274,0.00930274
857,42798.5,0.52251,0.64333,0.93663,0.95553,0.94542,0.95815,0.86009,0.55459,0.76225,0.88718,0.00930114,0.00930114,0.00930114
858,42846.8,0.52046,0.62944,0.93198,0.95592,0.94526,0.95822,0.86007,0.5545,0.76056,0.88697,0.00929955,0.00929955,0.00929955
859,42895.1,0.51396,0.64429,0.92932,0.95165,0.94688,0.9584,0.86003,0.55442,0.76079,0.88728,0.00929795,0.00929795,0.00929795
860,42943.7,0.51724,0.65437,0.92956,0.94964,0.94914,0.95813,0.86006,0.55436,0.75978,0.8874,0.00929636,0.00929636,0.00929636
861,42992.1,0.52155,0.65833,0.94007,0.94965,0.94795,0.95831,0.86128,0.55389,0.7609,0.88721,0.00929476,0.00929476,0.00929476
862,43041.1,0.51495,0.62351,0.93258,0.9496,0.94917,0.95838,0.86086,0.55326,0.76015,0.88713,0.00929316,0.00929316,0.00929316
863,43089.7,0.51477,0.64007,0.93032,0.9497,0.95043,0.95854,0.86082,0.55299,0.76,0.88699,0.00929155,0.00929155,0.00929155
864,43137.6,0.51774,0.63787,0.92823,0.94947,0.95024,0.95823,0.86051,0.55282,0.76068,0.88699,0.00928995,0.00928995,0.00928995
865,43185.9,0.52468,0.64943,0.94002,0.94957,0.95071,0.95832,0.86058,0.55249,0.76041,0.88708,0.00928834,0.00928834,0.00928834
866,43234.3,0.51719,0.6278,0.93283,0.94965,0.9475,0.95832,0.8599,0.55242,0.76193,0.88725,0.00928674,0.00928674,0.00928674
867,43281,0.50709,0.64688,0.92464,0.95161,0.9475,0.95849,0.86137,0.55196,0.76276,0.88716,0.00928513,0.00928513,0.00928513
868,43328,0.51365,0.62481,0.92589,0.94933,0.95071,0.95855,0.86063,0.55189,0.76351,0.88704,0.00928352,0.00928352,0.00928352
869,43375.7,0.5175,0.63628,0.92548,0.94928,0.94839,0.95836,0.86048,0.55148,0.76515,0.88663,0.0092819,0.0092819,0.0092819
870,43422.8,0.50517,0.62985,0.92722,0.94919,0.94757,0.95866,0.86123,0.55126,0.76587,0.88667,0.00928029,0.00928029,0.00928029
871,43470.6,0.50047,0.62825,0.92562,0.94903,0.94658,0.95851,0.86109,0.5512,0.76709,0.88667,0.00927867,0.00927867,0.00927867
872,43518.7,0.51694,0.65316,0.93715,0.94896,0.94546,0.95886,0.86122,0.5512,0.7684,0.88698,0.00927706,0.00927706,0.00927706
873,43566.6,0.51903,0.63673,0.94199,0.94879,0.945,0.95869,0.86085,0.55103,0.76722,0.88716,0.00927544,0.00927544,0.00927544
874,43613.7,0.51319,0.66323,0.93243,0.94868,0.94495,0.9585,0.86058,0.55108,0.76696,0.88732,0.00927382,0.00927382,0.00927382
875,43660.9,0.51654,0.63739,0.93998,0.95334,0.94393,0.95862,0.86116,0.55097,0.76701,0.88735,0.00927219,0.00927219,0.00927219
876,43708.6,0.51573,0.64074,0.93786,0.95344,0.94425,0.95858,0.86088,0.55093,0.76641,0.88753,0.00927057,0.00927057,0.00927057
877,43755.8,0.51733,0.62387,0.93253,0.95342,0.9443,0.95822,0.86023,0.55079,0.76525,0.88766,0.00926894,0.00926894,0.00926894
878,43803.6,0.5092,0.647,0.93703,0.95189,0.9443,0.95824,0.86103,0.55107,0.7669,0.88796,0.00926732,0.00926732,0.00926732
879,43850.8,0.51018,0.62849,0.92819,0.95031,0.95048,0.95909,0.86158,0.55097,0.76634,0.8879,0.00926569,0.00926569,0.00926569
880,43897.6,0.51411,0.63408,0.92855,0.95507,0.94662,0.95734,0.86046,0.5507,0.76645,0.88758,0.00926406,0.00926406,0.00926406
881,43943.9,0.51726,0.65995,0.93429,0.95506,0.94661,0.95737,0.86008,0.55006,0.76569,0.88741,0.00926242,0.00926242,0.00926242
882,43991.9,0.50797,0.62546,0.93012,0.95506,0.94664,0.95733,0.86065,0.54981,0.76495,0.88715,0.00926079,0.00926079,0.00926079
883,44039.5,0.51075,0.63182,0.93376,0.95505,0.94666,0.95688,0.86082,0.54952,0.76399,0.88707,0.00925915,0.00925915,0.00925915
884,44087.3,0.5124,0.64261,0.93016,0.95507,0.94663,0.95695,0.86012,0.54944,0.76398,0.88697,0.00925752,0.00925752,0.00925752
885,44135.5,0.50575,0.64501,0.93186,0.95507,0.94663,0.95859,0.8615,0.54916,0.76404,0.88685,0.00925588,0.00925588,0.00925588
886,44183.8,0.5061,0.63561,0.92465,0.95506,0.94662,0.95838,0.86184,0.54916,0.7637,0.8869,0.00925423,0.00925423,0.00925423
887,44232.2,0.50909,0.63058,0.924,0.95507,0.94666,0.95847,0.86242,0.5493,0.76422,0.88707,0.00925259,0.00925259,0.00925259
888,44281.5,0.51633,0.6433,0.92795,0.95507,0.94663,0.95858,0.86252,0.5488,0.76184,0.88686,0.00925095,0.00925095,0.00925095
889,44329.9,0.51208,0.63337,0.929,0.95508,0.94655,0.95853,0.86281,0.54878,0.76177,0.88693,0.0092493,0.0092493,0.0092493
890,44377.8,0.51829,0.63337,0.93571,0.95508,0.94657,0.95855,0.86262,0.54853,0.76188,0.88693,0.00924765,0.00924765,0.00924765
891,44426.4,0.50759,0.65166,0.92304,0.95508,0.94647,0.95872,0.86254,0.54852,0.76272,0.88709,0.00924601,0.00924601,0.00924601
892,44474.4,0.522,0.6273,0.93526,0.95507,0.94646,0.95874,0.86388,0.54846,0.76116,0.88704,0.00924435,0.00924435,0.00924435
893,44522.2,0.52144,0.63633,0.93543,0.95508,0.94643,0.95848,0.86301,0.54854,0.76135,0.887,0.0092427,0.0092427,0.0092427
894,44569.8,0.51986,0.65009,0.93032,0.95507,0.9464,0.95902,0.86426,0.54848,0.76185,0.88709,0.00924105,0.00924105,0.00924105
895,44616.6,0.50365,0.64122,0.93105,0.95464,0.94675,0.95856,0.86304,0.54825,0.76015,0.88728,0.00923939,0.00923939,0.00923939
896,44664.1,0.52003,0.62544,0.9369,0.95463,0.94677,0.95888,0.86367,0.54836,0.76034,0.88729,0.00923774,0.00923774,0.00923774
897,44713,0.5098,0.64953,0.92918,0.95462,0.94676,0.95933,0.86443,0.54845,0.76071,0.88755,0.00923608,0.00923608,0.00923608
898,44761.7,0.5076,0.62811,0.92461,0.95463,0.94676,0.95989,0.8651,0.54832,0.75965,0.88776,0.00923442,0.00923442,0.00923442
899,44810.2,0.51737,0.65602,0.93785,0.95477,0.94676,0.95914,0.86451,0.54804,0.75594,0.8876,0.00923275,0.00923275,0.00923275
900,44857.4,0.51776,0.64427,0.93416,0.95492,0.94676,0.95977,0.8651,0.5481,0.75397,0.8876,0.00923109,0.00923109,0.00923109
901,44905.3,0.51299,0.62456,0.92599,0.95495,0.94677,0.95913,0.86476,0.5482,0.75386,0.88781,0.00922942,0.00922942,0.00922942
902,44953.8,0.51645,0.62601,0.93418,0.95508,0.94677,0.95992,0.86527,0.5474,0.75316,0.88766,0.00922776,0.00922776,0.00922776
903,45001.7,0.50696,0.63558,0.92844,0.95512,0.94679,0.95917,0.86457,0.54755,0.75473,0.88772,0.00922609,0.00922609,0.00922609
904,45048.9,0.51818,0.6517,0.93485,0.95518,0.94692,0.95961,0.86517,0.54708,0.75354,0.88754,0.00922442,0.00922442,0.00922442
905,45096.2,0.50851,0.63669,0.92907,0.95524,0.94703,0.9596,0.86386,0.54726,0.75139,0.88765,0.00922274,0.00922274,0.00922274
906,45142.8,0.51216,0.6137,0.92454,0.95529,0.94719,0.95946,0.86414,0.54723,0.75128,0.88756,0.00922107,0.00922107,0.00922107
907,45190.6,0.50971,0.63518,0.93591,0.9553,0.94729,0.95916,0.86422,0.54664,0.74943,0.88747,0.00921939,0.00921939,0.00921939
908,45237.5,0.50334,0.63607,0.92668,0.95531,0.94735,0.95947,0.86522,0.5465,0.75008,0.88758,0.00921772,0.00921772,0.00921772
909,45284.1,0.50701,0.61698,0.92897,0.95533,0.94738,0.9595,0.86459,0.54644,0.74979,0.88779,0.00921604,0.00921604,0.00921604
910,45331.5,0.51681,0.66596,0.92574,0.95529,0.94735,0.95968,0.86625,0.54622,0.74988,0.8878,0.00921436,0.00921436,0.00921436
911,45378.2,0.51097,0.661,0.93204,0.95534,0.9475,0.95975,0.86556,0.5465,0.74947,0.88789,0.00921268,0.00921268,0.00921268
912,45424.9,0.50753,0.60913,0.92713,0.95531,0.94746,0.95948,0.86545,0.54637,0.75046,0.88789,0.00921099,0.00921099,0.00921099
913,45472.1,0.5087,0.63187,0.92742,0.95528,0.94735,0.95961,0.86548,0.546,0.74993,0.88774,0.00920931,0.00920931,0.00920931
914,45519.3,0.51531,0.61782,0.92699,0.95528,0.94731,0.95999,0.8648,0.54605,0.74925,0.88782,0.00920762,0.00920762,0.00920762
915,45566.2,0.509,0.62393,0.94038,0.9553,0.94746,0.96022,0.86518,0.54598,0.74979,0.88802,0.00920593,0.00920593,0.00920593
916,45613.7,0.51032,0.64377,0.93458,0.95526,0.94738,0.95977,0.86499,0.54584,0.75098,0.88804,0.00920424,0.00920424,0.00920424
917,45660.4,0.52326,0.64098,0.94281,0.95521,0.94719,0.96018,0.86492,0.54614,0.74875,0.88818,0.00920255,0.00920255,0.00920255
918,45707.7,0.52363,0.65164,0.93911,0.9551,0.94715,0.96,0.86492,0.54634,0.74661,0.88832,0.00920085,0.00920085,0.00920085
919,45754.8,0.52139,0.64497,0.94113,0.95501,0.9472,0.9606,0.86541,0.5459,0.74542,0.8881,0.00919916,0.00919916,0.00919916
920,45802,0.5029,0.62369,0.93134,0.95489,0.94718,0.96037,0.86549,0.54581,0.74363,0.888,0.00919746,0.00919746,0.00919746
921,45848.4,0.50749,0.63112,0.92881,0.95472,0.94721,0.96058,0.86501,0.54616,0.74343,0.8881,0.00919576,0.00919576,0.00919576
922,45894.1,0.50341,0.6432,0.92501,0.95466,0.9472,0.96061,0.86533,0.54608,0.74235,0.88812,0.00919406,0.00919406,0.00919406
923,45939.8,0.50592,0.63494,0.93578,0.95462,0.94726,0.96058,0.86611,0.54589,0.74309,0.88828,0.00919236,0.00919236,0.00919236
924,45986.3,0.50862,0.62933,0.93767,0.95446,0.94722,0.96063,0.86662,0.54579,0.74326,0.88838,0.00919066,0.00919066,0.00919066
925,46032.9,0.52084,0.66383,0.93895,0.95441,0.94723,0.96074,0.86508,0.54581,0.74348,0.88838,0.00918895,0.00918895,0.00918895
926,46079.8,0.50647,0.62994,0.92719,0.95442,0.94726,0.96062,0.86527,0.54606,0.74309,0.88849,0.00918725,0.00918725,0.00918725
927,46126.4,0.50689,0.61739,0.92199,0.95434,0.94725,0.96071,0.8648,0.54652,0.74429,0.88887,0.00918554,0.00918554,0.00918554
928,46172.6,0.52684,0.63819,0.93589,0.95431,0.94728,0.96051,0.86535,0.54584,0.74365,0.88875,0.00918383,0.00918383,0.00918383
929,46218.4,0.49922,0.61481,0.92749,0.95423,0.9473,0.96052,0.86533,0.5464,0.74446,0.88889,0.00918212,0.00918212,0.00918212
930,46265.3,0.51119,0.63151,0.93412,0.9542,0.94734,0.96032,0.86438,0.5464,0.74489,0.88906,0.0091804,0.0091804,0.0091804
931,46312.6,0.5056,0.63028,0.92955,0.95411,0.94741,0.95942,0.86382,0.54598,0.74711,0.8889,0.00917869,0.00917869,0.00917869
932,46358.7,0.50561,0.63166,0.92547,0.95406,0.9475,0.95887,0.86307,0.54586,0.74703,0.88894,0.00917697,0.00917697,0.00917697
933,46405.3,0.5021,0.63244,0.92636,0.95406,0.9475,0.95898,0.86346,0.5457,0.746,0.88891,0.00917525,0.00917525,0.00917525
934,46451.9,0.51549,0.63713,0.93279,0.954,0.9475,0.95859,0.86315,0.54542,0.74708,0.88895,0.00917353,0.00917353,0.00917353
935,46498.4,0.50306,0.63369,0.92927,0.95391,0.9475,0.95876,0.86322,0.54539,0.74869,0.88919,0.00917181,0.00917181,0.00917181
936,46546.1,0.49331,0.62596,0.92242,0.95388,0.9475,0.95933,0.86384,0.5454,0.74631,0.88931,0.00917009,0.00917009,0.00917009
937,46593.8,0.50557,0.63142,0.92787,0.95387,0.9475,0.95902,0.86388,0.54515,0.7465,0.88934,0.00916836,0.00916836,0.00916836
938,46641.2,0.51033,0.64302,0.92897,0.95382,0.9475,0.95886,0.86388,0.54544,0.74557,0.88914,0.00916664,0.00916664,0.00916664
939,46688.3,0.505,0.63187,0.92333,0.95381,0.9475,0.95898,0.86376,0.54542,0.74434,0.88925,0.00916491,0.00916491,0.00916491
940,46735.8,0.50031,0.60376,0.9271,0.95379,0.9475,0.95927,0.86347,0.54495,0.74436,0.88917,0.00916318,0.00916318,0.00916318
941,46782.4,0.50691,0.62829,0.934,0.95378,0.94748,0.95914,0.86351,0.54533,0.74409,0.8894,0.00916145,0.00916145,0.00916145
942,46827.7,0.49706,0.59866,0.92025,0.95372,0.94736,0.95923,0.86318,0.5458,0.74454,0.88952,0.00915972,0.00915972,0.00915972
943,46875,0.51401,0.6331,0.93066,0.95366,0.94722,0.95911,0.86242,0.54553,0.74622,0.88957,0.00915798,0.00915798,0.00915798
944,46920.8,0.51054,0.6261,0.92758,0.95361,0.94717,0.9591,0.86401,0.54578,0.74594,0.88983,0.00915625,0.00915625,0.00915625
945,46966.3,0.49508,0.62266,0.92274,0.95364,0.94718,0.95913,0.86408,0.54579,0.7459,0.88992,0.00915451,0.00915451,0.00915451
946,47012,0.51017,0.62524,0.92626,0.95362,0.94724,0.95879,0.86367,0.54583,0.74652,0.88996,0.00915277,0.00915277,0.00915277
947,47057.8,0.50368,0.61724,0.92953,0.95366,0.94718,0.95895,0.86297,0.54615,0.74668,0.89019,0.00915103,0.00915103,0.00915103
948,47104.1,0.51676,0.62097,0.93877,0.95363,0.94714,0.95877,0.86293,0.54623,0.74591,0.8902,0.00914929,0.00914929,0.00914929
949,47151.4,0.50915,0.64396,0.93351,0.95363,0.9471,0.95879,0.86457,0.54597,0.74685,0.89026,0.00914754,0.00914754,0.00914754
950,47198.4,0.51281,0.62812,0.93246,0.95365,0.94712,0.95876,0.86227,0.54543,0.74634,0.88977,0.0091458,0.0091458,0.0091458
951,47245.4,0.51336,0.62741,0.93262,0.95365,0.94708,0.95879,0.86347,0.54494,0.74573,0.88977,0.00914405,0.00914405,0.00914405
952,47293.2,0.50667,0.62724,0.92884,0.95363,0.94702,0.95893,0.86338,0.54431,0.74686,0.88979,0.0091423,0.0091423,0.0091423
953,47342.2,0.50594,0.61755,0.91987,0.9536,0.94699,0.95843,0.86297,0.54415,0.74741,0.88973,0.00914055,0.00914055,0.00914055
954,47390,0.50335,0.62005,0.93184,0.9536,0.94697,0.95885,0.86177,0.54441,0.74858,0.88997,0.0091388,0.0091388,0.0091388
955,47437.9,0.51082,0.64477,0.92603,0.95358,0.94696,0.95893,0.86278,0.54378,0.74837,0.88954,0.00913704,0.00913704,0.00913704
956,47484.9,0.50367,0.61385,0.92551,0.95358,0.94693,0.95902,0.86144,0.54393,0.74845,0.88964,0.00913529,0.00913529,0.00913529
957,47531.8,0.50827,0.62159,0.93209,0.95348,0.94689,0.95892,0.8614,0.54353,0.7472,0.88944,0.00913353,0.00913353,0.00913353
958,47579.2,0.51713,0.62462,0.93828,0.95344,0.94689,0.95862,0.86087,0.54287,0.74598,0.88912,0.00913177,0.00913177,0.00913177
959,47625.7,0.51407,0.61383,0.92953,0.95342,0.94687,0.95935,0.86126,0.54337,0.74628,0.88957,0.00913001,0.00913001,0.00913001
960,47672.7,0.51433,0.6292,0.93242,0.95338,0.94687,0.95865,0.86186,0.54317,0.74656,0.8895,0.00912825,0.00912825,0.00912825
961,47719.4,0.51378,0.61278,0.93155,0.95337,0.94689,0.95898,0.86227,0.54297,0.74652,0.88953,0.00912649,0.00912649,0.00912649
962,47766,0.504,0.63653,0.92644,0.95335,0.94688,0.95878,0.86252,0.54262,0.74662,0.88934,0.00912472,0.00912472,0.00912472
963,47812,0.5097,0.64173,0.93465,0.95334,0.94689,0.95843,0.86186,0.54281,0.74575,0.88951,0.00912295,0.00912295,0.00912295
964,47859.5,0.50051,0.61629,0.9286,0.95336,0.94691,0.9587,0.86234,0.54247,0.74611,0.88958,0.00912119,0.00912119,0.00912119
965,47906.6,0.51441,0.62754,0.93779,0.95338,0.94691,0.95917,0.86264,0.54229,0.74463,0.88957,0.00911942,0.00911942,0.00911942
966,47953.2,0.49682,0.6232,0.92758,0.95338,0.94689,0.95926,0.86301,0.54212,0.74591,0.88958,0.00911764,0.00911764,0.00911764
967,47999.2,0.51232,0.63668,0.9315,0.95342,0.94689,0.95838,0.86173,0.54181,0.74572,0.8895,0.00911587,0.00911587,0.00911587
968,48045.7,0.51363,0.65003,0.93304,0.95344,0.94689,0.95911,0.86255,0.54146,0.74802,0.8894,0.0091141,0.0091141,0.0091141
969,48091.7,0.50527,0.63137,0.93118,0.95351,0.94688,0.95829,0.86206,0.54136,0.74869,0.88927,0.00911232,0.00911232,0.00911232
970,48138.2,0.50314,0.61453,0.92517,0.95353,0.94686,0.95864,0.86242,0.54102,0.74986,0.88917,0.00911054,0.00911054,0.00911054
971,48185.4,0.50154,0.62168,0.93058,0.95354,0.94685,0.95852,0.86194,0.54099,0.75106,0.88926,0.00910876,0.00910876,0.00910876
972,48232.5,0.51788,0.63609,0.93562,0.95359,0.94685,0.95893,0.86232,0.54042,0.75012,0.88906,0.00910698,0.00910698,0.00910698
973,48279.7,0.51313,0.62526,0.92355,0.95356,0.94684,0.95846,0.86121,0.54028,0.74892,0.88908,0.0091052,0.0091052,0.0091052
974,48326.8,0.49687,0.63581,0.92642,0.95358,0.94683,0.95811,0.86159,0.5401,0.75137,0.88894,0.00910341,0.00910341,0.00910341
975,48373,0.49833,0.61305,0.93147,0.95369,0.94682,0.95804,0.86111,0.53972,0.75267,0.88896,0.00910163,0.00910163,0.00910163
976,48419.6,0.50941,0.63104,0.92945,0.9537,0.94681,0.95837,0.86299,0.5395,0.7521,0.88905,0.00909984,0.00909984,0.00909984
977,48466.1,0.49794,0.62153,0.92779,0.9537,0.94681,0.95824,0.86257,0.53961,0.75378,0.88904,0.00909805,0.00909805,0.00909805
978,48512.1,0.4971,0.60791,0.92608,0.95372,0.9468,0.95799,0.86314,0.53934,0.7547,0.88919,0.00909626,0.00909626,0.00909626
979,48559.5,0.50306,0.62515,0.93214,0.95377,0.94679,0.9579,0.86316,0.53912,0.75362,0.88906,0.00909447,0.00909447,0.00909447
980,48607.3,0.4998,0.62352,0.92715,0.95388,0.94679,0.95775,0.86303,0.53895,0.75332,0.88909,0.00909267,0.00909267,0.00909267
981,48653.1,0.49892,0.6206,0.92591,0.95391,0.94679,0.95789,0.86317,0.53893,0.75319,0.8891,0.00909088,0.00909088,0.00909088
982,48700.2,0.4999,0.63489,0.9295,0.95391,0.94679,0.95775,0.86293,0.53841,0.7531,0.88876,0.00908908,0.00908908,0.00908908
983,48747.1,0.51574,0.65937,0.93187,0.95389,0.94679,0.95771,0.86325,0.53819,0.75298,0.88873,0.00908728,0.00908728,0.00908728
984,48792.5,0.50688,0.65199,0.92878,0.95398,0.94675,0.95791,0.86363,0.53794,0.75416,0.88865,0.00908548,0.00908548,0.00908548
985,48838.1,0.50965,0.6356,0.9347,0.95404,0.94674,0.95759,0.86103,0.53813,0.75575,0.88862,0.00908368,0.00908368,0.00908368
986,48884.5,0.50662,0.61852,0.93064,0.95411,0.94669,0.95804,0.86233,0.53739,0.75373,0.88837,0.00908188,0.00908188,0.00908188
987,48931,0.49747,0.61048,0.93576,0.9542,0.94666,0.95824,0.86463,0.53691,0.75398,0.88822,0.00908007,0.00908007,0.00908007
988,48976.6,0.50832,0.63124,0.93171,0.95424,0.94661,0.95828,0.86333,0.53666,0.75422,0.88816,0.00907827,0.00907827,0.00907827
989,49023.5,0.52057,0.64368,0.93519,0.95431,0.94657,0.95831,0.8625,0.53685,0.75387,0.88868,0.00907646,0.00907646,0.00907646
990,49070.8,0.49575,0.62179,0.92651,0.95431,0.94652,0.95858,0.86355,0.53614,0.75583,0.88806,0.00907465,0.00907465,0.00907465
991,49118.1,0.50346,0.60614,0.92966,0.95442,0.9465,0.95854,0.86347,0.53573,0.75462,0.8881,0.00907284,0.00907284,0.00907284
992,49166,0.51175,0.63565,0.92961,0.95456,0.94644,0.95841,0.86219,0.53572,0.75533,0.88821,0.00907102,0.00907102,0.00907102
993,49213,0.49825,0.61843,0.92739,0.95464,0.94642,0.95847,0.86174,0.53646,0.75375,0.88909,0.00906921,0.00906921,0.00906921
994,49259.3,0.51241,0.62151,0.93562,0.95463,0.94642,0.95833,0.86196,0.53664,0.75524,0.88926,0.00906739,0.00906739,0.00906739
995,49306.6,0.51494,0.64627,0.93064,0.95474,0.94639,0.95845,0.86202,0.53675,0.75535,0.88925,0.00906557,0.00906557,0.00906557
996,49353.5,0.51031,0.62471,0.93074,0.95474,0.94638,0.95811,0.8619,0.53642,0.75485,0.88883,0.00906375,0.00906375,0.00906375
997,49400.9,0.50603,0.62654,0.93081,0.9548,0.94638,0.9584,0.86255,0.53689,0.75492,0.88949,0.00906193,0.00906193,0.00906193
998,49448,0.49342,0.62111,0.92464,0.95489,0.94643,0.9582,0.86289,0.53694,0.75312,0.88927,0.00906011,0.00906011,0.00906011
999,49495.6,0.50484,0.61742,0.9248,0.95503,0.94648,0.95879,0.86336,0.53682,0.75148,0.88932,0.00905829,0.00905829,0.00905829
1000,49543.7,0.51005,0.62409,0.93349,0.95503,0.94652,0.95801,0.86171,0.53671,0.75222,0.88937,0.00905646,0.00905646,0.00905646
1001,49591.2,0.4961,0.61164,0.92834,0.95492,0.94653,0.95827,0.86268,0.53672,0.75225,0.88941,0.00905463,0.00905463,0.00905463
1002,49638.6,0.50163,0.61261,0.92045,0.95497,0.9466,0.95825,0.86375,0.53697,0.75283,0.88945,0.00905281,0.00905281,0.00905281
1003,49686.6,0.50027,0.62129,0.92472,0.95499,0.94663,0.95827,0.86353,0.53655,0.75175,0.88938,0.00905097,0.00905097,0.00905097
1004,49734.4,0.49428,0.60985,0.92237,0.95501,0.94669,0.95846,0.86467,0.53658,0.75242,0.88936,0.00904914,0.00904914,0.00904914
1005,49782.2,0.51666,0.60578,0.93626,0.95502,0.94668,0.95814,0.8629,0.53688,0.75198,0.88944,0.00904731,0.00904731,0.00904731
1006,49828.5,0.49983,0.62229,0.92441,0.95504,0.94666,0.95816,0.86503,0.53652,0.75251,0.88945,0.00904547,0.00904547,0.00904547
1007,49875.6,0.50878,0.62546,0.92789,0.9551,0.94678,0.95803,0.8641,0.5365,0.75176,0.88958,0.00904364,0.00904364,0.00904364
1008,49922.4,0.49976,0.61931,0.92711,0.95513,0.94701,0.95808,0.8648,0.53593,0.7526,0.88959,0.0090418,0.0090418,0.0090418
1009,49969.8,0.50804,0.61096,0.9199,0.95517,0.94727,0.95797,0.86389,0.53565,0.75251,0.88945,0.00903996,0.00903996,0.00903996
1010,50016.6,0.50031,0.62291,0.9219,0.95517,0.94734,0.95829,0.86523,0.5348,0.75358,0.88883,0.00903812,0.00903812,0.00903812
1011,50064.6,0.49228,0.62445,0.91688,0.95516,0.94744,0.95808,0.86534,0.53483,0.75383,0.88896,0.00903627,0.00903627,0.00903627
1012,50112.3,0.49699,0.60776,0.92871,0.95519,0.94747,0.95825,0.86447,0.53497,0.75376,0.88903,0.00903443,0.00903443,0.00903443
1013,50160.4,0.50384,0.61981,0.93171,0.95509,0.9475,0.95835,0.86554,0.53538,0.75449,0.88974,0.00903258,0.00903258,0.00903258
1014,50207.7,0.49382,0.61968,0.91985,0.95519,0.9475,0.95818,0.86642,0.53582,0.75405,0.88989,0.00903074,0.00903074,0.00903074
1015,50254.5,0.49401,0.62881,0.92359,0.9552,0.94727,0.95823,0.86451,0.53556,0.75525,0.88921,0.00902889,0.00902889,0.00902889
1016,50302,0.50407,0.62457,0.92581,0.95521,0.94727,0.95828,0.86489,0.53536,0.75571,0.88926,0.00902703,0.00902703,0.00902703
1017,50348.6,0.50177,0.60309,0.93193,0.95522,0.94716,0.95853,0.8664,0.53536,0.75458,0.88929,0.00902518,0.00902518,0.00902518
1018,50395.5,0.50992,0.60929,0.93251,0.95523,0.94715,0.95839,0.86595,0.53545,0.75461,0.88936,0.00902333,0.00902333,0.00902333
1019,50441,0.49791,0.60742,0.92977,0.95522,0.94691,0.95851,0.86461,0.53566,0.75666,0.88952,0.00902147,0.00902147,0.00902147
1020,50486.6,0.51201,0.625,0.9352,0.95523,0.94675,0.95828,0.86556,0.53588,0.7569,0.88974,0.00901962,0.00901962,0.00901962
1021,50532.8,0.50495,0.62906,0.92639,0.9552,0.94673,0.95852,0.86554,0.53558,0.75765,0.88974,0.00901776,0.00901776,0.00901776
1022,50579.4,0.51383,0.6274,0.93107,0.95515,0.94661,0.95839,0.86584,0.53601,0.75814,0.89047,0.0090159,0.0090159,0.0090159
1023,50627.1,0.4996,0.6166,0.92977,0.95512,0.9463,0.95859,0.86566,0.53653,0.75875,0.8907,0.00901403,0.00901403,0.00901403
1024,50674.7,0.49527,0.62273,0.92398,0.95512,0.94628,0.95849,0.86498,0.53714,0.75887,0.89119,0.00901217,0.00901217,0.00901217
