epoch,time,train/box_loss,train/cls_loss,train/dfl_loss,metrics/precision(B),metrics/recall(B),metrics/mAP50(B),metrics/mAP50-95(B),val/box_loss,val/cls_loss,val/dfl_loss,lr/pg0,lr/pg1,lr/pg2
1,73.8536,1.08331,7.0288,1.3362,0.78835,0.83344,0.84559,0.61797,0.97155,2.92496,1.15263,0.00330789,0.00330789,0.00330789
2,126.409,0.97377,3.83294,1.21678,0.87355,0.83604,0.88667,0.69312,0.88048,2.02198,1.11571,0.00664122,0.00664122,0.00664122
3,180.963,1.0505,2.84724,1.26451,0.72952,0.77905,0.77882,0.51546,1.27442,7.71755,1.67066,0.00997455,0.00997455,0.00997455
4,235.595,1.15027,2.61483,1.33084,0.7702,0.81482,0.84134,0.58485,1.12562,3.77204,1.3888,0.00999999,0.00999999,0.00999999
5,289.553,1.09802,2.28218,1.30067,0.84883,0.89183,0.90172,0.6353,1.05974,2.48514,1.2427,0.00999998,0.00999998,0.00999998
6,345.593,1.07157,2.13278,1.28898,0.80719,0.84005,0.88244,0.66024,0.99357,2.44746,1.1939,0.00999998,0.00999998,0.00999998
7,400.346,1.00984,2.03182,1.25231,0.85017,0.85343,0.90973,0.69218,0.92354,1.89477,1.13612,0.00999996,0.00999996,0.00999996
8,455.115,0.99586,1.94056,1.23509,0.83619,0.90567,0.91755,0.69795,0.94372,1.71321,1.15822,0.00999995,0.00999995,0.00999995
9,509.924,0.96179,1.87196,1.2123,0.85308,0.87029,0.91566,0.71597,0.87858,1.59051,1.09667,0.00999994,0.00999994,0.00999994
10,562.909,0.93226,1.79278,1.19891,0.87443,0.83919,0.90458,0.71509,0.88339,1.53007,1.09443,0.00999992,0.00999992,0.00999992
11,617.042,0.92178,1.71326,1.18925,0.83393,0.93774,0.93224,0.72465,0.8975,1.49842,1.10001,0.0099999,0.0099999,0.0099999
12,671.611,0.91587,1.71458,1.17871,0.8361,0.87721,0.91883,0.73151,0.86361,1.48819,1.06436,0.00999988,0.00999988,0.00999988
13,725.872,0.8826,1.6311,1.15235,0.86368,0.91102,0.92325,0.74149,0.81214,1.38712,1.05739,0.00999986,0.00999986,0.00999986
14,778.989,0.88111,1.64426,1.16731,0.89473,0.89701,0.92988,0.76963,0.80046,1.34525,1.03626,0.00999983,0.00999983,0.00999983
15,833.358,0.8964,1.64484,1.17234,0.88532,0.91268,0.93068,0.74688,0.84009,1.36622,1.0648,0.00999981,0.00999981,0.00999981
16,886.808,0.84695,1.53972,1.13686,0.90104,0.87214,0.93268,0.77326,0.76441,1.31497,1.00833,0.00999978,0.00999978,0.00999978
17,939.948,0.8515,1.55026,1.13688,0.88817,0.94947,0.94387,0.75712,0.81468,1.32926,1.03403,0.00999975,0.00999975,0.00999975
18,993.384,0.85047,1.52238,1.14093,0.90454,0.91225,0.93498,0.77718,0.78169,1.29746,1.01957,0.00999972,0.00999972,0.00999972
19,1048.55,0.8385,1.50743,1.12349,0.88895,0.91989,0.93832,0.77179,0.78087,1.25733,1.01153,0.00999968,0.00999968,0.00999968
20,1103.21,0.81843,1.51349,1.11842,0.90099,0.91314,0.93373,0.76567,0.8017,1.24983,1.0389,0.00999965,0.00999965,0.00999965
21,1157.59,0.83068,1.51118,1.13064,0.89242,0.88941,0.92123,0.75916,0.76169,1.34387,1.01998,0.00999961,0.00999961,0.00999961
22,1211.77,0.79109,1.41151,1.10544,0.85323,0.92298,0.87475,0.72903,0.75698,1.26862,1.00378,0.00999957,0.00999957,0.00999957
23,1267.61,0.81086,1.48149,1.11971,0.8774,0.89826,0.94176,0.7783,0.76391,1.26946,1.02778,0.00999953,0.00999953,0.00999953
24,1322.76,0.80562,1.43399,1.11294,0.89192,0.90567,0.93607,0.77672,0.72886,1.21865,1.01136,0.00999948,0.00999948,0.00999948
25,1376.96,0.78679,1.43601,1.0941,0.86854,0.89999,0.93031,0.77073,0.74978,1.25571,1.01873,0.00999944,0.00999944,0.00999944
26,1430.73,0.78918,1.41344,1.10113,0.91948,0.93234,0.95158,0.80182,0.7256,1.12601,0.98217,0.00999939,0.00999939,0.00999939
27,1485.91,0.78478,1.37551,1.08932,0.88177,0.91113,0.9401,0.76977,0.79359,1.2946,1.01667,0.00999934,0.00999934,0.00999934
28,1540.36,0.77658,1.37995,1.08933,0.89159,0.9406,0.93882,0.79483,0.73289,1.13388,1.00567,0.00999929,0.00999929,0.00999929
29,1594.43,0.75425,1.37011,1.07545,0.86656,0.91713,0.93469,0.78722,0.72552,1.21959,0.98493,0.00999923,0.00999923,0.00999923
30,1648.1,0.77716,1.35417,1.09671,0.90428,0.94006,0.93549,0.78611,0.73678,1.14778,0.98224,0.00999918,0.00999918,0.00999918
31,1701.41,0.77168,1.37997,1.08252,0.89283,0.91284,0.93017,0.77967,0.73575,1.19841,0.99025,0.00999912,0.00999912,0.00999912
32,1755.14,0.74185,1.33405,1.06777,0.91011,0.9209,0.94568,0.79291,0.74623,1.13426,0.98683,0.00999906,0.00999906,0.00999906
33,1810.14,0.76049,1.31109,1.07307,0.90518,0.92201,0.94935,0.79864,0.71982,1.19477,0.98082,0.009999,0.009999,0.009999
34,1864.6,0.75553,1.34333,1.07575,0.88209,0.92794,0.93506,0.78976,0.70985,1.17513,0.97582,0.00999894,0.00999894,0.00999894
35,1917.94,0.77199,1.31762,1.09212,0.87209,0.92061,0.93042,0.78548,0.75222,1.222,1.01353,0.00999887,0.00999887,0.00999887
36,1973.06,0.74504,1.31141,1.07594,0.89186,0.90554,0.93909,0.78991,0.74478,1.22922,0.99708,0.0099988,0.0099988,0.0099988
37,2028.69,0.72108,1.25394,1.05239,0.90431,0.89529,0.94572,0.79122,0.76359,1.1435,1.01035,0.00999873,0.00999873,0.00999873
38,2082.93,0.7143,1.26471,1.04855,0.92579,0.91284,0.9426,0.80326,0.68512,1.08133,0.9627,0.00999866,0.00999866,0.00999866
39,2137.77,0.71742,1.24436,1.06499,0.93363,0.89583,0.9477,0.79535,0.72307,1.1139,0.99156,0.00999859,0.00999859,0.00999859
40,2193.03,0.71959,1.23858,1.07474,0.89979,0.93319,0.94651,0.80513,0.70418,1.10686,0.96758,0.00999851,0.00999851,0.00999851
41,2248.44,0.72733,1.26455,1.06999,0.88639,0.9406,0.94767,0.80035,0.70497,1.0791,0.97313,0.00999844,0.00999844,0.00999844
42,2303.76,0.70898,1.23842,1.04944,0.91779,0.90723,0.95503,0.80877,0.70955,1.0678,0.97901,0.00999836,0.00999836,0.00999836
43,2359.74,0.71817,1.24955,1.04763,0.90665,0.91249,0.94034,0.79485,0.70661,1.10832,0.96503,0.00999828,0.00999828,0.00999828
44,2414.65,0.72701,1.21117,1.06928,0.88903,0.93269,0.94691,0.80066,0.73163,1.1713,0.99489,0.00999819,0.00999819,0.00999819
45,2469.3,0.70189,1.23658,1.04447,0.9008,0.93213,0.94985,0.81034,0.70107,1.06044,0.97792,0.00999811,0.00999811,0.00999811
46,2522.88,0.71612,1.23595,1.06299,0.93858,0.89773,0.95463,0.81852,0.70646,1.08103,0.96929,0.00999802,0.00999802,0.00999802
47,2578.26,0.71498,1.20861,1.04943,0.89506,0.94155,0.94744,0.80865,0.69722,1.05662,0.96319,0.00999793,0.00999793,0.00999793
48,2633.1,0.69911,1.20051,1.0401,0.91409,0.90097,0.95657,0.81864,0.68853,1.10449,0.96537,0.00999784,0.00999784,0.00999784
49,2686.83,0.69229,1.16171,1.04247,0.89909,0.93815,0.95952,0.82732,0.68699,1.01511,0.95815,0.00999775,0.00999775,0.00999775
50,2740.99,0.70274,1.1853,1.04539,0.9283,0.90018,0.95165,0.81804,0.69147,1.01311,0.95945,0.00999765,0.00999765,0.00999765
51,2795.95,0.70066,1.18948,1.0377,0.94299,0.88415,0.94807,0.79365,0.69304,1.10817,0.96707,0.00999756,0.00999756,0.00999756
52,2850.4,0.69875,1.18983,1.05076,0.9181,0.92114,0.95055,0.81484,0.71239,1.08288,0.96965,0.00999746,0.00999746,0.00999746
53,2905.45,0.69395,1.19395,1.04208,0.90577,0.91311,0.94401,0.80631,0.68386,1.04666,0.95141,0.00999736,0.00999736,0.00999736
54,2961.01,0.68852,1.18017,1.03826,0.91849,0.94376,0.95248,0.81759,0.66781,1.04319,0.9481,0.00999726,0.00999726,0.00999726
55,3016.32,0.69819,1.18301,1.05266,0.92664,0.88777,0.94937,0.80958,0.67149,1.079,0.96063,0.00999715,0.00999715,0.00999715
56,3070.93,0.7021,1.19435,1.04503,0.91566,0.92477,0.94195,0.80333,0.69363,1.03909,0.96975,0.00999704,0.00999704,0.00999704
57,3125.59,0.68322,1.11402,1.02264,0.94064,0.8836,0.95132,0.81624,0.70395,1.08972,0.96552,0.00999694,0.00999694,0.00999694
58,3180.1,0.6794,1.15842,1.03562,0.93846,0.92941,0.95454,0.81782,0.69553,1.02465,0.96353,0.00999683,0.00999683,0.00999683
59,3234.74,0.69713,1.19316,1.0466,0.91792,0.93807,0.9557,0.82952,0.67235,1.00069,0.95256,0.00999671,0.00999671,0.00999671
60,3289.01,0.6586,1.10776,1.0221,0.94626,0.90635,0.9573,0.81733,0.66923,1.01636,0.94427,0.0099966,0.0099966,0.0099966
61,3343.29,0.66812,1.09547,1.03118,0.92118,0.92377,0.9544,0.82124,0.67908,1.00609,0.94952,0.00999648,0.00999648,0.00999648
62,3397.99,0.67029,1.11151,1.02618,0.92965,0.88896,0.94489,0.80897,0.69977,1.06851,0.96655,0.00999636,0.00999636,0.00999636
63,3452.09,0.67548,1.14018,1.03323,0.92161,0.92694,0.9667,0.82708,0.67585,1.03424,0.94652,0.00999624,0.00999624,0.00999624
64,3507.07,0.66161,1.09585,1.02275,0.92979,0.92094,0.96025,0.83241,0.66912,1.00399,0.95423,0.00999612,0.00999612,0.00999612
65,3561.66,0.66827,1.14709,1.02271,0.93127,0.91722,0.96058,0.81654,0.70334,1.06223,0.96421,0.009996,0.009996,0.009996
66,3616.22,0.66406,1.10338,1.02491,0.9323,0.92678,0.96348,0.82765,0.67866,1.02154,0.95423,0.00999587,0.00999587,0.00999587
67,3670.26,0.6729,1.11002,1.02724,0.9502,0.91587,0.95786,0.82621,0.68415,1.02742,0.95931,0.00999574,0.00999574,0.00999574
68,3724.63,0.65612,1.09573,1.01981,0.92232,0.93382,0.95966,0.82771,0.66984,1.01274,0.94919,0.00999561,0.00999561,0.00999561
69,3780.56,0.66043,1.09684,1.02746,0.93261,0.90162,0.96097,0.83394,0.69153,1.00667,0.963,0.00999548,0.00999548,0.00999548
70,3834.77,0.64639,1.09822,1.01115,0.90517,0.95424,0.96757,0.82992,0.66815,0.96355,0.94956,0.00999535,0.00999535,0.00999535
71,3889.16,0.66026,1.12197,1.02146,0.91755,0.92758,0.95737,0.82159,0.67145,0.96878,0.95335,0.00999521,0.00999521,0.00999521
72,3944.41,0.65405,1.08719,1.01718,0.90399,0.94036,0.95991,0.82369,0.67895,1.01453,0.95294,0.00999508,0.00999508,0.00999508
73,3999.16,0.63209,1.04722,1.01438,0.90487,0.93499,0.95594,0.82216,0.65124,1.00527,0.94265,0.00999494,0.00999494,0.00999494
74,4054.23,0.65063,1.06183,1.01973,0.92255,0.95009,0.95887,0.82982,0.66856,0.95908,0.94985,0.00999479,0.00999479,0.00999479
75,4108.32,0.65052,1.04623,1.01759,0.93049,0.94483,0.96286,0.82817,0.66816,0.94043,0.94614,0.00999465,0.00999465,0.00999465
76,4160.77,0.6449,1.05973,1.0151,0.93959,0.9009,0.95864,0.82098,0.66209,0.99455,0.94434,0.0099945,0.0099945,0.0099945
77,4215.32,0.65338,1.08443,1.02754,0.96026,0.91648,0.96307,0.83576,0.64709,0.92793,0.95331,0.00999436,0.00999436,0.00999436
78,4269.71,0.64344,1.04233,1.01246,0.94259,0.93082,0.96085,0.83099,0.65627,0.97707,0.94793,0.00999421,0.00999421,0.00999421
79,4323.97,0.64577,1.05598,1.01788,0.92572,0.92663,0.95715,0.82723,0.65101,0.95211,0.94505,0.00999406,0.00999406,0.00999406
80,4378.44,0.6427,1.07995,1.01685,0.92452,0.9439,0.96414,0.83526,0.65292,0.94297,0.934,0.0099939,0.0099939,0.0099939
81,4432.85,0.63039,1.02934,1.00617,0.9171,0.95211,0.96614,0.83012,0.64341,0.92752,0.93491,0.00999375,0.00999375,0.00999375
82,4487.64,0.63474,1.01836,1.0096,0.93432,0.92313,0.96527,0.84206,0.64053,0.94321,0.92994,0.00999359,0.00999359,0.00999359
83,4541.23,0.6294,1.03201,1.00895,0.95131,0.91253,0.9683,0.84406,0.63706,0.87872,0.93814,0.00999343,0.00999343,0.00999343
84,4594.77,0.6334,1.04507,1.00686,0.95725,0.90651,0.96607,0.82895,0.65573,0.88119,0.94537,0.00999327,0.00999327,0.00999327
85,4649.19,0.62944,1.04371,1.00536,0.92166,0.92147,0.96159,0.83365,0.63038,0.97899,0.93133,0.00999311,0.00999311,0.00999311
86,4703.8,0.6274,1.01007,1.00192,0.92322,0.93905,0.9634,0.83474,0.63992,0.93481,0.94254,0.00999294,0.00999294,0.00999294
87,4758.35,0.63451,1.03172,1.01629,0.90993,0.92305,0.95956,0.83353,0.64534,1.00043,0.9433,0.00999278,0.00999278,0.00999278
88,4812.98,0.63355,1.02459,1.00177,0.95198,0.90688,0.96021,0.83193,0.64252,0.93409,0.9442,0.00999261,0.00999261,0.00999261
89,4868.22,0.62705,0.99637,1.01,0.92954,0.92351,0.96792,0.84373,0.64079,0.93323,0.94152,0.00999244,0.00999244,0.00999244
90,4921.97,0.61978,1.0033,1.003,0.91718,0.95325,0.96465,0.84443,0.62474,0.90476,0.93114,0.00999226,0.00999226,0.00999226
91,4975.63,0.62689,0.9969,1.00416,0.93402,0.93146,0.96542,0.83749,0.63276,0.88921,0.9355,0.00999209,0.00999209,0.00999209
92,5029.85,0.61533,1.00511,0.99541,0.93328,0.93381,0.95989,0.84335,0.62984,0.90873,0.92917,0.00999191,0.00999191,0.00999191
93,5083.05,0.61602,1.01719,0.99343,0.9321,0.9099,0.95824,0.83902,0.62212,0.89172,0.91569,0.00999173,0.00999173,0.00999173
94,5138.32,0.61791,1.04109,0.99624,0.93413,0.92866,0.96468,0.83923,0.63618,0.85756,0.93252,0.00999155,0.00999155,0.00999155
95,5192.61,0.62572,0.98998,1.00265,0.94726,0.93471,0.97021,0.84249,0.65153,0.86855,0.93843,0.00999137,0.00999137,0.00999137
96,5248.29,0.61793,1.00757,0.9934,0.91291,0.92918,0.96499,0.83008,0.66454,0.9087,0.94946,0.00999118,0.00999118,0.00999118
97,5302.99,0.63148,1.00849,1.00996,0.93686,0.91983,0.95772,0.83157,0.64237,0.93593,0.93626,0.009991,0.009991,0.009991
98,5357.31,0.62259,1.00476,1.00493,0.92854,0.94186,0.96473,0.84502,0.62002,0.85455,0.92326,0.00999081,0.00999081,0.00999081
99,5412.43,0.62103,1.01228,1.01286,0.92911,0.93757,0.96477,0.84412,0.62263,0.86178,0.92698,0.00999062,0.00999062,0.00999062
100,5466.87,0.61382,0.97991,0.99207,0.91757,0.93067,0.95685,0.84413,0.62087,0.92873,0.92636,0.00999043,0.00999043,0.00999043
101,5521.63,0.61154,0.99515,0.99024,0.90569,0.92435,0.95658,0.8362,0.61544,0.90135,0.92312,0.00999023,0.00999023,0.00999023
102,5575.96,0.61163,0.98469,0.99426,0.92674,0.93328,0.96206,0.84075,0.60843,0.8558,0.9213,0.00999004,0.00999004,0.00999004
103,5630.2,0.60973,0.98802,0.99585,0.93153,0.93715,0.96555,0.8415,0.63013,0.87775,0.92976,0.00998984,0.00998984,0.00998984
104,5684.32,0.61173,0.98621,0.9914,0.93319,0.92595,0.96402,0.83979,0.64266,0.91288,0.93354,0.00998964,0.00998964,0.00998964
105,5738.71,0.60025,0.96452,0.98177,0.93265,0.91883,0.96645,0.83925,0.63396,0.88442,0.92345,0.00998944,0.00998944,0.00998944
106,5792.66,0.61143,0.98387,0.99426,0.94565,0.90705,0.96562,0.84262,0.61665,0.86209,0.92186,0.00998923,0.00998923,0.00998923
107,5846.53,0.61488,0.98048,0.99468,0.93528,0.91404,0.96098,0.84206,0.62712,0.90703,0.92371,0.00998903,0.00998903,0.00998903
108,5900.13,0.61671,1.00451,0.99684,0.9089,0.94765,0.96095,0.84346,0.6209,0.88099,0.92426,0.00998882,0.00998882,0.00998882
109,5955.2,0.60519,0.95952,0.99003,0.92678,0.94026,0.96368,0.84274,0.62377,0.85546,0.92158,0.00998861,0.00998861,0.00998861
110,6009.74,0.59813,0.95685,0.99041,0.93797,0.92272,0.96765,0.84823,0.61902,0.84653,0.92107,0.0099884,0.0099884,0.0099884
111,6064.73,0.59256,0.96549,0.98468,0.95238,0.91283,0.96716,0.84964,0.60826,0.82519,0.9138,0.00998818,0.00998818,0.00998818
112,6117.36,0.6163,1.00556,0.99585,0.92226,0.94312,0.96833,0.85378,0.60442,0.81989,0.91689,0.00998797,0.00998797,0.00998797
113,6167.82,0.61064,0.96133,0.99146,0.93423,0.93921,0.96771,0.84296,0.61417,0.82023,0.93007,0.00998775,0.00998775,0.00998775
114,6218.77,0.60291,0.94037,0.98718,0.93477,0.95043,0.96433,0.84183,0.60818,0.81489,0.92022,0.00998753,0.00998753,0.00998753
115,6269.24,0.60166,0.96578,0.97327,0.91293,0.94448,0.95602,0.84521,0.60556,0.85924,0.9156,0.00998731,0.00998731,0.00998731
116,6319.14,0.61568,0.95743,0.98524,0.90516,0.95167,0.95527,0.83788,0.61405,0.85151,0.92208,0.00998708,0.00998708,0.00998708
117,6368.98,0.59111,0.95423,0.98381,0.92603,0.94535,0.96167,0.84629,0.61309,0.85456,0.92303,0.00998686,0.00998686,0.00998686
118,6417.56,0.59543,0.96207,0.98433,0.91187,0.95708,0.96285,0.84418,0.61874,0.84888,0.92078,0.00998663,0.00998663,0.00998663
119,6464.64,0.60532,0.94307,0.99142,0.91188,0.96275,0.96613,0.84756,0.62205,0.82727,0.91756,0.0099864,0.0099864,0.0099864
120,6512.19,0.61124,0.94357,0.99156,0.94474,0.92996,0.96405,0.84313,0.61131,0.8148,0.91763,0.00998617,0.00998617,0.00998617
121,6560.66,0.59931,0.95973,0.98935,0.93345,0.93648,0.96582,0.84614,0.5996,0.82189,0.90667,0.00998594,0.00998594,0.00998594
122,6608.14,0.5939,0.91596,0.98433,0.92148,0.95823,0.96791,0.84789,0.59117,0.81399,0.90434,0.0099857,0.0099857,0.0099857
123,6657.56,0.59524,0.91203,0.98789,0.93366,0.93185,0.96331,0.84985,0.6025,0.83309,0.90978,0.00998546,0.00998546,0.00998546
124,6705.58,0.5922,0.92657,0.97462,0.91497,0.95642,0.96735,0.84626,0.6065,0.8458,0.91472,0.00998522,0.00998522,0.00998522
125,6753.91,0.61097,0.97347,1.00149,0.92651,0.95303,0.96638,0.84062,0.60739,0.84184,0.91242,0.00998498,0.00998498,0.00998498
126,6801.4,0.58627,0.93052,0.98675,0.93487,0.94995,0.9694,0.85547,0.60911,0.79091,0.91269,0.00998474,0.00998474,0.00998474
127,6849.82,0.59778,0.93418,0.97994,0.9404,0.94179,0.96993,0.85651,0.59701,0.80432,0.90455,0.0099845,0.0099845,0.0099845
128,6899.01,0.59619,0.94629,0.98304,0.92063,0.94113,0.9651,0.85381,0.59491,0.84623,0.9078,0.00998425,0.00998425,0.00998425
129,6947.24,0.57371,0.91197,0.97408,0.9147,0.9629,0.96596,0.85517,0.59964,0.80215,0.9158,0.009984,0.009984,0.009984
130,6994.07,0.58717,0.8986,0.97319,0.94429,0.94132,0.96704,0.85713,0.59358,0.79972,0.91048,0.00998375,0.00998375,0.00998375
131,7040.52,0.59381,0.94642,0.99322,0.94328,0.93991,0.96424,0.85194,0.58472,0.82738,0.90902,0.0099835,0.0099835,0.0099835
132,7087.67,0.58274,0.91301,0.98917,0.93353,0.93499,0.96575,0.8515,0.57959,0.82252,0.90913,0.00998324,0.00998324,0.00998324
133,7134.84,0.58744,0.90405,0.98576,0.93364,0.93054,0.96481,0.84714,0.58692,0.8461,0.91088,0.00998298,0.00998298,0.00998298
134,7182.88,0.58565,0.90503,0.97586,0.93746,0.9282,0.96357,0.84501,0.58974,0.85112,0.91754,0.00998273,0.00998273,0.00998273
135,7230.5,0.57276,0.90361,0.97136,0.93238,0.94238,0.96499,0.85031,0.59143,0.82507,0.90882,0.00998247,0.00998247,0.00998247
136,7278.87,0.5913,0.9062,0.9835,0.93554,0.95127,0.96958,0.85305,0.58877,0.7945,0.90659,0.0099822,0.0099822,0.0099822
137,7326.31,0.56973,0.88425,0.9658,0.93993,0.93499,0.96764,0.85072,0.59223,0.82613,0.90898,0.00998194,0.00998194,0.00998194
138,7374.2,0.59497,0.90093,0.97576,0.91813,0.94448,0.96782,0.85125,0.58629,0.84274,0.90433,0.00998167,0.00998167,0.00998167
139,7422.65,0.58765,0.91634,0.98478,0.93616,0.93288,0.96814,0.85556,0.58349,0.8081,0.8998,0.0099814,0.0099814,0.0099814
140,7470.28,0.58106,0.9079,0.9813,0.93952,0.91181,0.96649,0.85408,0.58716,0.81764,0.90333,0.00998113,0.00998113,0.00998113
141,7518.72,0.5701,0.87881,0.9764,0.93193,0.92305,0.97044,0.85618,0.58215,0.82265,0.90032,0.00998086,0.00998086,0.00998086
142,7566.85,0.5759,0.88678,0.97741,0.91587,0.94853,0.97368,0.86292,0.57975,0.83118,0.89902,0.00998059,0.00998059,0.00998059
143,7616.46,0.58468,0.88153,0.97514,0.95314,0.91533,0.97243,0.86705,0.58296,0.8395,0.90067,0.00998031,0.00998031,0.00998031
144,7666.06,0.58967,0.90077,0.98466,0.92911,0.9394,0.97285,0.86346,0.5932,0.80068,0.90539,0.00998003,0.00998003,0.00998003
145,7715.47,0.57458,0.90708,0.96798,0.93205,0.93943,0.97289,0.86255,0.58304,0.79049,0.89971,0.00997975,0.00997975,0.00997975
146,7763.91,0.57451,0.87838,0.96938,0.91869,0.95642,0.97346,0.86387,0.58025,0.77561,0.90343,0.00997947,0.00997947,0.00997947
147,7812.76,0.57992,0.91417,0.97905,0.9315,0.93901,0.9726,0.86116,0.58714,0.78331,0.90562,0.00997919,0.00997919,0.00997919
148,7861.08,0.56072,0.87686,0.96156,0.92503,0.94755,0.96878,0.85683,0.58707,0.78749,0.90641,0.0099789,0.0099789,0.0099789
149,7908.91,0.59415,0.9063,0.98744,0.91699,0.95762,0.96429,0.85958,0.5788,0.79508,0.90081,0.00997861,0.00997861,0.00997861
150,7956.53,0.57724,0.89781,0.98331,0.92364,0.93571,0.96432,0.85791,0.58437,0.83046,0.90422,0.00997832,0.00997832,0.00997832
151,8005.02,0.57856,0.88319,0.96937,0.92569,0.93571,0.96432,0.85739,0.58478,0.85295,0.90695,0.00997803,0.00997803,0.00997803
152,8052.52,0.56372,0.85403,0.96292,0.91665,0.94737,0.96457,0.8592,0.5811,0.83734,0.90424,0.00997774,0.00997774,0.00997774
153,8100.47,0.5798,0.88271,0.96668,0.92611,0.94204,0.96579,0.86173,0.58639,0.83323,0.90529,0.00997744,0.00997744,0.00997744
154,8149.82,0.56548,0.86541,0.9694,0.90889,0.94144,0.96902,0.8616,0.58413,0.83695,0.90165,0.00997714,0.00997714,0.00997714
155,8198.66,0.568,0.86182,0.96833,0.90515,0.94805,0.96812,0.86251,0.57328,0.82778,0.89483,0.00997685,0.00997685,0.00997685
156,8247.89,0.57294,0.90176,0.965,0.9359,0.92678,0.96973,0.86097,0.56688,0.80454,0.89239,0.00997654,0.00997654,0.00997654
157,8296.07,0.56402,0.88371,0.96499,0.94402,0.91739,0.97128,0.8603,0.56529,0.79471,0.89221,0.00997624,0.00997624,0.00997624
158,8344.65,0.565,0.85919,0.96317,0.91847,0.95395,0.96971,0.86535,0.56124,0.78806,0.88764,0.00997594,0.00997594,0.00997594
159,8393.3,0.5591,0.85533,0.95737,0.91574,0.95099,0.96939,0.86454,0.56444,0.78958,0.88789,0.00997563,0.00997563,0.00997563
160,8442.11,0.56177,0.87546,0.96106,0.92773,0.94682,0.9691,0.86177,0.56881,0.81383,0.88934,0.00997532,0.00997532,0.00997532
161,8490.34,0.56933,0.86585,0.96268,0.94346,0.93161,0.97002,0.8636,0.57242,0.80557,0.89243,0.00997501,0.00997501,0.00997501
162,8538.36,0.57219,0.88762,0.97219,0.93476,0.94188,0.97119,0.86431,0.57506,0.80273,0.8932,0.00997469,0.00997469,0.00997469
163,8587.22,0.55428,0.83885,0.96569,0.9434,0.92938,0.97086,0.8658,0.57777,0.80809,0.89754,0.00997438,0.00997438,0.00997438
164,8635.76,0.57457,0.8608,0.9619,0.94177,0.93265,0.97051,0.86413,0.57707,0.81449,0.89958,0.00997406,0.00997406,0.00997406
165,8682.83,0.56148,0.83438,0.96275,0.95025,0.92425,0.96979,0.86522,0.57123,0.80835,0.89744,0.00997374,0.00997374,0.00997374
166,8730.9,0.55706,0.83199,0.95936,0.94199,0.92751,0.96525,0.86238,0.56589,0.80648,0.89403,0.00997342,0.00997342,0.00997342
167,8779.31,0.56325,0.87092,0.96247,0.93938,0.93614,0.9669,0.86309,0.57544,0.79828,0.90064,0.0099731,0.0099731,0.0099731
168,8827.21,0.57554,0.87297,0.97646,0.93868,0.92887,0.96543,0.86195,0.57458,0.78715,0.90147,0.00997277,0.00997277,0.00997277
169,8876.09,0.55698,0.85564,0.9652,0.92534,0.94937,0.96209,0.85619,0.57235,0.78649,0.9011,0.00997245,0.00997245,0.00997245
170,8924.12,0.55969,0.85691,0.96259,0.93685,0.94416,0.96897,0.86465,0.56583,0.78528,0.89828,0.00997212,0.00997212,0.00997212
171,8972.45,0.55686,0.86451,0.95447,0.93258,0.9467,0.96968,0.86651,0.56038,0.78032,0.89694,0.00997179,0.00997179,0.00997179
172,9021.34,0.56006,0.84058,0.95462,0.93565,0.94411,0.96994,0.86256,0.56121,0.77768,0.89845,0.00997146,0.00997146,0.00997146
173,9069.92,0.55218,0.86122,0.96578,0.93684,0.93768,0.96868,0.86089,0.56271,0.76692,0.90084,0.00997112,0.00997112,0.00997112
174,9118.3,0.56511,0.86225,0.96802,0.93724,0.94099,0.96906,0.86644,0.55841,0.76346,0.89552,0.00997079,0.00997079,0.00997079
175,9167.04,0.55895,0.85845,0.9636,0.94202,0.93862,0.96829,0.86713,0.55781,0.76353,0.89299,0.00997045,0.00997045,0.00997045
176,9215.27,0.56731,0.84938,0.96194,0.93989,0.94204,0.9681,0.86649,0.56338,0.75449,0.89409,0.00997011,0.00997011,0.00997011
177,9263.83,0.5777,0.85988,0.97284,0.94467,0.94928,0.9694,0.86957,0.56726,0.74686,0.89483,0.00996976,0.00996976,0.00996976
178,9312.54,0.54707,0.82324,0.95249,0.94198,0.94204,0.96989,0.86877,0.56686,0.74205,0.89412,0.00996942,0.00996942,0.00996942
179,9361.27,0.54626,0.8299,0.96028,0.94268,0.94328,0.96984,0.86578,0.57023,0.74433,0.8954,0.00996907,0.00996907,0.00996907
180,9410.48,0.55577,0.83708,0.96123,0.93438,0.95035,0.96964,0.86645,0.57245,0.74479,0.8968,0.00996873,0.00996873,0.00996873
181,9459.13,0.55747,0.84414,0.95677,0.93646,0.9452,0.97065,0.86568,0.57424,0.7437,0.89747,0.00996838,0.00996838,0.00996838
182,9507.88,0.5474,0.82439,0.96009,0.93587,0.9452,0.9703,0.86703,0.57515,0.74664,0.89715,0.00996802,0.00996802,0.00996802
183,9556.3,0.54815,0.81754,0.95998,0.9445,0.92622,0.96953,0.86613,0.57221,0.75731,0.89559,0.00996767,0.00996767,0.00996767
184,9605.07,0.56292,0.847,0.96384,0.93762,0.9301,0.96999,0.86729,0.57151,0.76881,0.89565,0.00996731,0.00996731,0.00996731
185,9654.14,0.55178,0.83196,0.96045,0.94037,0.93019,0.96985,0.86989,0.57107,0.77178,0.8965,0.00996696,0.00996696,0.00996696
186,9702.87,0.5578,0.8304,0.96093,0.94036,0.93254,0.97024,0.86925,0.56757,0.78328,0.89457,0.0099666,0.0099666,0.0099666
187,9751.8,0.55865,0.83778,0.9635,0.94134,0.93254,0.96955,0.86898,0.56427,0.78473,0.89253,0.00996624,0.00996624,0.00996624
188,9800,0.55242,0.85726,0.95975,0.94177,0.92938,0.96858,0.86496,0.56596,0.79827,0.8929,0.00996587,0.00996587,0.00996587
189,9848.43,0.5555,0.85802,0.96091,0.9426,0.92938,0.96744,0.866,0.56255,0.79396,0.8915,0.00996551,0.00996551,0.00996551
190,9896.87,0.54906,0.83548,0.95997,0.94304,0.9272,0.96739,0.86214,0.56042,0.79118,0.89022,0.00996514,0.00996514,0.00996514
191,9944.81,0.55168,0.81531,0.95703,0.93511,0.94253,0.96847,0.86275,0.56131,0.782,0.88911,0.00996477,0.00996477,0.00996477
192,9992.91,0.54344,0.81215,0.95582,0.92222,0.96422,0.96949,0.86568,0.56203,0.7809,0.88921,0.0099644,0.0099644,0.0099644
193,10042.1,0.54553,0.81132,0.95204,0.92922,0.9596,0.9697,0.86435,0.56577,0.77955,0.89093,0.00996402,0.00996402,0.00996402
194,10090.1,0.54211,0.83623,0.95556,0.92718,0.96142,0.97068,0.86427,0.56579,0.77063,0.89111,0.00996365,0.00996365,0.00996365
195,10138.4,0.55523,0.81211,0.96054,0.94645,0.92626,0.97049,0.86301,0.56531,0.76794,0.89156,0.00996327,0.00996327,0.00996327
196,10186.1,0.55883,0.8312,0.95935,0.92715,0.95153,0.96929,0.86371,0.56697,0.76743,0.89392,0.00996289,0.00996289,0.00996289
197,10235,0.55804,0.8218,0.96399,0.92995,0.94726,0.97066,0.86396,0.56663,0.7633,0.89341,0.00996251,0.00996251,0.00996251
198,10283.4,0.53791,0.81078,0.95552,0.94628,0.92848,0.96955,0.86506,0.56673,0.76676,0.89369,0.00996213,0.00996213,0.00996213
199,10331.9,0.55003,0.81476,0.95636,0.94648,0.92982,0.96963,0.86409,0.56616,0.76462,0.89367,0.00996174,0.00996174,0.00996174
200,10380.8,0.5405,0.8229,0.9593,0.93358,0.95152,0.97049,0.86644,0.56537,0.76118,0.89366,0.00996136,0.00996136,0.00996136
201,10429.3,0.54485,0.8248,0.95289,0.9328,0.95128,0.97057,0.86706,0.56778,0.75871,0.8954,0.00996097,0.00996097,0.00996097
202,10477.2,0.54428,0.79229,0.94681,0.93843,0.94974,0.97064,0.86211,0.56784,0.75062,0.89523,0.00996058,0.00996058,0.00996058
203,10526.3,0.54902,0.83697,0.95,0.93491,0.94818,0.97006,0.86464,0.56743,0.7485,0.89483,0.00996018,0.00996018,0.00996018
204,10575.3,0.546,0.80962,0.94866,0.93586,0.95097,0.97045,0.86446,0.56707,0.74136,0.8938,0.00995979,0.00995979,0.00995979
205,10623.1,0.55004,0.80517,0.95868,0.93578,0.95263,0.9715,0.86812,0.56656,0.74284,0.89307,0.00995939,0.00995939,0.00995939
206,10670.8,0.54782,0.81764,0.95572,0.9347,0.95224,0.97118,0.87001,0.56497,0.74579,0.8922,0.00995899,0.00995899,0.00995899
207,10719.5,0.54161,0.79396,0.95072,0.93427,0.95196,0.9708,0.87074,0.56288,0.74485,0.89083,0.00995859,0.00995859,0.00995859
208,10766.1,0.54979,0.80635,0.95676,0.93507,0.95365,0.97085,0.87017,0.56555,0.74738,0.89177,0.00995819,0.00995819,0.00995819
209,10814.2,0.55067,0.80174,0.95825,0.93596,0.95562,0.97062,0.87282,0.567,0.74684,0.89184,0.00995779,0.00995779,0.00995779
210,10863.2,0.55339,0.84749,0.95807,0.94297,0.94765,0.97042,0.87183,0.56456,0.74386,0.89024,0.00995738,0.00995738,0.00995738
211,10910.9,0.54732,0.7835,0.96393,0.94476,0.94765,0.97028,0.87142,0.56066,0.7405,0.88835,0.00995697,0.00995697,0.00995697
212,10958,0.55302,0.81891,0.96133,0.94208,0.94922,0.97009,0.86825,0.56275,0.74344,0.88971,0.00995656,0.00995656,0.00995656
213,11006.2,0.54892,0.80984,0.9579,0.94508,0.94926,0.97,0.86909,0.56431,0.74251,0.89036,0.00995615,0.00995615,0.00995615
214,11053.8,0.54325,0.79442,0.95674,0.94189,0.94964,0.96934,0.86663,0.5685,0.74065,0.89346,0.00995574,0.00995574,0.00995574
215,11101.5,0.52883,0.80403,0.94455,0.94203,0.94976,0.96855,0.86268,0.56763,0.74056,0.89277,0.00995532,0.00995532,0.00995532
216,11149.7,0.5429,0.7952,0.94827,0.94467,0.94929,0.96805,0.86221,0.56644,0.74502,0.89259,0.0099549,0.0099549,0.0099549
217,11198.7,0.54393,0.80315,0.95871,0.94408,0.94929,0.96813,0.86124,0.56534,0.74249,0.89207,0.00995448,0.00995448,0.00995448
218,11247.7,0.54105,0.81284,0.94974,0.94412,0.94966,0.96841,0.86309,0.56617,0.7406,0.8934,0.00995406,0.00995406,0.00995406
219,11295.9,0.53632,0.78573,0.94691,0.94212,0.94961,0.96788,0.86521,0.5644,0.73829,0.89231,0.00995364,0.00995364,0.00995364
220,11344.6,0.53956,0.79585,0.9543,0.94271,0.94895,0.96772,0.86547,0.5631,0.74278,0.89118,0.00995321,0.00995321,0.00995321
221,11392,0.54151,0.79787,0.94935,0.94273,0.94907,0.9673,0.86494,0.56197,0.74486,0.89109,0.00995278,0.00995278,0.00995278
222,11440.3,0.546,0.7867,0.94942,0.9423,0.94962,0.96734,0.8693,0.56203,0.74477,0.8911,0.00995235,0.00995235,0.00995235
223,11489.6,0.52766,0.80231,0.95252,0.93934,0.94937,0.96727,0.86903,0.56231,0.7445,0.89149,0.00995192,0.00995192,0.00995192
224,11537.3,0.5485,0.83246,0.9616,0.94182,0.94132,0.96725,0.86713,0.56317,0.74273,0.89204,0.00995149,0.00995149,0.00995149
225,11584.5,0.54655,0.8034,0.9603,0.94122,0.94448,0.96695,0.86919,0.56249,0.73903,0.89198,0.00995105,0.00995105,0.00995105
226,11632.3,0.53447,0.80567,0.94868,0.93734,0.94765,0.96708,0.86884,0.56282,0.73816,0.89211,0.00995062,0.00995062,0.00995062
227,11681.5,0.53439,0.78394,0.95419,0.93816,0.94765,0.96722,0.86764,0.56117,0.73347,0.89265,0.00995018,0.00995018,0.00995018
228,11729.6,0.52311,0.77587,0.93693,0.93949,0.94883,0.96714,0.86703,0.55996,0.72881,0.89244,0.00994974,0.00994974,0.00994974
229,11777.4,0.53457,0.80656,0.9487,0.94187,0.95073,0.96768,0.86929,0.55899,0.72477,0.89231,0.00994929,0.00994929,0.00994929
230,11824.3,0.52543,0.80214,0.94827,0.94153,0.94879,0.9676,0.8692,0.55873,0.72835,0.89235,0.00994885,0.00994885,0.00994885
231,11871.5,0.52783,0.77585,0.94295,0.94135,0.94705,0.96805,0.8702,0.55764,0.73136,0.89256,0.0099484,0.0099484,0.0099484
232,11918.8,0.53317,0.76698,0.94969,0.93863,0.94765,0.96825,0.87232,0.55746,0.73139,0.89292,0.00994795,0.00994795,0.00994795
233,11966.4,0.53427,0.82018,0.94737,0.93853,0.94859,0.96873,0.87009,0.55712,0.73475,0.89283,0.0099475,0.0099475,0.0099475
234,12014.5,0.54449,0.80198,0.96156,0.93841,0.9494,0.96897,0.8682,0.55665,0.73231,0.89268,0.00994705,0.00994705,0.00994705
235,12062.3,0.53417,0.77283,0.95219,0.93813,0.94765,0.96885,0.86748,0.55582,0.72752,0.8922,0.00994659,0.00994659,0.00994659
236,12110.4,0.53115,0.76753,0.94868,0.93769,0.94765,0.96873,0.86774,0.55468,0.72453,0.89157,0.00994614,0.00994614,0.00994614
237,12158.3,0.53663,0.77096,0.94523,0.93603,0.94765,0.9688,0.86806,0.55483,0.72443,0.89161,0.00994568,0.00994568,0.00994568
238,12205.3,0.5281,0.75928,0.9501,0.93607,0.94765,0.96895,0.86797,0.55444,0.72225,0.89104,0.00994522,0.00994522,0.00994522
239,12251.8,0.53161,0.77449,0.94303,0.93699,0.94765,0.96899,0.86727,0.55397,0.72102,0.891,0.00994476,0.00994476,0.00994476
240,12298.8,0.53132,0.74714,0.94777,0.93465,0.95784,0.96925,0.86883,0.55291,0.72142,0.89067,0.00994429,0.00994429,0.00994429
241,12346.1,0.53891,0.78333,0.94451,0.93557,0.95676,0.9694,0.86769,0.55286,0.72092,0.89079,0.00994383,0.00994383,0.00994383
242,12394.5,0.54359,0.80031,0.9474,0.9353,0.95423,0.96963,0.86608,0.55263,0.71749,0.89072,0.00994336,0.00994336,0.00994336
243,12441.7,0.53811,0.77153,0.9578,0.93518,0.9577,0.96984,0.86673,0.55275,0.71555,0.89047,0.00994289,0.00994289,0.00994289
244,12489.8,0.52076,0.79128,0.93889,0.93305,0.95744,0.96978,0.86635,0.55334,0.71399,0.89061,0.00994242,0.00994242,0.00994242
245,12537,0.52298,0.76172,0.94569,0.9395,0.9459,0.97036,0.86741,0.55306,0.71312,0.89095,0.00994194,0.00994194,0.00994194
246,12584,0.51893,0.7669,0.93126,0.93242,0.95113,0.97049,0.86763,0.55309,0.71346,0.89113,0.00994147,0.00994147,0.00994147
247,12630.9,0.51863,0.77697,0.93029,0.93719,0.94674,0.97055,0.86837,0.55325,0.71432,0.89121,0.00994099,0.00994099,0.00994099
248,12677.3,0.53884,0.77553,0.95185,0.93715,0.94642,0.97051,0.86867,0.55292,0.71506,0.89103,0.00994051,0.00994051,0.00994051
249,12725.1,0.54957,0.79621,0.95376,0.93779,0.94627,0.97047,0.8675,0.55253,0.71376,0.89067,0.00994003,0.00994003,0.00994003
250,12771.8,0.5264,0.78054,0.94232,0.93782,0.94632,0.97043,0.86631,0.55234,0.71289,0.89037,0.00993954,0.00993954,0.00993954
251,12818.8,0.52943,0.75968,0.94719,0.93657,0.95035,0.97003,0.86685,0.55217,0.71332,0.89058,0.00993906,0.00993906,0.00993906
252,12864.8,0.5276,0.77155,0.94255,0.93651,0.95036,0.96997,0.8655,0.55211,0.71369,0.89076,0.00993857,0.00993857,0.00993857
253,12911.7,0.54201,0.78788,0.9557,0.93665,0.95032,0.96984,0.86574,0.55206,0.71391,0.89076,0.00993808,0.00993808,0.00993808
254,12959.1,0.52923,0.78607,0.95094,0.93651,0.95033,0.96973,0.86636,0.55135,0.71462,0.89024,0.00993759,0.00993759,0.00993759
255,13007.6,0.54317,0.8074,0.96,0.93654,0.9504,0.96992,0.86731,0.55137,0.7118,0.88992,0.0099371,0.0099371,0.0099371
256,13056.3,0.52089,0.7599,0.93713,0.93646,0.95043,0.96995,0.8669,0.55129,0.71096,0.88966,0.0099366,0.0099366,0.0099366
257,13103,0.53301,0.78379,0.94864,0.93633,0.9505,0.96991,0.86663,0.55112,0.70853,0.88953,0.0099361,0.0099361,0.0099361
258,13149.9,0.52332,0.76282,0.92828,0.93748,0.94975,0.96999,0.86666,0.55085,0.70847,0.88938,0.0099356,0.0099356,0.0099356
259,13196.9,0.52333,0.76929,0.93838,0.93741,0.94952,0.97032,0.86705,0.55145,0.70897,0.8893,0.0099351,0.0099351,0.0099351
260,13244,0.51809,0.75541,0.93987,0.94009,0.94957,0.97114,0.86952,0.55091,0.70738,0.88898,0.0099346,0.0099346,0.0099346
261,13292.2,0.52827,0.75072,0.94906,0.93995,0.94964,0.9712,0.86978,0.55082,0.70772,0.8888,0.0099341,0.0099341,0.0099341
262,13338.3,0.51794,0.76288,0.93839,0.94247,0.94952,0.97091,0.87001,0.55048,0.70789,0.88849,0.00993359,0.00993359,0.00993359
263,13384.5,0.52427,0.7846,0.93896,0.94411,0.94933,0.97102,0.87105,0.55019,0.70619,0.8884,0.00993308,0.00993308,0.00993308
264,13430.4,0.52064,0.7551,0.93486,0.94499,0.94931,0.97129,0.87423,0.55,0.7059,0.88837,0.00993257,0.00993257,0.00993257
265,13476.7,0.52033,0.75338,0.93776,0.94644,0.94922,0.97114,0.87382,0.54977,0.70464,0.88849,0.00993206,0.00993206,0.00993206
266,13522.7,0.52512,0.75706,0.9423,0.94679,0.94921,0.97118,0.87355,0.54948,0.70406,0.88822,0.00993154,0.00993154,0.00993154
267,13569.1,0.52554,0.74144,0.94414,0.94656,0.94921,0.97115,0.87329,0.54891,0.70305,0.88804,0.00993103,0.00993103,0.00993103
268,13616.2,0.51501,0.75509,0.94158,0.94328,0.94922,0.97118,0.87399,0.54852,0.70192,0.88798,0.00993051,0.00993051,0.00993051
269,13663.3,0.5305,0.78113,0.94982,0.94662,0.94917,0.97111,0.87396,0.54809,0.70188,0.88763,0.00992999,0.00992999,0.00992999
270,13709.6,0.53087,0.75994,0.94455,0.94259,0.94921,0.97062,0.87393,0.54705,0.70357,0.88708,0.00992946,0.00992946,0.00992946
271,13756.7,0.52393,0.74128,0.93677,0.94009,0.94919,0.97085,0.87472,0.54588,0.70456,0.88658,0.00992894,0.00992894,0.00992894
272,13803.8,0.52368,0.76233,0.93966,0.94447,0.94918,0.97086,0.87479,0.54549,0.70458,0.88613,0.00992841,0.00992841,0.00992841
273,13850.2,0.52391,0.75552,0.93859,0.94363,0.94926,0.97107,0.87468,0.54471,0.70409,0.88583,0.00992789,0.00992789,0.00992789
274,13896.7,0.5253,0.78187,0.94156,0.94423,0.94934,0.97129,0.87563,0.54453,0.70355,0.88559,0.00992736,0.00992736,0.00992736
275,13943.1,0.51774,0.73476,0.93451,0.94523,0.94934,0.97154,0.87515,0.54411,0.70223,0.8854,0.00992682,0.00992682,0.00992682
276,13989.2,0.53167,0.7565,0.9507,0.94763,0.94936,0.97158,0.8745,0.54379,0.70167,0.88525,0.00992629,0.00992629,0.00992629
277,14034.4,0.52785,0.78301,0.94382,0.94753,0.9494,0.97175,0.87482,0.54357,0.69972,0.88517,0.00992576,0.00992576,0.00992576
278,14079.9,0.5084,0.75714,0.93337,0.94759,0.94938,0.97182,0.87459,0.54306,0.69953,0.88452,0.00992522,0.00992522,0.00992522
279,14125.5,0.53038,0.74319,0.94352,0.94732,0.94937,0.97166,0.87436,0.54235,0.70052,0.88407,0.00992468,0.00992468,0.00992468
280,14170.8,0.51932,0.76589,0.93477,0.9472,0.94933,0.97169,0.87266,0.54177,0.69965,0.8836,0.00992414,0.00992414,0.00992414
281,14215.4,0.52094,0.75015,0.94194,0.94707,0.94933,0.97189,0.87257,0.54105,0.6993,0.88326,0.00992359,0.00992359,0.00992359
282,14260.2,0.51795,0.74209,0.93192,0.94499,0.94948,0.97193,0.8729,0.54082,0.69784,0.88321,0.00992305,0.00992305,0.00992305
283,14305.9,0.52183,0.73819,0.94856,0.94417,0.9495,0.97201,0.87433,0.54078,0.69792,0.88324,0.0099225,0.0099225,0.0099225
284,14352.5,0.52195,0.76035,0.93785,0.94423,0.94946,0.97194,0.87439,0.54038,0.69817,0.88296,0.00992195,0.00992195,0.00992195
285,14398.8,0.5101,0.73002,0.93882,0.94398,0.94946,0.97189,0.87356,0.54024,0.70004,0.88262,0.0099214,0.0099214,0.0099214
286,14445.4,0.53141,0.75161,0.94865,0.94445,0.94935,0.97183,0.87436,0.54008,0.69885,0.88264,0.00992085,0.00992085,0.00992085
287,14492.3,0.51898,0.75861,0.93967,0.94437,0.94931,0.97162,0.87428,0.53975,0.69923,0.88258,0.00992029,0.00992029,0.00992029
288,14538.7,0.51642,0.74183,0.93634,0.94454,0.94928,0.97147,0.87369,0.53929,0.6997,0.88219,0.00991974,0.00991974,0.00991974
289,14585.1,0.51658,0.76785,0.93926,0.94484,0.94926,0.9715,0.87344,0.53953,0.69938,0.88216,0.00991918,0.00991918,0.00991918
290,14631.8,0.52249,0.76002,0.93751,0.94564,0.94921,0.97166,0.87306,0.53945,0.69981,0.88205,0.00991862,0.00991862,0.00991862
291,14678.4,0.5214,0.73342,0.9403,0.94476,0.94925,0.97178,0.87368,0.53955,0.69989,0.88225,0.00991805,0.00991805,0.00991805
292,14724.3,0.5179,0.74083,0.94464,0.94456,0.94925,0.97179,0.87355,0.53993,0.69873,0.88215,0.00991749,0.00991749,0.00991749
293,14770.3,0.52259,0.75497,0.94569,0.94278,0.94934,0.97162,0.87425,0.53971,0.69875,0.88197,0.00991692,0.00991692,0.00991692
294,14817.2,0.52337,0.74675,0.9412,0.94282,0.94979,0.97148,0.87447,0.53989,0.69816,0.8819,0.00991635,0.00991635,0.00991635
295,14864.3,0.52746,0.76122,0.94684,0.94279,0.94954,0.97155,0.87414,0.53996,0.69723,0.88192,0.00991578,0.00991578,0.00991578
296,14911.1,0.51566,0.75231,0.94059,0.94414,0.9493,0.9715,0.87359,0.54008,0.69802,0.882,0.00991521,0.00991521,0.00991521
297,14958.1,0.51189,0.73935,0.93706,0.94532,0.9492,0.97147,0.87346,0.54007,0.69815,0.88177,0.00991464,0.00991464,0.00991464
298,15004.8,0.50493,0.72422,0.93369,0.94809,0.94808,0.9719,0.87494,0.5397,0.69761,0.88165,0.00991406,0.00991406,0.00991406
299,15052.1,0.52158,0.75248,0.94138,0.94808,0.94796,0.97175,0.87461,0.53984,0.69851,0.88161,0.00991348,0.00991348,0.00991348
300,15099.5,0.50206,0.74689,0.93164,0.94808,0.94796,0.972,0.87514,0.53991,0.69878,0.88158,0.0099129,0.0099129,0.0099129
301,15146.6,0.50604,0.73525,0.93144,0.94616,0.94564,0.97173,0.87462,0.54012,0.69977,0.88159,0.00991232,0.00991232,0.00991232
302,15193.6,0.50455,0.73585,0.93736,0.9459,0.94569,0.97185,0.87473,0.54024,0.69915,0.88141,0.00991174,0.00991174,0.00991174
303,15240.8,0.50929,0.73812,0.93656,0.94627,0.94564,0.97197,0.87458,0.54007,0.69956,0.88143,0.00991115,0.00991115,0.00991115
304,15288.8,0.51478,0.75328,0.93802,0.94622,0.94559,0.97184,0.87449,0.54027,0.69999,0.88152,0.00991056,0.00991056,0.00991056
305,15335.4,0.50478,0.7313,0.92695,0.9463,0.94555,0.97162,0.87466,0.54,0.70162,0.88162,0.00990998,0.00990998,0.00990998
306,15382.2,0.50199,0.73752,0.92962,0.94646,0.94557,0.97157,0.87477,0.54019,0.7015,0.88165,0.00990938,0.00990938,0.00990938
307,15427.5,0.51334,0.74116,0.94088,0.94617,0.94563,0.97156,0.87322,0.53978,0.70351,0.88158,0.00990879,0.00990879,0.00990879
308,15473.4,0.50201,0.73751,0.92472,0.94606,0.9456,0.97154,0.87322,0.54027,0.70441,0.88181,0.0099082,0.0099082,0.0099082
309,15520.3,0.51308,0.74363,0.93343,0.94585,0.94563,0.9715,0.87311,0.54026,0.70421,0.88169,0.0099076,0.0099076,0.0099076
310,15567.4,0.51308,0.74597,0.93942,0.94588,0.94569,0.9715,0.87204,0.54001,0.70372,0.88155,0.009907,0.009907,0.009907
311,15616,0.51496,0.73153,0.93635,0.9483,0.94567,0.97144,0.8731,0.53978,0.70132,0.88135,0.0099064,0.0099064,0.0099064
312,15663.1,0.51241,0.73829,0.93778,0.94879,0.94569,0.9716,0.87271,0.54007,0.70067,0.88132,0.0099058,0.0099058,0.0099058
313,15710.2,0.50401,0.7172,0.93533,0.94865,0.94569,0.97161,0.87325,0.53961,0.7007,0.88084,0.00990519,0.00990519,0.00990519
314,15757.3,0.51013,0.7105,0.92824,0.94809,0.94573,0.97164,0.87303,0.53991,0.7006,0.88102,0.00990458,0.00990458,0.00990458
315,15804.1,0.50787,0.7354,0.93607,0.94822,0.94574,0.97156,0.87348,0.53972,0.70083,0.88084,0.00990397,0.00990397,0.00990397
316,15851,0.50261,0.71606,0.92642,0.94824,0.94577,0.97166,0.87333,0.53952,0.7005,0.88074,0.00990336,0.00990336,0.00990336
317,15897.8,0.50256,0.73472,0.92935,0.948,0.94577,0.97171,0.87298,0.53972,0.70071,0.8807,0.00990275,0.00990275,0.00990275
318,15943.7,0.51414,0.74918,0.93455,0.94814,0.94574,0.97171,0.87289,0.5398,0.69997,0.88069,0.00990214,0.00990214,0.00990214
319,15989.6,0.52119,0.74799,0.93995,0.94786,0.9459,0.97179,0.8737,0.53992,0.70067,0.88084,0.00990152,0.00990152,0.00990152
320,16034.8,0.50938,0.71849,0.93729,0.94794,0.94665,0.97179,0.87296,0.53989,0.70131,0.88082,0.0099009,0.0099009,0.0099009
321,16081.1,0.49763,0.73053,0.92481,0.94793,0.94655,0.97194,0.87386,0.54006,0.70088,0.88089,0.00990028,0.00990028,0.00990028
322,16126.6,0.50492,0.71814,0.92633,0.94792,0.94634,0.97215,0.87192,0.53999,0.70009,0.8808,0.00989966,0.00989966,0.00989966
323,16172.8,0.50845,0.72801,0.93858,0.94792,0.94639,0.97211,0.872,0.53975,0.69963,0.88075,0.00989904,0.00989904,0.00989904
324,16218.8,0.50316,0.74034,0.93614,0.94791,0.94626,0.97206,0.87229,0.53959,0.70038,0.88075,0.00989841,0.00989841,0.00989841
325,16265.1,0.50497,0.72667,0.93274,0.94792,0.94622,0.97209,0.87185,0.53981,0.70159,0.88072,0.00989778,0.00989778,0.00989778
326,16310.2,0.50465,0.7273,0.93183,0.94794,0.94644,0.97203,0.87152,0.53948,0.70125,0.88057,0.00989715,0.00989715,0.00989715
327,16356.4,0.51353,0.75832,0.92391,0.94795,0.94653,0.97227,0.87118,0.53921,0.70195,0.88037,0.00989652,0.00989652,0.00989652
328,16402.8,0.51297,0.74279,0.93667,0.94799,0.94687,0.97231,0.87269,0.53916,0.70215,0.88029,0.00989589,0.00989589,0.00989589
329,16448.8,0.50663,0.74535,0.93325,0.94803,0.94726,0.97234,0.8717,0.53908,0.70143,0.88021,0.00989525,0.00989525,0.00989525
330,16495.5,0.51649,0.71599,0.94254,0.94803,0.94734,0.97221,0.87218,0.53902,0.70292,0.88013,0.00989461,0.00989461,0.00989461
331,16541.8,0.50526,0.7398,0.92932,0.94804,0.9475,0.97225,0.87277,0.53885,0.70252,0.87998,0.00989398,0.00989398,0.00989398
332,16588.5,0.5057,0.74146,0.93484,0.94631,0.94568,0.9722,0.87195,0.53891,0.70252,0.87985,0.00989333,0.00989333,0.00989333
333,16635,0.50007,0.71256,0.92249,0.94604,0.9457,0.97227,0.87328,0.53861,0.70324,0.87958,0.00989269,0.00989269,0.00989269
334,16680.5,0.50915,0.7258,0.92612,0.94562,0.94576,0.97217,0.87287,0.53877,0.70275,0.87955,0.00989205,0.00989205,0.00989205
335,16725.6,0.5003,0.72481,0.92217,0.94514,0.94604,0.97232,0.87531,0.5383,0.7023,0.87935,0.0098914,0.0098914,0.0098914
336,16771.8,0.50238,0.73191,0.93044,0.94531,0.9476,0.97225,0.87333,0.53812,0.70294,0.87911,0.00989075,0.00989075,0.00989075
337,16817.2,0.50553,0.72841,0.92905,0.94243,0.94587,0.97232,0.87399,0.53815,0.70141,0.87892,0.0098901,0.0098901,0.0098901
338,16862.9,0.51085,0.72565,0.93288,0.94102,0.95305,0.97207,0.87404,0.53803,0.70127,0.8788,0.00988945,0.00988945,0.00988945
339,16908.7,0.50342,0.69592,0.92853,0.94104,0.9531,0.97204,0.87342,0.53771,0.70077,0.87868,0.00988879,0.00988879,0.00988879
340,16953.7,0.50455,0.73613,0.92877,0.94119,0.95315,0.97203,0.87273,0.53757,0.70152,0.87851,0.00988814,0.00988814,0.00988814
341,16998,0.49754,0.7184,0.92218,0.94118,0.95321,0.97206,0.87223,0.53723,0.70035,0.87846,0.00988748,0.00988748,0.00988748
342,17042.1,0.50949,0.75982,0.93669,0.9414,0.95322,0.97218,0.87283,0.5372,0.70078,0.87833,0.00988682,0.00988682,0.00988682
343,17087,0.50568,0.70795,0.93005,0.94135,0.95328,0.97211,0.87311,0.53705,0.70011,0.8782,0.00988615,0.00988615,0.00988615
344,17131.3,0.5048,0.73633,0.93259,0.94141,0.95336,0.97205,0.87294,0.53705,0.70043,0.87815,0.00988549,0.00988549,0.00988549
345,17176.8,0.50464,0.74417,0.92631,0.94137,0.95339,0.97219,0.87234,0.53654,0.70051,0.87808,0.00988482,0.00988482,0.00988482
346,17222.4,0.49056,0.7071,0.91628,0.94121,0.9534,0.97212,0.87266,0.53647,0.6995,0.87822,0.00988416,0.00988416,0.00988416
347,17269.3,0.5053,0.73499,0.93725,0.94119,0.95342,0.97224,0.87397,0.53609,0.69762,0.87801,0.00988349,0.00988349,0.00988349
348,17315.3,0.50892,0.73339,0.92659,0.94099,0.95342,0.9721,0.87542,0.53656,0.6962,0.8784,0.00988281,0.00988281,0.00988281
349,17361.9,0.49003,0.69653,0.92379,0.94093,0.95343,0.97209,0.87437,0.53657,0.69562,0.87841,0.00988214,0.00988214,0.00988214
350,17407.8,0.49492,0.71837,0.92746,0.94111,0.9534,0.97231,0.87415,0.53652,0.69559,0.87843,0.00988147,0.00988147,0.00988147
351,17453.3,0.50689,0.72201,0.93113,0.94126,0.95336,0.97238,0.87284,0.53715,0.69679,0.8786,0.00988079,0.00988079,0.00988079
352,17499.5,0.49015,0.72293,0.92632,0.94127,0.95332,0.97216,0.87268,0.53691,0.69559,0.87861,0.00988011,0.00988011,0.00988011
353,17545.4,0.50987,0.71025,0.92701,0.94304,0.95191,0.97232,0.87542,0.53676,0.69573,0.87846,0.00987943,0.00987943,0.00987943
354,17592.5,0.48976,0.71643,0.92512,0.943,0.95147,0.97243,0.87326,0.5369,0.69472,0.87836,0.00987874,0.00987874,0.00987874
355,17640,0.50394,0.7317,0.92741,0.94297,0.95111,0.97246,0.87453,0.53688,0.69482,0.87821,0.00987806,0.00987806,0.00987806
356,17686.9,0.49954,0.71545,0.9198,0.94293,0.95069,0.97248,0.87454,0.53664,0.6949,0.87816,0.00987737,0.00987737,0.00987737
357,17733.1,0.50495,0.74713,0.92801,0.94288,0.95017,0.97219,0.87413,0.53667,0.6934,0.87809,0.00987668,0.00987668,0.00987668
358,17778.4,0.50448,0.73896,0.93083,0.94287,0.95006,0.97248,0.8745,0.53665,0.69314,0.87812,0.00987599,0.00987599,0.00987599
359,17823.6,0.49164,0.72122,0.91992,0.94283,0.94967,0.97275,0.87393,0.53665,0.69237,0.87802,0.0098753,0.0098753,0.0098753
360,17867.9,0.50103,0.71747,0.93304,0.94281,0.94943,0.97263,0.8743,0.53651,0.6923,0.87779,0.0098746,0.0098746,0.0098746
361,17913.1,0.50101,0.70088,0.92351,0.94278,0.94913,0.97277,0.87394,0.53649,0.69219,0.87765,0.00987391,0.00987391,0.00987391
362,17957.9,0.4925,0.69331,0.9261,0.94279,0.94909,0.97275,0.87208,0.53647,0.69164,0.87773,0.00987321,0.00987321,0.00987321
363,18002.6,0.48893,0.70132,0.91758,0.94301,0.94903,0.97273,0.87331,0.53667,0.69242,0.87768,0.00987251,0.00987251,0.00987251
364,18047.6,0.48556,0.70281,0.92124,0.94312,0.949,0.97273,0.87236,0.53661,0.69422,0.87786,0.00987181,0.00987181,0.00987181
365,18091.6,0.49987,0.70474,0.92705,0.94349,0.94895,0.97279,0.87487,0.53701,0.69375,0.87797,0.0098711,0.0098711,0.0098711
366,18136.4,0.49979,0.71286,0.93821,0.94292,0.95076,0.97294,0.87547,0.53707,0.69496,0.87813,0.0098704,0.0098704,0.0098704
367,18181.6,0.49151,0.70159,0.92281,0.95054,0.94425,0.9731,0.87513,0.53678,0.69385,0.87803,0.00986969,0.00986969,0.00986969
368,18225.4,0.49092,0.7074,0.92182,0.95053,0.94405,0.97302,0.87561,0.53669,0.69416,0.87812,0.00986898,0.00986898,0.00986898
369,18268.8,0.4988,0.70051,0.92723,0.95053,0.94402,0.97309,0.87579,0.53685,0.6937,0.87813,0.00986827,0.00986827,0.00986827
370,18313.2,0.49837,0.70099,0.92603,0.95053,0.94403,0.97322,0.87536,0.53682,0.69463,0.8781,0.00986755,0.00986755,0.00986755
371,18358.4,0.4992,0.73204,0.92567,0.95057,0.94435,0.9732,0.87581,0.53697,0.69521,0.87809,0.00986684,0.00986684,0.00986684
372,18403.6,0.4934,0.70073,0.92613,0.95062,0.94483,0.9732,0.87669,0.53678,0.69485,0.87797,0.00986612,0.00986612,0.00986612
373,18448.9,0.4888,0.70421,0.9255,0.95062,0.94475,0.97307,0.87733,0.53713,0.69614,0.87819,0.0098654,0.0098654,0.0098654
374,18493.7,0.49378,0.71671,0.92791,0.95064,0.94491,0.97319,0.87664,0.53732,0.69745,0.87823,0.00986468,0.00986468,0.00986468
375,18538.3,0.49005,0.69797,0.92691,0.95065,0.94504,0.97318,0.87681,0.53745,0.69814,0.87832,0.00986396,0.00986396,0.00986396
376,18583,0.49942,0.7329,0.92533,0.95063,0.94476,0.9732,0.87629,0.53742,0.69827,0.87831,0.00986323,0.00986323,0.00986323
377,18628.5,0.48969,0.71143,0.9244,0.95081,0.94678,0.97325,0.87735,0.53769,0.69739,0.87844,0.0098625,0.0098625,0.0098625
378,18674.5,0.49616,0.68631,0.92594,0.94813,0.94807,0.97331,0.87792,0.53755,0.69797,0.87847,0.00986178,0.00986178,0.00986178
379,18719.1,0.49961,0.69941,0.9348,0.94776,0.94809,0.9733,0.8789,0.538,0.69774,0.87848,0.00986104,0.00986104,0.00986104
380,18763.9,0.49923,0.7113,0.93344,0.9474,0.94804,0.97333,0.87927,0.53792,0.69977,0.87852,0.00986031,0.00986031,0.00986031
381,18808.3,0.48492,0.69141,0.92159,0.94718,0.94805,0.97351,0.8791,0.53777,0.69853,0.87856,0.00985958,0.00985958,0.00985958
382,18853,0.48932,0.69323,0.92094,0.94718,0.94803,0.97329,0.87937,0.53773,0.70004,0.87838,0.00985884,0.00985884,0.00985884
383,18898.6,0.4982,0.7075,0.92699,0.94735,0.948,0.97339,0.87979,0.53748,0.6987,0.87839,0.0098581,0.0098581,0.0098581
384,18943.5,0.50371,0.71049,0.93213,0.94741,0.94793,0.97344,0.87844,0.53785,0.69963,0.87843,0.00985736,0.00985736,0.00985736
385,18987.8,0.50402,0.71541,0.92684,0.94741,0.94792,0.97348,0.87726,0.53756,0.69795,0.87819,0.00985662,0.00985662,0.00985662
386,19032,0.48523,0.70813,0.91317,0.94734,0.94788,0.97339,0.87735,0.53784,0.69801,0.87841,0.00985588,0.00985588,0.00985588
387,19077.1,0.49657,0.73044,0.92042,0.94736,0.94784,0.97349,0.87743,0.53794,0.70019,0.87819,0.00985513,0.00985513,0.00985513
388,19121.9,0.50155,0.7114,0.92576,0.9456,0.94823,0.97365,0.87731,0.53823,0.70016,0.87832,0.00985438,0.00985438,0.00985438
389,19167.7,0.48793,0.70501,0.92248,0.94547,0.94813,0.97351,0.87782,0.53832,0.6981,0.87865,0.00985363,0.00985363,0.00985363
390,19213.1,0.49537,0.70627,0.92825,0.94563,0.94801,0.97349,0.87944,0.53833,0.69865,0.87869,0.00985288,0.00985288,0.00985288
391,19257.2,0.48938,0.69846,0.92238,0.94804,0.94736,0.9735,0.87687,0.53829,0.69922,0.87862,0.00985213,0.00985213,0.00985213
392,19302.5,0.49173,0.68637,0.92822,0.9478,0.9472,0.97351,0.8762,0.53828,0.69995,0.87849,0.00985137,0.00985137,0.00985137
393,19347.6,0.48939,0.69323,0.92952,0.948,0.94708,0.97355,0.87688,0.53825,0.69973,0.87838,0.00985061,0.00985061,0.00985061
394,19392.3,0.49531,0.69347,0.9232,0.94796,0.94484,0.97371,0.87713,0.53822,0.7001,0.87848,0.00984985,0.00984985,0.00984985
395,19437.1,0.49273,0.70473,0.9219,0.9431,0.94844,0.97355,0.87758,0.53869,0.70103,0.87835,0.00984909,0.00984909,0.00984909
396,19481.4,0.48841,0.70321,0.92261,0.94278,0.94843,0.9737,0.87809,0.53849,0.70169,0.87823,0.00984833,0.00984833,0.00984833
397,19525.9,0.49661,0.71237,0.92075,0.94287,0.94929,0.97352,0.87826,0.53871,0.70209,0.87817,0.00984757,0.00984757,0.00984757
398,19571.2,0.48859,0.68864,0.9155,0.9429,0.94953,0.97362,0.87822,0.5385,0.70139,0.87794,0.0098468,0.0098468,0.0098468
399,19616.6,0.49407,0.73294,0.91936,0.94807,0.94299,0.97376,0.87827,0.53838,0.70252,0.87779,0.00984603,0.00984603,0.00984603
400,19664.1,0.5059,0.70777,0.93001,0.94803,0.94295,0.97374,0.87895,0.53844,0.70267,0.87778,0.00984526,0.00984526,0.00984526
401,19709.5,0.49623,0.70023,0.91705,0.94179,0.94815,0.97389,0.87942,0.53831,0.70113,0.87757,0.00984449,0.00984449,0.00984449
402,19754.7,0.4929,0.69384,0.92427,0.94197,0.94817,0.9741,0.87956,0.53829,0.7021,0.87751,0.00984371,0.00984371,0.00984371
403,19799.9,0.48549,0.70255,0.92117,0.94229,0.94814,0.97396,0.8787,0.53774,0.702,0.87737,0.00984294,0.00984294,0.00984294
404,19844.7,0.49162,0.68915,0.92315,0.94223,0.94814,0.97388,0.88026,0.53761,0.70179,0.87737,0.00984216,0.00984216,0.00984216
405,19889.8,0.48189,0.69623,0.91007,0.94127,0.94821,0.9736,0.88025,0.53761,0.7003,0.87733,0.00984138,0.00984138,0.00984138
406,19935.2,0.49167,0.72135,0.92582,0.94163,0.94826,0.97387,0.87961,0.5374,0.69942,0.87732,0.0098406,0.0098406,0.0098406
407,19981.1,0.49765,0.70545,0.91978,0.94025,0.94964,0.97405,0.88046,0.53746,0.69949,0.8774,0.00983981,0.00983981,0.00983981
408,20025.6,0.49574,0.71212,0.92116,0.94025,0.94958,0.97391,0.88,0.53724,0.69888,0.87729,0.00983903,0.00983903,0.00983903
409,20070.2,0.48355,0.70882,0.92201,0.94028,0.94996,0.97416,0.87929,0.53714,0.6996,0.87739,0.00983824,0.00983824,0.00983824
410,20116.1,0.48725,0.68811,0.92282,0.93732,0.95583,0.97407,0.8792,0.53699,0.70025,0.87744,0.00983745,0.00983745,0.00983745
411,20163.1,0.49315,0.69959,0.92063,0.93707,0.95585,0.97407,0.87961,0.53696,0.69949,0.87739,0.00983666,0.00983666,0.00983666
412,20209.3,0.49564,0.68838,0.92227,0.93689,0.95588,0.97403,0.87981,0.5369,0.70082,0.87732,0.00983586,0.00983586,0.00983586
413,20254.9,0.48805,0.68973,0.92329,0.93673,0.9559,0.97418,0.87935,0.53701,0.70082,0.87734,0.00983507,0.00983507,0.00983507
414,20300.5,0.50219,0.71395,0.92458,0.93625,0.95595,0.97417,0.87953,0.5367,0.70018,0.87728,0.00983427,0.00983427,0.00983427
415,20346.1,0.50108,0.70267,0.91767,0.94798,0.94459,0.97427,0.87996,0.53677,0.70068,0.87734,0.00983347,0.00983347,0.00983347
416,20391.5,0.48369,0.68565,0.91737,0.94802,0.94492,0.97434,0.87986,0.53678,0.69996,0.87731,0.00983267,0.00983267,0.00983267
417,20437,0.48685,0.69999,0.92662,0.94807,0.94564,0.97417,0.88001,0.53659,0.69987,0.87724,0.00983187,0.00983187,0.00983187
418,20482.2,0.47868,0.66971,0.91593,0.9481,0.94604,0.97419,0.88054,0.53646,0.70084,0.87745,0.00983106,0.00983106,0.00983106
419,20528.1,0.48674,0.69828,0.91935,0.94554,0.9436,0.97413,0.88006,0.53664,0.7015,0.87759,0.00983026,0.00983026,0.00983026
420,20573.8,0.4915,0.72303,0.92215,0.94533,0.94373,0.97411,0.88044,0.53683,0.70074,0.87767,0.00982945,0.00982945,0.00982945
421,20619,0.48399,0.693,0.92097,0.94529,0.94548,0.97428,0.88036,0.53682,0.69997,0.87776,0.00982864,0.00982864,0.00982864
422,20664.7,0.49007,0.707,0.9254,0.94529,0.94536,0.97411,0.88089,0.53722,0.70028,0.87785,0.00982783,0.00982783,0.00982783
423,20710.6,0.49123,0.70436,0.91818,0.94526,0.94504,0.97425,0.88052,0.53739,0.70092,0.87793,0.00982701,0.00982701,0.00982701
424,20755.5,0.48087,0.68279,0.91409,0.94525,0.94484,0.97436,0.88037,0.53714,0.70083,0.87742,0.0098262,0.0098262,0.0098262
425,20800.9,0.47629,0.69029,0.92078,0.94522,0.9444,0.97445,0.8803,0.53687,0.70174,0.87752,0.00982538,0.00982538,0.00982538
426,20845.3,0.47375,0.6602,0.92391,0.94517,0.94378,0.97438,0.88034,0.53711,0.70228,0.8775,0.00982456,0.00982456,0.00982456
427,20890.9,0.49204,0.68703,0.92093,0.94912,0.94,0.97438,0.88104,0.53683,0.70113,0.87741,0.00982374,0.00982374,0.00982374
428,20936.7,0.48875,0.67334,0.92352,0.94919,0.93982,0.97454,0.88185,0.53675,0.7009,0.87722,0.00982291,0.00982291,0.00982291
429,20980.2,0.48823,0.6906,0.92419,0.9491,0.93976,0.97464,0.88148,0.5371,0.70165,0.87732,0.00982209,0.00982209,0.00982209
430,21025.3,0.49261,0.73272,0.92494,0.94918,0.93966,0.97475,0.88168,0.53697,0.70404,0.87743,0.00982126,0.00982126,0.00982126
431,21070.3,0.49235,0.69861,0.92525,0.94913,0.93955,0.97473,0.8816,0.53701,0.70549,0.87754,0.00982043,0.00982043,0.00982043
432,21115.6,0.48341,0.70541,0.92573,0.94909,0.93954,0.97487,0.88192,0.53682,0.70654,0.87765,0.0098196,0.0098196,0.0098196
433,21161.5,0.49402,0.69888,0.92541,0.94899,0.93965,0.97496,0.88227,0.53683,0.70684,0.87766,0.00981877,0.00981877,0.00981877
434,21207,0.48671,0.71208,0.92176,0.94898,0.93969,0.97488,0.88221,0.53672,0.7063,0.87776,0.00981793,0.00981793,0.00981793
435,21252.2,0.47642,0.67838,0.91148,0.94899,0.93966,0.97467,0.88222,0.53648,0.70672,0.8777,0.0098171,0.0098171,0.0098171
436,21297.6,0.49319,0.69491,0.92267,0.949,0.93954,0.97493,0.88265,0.53712,0.71182,0.87802,0.00981626,0.00981626,0.00981626
437,21343.6,0.48228,0.69058,0.91695,0.94899,0.93951,0.97502,0.88218,0.53624,0.70779,0.87764,0.00981542,0.00981542,0.00981542
438,21389.7,0.49355,0.71834,0.9302,0.94889,0.93948,0.97522,0.88278,0.53661,0.71229,0.87803,0.00981458,0.00981458,0.00981458
439,21437.2,0.47677,0.69769,0.91318,0.94887,0.93944,0.9753,0.88254,0.53657,0.71261,0.87795,0.00981373,0.00981373,0.00981373
440,21483.7,0.47295,0.68965,0.91177,0.94885,0.93943,0.9752,0.8827,0.53651,0.71082,0.87802,0.00981288,0.00981288,0.00981288
441,21529.1,0.48933,0.73574,0.92033,0.94887,0.93938,0.97534,0.88335,0.53584,0.70831,0.87775,0.00981204,0.00981204,0.00981204
442,21575.4,0.48157,0.69423,0.91429,0.94895,0.93919,0.97528,0.88271,0.53673,0.71013,0.8783,0.00981119,0.00981119,0.00981119
443,21622.5,0.48206,0.68635,0.91634,0.94889,0.93913,0.9753,0.88248,0.53675,0.71031,0.87843,0.00981034,0.00981034,0.00981034
444,21669.8,0.47374,0.68565,0.90859,0.94894,0.93907,0.97539,0.88237,0.53652,0.70863,0.87798,0.00980948,0.00980948,0.00980948
445,21716,0.49355,0.70114,0.93124,0.94896,0.93906,0.97556,0.88292,0.53656,0.70666,0.8782,0.00980863,0.00980863,0.00980863
446,21760.2,0.47826,0.68385,0.91499,0.94897,0.93897,0.97558,0.88152,0.5363,0.70538,0.87821,0.00980777,0.00980777,0.00980777
447,21803.3,0.48756,0.68499,0.92333,0.94905,0.93892,0.97552,0.88262,0.53608,0.7039,0.87807,0.00980691,0.00980691,0.00980691
448,21849.1,0.49187,0.69923,0.92469,0.94907,0.93893,0.97557,0.88266,0.53606,0.7027,0.87787,0.00980605,0.00980605,0.00980605
449,21895,0.48279,0.69897,0.91989,0.94914,0.93889,0.97563,0.8825,0.53568,0.70216,0.87771,0.00980519,0.00980519,0.00980519
450,21940.3,0.49198,0.71153,0.92466,0.94812,0.94351,0.97565,0.88243,0.53564,0.70136,0.87762,0.00980432,0.00980432,0.00980432
451,21986,0.48331,0.6778,0.91999,0.94813,0.94353,0.97551,0.88299,0.53537,0.70001,0.87743,0.00980345,0.00980345,0.00980345
452,22031.8,0.48822,0.69336,0.91509,0.94811,0.94329,0.97559,0.88347,0.53527,0.70073,0.87735,0.00980259,0.00980259,0.00980259
453,22078.5,0.4684,0.67841,0.90357,0.94813,0.94327,0.97553,0.88248,0.53536,0.70043,0.87746,0.00980171,0.00980171,0.00980171
454,22125.9,0.48823,0.70165,0.91704,0.94812,0.9432,0.97557,0.88309,0.53559,0.70013,0.87752,0.00980084,0.00980084,0.00980084
455,22172,0.48768,0.70045,0.91544,0.94811,0.9431,0.9756,0.88305,0.53576,0.70028,0.87752,0.00979997,0.00979997,0.00979997
456,22218.4,0.48052,0.68451,0.92243,0.94811,0.94306,0.97558,0.88353,0.53544,0.69954,0.87751,0.00979909,0.00979909,0.00979909
457,22264.9,0.48388,0.71025,0.91618,0.94812,0.94323,0.97556,0.88267,0.53561,0.69925,0.87748,0.00979821,0.00979821,0.00979821
458,22310.6,0.48353,0.68452,0.92366,0.94813,0.94328,0.97556,0.8829,0.53523,0.69858,0.87749,0.00979733,0.00979733,0.00979733
459,22356.4,0.47563,0.68057,0.9171,0.94814,0.94335,0.97566,0.88304,0.53509,0.69745,0.87753,0.00979645,0.00979645,0.00979645
460,22401.6,0.48982,0.68674,0.92971,0.94815,0.94339,0.9756,0.88249,0.53501,0.6977,0.87744,0.00979557,0.00979557,0.00979557
461,22447,0.48043,0.6909,0.91297,0.94815,0.94335,0.97564,0.88331,0.53467,0.69759,0.87728,0.00979468,0.00979468,0.00979468
462,22492.4,0.47739,0.69503,0.92154,0.94814,0.94324,0.97552,0.88279,0.53462,0.69645,0.87731,0.0097938,0.0097938,0.0097938
463,22537.6,0.471,0.68026,0.91487,0.94814,0.94325,0.97568,0.88255,0.53465,0.69476,0.87751,0.00979291,0.00979291,0.00979291
464,22582.7,0.47782,0.67337,0.91882,0.94813,0.94297,0.97567,0.88271,0.53461,0.69795,0.87742,0.00979202,0.00979202,0.00979202
465,22627.5,0.48428,0.68592,0.92176,0.94812,0.94277,0.97577,0.8832,0.53437,0.69624,0.87739,0.00979112,0.00979112,0.00979112
466,22672,0.47443,0.66176,0.91908,0.94812,0.94276,0.97577,0.88274,0.53446,0.6974,0.87739,0.00979023,0.00979023,0.00979023
467,22717.6,0.47558,0.68312,0.9147,0.91989,0.97164,0.97586,0.88303,0.53438,0.69667,0.87726,0.00978933,0.00978933,0.00978933
468,22763.9,0.47801,0.68696,0.90817,0.94813,0.94295,0.9758,0.88277,0.53415,0.69898,0.8772,0.00978843,0.00978843,0.00978843
469,22809.4,0.47224,0.67066,0.91275,0.94813,0.94292,0.97578,0.88312,0.53412,0.69829,0.87716,0.00978753,0.00978753,0.00978753
470,22854.5,0.47403,0.69107,0.91031,0.94814,0.94298,0.97574,0.88273,0.53421,0.69956,0.87704,0.00978663,0.00978663,0.00978663
471,22899.6,0.47827,0.67634,0.91996,0.94815,0.94311,0.97574,0.88308,0.53407,0.69875,0.87703,0.00978572,0.00978572,0.00978572
472,22944.4,0.47839,0.68927,0.92164,0.94814,0.94291,0.97574,0.88354,0.53446,0.70043,0.8776,0.00978482,0.00978482,0.00978482
473,22988.8,0.48357,0.69925,0.9194,0.94812,0.94266,0.97576,0.88303,0.53454,0.69992,0.87761,0.00978391,0.00978391,0.00978391
474,23033.8,0.47686,0.69123,0.91926,0.94811,0.94257,0.97575,0.88368,0.53467,0.70024,0.87758,0.009783,0.009783,0.009783
475,23079.6,0.49198,0.67818,0.91451,0.9224,0.97265,0.97575,0.88376,0.53477,0.69962,0.87769,0.00978209,0.00978209,0.00978209
476,23125.5,0.48493,0.68686,0.92067,0.92234,0.97222,0.97574,0.88289,0.53497,0.70014,0.87765,0.00978118,0.00978118,0.00978118
477,23170.8,0.4853,0.68504,0.9146,0.92226,0.97154,0.9756,0.88362,0.53499,0.69927,0.87767,0.00978026,0.00978026,0.00978026
478,23216.7,0.48301,0.71583,0.93056,0.92203,0.96972,0.97572,0.88359,0.53532,0.70005,0.8778,0.00977934,0.00977934,0.00977934
479,23262.6,0.48169,0.69412,0.91493,0.92196,0.96916,0.97578,0.88362,0.53543,0.69924,0.87768,0.00977842,0.00977842,0.00977842
480,23307.1,0.47598,0.6954,0.91071,0.9218,0.96763,0.97567,0.88297,0.53565,0.69826,0.87784,0.0097775,0.0097775,0.0097775
481,23352,0.47682,0.6939,0.91966,0.92182,0.96756,0.97561,0.88281,0.53564,0.69824,0.87791,0.00977658,0.00977658,0.00977658
482,23396.8,0.48541,0.68709,0.91783,0.92183,0.96796,0.97573,0.88148,0.53553,0.69847,0.87775,0.00977565,0.00977565,0.00977565
483,23441.3,0.47333,0.66278,0.91675,0.92188,0.96755,0.97573,0.88142,0.53533,0.69888,0.87753,0.00977473,0.00977473,0.00977473
484,23487.9,0.479,0.68657,0.91185,0.92184,0.96794,0.97549,0.88204,0.5349,0.69956,0.87725,0.0097738,0.0097738,0.0097738
485,23534.6,0.47309,0.66325,0.91686,0.92221,0.97072,0.97569,0.88191,0.53452,0.69972,0.87716,0.00977287,0.00977287,0.00977287
486,23580.9,0.47241,0.6823,0.91627,0.92212,0.97093,0.97541,0.88119,0.53459,0.69973,0.87707,0.00977194,0.00977194,0.00977194
487,23625.1,0.48197,0.68171,0.91188,0.92232,0.97091,0.97559,0.88085,0.53423,0.69925,0.87694,0.009771,0.009771,0.009771
488,23669.4,0.47864,0.67336,0.91298,0.92343,0.97092,0.97545,0.88198,0.53402,0.69975,0.87691,0.00977007,0.00977007,0.00977007
489,23713.6,0.48269,0.67088,0.91774,0.92286,0.97097,0.97532,0.88188,0.53445,0.698,0.87698,0.00976913,0.00976913,0.00976913
490,23758.4,0.47673,0.68208,0.91431,0.9238,0.97093,0.97541,0.88191,0.53438,0.69582,0.87688,0.00976819,0.00976819,0.00976819
491,23803,0.47828,0.70813,0.91407,0.92355,0.97101,0.97558,0.88103,0.53428,0.69496,0.87691,0.00976725,0.00976725,0.00976725
492,23846.6,0.47798,0.68133,0.9094,0.92445,0.971,0.97558,0.88179,0.53425,0.69597,0.87699,0.0097663,0.0097663,0.0097663
493,23891.2,0.48335,0.68233,0.91755,0.92281,0.97111,0.97559,0.88098,0.53411,0.69553,0.87685,0.00976536,0.00976536,0.00976536
494,23935.4,0.47731,0.66149,0.92119,0.92166,0.97118,0.97574,0.88271,0.534,0.69545,0.87678,0.00976441,0.00976441,0.00976441
495,23981.1,0.4756,0.68659,0.9128,0.92002,0.97254,0.97553,0.88251,0.53409,0.6968,0.87679,0.00976346,0.00976346,0.00976346
496,24026.7,0.47753,0.67299,0.91687,0.92004,0.9727,0.97547,0.88181,0.53424,0.69675,0.87686,0.00976251,0.00976251,0.00976251
497,24070.6,0.47008,0.68421,0.92042,0.91996,0.97214,0.97544,0.88141,0.53392,0.69759,0.87704,0.00976156,0.00976156,0.00976156
498,24115.5,0.47409,0.68259,0.90452,0.92015,0.97343,0.97557,0.88067,0.53382,0.69738,0.87711,0.0097606,0.0097606,0.0097606
499,24158.6,0.47862,0.69757,0.91935,0.92033,0.97469,0.97537,0.88054,0.53383,0.69788,0.87712,0.00975965,0.00975965,0.00975965
500,24201.6,0.47441,0.67587,0.90477,0.92022,0.97482,0.97533,0.88072,0.53357,0.69782,0.87714,0.00975869,0.00975869,0.00975869
501,24244.7,0.47208,0.67304,0.91102,0.92013,0.97495,0.97545,0.88143,0.53347,0.69711,0.87708,0.00975773,0.00975773,0.00975773
502,24287.8,0.46784,0.67443,0.91254,0.9201,0.97502,0.97548,0.8811,0.53313,0.69702,0.87712,0.00975677,0.00975677,0.00975677
503,24333.6,0.48149,0.68452,0.91992,0.91993,0.97504,0.97556,0.88085,0.53312,0.69661,0.87718,0.0097558,0.0097558,0.0097558
504,24380.2,0.46653,0.65347,0.91072,0.91992,0.97504,0.97571,0.88205,0.53315,0.69667,0.87706,0.00975484,0.00975484,0.00975484
505,24427.3,0.46915,0.65817,0.91573,0.91989,0.97505,0.97569,0.88156,0.53285,0.69656,0.8771,0.00975387,0.00975387,0.00975387
506,24472.4,0.48511,0.68554,0.92088,0.91997,0.97502,0.9754,0.88033,0.53286,0.6945,0.87715,0.0097529,0.0097529,0.0097529
507,24517.5,0.49144,0.70203,0.91526,0.92003,0.97497,0.97549,0.88004,0.53293,0.69474,0.87727,0.00975193,0.00975193,0.00975193
508,24561.7,0.46753,0.65678,0.89612,0.9202,0.97493,0.97563,0.88061,0.53303,0.69453,0.87733,0.00975096,0.00975096,0.00975096
509,24607.4,0.47276,0.68578,0.91337,0.92262,0.97469,0.97567,0.88153,0.53268,0.69503,0.87702,0.00974998,0.00974998,0.00974998
510,24652,0.47756,0.68452,0.90973,0.92108,0.97178,0.97551,0.88109,0.53283,0.69499,0.87704,0.009749,0.009749,0.009749
511,24695,0.47354,0.66741,0.91488,0.92154,0.97188,0.97562,0.88106,0.53256,0.69427,0.87698,0.00974803,0.00974803,0.00974803
512,24738.4,0.469,0.68475,0.91122,0.92213,0.97139,0.97562,0.88211,0.53239,0.69441,0.87679,0.00974705,0.00974705,0.00974705
513,24784.5,0.47495,0.67017,0.91602,0.92207,0.97097,0.97566,0.88061,0.53236,0.6934,0.87685,0.00974606,0.00974606,0.00974606
514,24829,0.47659,0.68608,0.91781,0.92203,0.97078,0.97567,0.88098,0.5325,0.69368,0.87689,0.00974508,0.00974508,0.00974508
515,24874.8,0.46337,0.64866,0.90565,0.92204,0.97091,0.97564,0.88168,0.53263,0.69359,0.87698,0.00974409,0.00974409,0.00974409
516,24921.1,0.47561,0.68783,0.90747,0.92211,0.97143,0.97563,0.88044,0.53221,0.69472,0.87687,0.0097431,0.0097431,0.0097431
517,24966.8,0.47115,0.66835,0.90729,0.92201,0.97068,0.97561,0.88113,0.53208,0.69672,0.87683,0.00974211,0.00974211,0.00974211
518,25012,0.479,0.66804,0.91535,0.92183,0.9699,0.97552,0.88102,0.53199,0.69546,0.87672,0.00974112,0.00974112,0.00974112
519,25057.8,0.48094,0.6631,0.91552,0.92207,0.97224,0.97568,0.88125,0.53202,0.69417,0.87677,0.00974013,0.00974013,0.00974013
520,25103,0.47498,0.68168,0.91959,0.92162,0.96908,0.97557,0.88226,0.53167,0.69314,0.8765,0.00973913,0.00973913,0.00973913
521,25147.9,0.47697,0.67192,0.9114,0.92194,0.97224,0.97552,0.88115,0.53155,0.69372,0.87645,0.00973814,0.00973814,0.00973814
522,25193.6,0.47454,0.67074,0.91213,0.92204,0.97224,0.97571,0.88244,0.531,0.69224,0.87633,0.00973714,0.00973714,0.00973714
523,25237.6,0.47226,0.6652,0.91612,0.92294,0.97221,0.97558,0.8831,0.5308,0.69324,0.87611,0.00973614,0.00973614,0.00973614
524,25280.7,0.47099,0.65887,0.90408,0.92287,0.97212,0.97571,0.88298,0.53065,0.69317,0.87614,0.00973513,0.00973513,0.00973513
525,25325.2,0.46614,0.68695,0.90816,0.92276,0.97202,0.97574,0.8815,0.53034,0.6925,0.87607,0.00973413,0.00973413,0.00973413
526,25371.1,0.46658,0.67711,0.90565,0.92255,0.97193,0.97575,0.88055,0.5299,0.69164,0.87598,0.00973312,0.00973312,0.00973312
527,25416.7,0.47364,0.66648,0.9163,0.92256,0.97184,0.97573,0.88292,0.52992,0.69109,0.87595,0.00973211,0.00973211,0.00973211
528,25462.7,0.46257,0.67116,0.90603,0.92249,0.97176,0.97578,0.88138,0.52979,0.69191,0.87591,0.0097311,0.0097311,0.0097311
529,25509.5,0.46224,0.64751,0.91081,0.92247,0.97172,0.97581,0.88146,0.52993,0.69246,0.87594,0.00973009,0.00973009,0.00973009
530,25556.4,0.4665,0.67247,0.91884,0.92232,0.97165,0.97581,0.88265,0.53001,0.69201,0.87602,0.00972908,0.00972908,0.00972908
531,25601.8,0.46242,0.69268,0.91188,0.92228,0.97159,0.97589,0.87988,0.5299,0.69241,0.87598,0.00972806,0.00972806,0.00972806
532,25647.1,0.47434,0.66813,0.92095,0.92201,0.97157,0.97598,0.88133,0.53023,0.69325,0.8761,0.00972704,0.00972704,0.00972704
533,25693.6,0.47048,0.68578,0.91402,0.92289,0.97123,0.97593,0.88114,0.5303,0.69378,0.87608,0.00972603,0.00972603,0.00972603
534,25739.2,0.47587,0.66777,0.90926,0.92301,0.97119,0.9761,0.88044,0.53025,0.69272,0.8761,0.009725,0.009725,0.009725
535,25784.7,0.46462,0.66395,0.90473,0.92168,0.97165,0.97604,0.87963,0.53057,0.69229,0.87614,0.00972398,0.00972398,0.00972398
536,25828.6,0.47581,0.67381,0.91564,0.9229,0.97124,0.97607,0.88134,0.53024,0.69425,0.87605,0.00972296,0.00972296,0.00972296
537,25872.8,0.46324,0.67757,0.91283,0.92295,0.97122,0.97598,0.88165,0.53005,0.69427,0.87604,0.00972193,0.00972193,0.00972193
538,25917.8,0.47064,0.65635,0.90794,0.92357,0.97111,0.97605,0.88172,0.53014,0.69499,0.87596,0.0097209,0.0097209,0.0097209
539,25964,0.47491,0.67396,0.91972,0.92404,0.97119,0.97607,0.88225,0.52942,0.69124,0.87562,0.00971987,0.00971987,0.00971987
540,26009.8,0.47455,0.66097,0.91595,0.92409,0.9713,0.97617,0.88214,0.52971,0.69462,0.8759,0.00971884,0.00971884,0.00971884
541,26054.7,0.47112,0.65943,0.90864,0.92405,0.97136,0.97627,0.88193,0.52861,0.6904,0.87524,0.0097178,0.0097178,0.0097178
542,26099.3,0.47038,0.66074,0.90546,0.92433,0.97131,0.9763,0.88316,0.52906,0.69423,0.87549,0.00971677,0.00971677,0.00971677
543,26144.7,0.46442,0.67102,0.90526,0.92617,0.97137,0.97636,0.88097,0.52846,0.68981,0.87511,0.00971573,0.00971573,0.00971573
544,26189.7,0.47023,0.68583,0.92216,0.92642,0.97136,0.9764,0.88184,0.52825,0.68948,0.87506,0.00971469,0.00971469,0.00971469
545,26235.1,0.46465,0.6529,0.90715,0.92456,0.97097,0.97631,0.88201,0.52842,0.69099,0.87501,0.00971365,0.00971365,0.00971365
546,26280.8,0.4764,0.66211,0.91681,0.92452,0.97073,0.97642,0.88224,0.52841,0.69111,0.87497,0.0097126,0.0097126,0.0097126
547,26325.9,0.47169,0.66515,0.91336,0.92454,0.97089,0.97644,0.88227,0.52848,0.69104,0.87501,0.00971156,0.00971156,0.00971156
548,26371.1,0.47058,0.66533,0.91212,0.92451,0.97075,0.9765,0.882,0.52884,0.69546,0.8756,0.00971051,0.00971051,0.00971051
549,26417.3,0.4791,0.67469,0.91174,0.92446,0.97036,0.97639,0.88282,0.52834,0.69081,0.87534,0.00970946,0.00970946,0.00970946
550,26463.7,0.46745,0.65546,0.90937,0.92443,0.96998,0.97641,0.88284,0.5282,0.69169,0.87525,0.00970841,0.00970841,0.00970841
551,26510,0.46915,0.66454,0.90924,0.92442,0.9699,0.97633,0.88311,0.52827,0.69115,0.87537,0.00970736,0.00970736,0.00970736
552,26555.9,0.45831,0.65446,0.90559,0.92441,0.96979,0.9765,0.88186,0.52815,0.69246,0.87559,0.00970631,0.00970631,0.00970631
553,26601.9,0.46003,0.65985,0.90763,0.92434,0.96914,0.97645,0.88188,0.52818,0.6917,0.87565,0.00970525,0.00970525,0.00970525
554,26648.9,0.46573,0.64918,0.90618,0.92449,0.97101,0.97641,0.88123,0.52799,0.69095,0.87579,0.00970419,0.00970419,0.00970419
555,26695.2,0.46333,0.64997,0.904,0.92414,0.97106,0.9765,0.88206,0.52792,0.69041,0.87598,0.00970313,0.00970313,0.00970313
556,26741.4,0.47374,0.66842,0.91611,0.92333,0.9712,0.97641,0.88236,0.52782,0.6904,0.87592,0.00970207,0.00970207,0.00970207
557,26789.3,0.47267,0.65955,0.9113,0.92378,0.9711,0.97638,0.88273,0.52763,0.69025,0.8759,0.00970101,0.00970101,0.00970101
558,26835.4,0.47211,0.65784,0.90527,0.92395,0.97108,0.9763,0.88398,0.52772,0.68871,0.87598,0.00969994,0.00969994,0.00969994
559,26881.9,0.4721,0.66745,0.91077,0.92389,0.97106,0.97626,0.88243,0.5277,0.68989,0.87615,0.00969887,0.00969887,0.00969887
560,26927.8,0.46403,0.66006,0.90788,0.92368,0.97108,0.97633,0.8816,0.52758,0.69003,0.87619,0.0096978,0.0096978,0.0096978
561,26973.4,0.47214,0.65576,0.90806,0.92341,0.97119,0.9761,0.88121,0.52746,0.68985,0.87621,0.00969673,0.00969673,0.00969673
562,27020.3,0.47588,0.66302,0.91555,0.92345,0.97121,0.97626,0.88302,0.52778,0.69116,0.87641,0.00969566,0.00969566,0.00969566
563,27067.6,0.47307,0.66747,0.91177,0.92332,0.97124,0.97622,0.88297,0.52767,0.69082,0.87661,0.00969459,0.00969459,0.00969459
564,27114.7,0.46929,0.65427,0.91793,0.9235,0.97123,0.97641,0.88335,0.52754,0.69019,0.87657,0.00969351,0.00969351,0.00969351
565,27162,0.47202,0.68042,0.91157,0.92327,0.97126,0.97615,0.88247,0.52773,0.68984,0.87671,0.00969243,0.00969243,0.00969243
566,27210.7,0.47263,0.68365,0.91718,0.92289,0.97129,0.97616,0.88319,0.52753,0.69112,0.87683,0.00969135,0.00969135,0.00969135
567,27260.3,0.46047,0.65436,0.90702,0.92274,0.97116,0.97625,0.88485,0.52745,0.6915,0.87665,0.00969027,0.00969027,0.00969027
568,27309.6,0.46803,0.65402,0.90568,0.92303,0.97099,0.97612,0.88405,0.5271,0.69183,0.87683,0.00968918,0.00968918,0.00968918
569,27358.3,0.46239,0.65586,0.90797,0.92316,0.97093,0.97609,0.88391,0.52708,0.69236,0.87679,0.0096881,0.0096881,0.0096881
570,27406.5,0.47336,0.67149,0.91355,0.92349,0.97092,0.97608,0.88468,0.52686,0.6907,0.87673,0.00968701,0.00968701,0.00968701
571,27453,0.47051,0.64537,0.92104,0.92445,0.96971,0.9761,0.88427,0.52676,0.69049,0.87679,0.00968592,0.00968592,0.00968592
572,27501.4,0.4597,0.66937,0.90188,0.92445,0.96968,0.97599,0.88499,0.52658,0.69014,0.87692,0.00968483,0.00968483,0.00968483
573,27549.2,0.46564,0.66306,0.90783,0.92445,0.96959,0.97616,0.88506,0.52721,0.68947,0.87727,0.00968374,0.00968374,0.00968374
574,27595.1,0.47284,0.66935,0.90958,0.92447,0.96954,0.97626,0.88572,0.52733,0.68902,0.87748,0.00968264,0.00968264,0.00968264
575,27641.1,0.46919,0.67732,0.91444,0.92443,0.96888,0.97619,0.88489,0.52739,0.68924,0.87762,0.00968155,0.00968155,0.00968155
576,27687.5,0.47592,0.67532,0.91613,0.9244,0.96864,0.97636,0.88468,0.52753,0.68811,0.87738,0.00968045,0.00968045,0.00968045
577,27732.9,0.45879,0.65707,0.90896,0.9244,0.96884,0.97619,0.88416,0.52695,0.68938,0.87728,0.00967935,0.00967935,0.00967935
578,27777.5,0.46442,0.66721,0.9024,0.92439,0.9689,0.97608,0.8844,0.52721,0.68925,0.87728,0.00967825,0.00967825,0.00967825
579,27821.9,0.47483,0.65231,0.90769,0.92437,0.9688,0.97619,0.88322,0.52721,0.68824,0.87721,0.00967714,0.00967714,0.00967714
580,27867.2,0.45448,0.64102,0.89578,0.92433,0.96869,0.97611,0.88367,0.52677,0.68904,0.87697,0.00967604,0.00967604,0.00967604
581,27913,0.47045,0.65087,0.90426,0.92416,0.96738,0.97603,0.88324,0.52694,0.68793,0.87687,0.00967493,0.00967493,0.00967493
582,27958,0.46702,0.67376,0.9039,0.92448,0.96763,0.97613,0.8833,0.52666,0.68801,0.87674,0.00967382,0.00967382,0.00967382
583,28003.8,0.4689,0.65513,0.90835,0.92472,0.96787,0.97626,0.88374,0.52666,0.68768,0.87685,0.00967271,0.00967271,0.00967271
584,28049.1,0.4701,0.69632,0.91091,0.92449,0.97132,0.97592,0.88271,0.52683,0.68613,0.87698,0.00967159,0.00967159,0.00967159
585,28094.5,0.47601,0.66572,0.91928,0.92411,0.97147,0.97607,0.88297,0.52644,0.68732,0.87652,0.00967048,0.00967048,0.00967048
586,28138.9,0.45785,0.65207,0.90466,0.92371,0.97162,0.97602,0.88309,0.5265,0.6878,0.87646,0.00966936,0.00966936,0.00966936
587,28182.5,0.47354,0.66858,0.91416,0.92335,0.9716,0.97627,0.88276,0.52655,0.68854,0.8765,0.00966824,0.00966824,0.00966824
588,28227.6,0.45869,0.66371,0.90581,0.92314,0.97162,0.97614,0.88241,0.52664,0.68948,0.87655,0.00966712,0.00966712,0.00966712
589,28273.1,0.45715,0.65261,0.9053,0.9229,0.97162,0.9762,0.88294,0.52689,0.68832,0.87661,0.009666,0.009666,0.009666
590,28319,0.46046,0.64627,0.91004,0.92287,0.97166,0.97607,0.88225,0.52665,0.68746,0.87638,0.00966488,0.00966488,0.00966488
591,28364.2,0.4707,0.64024,0.90821,0.92276,0.97154,0.97623,0.88268,0.52649,0.68725,0.87646,0.00966375,0.00966375,0.00966375
592,28409.7,0.4743,0.65959,0.91622,0.92283,0.97137,0.97611,0.88216,0.52671,0.68779,0.87647,0.00966262,0.00966262,0.00966262
593,28454.6,0.46691,0.66492,0.90864,0.92288,0.97158,0.97618,0.8833,0.52697,0.68817,0.87666,0.00966149,0.00966149,0.00966149
594,28500.9,0.46487,0.66295,0.90464,0.92285,0.97163,0.97612,0.88267,0.5268,0.68731,0.87648,0.00966036,0.00966036,0.00966036
595,28547.3,0.47176,0.65634,0.91452,0.92278,0.97159,0.97608,0.88276,0.52704,0.68706,0.87656,0.00965923,0.00965923,0.00965923
596,28593.4,0.47064,0.68783,0.91557,0.92275,0.97145,0.976,0.88267,0.52719,0.68685,0.87648,0.0096581,0.0096581,0.0096581
597,28639.1,0.45554,0.63758,0.89406,0.92275,0.97111,0.97608,0.88358,0.52646,0.68214,0.87628,0.00965696,0.00965696,0.00965696
598,28685.4,0.47221,0.68273,0.9154,0.92268,0.97116,0.97602,0.88446,0.52653,0.68251,0.87627,0.00965582,0.00965582,0.00965582
599,28732.3,0.45959,0.64268,0.90605,0.92254,0.97114,0.97615,0.88294,0.52634,0.68092,0.87603,0.00965468,0.00965468,0.00965468
600,28779.3,0.47243,0.65976,0.91104,0.92274,0.971,0.97618,0.88302,0.5261,0.68179,0.8761,0.00965354,0.00965354,0.00965354
601,28825.3,0.46749,0.65732,0.91476,0.92282,0.97088,0.97608,0.88422,0.52616,0.6806,0.87595,0.00965239,0.00965239,0.00965239
602,28871.5,0.47676,0.67727,0.91514,0.92272,0.97113,0.97614,0.88386,0.52633,0.68183,0.87591,0.00965125,0.00965125,0.00965125
603,28918.5,0.46348,0.66387,0.90657,0.92269,0.97089,0.97622,0.88382,0.52636,0.68117,0.87597,0.0096501,0.0096501,0.0096501
604,28964.6,0.46606,0.66789,0.91108,0.92266,0.97096,0.97601,0.88435,0.52632,0.68068,0.87578,0.00964895,0.00964895,0.00964895
605,29011.3,0.47436,0.66247,0.91742,0.92265,0.97108,0.97608,0.88435,0.52621,0.67927,0.87587,0.0096478,0.0096478,0.0096478
606,29058.3,0.4657,0.65072,0.90309,0.92232,0.97164,0.97609,0.88414,0.52626,0.67774,0.87586,0.00964665,0.00964665,0.00964665
607,29105.2,0.46866,0.66563,0.90384,0.92249,0.9715,0.97606,0.88481,0.52622,0.67842,0.87587,0.00964549,0.00964549,0.00964549
608,29151.9,0.4618,0.65736,0.90656,0.92252,0.97151,0.976,0.88367,0.52632,0.67677,0.87588,0.00964433,0.00964433,0.00964433
609,29199.3,0.46823,0.64087,0.91313,0.92253,0.97156,0.97591,0.88489,0.52601,0.67645,0.87577,0.00964318,0.00964318,0.00964318
610,29246.4,0.4717,0.66791,0.91349,0.92263,0.97169,0.97597,0.88373,0.52628,0.67832,0.87598,0.00964202,0.00964202,0.00964202
611,29293.3,0.46571,0.66054,0.90963,0.92282,0.97202,0.97582,0.88235,0.52561,0.677,0.87569,0.00964085,0.00964085,0.00964085
612,29340.3,0.47196,0.68792,0.91651,0.92286,0.97224,0.97609,0.8841,0.52588,0.67836,0.8759,0.00963969,0.00963969,0.00963969
613,29387.7,0.46757,0.66848,0.90557,0.92283,0.97224,0.97615,0.88505,0.52572,0.67727,0.87578,0.00963852,0.00963852,0.00963852
614,29434.9,0.46881,0.65573,0.9172,0.92279,0.97224,0.97609,0.88506,0.52538,0.67826,0.87575,0.00963736,0.00963736,0.00963736
615,29481.5,0.46611,0.67107,0.91962,0.92257,0.97224,0.97609,0.88468,0.52532,0.67891,0.87566,0.00963619,0.00963619,0.00963619
616,29529.4,0.45835,0.65337,0.90747,0.9225,0.97224,0.97614,0.88443,0.52523,0.67822,0.87553,0.00963502,0.00963502,0.00963502
617,29576.9,0.45985,0.65845,0.90865,0.92258,0.97224,0.97616,0.88396,0.52547,0.6795,0.87552,0.00963384,0.00963384,0.00963384
618,29622.6,0.46098,0.64149,0.90904,0.92264,0.97224,0.97615,0.88288,0.52567,0.68033,0.87571,0.00963267,0.00963267,0.00963267
619,29668.6,0.4783,0.68044,0.92226,0.9228,0.97224,0.9763,0.88259,0.5252,0.67976,0.87548,0.00963149,0.00963149,0.00963149
620,29716.2,0.4631,0.66735,0.90768,0.92261,0.97224,0.97624,0.8834,0.52529,0.68095,0.87542,0.00963031,0.00963031,0.00963031
621,29764.5,0.46104,0.64214,0.90447,0.92186,0.97224,0.97618,0.88453,0.52506,0.68327,0.8753,0.00962913,0.00962913,0.00962913
622,29814,0.46057,0.67305,0.90322,0.92167,0.97224,0.97623,0.88412,0.52485,0.68384,0.87515,0.00962795,0.00962795,0.00962795
623,29864.1,0.4642,0.64751,0.91087,0.92146,0.97224,0.97622,0.88363,0.52478,0.68487,0.87521,0.00962677,0.00962677,0.00962677
624,29912,0.4589,0.6369,0.90244,0.92124,0.97224,0.97623,0.88306,0.52438,0.68386,0.87495,0.00962558,0.00962558,0.00962558
625,29959.3,0.45855,0.64363,0.90162,0.9212,0.97224,0.97635,0.88307,0.52417,0.68592,0.87488,0.00962439,0.00962439,0.00962439
626,30006,0.46277,0.64108,0.90582,0.92136,0.97224,0.97634,0.88418,0.52438,0.68464,0.8751,0.0096232,0.0096232,0.0096232
627,30052.8,0.46707,0.6513,0.90826,0.92158,0.97224,0.9763,0.88414,0.5242,0.68468,0.87513,0.00962201,0.00962201,0.00962201
628,30099.7,0.47296,0.65,0.9145,0.92176,0.97224,0.97627,0.88336,0.52407,0.68451,0.87505,0.00962082,0.00962082,0.00962082
629,30147.3,0.46601,0.64451,0.90835,0.92156,0.97224,0.97637,0.8839,0.52418,0.68459,0.87511,0.00961962,0.00961962,0.00961962
630,30194.1,0.46691,0.64821,0.91276,0.92136,0.97224,0.97635,0.88353,0.52405,0.68424,0.87521,0.00961843,0.00961843,0.00961843
631,30241.5,0.45226,0.64428,0.89971,0.92138,0.97224,0.97647,0.88362,0.52413,0.68377,0.87525,0.00961723,0.00961723,0.00961723
632,30288.8,0.45626,0.65462,0.90044,0.92102,0.97224,0.97653,0.88397,0.52373,0.68409,0.87516,0.00961603,0.00961603,0.00961603
633,30335.9,0.46163,0.6538,0.90549,0.92068,0.97224,0.97661,0.88369,0.52402,0.68471,0.8752,0.00961483,0.00961483,0.00961483
634,30383.2,0.44746,0.63081,0.90112,0.92046,0.97224,0.97672,0.88263,0.52402,0.68468,0.87528,0.00961362,0.00961362,0.00961362
635,30430,0.46088,0.65322,0.90839,0.92038,0.97246,0.97663,0.88333,0.52406,0.6845,0.87531,0.00961242,0.00961242,0.00961242
636,30477.2,0.46344,0.66848,0.90676,0.92047,0.97329,0.97663,0.8841,0.52425,0.68377,0.87545,0.00961121,0.00961121,0.00961121
637,30522.6,0.45749,0.66492,0.90996,0.92166,0.97224,0.97683,0.88527,0.52417,0.68436,0.87553,0.00961,0.00961,0.00961
638,30568.6,0.45733,0.66925,0.90374,0.92158,0.97224,0.97684,0.88466,0.52424,0.68502,0.87548,0.00960879,0.00960879,0.00960879
639,30614,0.46184,0.65436,0.90387,0.92175,0.97224,0.97674,0.8841,0.52414,0.68552,0.87552,0.00960758,0.00960758,0.00960758
640,30659.4,0.46345,0.65343,0.91409,0.92178,0.97224,0.97687,0.88505,0.52419,0.68689,0.87563,0.00960636,0.00960636,0.00960636
641,30705,0.46141,0.6369,0.91569,0.92205,0.97224,0.97691,0.88478,0.52421,0.68708,0.87571,0.00960515,0.00960515,0.00960515
642,30750.2,0.46134,0.66942,0.90252,0.92235,0.97224,0.97692,0.88483,0.52417,0.68678,0.87569,0.00960393,0.00960393,0.00960393
643,30796.2,0.44886,0.63719,0.90015,0.92237,0.97224,0.97671,0.88464,0.52431,0.68562,0.87571,0.00960271,0.00960271,0.00960271
644,30841.7,0.45519,0.65704,0.90373,0.92265,0.97224,0.97689,0.88536,0.52404,0.68408,0.87586,0.00960149,0.00960149,0.00960149
645,30887.8,0.46021,0.66262,0.90336,0.92288,0.97224,0.97709,0.8854,0.52377,0.68325,0.87572,0.00960026,0.00960026,0.00960026
646,30934,0.45649,0.67085,0.89852,0.92275,0.97224,0.97704,0.88517,0.52385,0.68414,0.87575,0.00959904,0.00959904,0.00959904
647,30980,0.46034,0.63763,0.91103,0.92271,0.97224,0.97741,0.88534,0.52389,0.68336,0.87574,0.00959781,0.00959781,0.00959781
648,31026,0.45708,0.65063,0.91042,0.92317,0.97224,0.97741,0.88564,0.52382,0.68331,0.87581,0.00959658,0.00959658,0.00959658
649,31071.8,0.46511,0.65046,0.90608,0.9233,0.97249,0.97757,0.88539,0.52355,0.68308,0.87576,0.00959535,0.00959535,0.00959535
650,31117.4,0.45497,0.63763,0.91378,0.92355,0.97224,0.97733,0.88507,0.52361,0.68317,0.87566,0.00959412,0.00959412,0.00959412
651,31163.7,0.46971,0.66727,0.90845,0.9239,0.97224,0.97745,0.8861,0.52334,0.68339,0.87558,0.00959289,0.00959289,0.00959289
652,31211.2,0.47044,0.6738,0.90849,0.92401,0.97224,0.97761,0.88546,0.52335,0.68284,0.87562,0.00959165,0.00959165,0.00959165
653,31256.7,0.46839,0.66143,0.9054,0.92413,0.97224,0.97748,0.88553,0.52311,0.68331,0.87559,0.00959041,0.00959041,0.00959041
654,31303.4,0.47084,0.66608,0.90795,0.9243,0.97224,0.97746,0.88543,0.52336,0.68307,0.8758,0.00958917,0.00958917,0.00958917
655,31350.6,0.46073,0.64165,0.90301,0.92468,0.97224,0.97747,0.88543,0.52328,0.68397,0.8758,0.00958793,0.00958793,0.00958793
656,31397.7,0.4665,0.67144,0.91214,0.9248,0.97114,0.97766,0.8859,0.52313,0.68318,0.87576,0.00958669,0.00958669,0.00958669
657,31445,0.46543,0.65904,0.91025,0.92473,0.96963,0.97746,0.88525,0.52286,0.68356,0.87562,0.00958544,0.00958544,0.00958544
658,31491.3,0.45902,0.63836,0.90888,0.9246,0.9693,0.97761,0.88566,0.52255,0.68477,0.87565,0.0095842,0.0095842,0.0095842
659,31537.8,0.46251,0.65245,0.90461,0.92473,0.97127,0.97758,0.88636,0.52271,0.68427,0.8758,0.00958295,0.00958295,0.00958295
660,31584.3,0.47239,0.66586,0.91345,0.92213,0.96914,0.97693,0.88564,0.52286,0.68371,0.87584,0.0095817,0.0095817,0.0095817
661,31631.3,0.46041,0.66601,0.90854,0.92481,0.97058,0.97761,0.88571,0.52276,0.68451,0.8759,0.00958044,0.00958044,0.00958044
662,31678.7,0.47213,0.65396,0.91364,0.92219,0.96922,0.97696,0.88553,0.5229,0.68591,0.87588,0.00957919,0.00957919,0.00957919
663,31726.9,0.4545,0.65139,0.90103,0.92417,0.97253,0.97753,0.88514,0.52309,0.68808,0.87614,0.00957793,0.00957793,0.00957793
664,31773,0.4545,0.64294,0.8981,0.92406,0.97199,0.97749,0.88587,0.52336,0.68782,0.87649,0.00957668,0.00957668,0.00957668
665,31819.3,0.4577,0.64616,0.90154,0.92269,0.97277,0.97748,0.88556,0.52334,0.6884,0.87652,0.00957542,0.00957542,0.00957542
666,31865.5,0.46544,0.65265,0.90584,0.92275,0.97203,0.97751,0.88544,0.52342,0.68982,0.87657,0.00957416,0.00957416,0.00957416
667,31911.4,0.45046,0.63178,0.90017,0.9199,0.96901,0.97692,0.88563,0.5235,0.68978,0.87664,0.00957289,0.00957289,0.00957289
668,31958,0.45671,0.63047,0.90104,0.91994,0.96926,0.97712,0.88557,0.52315,0.69097,0.87679,0.00957163,0.00957163,0.00957163
669,32004.3,0.45897,0.63903,0.90322,0.91991,0.96861,0.97703,0.8859,0.52307,0.69172,0.87669,0.00957036,0.00957036,0.00957036
670,32052.4,0.45383,0.63406,0.89995,0.92334,0.97034,0.97786,0.8861,0.52294,0.69353,0.87676,0.00956909,0.00956909,0.00956909
671,32099.3,0.45256,0.64624,0.89944,0.92269,0.96868,0.97793,0.88618,0.52286,0.69491,0.87673,0.00956782,0.00956782,0.00956782
672,32146.7,0.46357,0.63974,0.91088,0.92034,0.96663,0.97713,0.88613,0.52267,0.69522,0.87679,0.00956655,0.00956655,0.00956655
673,32195.7,0.45938,0.65358,0.9094,0.92312,0.96982,0.97792,0.88645,0.5224,0.69578,0.87663,0.00956528,0.00956528,0.00956528
674,32244.4,0.45737,0.65108,0.90454,0.92035,0.96634,0.97745,0.88702,0.52252,0.69632,0.87672,0.009564,0.009564,0.009564
675,32293,0.45797,0.64788,0.90812,0.92036,0.96635,0.97754,0.88664,0.52235,0.69756,0.87677,0.00956273,0.00956273,0.00956273
676,32340.6,0.44579,0.63103,0.90751,0.92046,0.96596,0.97743,0.88675,0.5221,0.69684,0.8767,0.00956145,0.00956145,0.00956145
677,32388.2,0.45603,0.62924,0.89814,0.92041,0.96586,0.97751,0.88721,0.52222,0.69659,0.87669,0.00956017,0.00956017,0.00956017
678,32435.4,0.46318,0.66301,0.90335,0.92037,0.96614,0.97774,0.88719,0.52232,0.6983,0.8768,0.00955888,0.00955888,0.00955888
679,32482.3,0.4606,0.63671,0.8994,0.92037,0.96609,0.9776,0.88839,0.52191,0.69801,0.87669,0.0095576,0.0095576,0.0095576
680,32529,0.45961,0.64075,0.90662,0.92139,0.9657,0.97765,0.88823,0.52185,0.69711,0.87652,0.00955631,0.00955631,0.00955631
681,32576.8,0.45144,0.63426,0.90248,0.92035,0.96586,0.97757,0.88845,0.52178,0.69692,0.87652,0.00955502,0.00955502,0.00955502
682,32624.9,0.46116,0.65705,0.90157,0.92239,0.96572,0.97769,0.88863,0.52176,0.69559,0.8765,0.00955373,0.00955373,0.00955373
683,32671.3,0.46053,0.6373,0.90747,0.92283,0.96573,0.97774,0.8885,0.52162,0.69549,0.87665,0.00955244,0.00955244,0.00955244
684,32716.9,0.44616,0.64346,0.89679,0.92287,0.96577,0.9777,0.88895,0.52124,0.69543,0.87641,0.00955115,0.00955115,0.00955115
685,32762.6,0.45673,0.64593,0.90607,0.923,0.96571,0.9777,0.88899,0.52127,0.69588,0.87663,0.00954986,0.00954986,0.00954986
686,32809,0.45143,0.65001,0.90446,0.92535,0.96828,0.97777,0.89039,0.52127,0.69578,0.87645,0.00954856,0.00954856,0.00954856
687,32855.3,0.45754,0.64591,0.9047,0.92535,0.96822,0.97773,0.89035,0.52117,0.697,0.8763,0.00954726,0.00954726,0.00954726
688,32901.4,0.46982,0.64962,0.91136,0.92296,0.96544,0.9778,0.89018,0.52076,0.6972,0.87601,0.00954596,0.00954596,0.00954596
689,32947.6,0.46486,0.63816,0.91044,0.92534,0.96788,0.97773,0.89074,0.52101,0.69944,0.87605,0.00954466,0.00954466,0.00954466
690,32994,0.46298,0.65586,0.90272,0.92534,0.96774,0.97771,0.89034,0.52068,0.69998,0.87581,0.00954335,0.00954335,0.00954335
691,33040.5,0.4612,0.64618,0.91361,0.92534,0.96761,0.97775,0.8904,0.52054,0.70331,0.87554,0.00954205,0.00954205,0.00954205
692,33087.3,0.45481,0.63644,0.90852,0.92533,0.96743,0.97783,0.8904,0.52042,0.70336,0.87557,0.00954074,0.00954074,0.00954074
693,33134.3,0.45011,0.63806,0.90587,0.92535,0.96754,0.97787,0.88992,0.52057,0.70452,0.8754,0.00953943,0.00953943,0.00953943
694,33180.4,0.46478,0.6708,0.9178,0.9254,0.96789,0.97783,0.89033,0.51987,0.70505,0.87508,0.00953812,0.00953812,0.00953812
695,33226.1,0.46494,0.6705,0.90932,0.9254,0.96784,0.97784,0.89039,0.51949,0.70654,0.87493,0.00953681,0.00953681,0.00953681
696,33273.3,0.46275,0.65727,0.9142,0.9254,0.96779,0.97783,0.8911,0.51961,0.70643,0.87486,0.00953549,0.00953549,0.00953549
697,33320.7,0.45005,0.64447,0.91047,0.92294,0.96668,0.97789,0.8915,0.51959,0.70746,0.87487,0.00953418,0.00953418,0.00953418
698,33368.2,0.46249,0.6477,0.90188,0.92305,0.96751,0.9776,0.8901,0.51962,0.70846,0.87486,0.00953286,0.00953286,0.00953286
699,33415.6,0.46379,0.64487,0.90573,0.92304,0.96743,0.97773,0.89108,0.51939,0.70861,0.87458,0.00953154,0.00953154,0.00953154
700,33463.5,0.45911,0.66327,0.90868,0.92301,0.96724,0.97754,0.8931,0.51936,0.70835,0.87452,0.00953022,0.00953022,0.00953022
701,33510.6,0.45645,0.63178,0.90084,0.92534,0.96712,0.97784,0.89181,0.51935,0.70947,0.87455,0.00952889,0.00952889,0.00952889
702,33556.9,0.45184,0.62811,0.89628,0.92533,0.96711,0.97766,0.8925,0.5192,0.70925,0.87455,0.00952757,0.00952757,0.00952757
703,33602.2,0.445,0.6447,0.89519,0.92534,0.96735,0.97754,0.89224,0.51893,0.71056,0.87429,0.00952624,0.00952624,0.00952624
704,33647.6,0.44954,0.65156,0.90139,0.92311,0.96469,0.97755,0.89127,0.51925,0.71017,0.87437,0.00952491,0.00952491,0.00952491
705,33691,0.45434,0.63826,0.90842,0.92058,0.96474,0.97688,0.89228,0.51929,0.71091,0.87451,0.00952358,0.00952358,0.00952358
706,33733.3,0.4476,0.63661,0.8988,0.92036,0.96497,0.97665,0.89197,0.52025,0.71224,0.8753,0.00952225,0.00952225,0.00952225
707,33779.1,0.45643,0.64506,0.89999,0.92046,0.96599,0.97652,0.89138,0.5202,0.71168,0.87533,0.00952092,0.00952092,0.00952092
708,33822.8,0.44466,0.61941,0.8948,0.92044,0.96592,0.97653,0.89129,0.52067,0.71078,0.87556,0.00951958,0.00951958,0.00951958
709,33868.2,0.46059,0.63559,0.91192,0.9204,0.96574,0.97672,0.89194,0.52048,0.70918,0.87533,0.00951824,0.00951824,0.00951824
710,33913.7,0.4518,0.66247,0.89575,0.92042,0.96602,0.97677,0.89206,0.52058,0.71147,0.87537,0.0095169,0.0095169,0.0095169
711,33958.2,0.45825,0.6334,0.89976,0.9204,0.96594,0.97675,0.8923,0.52035,0.71041,0.87538,0.00951556,0.00951556,0.00951556
712,34004.5,0.463,0.66,0.91075,0.92036,0.96544,0.97676,0.89234,0.52034,0.71152,0.87539,0.00951422,0.00951422,0.00951422
713,34049.9,0.45789,0.63021,0.90179,0.92049,0.9654,0.97685,0.892,0.52036,0.71237,0.87538,0.00951288,0.00951288,0.00951288
714,34096.3,0.45699,0.64373,0.89484,0.9205,0.96516,0.97679,0.89263,0.52017,0.71318,0.87542,0.00951153,0.00951153,0.00951153
715,34142.7,0.46062,0.65683,0.90485,0.92035,0.96512,0.97678,0.89142,0.52033,0.71556,0.87558,0.00951018,0.00951018,0.00951018
716,34188.9,0.44323,0.64803,0.89079,0.91999,0.96522,0.97681,0.89222,0.52009,0.71519,0.8755,0.00950883,0.00950883,0.00950883
717,34236.2,0.45139,0.62961,0.90154,0.92205,0.96527,0.97732,0.89278,0.51999,0.71468,0.87563,0.00950748,0.00950748,0.00950748
718,34282.7,0.44509,0.63127,0.89941,0.92275,0.96599,0.97741,0.89193,0.51974,0.71554,0.87552,0.00950613,0.00950613,0.00950613
719,34328.2,0.45137,0.6471,0.90223,0.92274,0.96599,0.97732,0.89288,0.51996,0.71563,0.87557,0.00950477,0.00950477,0.00950477
720,34374,0.45432,0.63836,0.9009,0.92271,0.96572,0.9774,0.89249,0.51994,0.71486,0.87549,0.00950341,0.00950341,0.00950341
721,34418.8,0.46664,0.62637,0.9066,0.92269,0.9654,0.97732,0.89299,0.51968,0.71518,0.87556,0.00950206,0.00950206,0.00950206
722,34465.7,0.4595,0.64143,0.90328,0.92213,0.96516,0.97734,0.89359,0.51969,0.71478,0.87555,0.0095007,0.0095007,0.0095007
723,34511.6,0.45838,0.6499,0.90345,0.92248,0.96507,0.97711,0.89163,0.52006,0.71551,0.87564,0.00949933,0.00949933,0.00949933
724,34556.3,0.45239,0.64428,0.89884,0.9212,0.96527,0.97719,0.89097,0.52013,0.71584,0.87584,0.00949797,0.00949797,0.00949797
725,34601.9,0.45478,0.63231,0.90077,0.92062,0.96746,0.97723,0.89188,0.52011,0.71665,0.87593,0.0094966,0.0094966,0.0094966
726,34647.1,0.46329,0.65816,0.9099,0.92062,0.96866,0.9772,0.89178,0.51991,0.71649,0.87578,0.00949524,0.00949524,0.00949524
727,34692.3,0.45526,0.62694,0.90479,0.92047,0.96888,0.97729,0.89202,0.52021,0.71645,0.87594,0.00949387,0.00949387,0.00949387
728,34737.2,0.46074,0.65117,0.90735,0.92064,0.969,0.9773,0.89234,0.52018,0.71532,0.87588,0.0094925,0.0094925,0.0094925
729,34783.7,0.45148,0.66035,0.89875,0.9212,0.96959,0.97724,0.89253,0.5204,0.71444,0.87592,0.00949112,0.00949112,0.00949112
730,34829.3,0.45007,0.63957,0.89572,0.92122,0.97032,0.97733,0.89216,0.5205,0.7155,0.8759,0.00948975,0.00948975,0.00948975
731,34876.1,0.45863,0.64692,0.90462,0.92167,0.97057,0.97735,0.89194,0.52038,0.71592,0.87598,0.00948837,0.00948837,0.00948837
732,34921.4,0.45371,0.62279,0.9048,0.9224,0.97133,0.97727,0.89168,0.52047,0.71517,0.87588,0.009487,0.009487,0.009487
733,34967.9,0.46733,0.65145,0.90642,0.92278,0.97161,0.97726,0.89169,0.52053,0.7143,0.8759,0.00948562,0.00948562,0.00948562
734,35015,0.46104,0.65689,0.89557,0.92294,0.97182,0.9773,0.8917,0.52044,0.71557,0.8757,0.00948423,0.00948423,0.00948423
735,35062.6,0.45371,0.63757,0.89661,0.92342,0.97199,0.9773,0.89187,0.52009,0.71503,0.87563,0.00948285,0.00948285,0.00948285
736,35108.9,0.46497,0.64459,0.90514,0.92351,0.97244,0.97733,0.89152,0.52018,0.71275,0.87562,0.00948147,0.00948147,0.00948147
737,35155.1,0.45198,0.64049,0.89739,0.92378,0.97259,0.97734,0.89171,0.51975,0.71245,0.87535,0.00948008,0.00948008,0.00948008
738,35201.5,0.46033,0.63548,0.90954,0.92383,0.9727,0.97728,0.8926,0.5198,0.71217,0.87542,0.00947869,0.00947869,0.00947869
739,35247.9,0.4438,0.64083,0.89295,0.92377,0.97299,0.97728,0.89166,0.52061,0.71219,0.87701,0.0094773,0.0094773,0.0094773
740,35293.8,0.44935,0.62719,0.89522,0.92382,0.9732,0.97723,0.89173,0.51977,0.7118,0.87543,0.00947591,0.00947591,0.00947591
741,35340.3,0.44765,0.63731,0.90368,0.92376,0.97336,0.97724,0.89138,0.51973,0.7092,0.87564,0.00947452,0.00947452,0.00947452
742,35386.7,0.43934,0.62581,0.89666,0.92388,0.97339,0.97719,0.8926,0.51944,0.70998,0.87556,0.00947312,0.00947312,0.00947312
743,35434.2,0.45738,0.642,0.90481,0.92389,0.97347,0.97715,0.89221,0.51912,0.70934,0.87544,0.00947172,0.00947172,0.00947172
744,35480.2,0.45616,0.64833,0.90414,0.92388,0.97341,0.97727,0.89234,0.51895,0.71049,0.87541,0.00947032,0.00947032,0.00947032
745,35525.1,0.46228,0.64154,0.9052,0.92386,0.97344,0.9772,0.89277,0.51919,0.71048,0.87557,0.00946892,0.00946892,0.00946892
746,35570.3,0.44991,0.6348,0.89984,0.92389,0.97362,0.97728,0.89218,0.51795,0.71013,0.87497,0.00946752,0.00946752,0.00946752
747,35614.7,0.45246,0.61923,0.90466,0.92399,0.97384,0.97719,0.89159,0.51828,0.70898,0.875,0.00946612,0.00946612,0.00946612
748,35659,0.44951,0.63222,0.89402,0.92408,0.97392,0.97727,0.89318,0.51812,0.70746,0.87504,0.00946471,0.00946471,0.00946471
749,35705.4,0.44657,0.64633,0.89853,0.92564,0.97562,0.97732,0.89304,0.51805,0.70743,0.87499,0.0094633,0.0094633,0.0094633
750,35752.1,0.44746,0.64269,0.89426,0.92565,0.97588,0.97726,0.89238,0.51798,0.70688,0.87511,0.00946189,0.00946189,0.00946189
751,35798.3,0.44559,0.64814,0.9004,0.92565,0.976,0.9771,0.89155,0.51806,0.70685,0.87499,0.00946048,0.00946048,0.00946048
752,35845.6,0.43967,0.63955,0.89792,0.92565,0.97611,0.97706,0.89175,0.51788,0.7061,0.87494,0.00945907,0.00945907,0.00945907
753,35891.7,0.45789,0.64061,0.90216,0.92566,0.97633,0.97705,0.89233,0.51818,0.70513,0.87498,0.00945765,0.00945765,0.00945765
754,35937.5,0.45152,0.63935,0.90312,0.92567,0.97659,0.97707,0.89143,0.51796,0.70649,0.87488,0.00945624,0.00945624,0.00945624
755,35983.4,0.44677,0.64449,0.90052,0.92567,0.97681,0.97704,0.89114,0.51779,0.70482,0.87466,0.00945482,0.00945482,0.00945482
756,36030.1,0.44326,0.64088,0.89696,0.92566,0.97673,0.977,0.8919,0.51776,0.7041,0.87475,0.0094534,0.0094534,0.0094534
757,36075.6,0.45053,0.62307,0.90508,0.92566,0.97674,0.97705,0.89191,0.51793,0.70386,0.87477,0.00945198,0.00945198,0.00945198
758,36119.7,0.44897,0.64395,0.90598,0.92567,0.97665,0.97708,0.89221,0.51792,0.70392,0.87482,0.00945056,0.00945056,0.00945056
759,36164.4,0.44124,0.61642,0.90527,0.9257,0.97673,0.97713,0.89181,0.51783,0.70314,0.87464,0.00944913,0.00944913,0.00944913
760,36210.1,0.45435,0.65191,0.90373,0.92572,0.97677,0.97708,0.89166,0.51912,0.70253,0.87693,0.0094477,0.0094477,0.0094477
761,36255.3,0.44376,0.62152,0.89486,0.92573,0.97684,0.97704,0.89181,0.51879,0.70397,0.87679,0.00944628,0.00944628,0.00944628
762,36300.5,0.45886,0.63872,0.90048,0.92576,0.9769,0.97718,0.89204,0.51906,0.70279,0.87707,0.00944485,0.00944485,0.00944485
763,36346.1,0.45036,0.63585,0.90442,0.92577,0.97695,0.97722,0.89144,0.51886,0.70125,0.87685,0.00944341,0.00944341,0.00944341
764,36392,0.43739,0.63459,0.90244,0.92575,0.97691,0.97721,0.89115,0.51895,0.70041,0.87699,0.00944198,0.00944198,0.00944198
765,36437.9,0.44765,0.65519,0.89769,0.9257,0.97658,0.97714,0.89176,0.51854,0.6986,0.87684,0.00944054,0.00944054,0.00944054
766,36482.7,0.44476,0.61954,0.89525,0.92567,0.97641,0.97708,0.8909,0.51864,0.69963,0.87671,0.00943911,0.00943911,0.00943911
767,36526.7,0.44529,0.66134,0.9031,0.9256,0.97596,0.97715,0.89067,0.51858,0.69982,0.87663,0.00943767,0.00943767,0.00943767
768,36570.9,0.44285,0.64612,0.90077,0.92561,0.97638,0.97719,0.89178,0.51862,0.69987,0.87662,0.00943623,0.00943623,0.00943623
769,36616.2,0.44554,0.65316,0.90564,0.92559,0.97623,0.97719,0.89324,0.51813,0.69595,0.87602,0.00943478,0.00943478,0.00943478
770,36661.4,0.43783,0.62579,0.8928,0.92555,0.97594,0.97724,0.89334,0.51815,0.6966,0.87605,0.00943334,0.00943334,0.00943334
771,36706.3,0.45807,0.63247,0.90236,0.92552,0.97588,0.97711,0.89259,0.51816,0.69546,0.87593,0.00943189,0.00943189,0.00943189
772,36752.2,0.44651,0.61474,0.89712,0.92551,0.97571,0.9771,0.89266,0.51811,0.69656,0.87581,0.00943045,0.00943045,0.00943045
773,36797.4,0.458,0.64229,0.90501,0.92554,0.9759,0.97706,0.89234,0.51737,0.70047,0.87482,0.009429,0.009429,0.009429
774,36841.9,0.43858,0.6217,0.89186,0.92558,0.97631,0.97709,0.89263,0.5174,0.7,0.87483,0.00942755,0.00942755,0.00942755
775,36887,0.44125,0.62836,0.8962,0.92559,0.97629,0.97719,0.89267,0.51789,0.69978,0.87559,0.00942609,0.00942609,0.00942609
776,36931.8,0.44961,0.62593,0.90576,0.92562,0.97634,0.97715,0.89212,0.51811,0.7002,0.87578,0.00942464,0.00942464,0.00942464
777,36977.9,0.45345,0.63566,0.90433,0.92563,0.97633,0.97712,0.89175,0.51811,0.7005,0.87589,0.00942318,0.00942318,0.00942318
778,37023.1,0.44732,0.62087,0.89917,0.92562,0.97612,0.97717,0.89309,0.51809,0.70175,0.87566,0.00942173,0.00942173,0.00942173
779,37068.4,0.44106,0.60465,0.89607,0.92561,0.97573,0.97721,0.89146,0.51797,0.70333,0.87564,0.00942027,0.00942027,0.00942027
780,37115,0.44549,0.6503,0.89614,0.92562,0.97577,0.97722,0.8915,0.51748,0.70268,0.8754,0.0094188,0.0094188,0.0094188
781,37162.1,0.44211,0.61777,0.89989,0.9256,0.97529,0.97722,0.89296,0.51757,0.7044,0.87528,0.00941734,0.00941734,0.00941734
782,37208.4,0.44043,0.62783,0.89004,0.92561,0.97516,0.97715,0.89112,0.51772,0.70431,0.87525,0.00941588,0.00941588,0.00941588
783,37256.2,0.44487,0.64603,0.90522,0.92561,0.97493,0.97721,0.8918,0.51773,0.70313,0.87504,0.00941441,0.00941441,0.00941441
784,37302.3,0.43789,0.62725,0.89843,0.92562,0.97508,0.97726,0.89169,0.51757,0.70271,0.87509,0.00941294,0.00941294,0.00941294
785,37348.9,0.44158,0.6287,0.8949,0.92561,0.97515,0.97705,0.89126,0.5177,0.70252,0.87526,0.00941147,0.00941147,0.00941147
786,37395.3,0.44987,0.62401,0.90157,0.92563,0.97515,0.97708,0.89299,0.51757,0.70315,0.87524,0.00941,0.00941,0.00941
787,37441.1,0.45709,0.64747,0.89996,0.92561,0.97504,0.97735,0.89279,0.51742,0.70225,0.87521,0.00940853,0.00940853,0.00940853
788,37486.7,0.44656,0.64732,0.89833,0.92561,0.97499,0.97722,0.89329,0.51731,0.70334,0.87503,0.00940705,0.00940705,0.00940705
789,37530.9,0.44646,0.63259,0.89452,0.9256,0.97505,0.97724,0.89316,0.51746,0.70413,0.87519,0.00940557,0.00940557,0.00940557
790,37576.3,0.45112,0.62602,0.90128,0.92556,0.97468,0.97721,0.8927,0.51747,0.70425,0.87519,0.0094041,0.0094041,0.0094041
791,37622.6,0.44408,0.63656,0.89659,0.92553,0.9745,0.97723,0.89324,0.51703,0.70371,0.87497,0.00940262,0.00940262,0.00940262
792,37667.8,0.444,0.61337,0.89045,0.92548,0.97415,0.97717,0.89271,0.51724,0.70511,0.87485,0.00940113,0.00940113,0.00940113
793,37713.2,0.45355,0.63865,0.90595,0.92532,0.97198,0.97721,0.89205,0.51675,0.70621,0.87473,0.00939965,0.00939965,0.00939965
794,37758.1,0.4469,0.64483,0.89812,0.92533,0.97238,0.97727,0.89214,0.5166,0.70583,0.87457,0.00939816,0.00939816,0.00939816
795,37803.5,0.44731,0.62671,0.89181,0.92532,0.9722,0.97726,0.89237,0.51665,0.70488,0.87387,0.00939668,0.00939668,0.00939668
796,37849.1,0.44046,0.6301,0.89594,0.92532,0.97244,0.97718,0.89239,0.5166,0.70461,0.87384,0.00939519,0.00939519,0.00939519
797,37895.2,0.43396,0.61298,0.89687,0.9253,0.972,0.97724,0.89245,0.51629,0.70534,0.87371,0.0093937,0.0093937,0.0093937
798,37940.7,0.44678,0.62144,0.89277,0.92538,0.97305,0.97709,0.89286,0.51628,0.70639,0.87354,0.00939221,0.00939221,0.00939221
799,37986.6,0.45002,0.62845,0.90071,0.92533,0.97207,0.97726,0.89332,0.51604,0.70825,0.87346,0.00939071,0.00939071,0.00939071
800,38031.8,0.45868,0.64171,0.9057,0.92532,0.97187,0.9773,0.89254,0.5161,0.70803,0.87349,0.00938922,0.00938922,0.00938922
801,38077.9,0.44655,0.62955,0.89311,0.92533,0.97174,0.9772,0.89266,0.51581,0.70723,0.87332,0.00938772,0.00938772,0.00938772
802,38124.2,0.45495,0.62533,0.90224,0.92533,0.97176,0.97729,0.89398,0.5155,0.70705,0.87322,0.00938622,0.00938622,0.00938622
803,38171.2,0.44564,0.61597,0.89955,0.92533,0.9716,0.97733,0.89227,0.51536,0.70745,0.87311,0.00938472,0.00938472,0.00938472
804,38217.2,0.4521,0.64574,0.90351,0.92534,0.97185,0.97729,0.89182,0.51564,0.70702,0.87323,0.00938322,0.00938322,0.00938322
805,38263.8,0.44182,0.62911,0.89621,0.92534,0.97189,0.97732,0.89298,0.51562,0.7082,0.87324,0.00938171,0.00938171,0.00938171
806,38308.9,0.44665,0.62842,0.90184,0.92533,0.97169,0.97737,0.89247,0.51553,0.70841,0.8732,0.0093802,0.0093802,0.0093802
807,38354.2,0.44444,0.6272,0.89703,0.92535,0.97217,0.97734,0.89176,0.51531,0.70809,0.87314,0.0093787,0.0093787,0.0093787
808,38400.5,0.44639,0.63381,0.90436,0.92536,0.97238,0.97742,0.89326,0.51507,0.7081,0.87304,0.00937719,0.00937719,0.00937719
809,38447.5,0.44241,0.62334,0.89094,0.92533,0.97205,0.97742,0.89433,0.51501,0.708,0.87294,0.00937568,0.00937568,0.00937568
810,38494.1,0.44478,0.62879,0.89722,0.92531,0.97219,0.97742,0.89515,0.5148,0.70764,0.873,0.00937416,0.00937416,0.00937416
811,38540,0.44858,0.6339,0.90387,0.9253,0.97191,0.97756,0.89318,0.51468,0.70786,0.87294,0.00937265,0.00937265,0.00937265
812,38585.6,0.44451,0.62139,0.90372,0.92531,0.97191,0.97751,0.89369,0.51453,0.70882,0.8728,0.00937113,0.00937113,0.00937113
813,38630.9,0.43531,0.61852,0.89138,0.92537,0.97212,0.97736,0.89348,0.51456,0.7084,0.87282,0.00936961,0.00936961,0.00936961
814,38676.6,0.44275,0.61295,0.90054,0.92542,0.97229,0.97744,0.89451,0.51445,0.70911,0.87278,0.0093681,0.0093681,0.0093681
815,38723,0.44967,0.64581,0.89479,0.92542,0.97217,0.97708,0.89425,0.51417,0.70931,0.8726,0.00936657,0.00936657,0.00936657
816,38769.3,0.4435,0.64814,0.90099,0.92536,0.97151,0.97746,0.89355,0.51409,0.71043,0.87248,0.00936505,0.00936505,0.00936505
817,38814.8,0.4424,0.63211,0.89843,0.92529,0.97109,0.97744,0.89509,0.51415,0.71,0.87243,0.00936353,0.00936353,0.00936353
818,38856.6,0.45009,0.65159,0.89757,0.92527,0.97088,0.97745,0.89513,0.51405,0.70955,0.87222,0.009362,0.009362,0.009362
819,38899,0.44727,0.64965,0.90112,0.9253,0.9709,0.97766,0.89569,0.5137,0.71121,0.87214,0.00936047,0.00936047,0.00936047
820,38941.7,0.44582,0.63256,0.90014,0.9253,0.97096,0.97752,0.8943,0.51396,0.71222,0.87212,0.00935894,0.00935894,0.00935894
821,38986.1,0.45111,0.64733,0.90336,0.92543,0.97208,0.97737,0.89569,0.51399,0.71084,0.87207,0.00935741,0.00935741,0.00935741
822,39033.1,0.44251,0.63012,0.90293,0.92541,0.97192,0.97673,0.89577,0.51449,0.71103,0.87255,0.00935588,0.00935588,0.00935588
823,39079.4,0.43758,0.60116,0.8845,0.92529,0.97101,0.97678,0.89436,0.51436,0.71175,0.87253,0.00935434,0.00935434,0.00935434
824,39125.4,0.43867,0.62418,0.88204,0.92506,0.96896,0.97669,0.89269,0.51432,0.71146,0.87252,0.0093528,0.0093528,0.0093528
825,39171.1,0.44636,0.61163,0.8963,0.92504,0.96853,0.97679,0.89275,0.51453,0.71142,0.87271,0.00935127,0.00935127,0.00935127
826,39217.3,0.43391,0.60796,0.88759,0.925,0.96766,0.97664,0.89335,0.51454,0.7111,0.87271,0.00934973,0.00934973,0.00934973
827,39262.7,0.45263,0.6556,0.90539,0.92488,0.96567,0.97679,0.89273,0.5148,0.7112,0.87281,0.00934818,0.00934818,0.00934818
828,39311.1,0.45148,0.63423,0.90195,0.92484,0.9653,0.97688,0.8935,0.51518,0.71032,0.87313,0.00934664,0.00934664,0.00934664
829,39356.1,0.44549,0.62169,0.89978,0.92734,0.96628,0.97674,0.89357,0.51553,0.7089,0.87335,0.0093451,0.0093451,0.0093451
830,39400.7,0.43961,0.63995,0.89419,0.92727,0.96555,0.97675,0.89294,0.51596,0.70922,0.87357,0.00934355,0.00934355,0.00934355
831,39444.9,0.44233,0.6352,0.8949,0.9247,0.96341,0.97665,0.89268,0.51624,0.71015,0.87406,0.009342,0.009342,0.009342
832,39490.4,0.43588,0.62252,0.89331,0.9249,0.9662,0.97656,0.89308,0.51739,0.70758,0.87501,0.00934045,0.00934045,0.00934045
833,39536,0.44429,0.62552,0.89274,0.92503,0.9675,0.97667,0.89362,0.51763,0.70779,0.87508,0.0093389,0.0093389,0.0093389
834,39581.1,0.4449,0.63565,0.90487,0.92512,0.96805,0.97678,0.892,0.51652,0.70812,0.87422,0.00933734,0.00933734,0.00933734
835,39625.8,0.43818,0.6221,0.89356,0.92521,0.96891,0.97676,0.8912,0.51677,0.70798,0.87428,0.00933579,0.00933579,0.00933579
836,39670.8,0.44747,0.62297,0.8967,0.92528,0.96916,0.97671,0.89163,0.51645,0.70796,0.87428,0.00933423,0.00933423,0.00933423
837,39716.9,0.46301,0.66168,0.9094,0.92528,0.96891,0.97671,0.89246,0.51665,0.70828,0.87451,0.00933267,0.00933267,0.00933267
838,39763.3,0.45391,0.63195,0.90429,0.92543,0.97006,0.97687,0.89192,0.51661,0.70979,0.8743,0.00933111,0.00933111,0.00933111
839,39810.8,0.44213,0.62965,0.89989,0.92544,0.96998,0.97673,0.89236,0.51644,0.7087,0.87441,0.00932955,0.00932955,0.00932955
840,39856.9,0.44151,0.63792,0.90703,0.92547,0.97017,0.97693,0.8905,0.51662,0.71141,0.87443,0.00932799,0.00932799,0.00932799
841,39902.9,0.4526,0.63085,0.9005,0.92546,0.97018,0.97687,0.89295,0.51649,0.71064,0.87436,0.00932642,0.00932642,0.00932642
842,39949.9,0.44614,0.62469,0.89537,0.92502,0.96974,0.97685,0.89264,0.51641,0.7114,0.87447,0.00932485,0.00932485,0.00932485
843,39996.2,0.43622,0.61213,0.89444,0.92502,0.9696,0.97696,0.89294,0.51651,0.71085,0.87444,0.00932328,0.00932328,0.00932328
844,40042.4,0.44481,0.6253,0.90292,0.92489,0.96944,0.97686,0.89281,0.51637,0.71139,0.87447,0.00932171,0.00932171,0.00932171
845,40087.2,0.43814,0.61641,0.8899,0.92496,0.96943,0.97695,0.8941,0.51647,0.70949,0.87443,0.00932014,0.00932014,0.00932014
846,40133.2,0.43642,0.61447,0.89117,0.92524,0.96934,0.97685,0.8931,0.51629,0.70969,0.87433,0.00931857,0.00931857,0.00931857
847,40177.8,0.4472,0.62366,0.90558,0.92539,0.96911,0.9769,0.89285,0.51616,0.71024,0.87424,0.00931699,0.00931699,0.00931699
848,40223.7,0.44185,0.62786,0.89281,0.92536,0.96883,0.97682,0.89406,0.51605,0.70958,0.87414,0.00931542,0.00931542,0.00931542
849,40270,0.44218,0.63512,0.89066,0.92515,0.9694,0.97679,0.89314,0.51607,0.70966,0.87411,0.00931384,0.00931384,0.00931384
850,40315.4,0.44645,0.62934,0.89704,0.92533,0.96863,0.97684,0.89379,0.51583,0.71094,0.8741,0.00931226,0.00931226,0.00931226
851,40361.3,0.43666,0.62907,0.8935,0.92531,0.96849,0.97694,0.89367,0.51585,0.71266,0.874,0.00931067,0.00931067,0.00931067
852,40407.3,0.44956,0.62592,0.89866,0.9253,0.96837,0.97682,0.89432,0.51565,0.71425,0.87399,0.00930909,0.00930909,0.00930909
853,40453.2,0.44258,0.62058,0.89603,0.92529,0.96844,0.97694,0.89484,0.51579,0.71392,0.87404,0.0093075,0.0093075,0.0093075
854,40499.2,0.4348,0.61849,0.89392,0.92525,0.96819,0.97707,0.89442,0.5156,0.71438,0.87398,0.00930592,0.00930592,0.00930592
855,40545.1,0.43864,0.63131,0.89936,0.92356,0.9664,0.97696,0.89438,0.51559,0.71269,0.87389,0.00930433,0.00930433,0.00930433
856,40591.4,0.44208,0.61509,0.89399,0.92327,0.96647,0.97713,0.89439,0.51553,0.71249,0.87368,0.00930274,0.00930274,0.00930274
857,40639,0.4514,0.63724,0.90385,0.92288,0.96649,0.97709,0.89408,0.51526,0.71214,0.87351,0.00930114,0.00930114,0.00930114
858,40684.6,0.44957,0.62996,0.89789,0.92315,0.96644,0.97724,0.89485,0.51492,0.71096,0.87331,0.00929955,0.00929955,0.00929955
859,40729.8,0.44375,0.61696,0.89974,0.92266,0.96645,0.97709,0.89473,0.51484,0.7101,0.87325,0.00929795,0.00929795,0.00929795
860,40775.1,0.44757,0.62467,0.90204,0.92271,0.96684,0.9771,0.89574,0.51507,0.70988,0.87323,0.00929636,0.00929636,0.00929636
861,40821.3,0.44453,0.6393,0.89994,0.92285,0.96782,0.97718,0.89514,0.51493,0.70807,0.87307,0.00929476,0.00929476,0.00929476
862,40867.5,0.43405,0.6142,0.90127,0.9229,0.96817,0.97719,0.89593,0.51476,0.7098,0.87299,0.00929316,0.00929316,0.00929316
863,40914.4,0.44603,0.63254,0.89635,0.9229,0.96821,0.97708,0.89572,0.51471,0.71056,0.87292,0.00929155,0.00929155,0.00929155
864,40959.6,0.444,0.62732,0.90105,0.92287,0.96788,0.97705,0.89539,0.51467,0.71068,0.87281,0.00928995,0.00928995,0.00928995
865,41006,0.43957,0.62187,0.89242,0.92287,0.9679,0.97706,0.89518,0.51452,0.70933,0.87273,0.00928834,0.00928834,0.00928834
866,41051,0.44703,0.6259,0.90037,0.92287,0.9679,0.97706,0.89453,0.51453,0.70881,0.87277,0.00928674,0.00928674,0.00928674
867,41095.5,0.43598,0.6208,0.88889,0.92295,0.9685,0.97707,0.89507,0.51409,0.70889,0.87246,0.00928513,0.00928513,0.00928513
868,41141.4,0.44161,0.62637,0.89282,0.92295,0.96851,0.97714,0.89581,0.514,0.70795,0.87242,0.00928352,0.00928352,0.00928352
869,41187.2,0.44417,0.62812,0.90102,0.92298,0.96873,0.97724,0.89524,0.51395,0.70751,0.87235,0.0092819,0.0092819,0.0092819
870,41232.8,0.43699,0.62852,0.89068,0.92294,0.96842,0.97714,0.8954,0.51407,0.70934,0.87219,0.00928029,0.00928029,0.00928029
871,41277.7,0.44333,0.62461,0.89512,0.92295,0.96855,0.97709,0.89587,0.51379,0.71066,0.87199,0.00927867,0.00927867,0.00927867
872,41323.3,0.44749,0.63828,0.89968,0.92297,0.96966,0.97727,0.89555,0.51357,0.71154,0.87199,0.00927706,0.00927706,0.00927706
873,41367.9,0.44672,0.61432,0.89943,0.92289,0.96967,0.9773,0.89594,0.51348,0.71104,0.87193,0.00927544,0.00927544,0.00927544
874,41413.6,0.43218,0.60271,0.89821,0.92282,0.96971,0.97723,0.89512,0.51344,0.71115,0.87193,0.00927382,0.00927382,0.00927382
875,41458.6,0.44616,0.63898,0.89572,0.92287,0.96979,0.97711,0.89359,0.51331,0.71304,0.87188,0.00927219,0.00927219,0.00927219
876,41504.5,0.44874,0.64167,0.89847,0.92304,0.97022,0.9772,0.89481,0.5136,0.71211,0.87189,0.00927057,0.00927057,0.00927057
877,41550.6,0.43712,0.64237,0.88941,0.92612,0.97348,0.97763,0.89589,0.51321,0.71172,0.87172,0.00926894,0.00926894,0.00926894
878,41596.5,0.44599,0.62625,0.90057,0.9258,0.97366,0.9776,0.89555,0.51287,0.7122,0.87143,0.00926732,0.00926732,0.00926732
879,41642.7,0.44227,0.62575,0.89772,0.9254,0.97027,0.97713,0.89477,0.51266,0.71235,0.87141,0.00926569,0.00926569,0.00926569
880,41689,0.42977,0.60167,0.88822,0.9257,0.97035,0.97756,0.89592,0.51252,0.71316,0.87124,0.00926406,0.00926406,0.00926406
881,41736.3,0.44002,0.6168,0.89834,0.92535,0.96983,0.97713,0.89381,0.51296,0.71125,0.87162,0.00926242,0.00926242,0.00926242
882,41783.5,0.43677,0.62125,0.90272,0.92537,0.97001,0.97724,0.89387,0.51302,0.71134,0.87162,0.00926079,0.00926079,0.00926079
883,41829.9,0.43944,0.64321,0.89849,0.9254,0.97029,0.9772,0.89443,0.51282,0.71147,0.87162,0.00925915,0.00925915,0.00925915
884,41876.4,0.44689,0.63299,0.8941,0.9254,0.97036,0.97713,0.89342,0.5128,0.71073,0.87166,0.00925752,0.00925752,0.00925752
885,41921.7,0.44665,0.63459,0.90809,0.92536,0.96996,0.97715,0.89331,0.51233,0.70921,0.87139,0.00925588,0.00925588,0.00925588
886,41967,0.44396,0.62448,0.90095,0.92532,0.96939,0.97717,0.89331,0.51236,0.7092,0.87149,0.00925423,0.00925423,0.00925423
887,42013,0.45158,0.62921,0.90701,0.92529,0.9691,0.97731,0.89305,0.51237,0.70906,0.87145,0.00925259,0.00925259,0.00925259
888,42058.8,0.43707,0.61946,0.89278,0.92806,0.97207,0.97761,0.89334,0.51221,0.70877,0.87135,0.00925095,0.00925095,0.00925095
889,42104.9,0.43793,0.62689,0.9005,0.92781,0.96976,0.97765,0.89315,0.5121,0.70875,0.87127,0.0092493,0.0092493,0.0092493
890,42150.3,0.44953,0.62757,0.89164,0.92782,0.96981,0.97766,0.89295,0.51223,0.70895,0.87133,0.00924765,0.00924765,0.00924765
891,42196.4,0.43991,0.6231,0.89758,0.92779,0.9695,0.97766,0.89308,0.51238,0.70993,0.87126,0.00924601,0.00924601,0.00924601
892,42242.8,0.43852,0.61875,0.89734,0.92781,0.96965,0.97765,0.89299,0.51173,0.70887,0.87098,0.00924435,0.00924435,0.00924435
893,42289.1,0.43074,0.59894,0.88632,0.92776,0.96923,0.9776,0.89295,0.51245,0.71348,0.87124,0.0092427,0.0092427,0.0092427
894,42335.4,0.43992,0.60625,0.89182,0.92769,0.96873,0.97762,0.89356,0.51188,0.71314,0.87118,0.00924105,0.00924105,0.00924105
895,42382.1,0.43857,0.60126,0.88429,0.92772,0.96906,0.97763,0.89281,0.51197,0.71333,0.87112,0.00923939,0.00923939,0.00923939
896,42428.5,0.43447,0.61907,0.88932,0.92779,0.96962,0.97761,0.89465,0.51224,0.71463,0.87125,0.00923774,0.00923774,0.00923774
897,42475.3,0.44689,0.62274,0.90081,0.9278,0.96971,0.97762,0.89502,0.5114,0.71373,0.87106,0.00923608,0.00923608,0.00923608
898,42521.4,0.44605,0.63347,0.89933,0.92772,0.96907,0.97757,0.89356,0.51165,0.71473,0.87106,0.00923442,0.00923442,0.00923442
899,42567.4,0.4407,0.62565,0.89718,0.92767,0.96859,0.97772,0.89343,0.5115,0.71387,0.87093,0.00923275,0.00923275,0.00923275
900,42614.2,0.44016,0.60738,0.89197,0.9277,0.96871,0.97762,0.89277,0.51142,0.71445,0.8708,0.00923109,0.00923109,0.00923109
901,42659.9,0.43643,0.61845,0.88773,0.92774,0.96899,0.97762,0.89385,0.51181,0.7143,0.87079,0.00922942,0.00922942,0.00922942
902,42705.7,0.43978,0.61434,0.89652,0.92765,0.96821,0.97773,0.89443,0.51185,0.715,0.87088,0.00922776,0.00922776,0.00922776
903,42750.3,0.43616,0.62319,0.89153,0.92764,0.96814,0.97766,0.89393,0.51148,0.71399,0.87073,0.00922609,0.00922609,0.00922609
904,42796.7,0.4348,0.60778,0.89422,0.92763,0.96801,0.97775,0.89349,0.51137,0.7141,0.87085,0.00922442,0.00922442,0.00922442
905,42843.4,0.43684,0.62231,0.892,0.93646,0.96544,0.9775,0.89398,0.51113,0.71365,0.87079,0.00922274,0.00922274,0.00922274
906,42888.8,0.44347,0.6224,0.90117,0.93596,0.96543,0.97749,0.89363,0.51123,0.71356,0.87065,0.00922107,0.00922107,0.00922107
907,42933.9,0.43907,0.60011,0.88838,0.93571,0.96542,0.97746,0.89333,0.51067,0.71369,0.8704,0.00921939,0.00921939,0.00921939
908,42979.3,0.44626,0.60561,0.89989,0.93566,0.96545,0.97746,0.89425,0.51062,0.71321,0.87041,0.00921772,0.00921772,0.00921772
909,43024.7,0.44976,0.62669,0.89782,0.93535,0.96553,0.97747,0.89394,0.51067,0.71256,0.8704,0.00921604,0.00921604,0.00921604
910,43071.1,0.43652,0.61739,0.89523,0.93495,0.96562,0.97746,0.89359,0.51075,0.71162,0.87046,0.00921436,0.00921436,0.00921436
911,43117.4,0.43733,0.60548,0.89378,0.93344,0.9657,0.97742,0.89314,0.51071,0.71223,0.87041,0.00921268,0.00921268,0.00921268
912,43163.5,0.43705,0.61419,0.8894,0.93327,0.96573,0.97742,0.89301,0.51073,0.712,0.87041,0.00921099,0.00921099,0.00921099
913,43209.6,0.44041,0.59729,0.89798,0.93321,0.96577,0.97734,0.89251,0.51129,0.71066,0.87069,0.00920931,0.00920931,0.00920931
914,43255.3,0.44219,0.61363,0.89538,0.93312,0.96575,0.97727,0.89322,0.51115,0.71169,0.87063,0.00920762,0.00920762,0.00920762
915,43301.2,0.44901,0.61853,0.89395,0.93316,0.96575,0.97727,0.89365,0.51138,0.71131,0.87055,0.00920593,0.00920593,0.00920593
916,43346.5,0.44088,0.62291,0.8966,0.93295,0.96573,0.97725,0.89396,0.51127,0.71174,0.87058,0.00920424,0.00920424,0.00920424
917,43393.6,0.44161,0.60489,0.9019,0.93289,0.96577,0.97742,0.89367,0.51174,0.71377,0.87083,0.00920255,0.00920255,0.00920255
918,43441,0.43574,0.61091,0.8919,0.9329,0.96578,0.9772,0.89344,0.51195,0.7135,0.87091,0.00920085,0.00920085,0.00920085
919,43487,0.43337,0.60293,0.8973,0.9329,0.96575,0.9774,0.89343,0.51191,0.71289,0.8709,0.00919916,0.00919916,0.00919916
920,43533.6,0.44085,0.61396,0.90251,0.93274,0.96572,0.97733,0.89384,0.51197,0.71262,0.87105,0.00919746,0.00919746,0.00919746
921,43581.2,0.43935,0.63213,0.90106,0.93277,0.96571,0.97729,0.89374,0.51218,0.71251,0.87104,0.00919576,0.00919576,0.00919576
922,43626.8,0.44186,0.62136,0.89744,0.93263,0.96571,0.97721,0.89365,0.51193,0.7124,0.87109,0.00919406,0.00919406,0.00919406
923,43675.7,0.43321,0.61527,0.89664,0.93266,0.96568,0.97729,0.89321,0.51212,0.7143,0.87116,0.00919236,0.00919236,0.00919236
924,43722.6,0.44649,0.63775,0.90483,0.9326,0.96565,0.97739,0.89342,0.51226,0.71314,0.87117,0.00919066,0.00919066,0.00919066
925,43768.1,0.43833,0.61325,0.89801,0.93258,0.96563,0.97742,0.89301,0.51225,0.71312,0.87123,0.00918895,0.00918895,0.00918895
926,43816.1,0.44905,0.61699,0.89833,0.93253,0.96561,0.97725,0.89388,0.5123,0.71339,0.87124,0.00918725,0.00918725,0.00918725
927,43862.6,0.43796,0.63072,0.89878,0.9324,0.96723,0.9772,0.89307,0.51195,0.71461,0.87102,0.00918554,0.00918554,0.00918554
928,43907.5,0.43475,0.61194,0.88127,0.93239,0.96873,0.97725,0.89324,0.51182,0.71531,0.87099,0.00918383,0.00918383,0.00918383
929,43952.4,0.4311,0.59919,0.88615,0.93235,0.9687,0.97745,0.89391,0.51168,0.71441,0.87084,0.00918212,0.00918212,0.00918212
930,43999,0.44094,0.6047,0.89489,0.93213,0.96865,0.97737,0.89399,0.51173,0.71435,0.87089,0.0091804,0.0091804,0.0091804
931,44046.5,0.43932,0.60743,0.89994,0.93197,0.96864,0.97742,0.89386,0.51157,0.71497,0.87089,0.00917869,0.00917869,0.00917869
932,44094.8,0.43383,0.62975,0.89239,0.91949,0.96419,0.97718,0.89329,0.51163,0.71634,0.87091,0.00917697,0.00917697,0.00917697
933,44142,0.44152,0.6116,0.89505,0.91945,0.96419,0.97712,0.89339,0.51188,0.71528,0.87097,0.00917525,0.00917525,0.00917525
934,44189.7,0.43051,0.59327,0.88731,0.9195,0.96419,0.97722,0.89332,0.51194,0.71691,0.87096,0.00917353,0.00917353,0.00917353
935,44237,0.43944,0.62439,0.89069,0.91918,0.96419,0.97713,0.89358,0.51215,0.71645,0.871,0.00917181,0.00917181,0.00917181
936,44283,0.44066,0.60787,0.9005,0.91894,0.96419,0.977,0.89333,0.51215,0.71831,0.87103,0.00917009,0.00917009,0.00917009
937,44328.9,0.42734,0.61264,0.89423,0.91866,0.96419,0.97711,0.89325,0.51233,0.71803,0.87107,0.00916836,0.00916836,0.00916836
938,44374,0.43328,0.61886,0.89578,0.91869,0.96419,0.97707,0.89295,0.51205,0.71775,0.87106,0.00916664,0.00916664,0.00916664
939,44421.8,0.44895,0.62216,0.90888,0.91848,0.96419,0.97709,0.89285,0.51227,0.71833,0.87112,0.00916491,0.00916491,0.00916491
940,44468.3,0.43384,0.62889,0.89273,0.91839,0.96419,0.97702,0.89313,0.51232,0.71897,0.8711,0.00916318,0.00916318,0.00916318
941,44515.5,0.43548,0.60511,0.8937,0.91842,0.96419,0.97708,0.89274,0.51227,0.71885,0.87106,0.00916145,0.00916145,0.00916145
942,44562.6,0.42386,0.6115,0.87969,0.91857,0.96419,0.97692,0.89295,0.51217,0.71776,0.87118,0.00915972,0.00915972,0.00915972
943,44610.1,0.4378,0.63428,0.8905,0.91844,0.96419,0.97686,0.89288,0.51248,0.71767,0.87132,0.00915798,0.00915798,0.00915798
944,44658.6,0.43376,0.60435,0.88953,0.91829,0.96419,0.97702,0.89325,0.51248,0.71887,0.8713,0.00915625,0.00915625,0.00915625
945,44707.4,0.43506,0.60046,0.8881,0.91811,0.96419,0.97698,0.89234,0.51259,0.71806,0.87127,0.00915451,0.00915451,0.00915451
946,44754.8,0.43658,0.60276,0.90146,0.91786,0.96419,0.97695,0.8924,0.51268,0.71638,0.87132,0.00915277,0.00915277,0.00915277
947,44801.7,0.43625,0.62319,0.89208,0.91767,0.96419,0.97688,0.89319,0.51278,0.71617,0.87146,0.00915103,0.00915103,0.00915103
948,44847.2,0.43428,0.61545,0.89101,0.91754,0.96419,0.97707,0.89282,0.51279,0.71684,0.87145,0.00914929,0.00914929,0.00914929
949,44894.7,0.43638,0.60258,0.89207,0.91755,0.96419,0.97697,0.89316,0.51272,0.71758,0.87131,0.00914754,0.00914754,0.00914754
950,44942.4,0.42812,0.58945,0.89073,0.91755,0.96419,0.977,0.89408,0.51293,0.71606,0.87136,0.0091458,0.0091458,0.0091458
951,44989.2,0.43566,0.61219,0.89585,0.91746,0.96419,0.97693,0.89417,0.51272,0.71545,0.87116,0.00914405,0.00914405,0.00914405
952,45035.4,0.43694,0.61374,0.89586,0.91727,0.96419,0.97688,0.89408,0.51261,0.715,0.87127,0.0091423,0.0091423,0.0091423
953,45082.2,0.42628,0.60588,0.89096,0.91729,0.96419,0.97688,0.89396,0.51255,0.71606,0.87122,0.00914055,0.00914055,0.00914055
954,45128.5,0.43176,0.60895,0.89478,0.91768,0.96419,0.97685,0.89411,0.51235,0.71573,0.87125,0.0091388,0.0091388,0.0091388
955,45174.6,0.43645,0.62406,0.89827,0.91801,0.96419,0.97689,0.8931,0.51245,0.71608,0.87115,0.00913704,0.00913704,0.00913704
956,45220.5,0.43197,0.61394,0.89355,0.91784,0.96465,0.97688,0.89313,0.51235,0.71512,0.87117,0.00913529,0.00913529,0.00913529
957,45267.5,0.43908,0.61897,0.8911,0.91864,0.96442,0.97697,0.89243,0.51267,0.71477,0.87135,0.00913353,0.00913353,0.00913353
958,45313.8,0.42921,0.60215,0.8886,0.91918,0.96516,0.97685,0.89255,0.51252,0.71663,0.87144,0.00913177,0.00913177,0.00913177
959,45360.1,0.44201,0.60504,0.89538,0.91754,0.96658,0.97686,0.89236,0.51239,0.71724,0.87148,0.00913001,0.00913001,0.00913001
960,45407,0.43059,0.60474,0.89543,0.9186,0.96736,0.97691,0.89205,0.51261,0.71865,0.87155,0.00912825,0.00912825,0.00912825
961,45453.4,0.43197,0.6025,0.89302,0.91829,0.96813,0.97677,0.89171,0.51276,0.71892,0.87172,0.00912649,0.00912649,0.00912649
962,45500,0.43846,0.60811,0.89044,0.91826,0.96869,0.97676,0.89208,0.51283,0.71927,0.87175,0.00912472,0.00912472,0.00912472
963,45546.3,0.42323,0.5726,0.88951,0.91821,0.96866,0.97692,0.89183,0.51264,0.71832,0.87168,0.00912295,0.00912295,0.00912295
964,45593.7,0.44309,0.62646,0.89755,0.9181,0.96843,0.97696,0.89239,0.51284,0.7217,0.87167,0.00912119,0.00912119,0.00912119
965,45640,0.4324,0.59826,0.89522,0.91863,0.96854,0.97703,0.89258,0.51271,0.72078,0.87161,0.00911942,0.00911942,0.00911942
966,45686.2,0.4314,0.60926,0.88996,0.91958,0.96907,0.97699,0.89232,0.51271,0.72114,0.87153,0.00911764,0.00911764,0.00911764
967,45732.6,0.43532,0.60052,0.89594,0.91897,0.9698,0.9769,0.89218,0.51274,0.7208,0.87156,0.00911587,0.00911587,0.00911587
968,45779.2,0.43795,0.62064,0.89442,0.91824,0.97066,0.97688,0.89217,0.51243,0.72022,0.87145,0.0091141,0.0091141,0.0091141
969,45825.9,0.43334,0.59327,0.89121,0.91809,0.97116,0.97697,0.89229,0.51283,0.72054,0.87151,0.00911232,0.00911232,0.00911232
970,45872.2,0.42782,0.59906,0.88652,0.91866,0.97117,0.97702,0.89295,0.51281,0.72104,0.87147,0.00911054,0.00911054,0.00911054
971,45918.3,0.43163,0.61063,0.89559,0.91883,0.97159,0.9768,0.89228,0.5125,0.72073,0.8714,0.00910876,0.00910876,0.00910876
972,45963.7,0.43973,0.64739,0.90794,0.91904,0.97034,0.97707,0.89281,0.51245,0.71959,0.87132,0.00910698,0.00910698,0.00910698
973,46008.7,0.43688,0.6028,0.89147,0.91898,0.96886,0.97699,0.8938,0.5124,0.71888,0.87115,0.0091052,0.0091052,0.0091052
