epoch,time,train/box_loss,train/cls_loss,train/dfl_loss,metrics/precision(B),metrics/recall(B),metrics/mAP50(B),metrics/mAP50-95(B),val/box_loss,val/cls_loss,val/dfl_loss,lr/pg0,lr/pg1,lr/pg2
1,79.388,1.23857,7.91143,1.46933,0.7308,0.80013,0.83678,0.59142,1.1093,2.81239,1.26106,0.00330769,0.00330769,0.00330769
2,138.715,1.07679,4.5999,1.30456,0.78303,0.71066,0.78625,0.52431,1.35941,2.93561,1.46442,0.00664102,0.00664102,0.00664102
3,197.544,1.20938,3.53122,1.36795,0.69679,0.50143,0.59705,0.40255,1.54714,9.48743,1.84624,0.00997436,0.00997436,0.00997436
4,256.014,1.31381,3.23843,1.46462,0.46379,0.40321,0.39671,0.24097,2.6516,6.89887,3.44843,0.00999999,0.00999999,0.00999999
5,314.589,1.25744,2.82308,1.44942,0.72449,0.84721,0.83178,0.57731,1.23916,2.79385,1.36601,0.00999998,0.00999998,0.00999998
6,373.988,1.23524,2.72869,1.43403,0.57487,0.63719,0.61649,0.42251,1.60149,3.71529,1.82173,0.00999998,0.00999998,0.00999998
7,432.286,1.2344,2.64939,1.40604,0.9339,0.41,0.58591,0.40566,1.66215,4.10781,1.87727,0.00999996,0.00999996,0.00999996
8,491.496,1.15763,2.37675,1.36522,0.7988,0.78773,0.83354,0.59952,1.19141,2.16409,1.30534,0.00999995,0.00999995,0.00999995
9,549.92,1.13326,2.32441,1.33982,0.78479,0.86749,0.86393,0.60455,1.18327,1.90628,1.31923,0.00999994,0.00999994,0.00999994
10,608.97,1.12079,2.34458,1.34487,0.84993,0.81552,0.87855,0.62402,1.13917,1.93525,1.28769,0.00999992,0.00999992,0.00999992
11,667.052,1.09728,2.16074,1.31848,0.8007,0.64182,0.71297,0.53648,1.28876,4.15152,1.45174,0.0099999,0.0099999,0.0099999
12,725.636,1.10583,2.0702,1.31906,0.81374,0.82019,0.84148,0.61693,1.14304,2.00232,1.28275,0.00999988,0.00999988,0.00999988
13,784.251,1.08893,2.1416,1.32595,0.77393,0.89205,0.88054,0.67228,0.99198,1.74921,1.18691,0.00999986,0.00999986,0.00999986
14,842.992,1.06517,2.07108,1.29372,0.80905,0.90341,0.88681,0.5943,1.25426,1.76757,1.33718,0.00999983,0.00999983,0.00999983
15,901.546,1.05047,1.9806,1.28499,0.8359,0.85119,0.87682,0.65352,1.06346,1.79461,1.23175,0.00999981,0.00999981,0.00999981
16,960.15,1.03989,1.94073,1.28528,0.82991,0.89205,0.88541,0.66841,1.09388,1.72155,1.22844,0.00999978,0.00999978,0.00999978
17,1018.56,1.0208,1.91306,1.25952,0.75576,0.88636,0.89028,0.68606,0.98378,1.672,1.14373,0.00999975,0.00999975,0.00999975
18,1076.72,1.02559,1.89522,1.25905,0.78293,0.92898,0.90202,0.66225,1.04917,1.59873,1.17771,0.00999972,0.00999972,0.00999972
19,1134.57,1.00829,1.9167,1.24513,0.88868,0.89205,0.90919,0.68865,1.00437,1.5401,1.15721,0.00999968,0.00999968,0.00999968
20,1193.56,1.02237,1.85918,1.25932,0.83862,0.92481,0.90532,0.69556,0.94554,1.52889,1.13304,0.00999965,0.00999965,0.00999965
21,1253.12,0.98822,1.87762,1.24753,0.77663,0.85255,0.87688,0.65299,0.98478,1.74892,1.18433,0.00999961,0.00999961,0.00999961
22,1310.97,0.99716,1.81259,1.23848,0.83509,0.87273,0.8825,0.65191,1.08285,1.68913,1.1976,0.00999957,0.00999957,0.00999957
23,1369.53,0.99158,1.80567,1.22842,0.82218,0.8587,0.86995,0.574,1.36276,1.7919,1.40199,0.00999953,0.00999953,0.00999953
24,1428.54,0.98822,1.83907,1.24068,0.79971,0.92886,0.90563,0.6984,0.94656,1.45614,1.12825,0.00999948,0.00999948,0.00999948
25,1487.03,0.96328,1.77518,1.22402,0.85002,0.89118,0.88715,0.62001,1.15317,1.65748,1.25216,0.00999944,0.00999944,0.00999944
26,1545.85,0.96824,1.78072,1.2183,0.86149,0.89402,0.89197,0.66142,1.11248,1.5726,1.22142,0.00999939,0.00999939,0.00999939
27,1604.11,0.9549,1.7429,1.20628,0.83914,0.92856,0.90932,0.6974,0.99415,1.48987,1.13845,0.00999934,0.00999934,0.00999934
28,1662.8,0.96178,1.71197,1.21534,0.82317,0.89962,0.90145,0.70548,0.97479,1.55205,1.13666,0.00999929,0.00999929,0.00999929
29,1720.61,0.93632,1.75969,1.19203,0.88362,0.88175,0.90228,0.67004,1.05163,1.48879,1.1896,0.00999923,0.00999923,0.00999923
30,1778.72,0.93218,1.69089,1.19639,0.85265,0.92528,0.91679,0.67872,1.10471,1.49324,1.19989,0.00999918,0.00999918,0.00999918
31,1837.84,0.95118,1.67907,1.21487,0.86291,0.88718,0.90755,0.67501,1.02081,1.4665,1.14234,0.00999912,0.00999912,0.00999912
32,1896.58,0.91609,1.5822,1.17247,0.81237,0.90607,0.88939,0.71188,0.87498,1.43116,1.07706,0.00999906,0.00999906,0.00999906
33,1954.8,0.92575,1.65541,1.18823,0.88677,0.8659,0.91478,0.71286,0.9282,1.42294,1.09133,0.009999,0.009999,0.009999
34,2013.11,0.92798,1.64814,1.19154,0.87689,0.91042,0.91418,0.69733,1.04685,1.39736,1.16389,0.00999894,0.00999894,0.00999894
35,2072.05,0.93577,1.6315,1.19901,0.89259,0.86898,0.91825,0.73514,0.89604,1.36248,1.07207,0.00999887,0.00999887,0.00999887
36,2130.34,0.92822,1.64842,1.18719,0.83455,0.86912,0.90512,0.69091,0.99051,1.46789,1.11989,0.0099988,0.0099988,0.0099988
37,2189.42,0.931,1.63912,1.19095,0.83525,0.90343,0.88774,0.68863,1.01232,1.53862,1.1754,0.00999873,0.00999873,0.00999873
38,2248.37,0.90495,1.58738,1.16686,0.87274,0.89167,0.91925,0.71871,0.95471,1.43445,1.10715,0.00999866,0.00999866,0.00999866
39,2307.58,0.92489,1.60006,1.17396,0.85545,0.8974,0.91897,0.72145,0.92467,1.37166,1.08604,0.00999859,0.00999859,0.00999859
40,2366.03,0.93083,1.60709,1.18272,0.86652,0.92218,0.90944,0.7057,0.93123,1.3576,1.10371,0.00999851,0.00999851,0.00999851
41,2424.81,0.92064,1.57354,1.18253,0.86364,0.91662,0.91071,0.71916,0.88712,1.28118,1.06551,0.00999844,0.00999844,0.00999844
42,2483.72,0.9085,1.58593,1.16789,0.84233,0.91272,0.90413,0.71625,0.93381,1.36842,1.09122,0.00999836,0.00999836,0.00999836
43,2542.46,0.89852,1.54573,1.16851,0.83895,0.92886,0.9035,0.70841,0.91967,1.38232,1.09295,0.00999828,0.00999828,0.00999828
44,2600.85,0.89577,1.55882,1.17725,0.84029,0.95241,0.92873,0.7185,0.91691,1.32457,1.08685,0.00999819,0.00999819,0.00999819
45,2659.6,0.88874,1.55315,1.16316,0.84559,0.91593,0.90009,0.68446,0.9714,1.29479,1.10843,0.00999811,0.00999811,0.00999811
46,2718.84,0.90068,1.5668,1.16742,0.85643,0.93293,0.91813,0.69614,1.00038,1.31363,1.11036,0.00999802,0.00999802,0.00999802
47,2777.05,0.87121,1.5283,1.14663,0.80791,0.93602,0.89491,0.7397,0.78462,1.41755,1.02004,0.00999793,0.00999793,0.00999793
48,2835.14,0.8924,1.55752,1.16668,0.83405,0.91166,0.92202,0.72004,0.98089,1.40885,1.09362,0.00999784,0.00999784,0.00999784
49,2894.53,0.87208,1.52046,1.16312,0.84194,0.92422,0.90837,0.69177,1.04162,1.35937,1.14289,0.00999775,0.00999775,0.00999775
50,2952.56,0.87253,1.50554,1.1503,0.84678,0.89512,0.9261,0.73133,0.95202,1.3478,1.09173,0.00999765,0.00999765,0.00999765
51,3011.21,0.88638,1.46508,1.15585,0.88419,0.89552,0.92318,0.74403,0.88319,1.27782,1.05862,0.00999756,0.00999756,0.00999756
52,3069.88,0.87278,1.44838,1.14785,0.85599,0.94295,0.90722,0.71775,0.89578,1.25222,1.0671,0.00999746,0.00999746,0.00999746
53,3128.86,0.87312,1.48169,1.15791,0.84222,0.9275,0.91403,0.71491,0.89589,1.27367,1.05953,0.00999736,0.00999736,0.00999736
54,3187.51,0.8744,1.47569,1.15478,0.85565,0.93455,0.91428,0.72843,0.85771,1.26701,1.03718,0.00999726,0.00999726,0.00999726
55,3247.63,0.87031,1.48381,1.14946,0.8802,0.92466,0.93128,0.75855,0.81399,1.24233,1.01853,0.00999715,0.00999715,0.00999715
56,3306.14,0.86215,1.47401,1.14156,0.85276,0.94034,0.92997,0.73428,0.91619,1.22188,1.08409,0.00999704,0.00999704,0.00999704
57,3364.94,0.88516,1.463,1.1589,0.8725,0.93033,0.92404,0.74984,0.84562,1.2584,1.04725,0.00999694,0.00999694,0.00999694
58,3423.14,0.87035,1.4608,1.14455,0.8291,0.9233,0.90697,0.72834,0.86436,1.43888,1.05598,0.00999683,0.00999683,0.00999683
59,3480.99,0.86119,1.45178,1.13943,0.88638,0.93021,0.9363,0.75542,0.84446,1.17897,1.03458,0.00999671,0.00999671,0.00999671
60,3539.2,0.88429,1.50122,1.15889,0.86949,0.92466,0.92123,0.7406,0.88493,1.22274,1.05139,0.0099966,0.0099966,0.0099966
61,3597.97,0.84668,1.41209,1.13486,0.87505,0.93602,0.9196,0.73905,0.84218,1.17271,1.03418,0.00999648,0.00999648,0.00999648
62,3655.99,0.85044,1.40909,1.14178,0.87564,0.92821,0.91524,0.73989,0.85131,1.19631,1.03131,0.00999636,0.00999636,0.00999636
63,3714.97,0.85908,1.4702,1.14895,0.87412,0.93962,0.92521,0.73163,0.92491,1.22621,1.07809,0.00999624,0.00999624,0.00999624
64,3772.91,0.84612,1.4426,1.13146,0.86873,0.90318,0.92011,0.74055,0.88811,1.23441,1.0588,0.00999612,0.00999612,0.00999612
65,3830.87,0.84443,1.4087,1.13111,0.85497,0.92898,0.91459,0.74005,0.87174,1.3084,1.05075,0.009996,0.009996,0.009996
66,3888.85,0.84434,1.41735,1.13905,0.89393,0.91604,0.92271,0.72819,0.92483,1.23335,1.07508,0.00999587,0.00999587,0.00999587
67,3947.39,0.85877,1.4318,1.14169,0.87946,0.92745,0.92267,0.74709,0.81149,1.18972,1.01723,0.00999574,0.00999574,0.00999574
68,4005.33,0.84849,1.42892,1.12936,0.87342,0.93431,0.92784,0.74722,0.86551,1.23284,1.0474,0.00999561,0.00999561,0.00999561
69,4064.23,0.84368,1.40452,1.13583,0.86102,0.94497,0.92464,0.74542,0.86184,1.18222,1.03326,0.00999548,0.00999548,0.00999548
70,4125.03,0.82977,1.39332,1.12213,0.89641,0.90137,0.91671,0.74613,0.86953,1.21296,1.04378,0.00999535,0.00999535,0.00999535
71,4183.85,0.83523,1.40367,1.12212,0.86644,0.95739,0.93301,0.75468,0.8598,1.15362,1.02527,0.00999521,0.00999521,0.00999521
72,4242.04,0.84502,1.41369,1.12984,0.89715,0.93285,0.92237,0.73727,0.87507,1.21342,1.0516,0.00999508,0.00999508,0.00999508
73,4300.95,0.83239,1.38817,1.11463,0.90141,0.92038,0.91981,0.74296,0.88463,1.15048,1.0531,0.00999494,0.00999494,0.00999494
74,4360.14,0.84185,1.41906,1.1295,0.85301,0.94495,0.91386,0.73704,0.85371,1.20936,1.03876,0.00999479,0.00999479,0.00999479
75,4418.7,0.83782,1.40097,1.11432,0.8619,0.95695,0.92557,0.71011,0.96492,1.19157,1.08225,0.00999465,0.00999465,0.00999465
76,4477.04,0.8302,1.37361,1.12227,0.86027,0.9517,0.92559,0.74555,0.84977,1.17276,1.03555,0.0099945,0.0099945,0.0099945
77,4536.25,0.83038,1.39091,1.12213,0.87684,0.90182,0.9255,0.74758,0.84896,1.244,1.02902,0.00999436,0.00999436,0.00999436
78,4598,0.83566,1.37211,1.12766,0.86776,0.92544,0.91407,0.74065,0.84682,1.21605,1.03011,0.00999421,0.00999421,0.00999421
79,4657.85,0.82216,1.3663,1.11182,0.86405,0.92849,0.91,0.7269,0.85768,1.22849,1.03302,0.00999406,0.00999406,0.00999406
80,4716.92,0.81095,1.34978,1.10314,0.89234,0.92585,0.93101,0.76502,0.86423,1.17049,1.03181,0.0099939,0.0099939,0.0099939
81,4776.09,0.82584,1.34102,1.12586,0.8977,0.92034,0.92299,0.75143,0.8599,1.17734,1.04063,0.00999375,0.00999375,0.00999375
82,4834.55,0.819,1.31938,1.11783,0.88914,0.92182,0.92986,0.7575,0.81902,1.12902,1.01762,0.00999359,0.00999359,0.00999359
83,4892.57,0.82455,1.34833,1.12078,0.86534,0.93675,0.92079,0.7433,0.86324,1.17074,1.02976,0.00999343,0.00999343,0.00999343
84,4950.87,0.80804,1.34322,1.09674,0.89465,0.9273,0.92082,0.7611,0.78698,1.13302,0.99226,0.00999327,0.00999327,0.00999327
85,5009.14,0.80634,1.33453,1.10593,0.86669,0.9517,0.92501,0.73427,0.90138,1.12125,1.05757,0.00999311,0.00999311,0.00999311
86,5068.7,0.81974,1.36877,1.11504,0.88139,0.93886,0.92452,0.77316,0.78072,1.15236,0.98912,0.00999294,0.00999294,0.00999294
87,5127,0.7967,1.31439,1.10509,0.86196,0.90859,0.93219,0.75806,0.87926,1.18189,1.04945,0.00999278,0.00999278,0.00999278
88,5185.61,0.81292,1.33122,1.11672,0.86668,0.96226,0.93503,0.76502,0.83425,1.09687,1.01009,0.00999261,0.00999261,0.00999261
89,5244.71,0.81685,1.30816,1.11176,0.88271,0.9288,0.93127,0.77687,0.77364,1.14294,0.99756,0.00999244,0.00999244,0.00999244
90,5303.66,0.81222,1.29792,1.1069,0.86625,0.96135,0.92725,0.74997,0.82728,1.10333,1.01093,0.00999226,0.00999226,0.00999226
91,5362.25,0.80487,1.29726,1.11247,0.8961,0.96392,0.92637,0.77294,0.77102,1.07125,0.99972,0.00999209,0.00999209,0.00999209
92,5422.05,0.81191,1.32931,1.09666,0.86551,0.96307,0.92021,0.77338,0.74207,1.11085,0.97205,0.00999191,0.00999191,0.00999191
93,5480.41,0.82016,1.34055,1.10858,0.89714,0.92684,0.93686,0.78888,0.75656,1.06086,0.98832,0.00999173,0.00999173,0.00999173
94,5538.74,0.8168,1.33115,1.10917,0.89327,0.9507,0.92908,0.74845,0.86957,1.10336,1.04082,0.00999155,0.00999155,0.00999155
95,5597.49,0.79894,1.29863,1.09685,0.88356,0.96007,0.93413,0.76931,0.8231,1.0968,1.01219,0.00999137,0.00999137,0.00999137
96,5655.62,0.81371,1.33819,1.11652,0.87724,0.95876,0.92595,0.78342,0.75763,1.09301,0.98934,0.00999118,0.00999118,0.00999118
97,5714.26,0.78944,1.27953,1.09434,0.89259,0.93886,0.93062,0.78005,0.77259,1.10643,0.99071,0.009991,0.009991,0.009991
98,5773.54,0.81349,1.31277,1.11037,0.88452,0.96426,0.93478,0.79592,0.71309,1.06333,0.96989,0.00999081,0.00999081,0.00999081
99,5832.48,0.79606,1.29901,1.10215,0.88217,0.95276,0.92799,0.78,0.7434,1.01199,0.98213,0.00999062,0.00999062,0.00999062
100,5891.12,0.80029,1.27144,1.10573,0.89327,0.94886,0.93461,0.79699,0.72433,1.05667,0.96932,0.00999043,0.00999043,0.00999043
101,5949.84,0.7925,1.31092,1.09968,0.88317,0.93332,0.93343,0.79299,0.78608,1.0874,1.00617,0.00999023,0.00999023,0.00999023
102,6007.84,0.78856,1.22943,1.08856,0.8701,0.96875,0.92465,0.76068,0.78426,1.03332,1.00841,0.00999004,0.00999004,0.00999004
103,6065.58,0.78674,1.27392,1.09731,0.90468,0.9362,0.92679,0.76321,0.80393,1.04271,1.01079,0.00998984,0.00998984,0.00998984
104,6123.91,0.79951,1.26428,1.10697,0.88213,0.95999,0.92863,0.77339,0.788,1.03583,1.0033,0.00998964,0.00998964,0.00998964
105,6182.55,0.78984,1.27172,1.0976,0.85142,0.96875,0.92158,0.79304,0.713,1.04361,0.96244,0.00998944,0.00998944,0.00998944
106,6240.25,0.78847,1.26685,1.09827,0.85797,0.95875,0.91777,0.77718,0.76334,1.06754,0.98096,0.00998923,0.00998923,0.00998923
107,6299.12,0.78705,1.25114,1.08994,0.88144,0.95836,0.93031,0.7908,0.73133,1.01439,0.96603,0.00998903,0.00998903,0.00998903
108,6357.63,0.78231,1.26349,1.09452,0.88497,0.93411,0.92848,0.79505,0.72001,1.02755,0.96838,0.00998882,0.00998882,0.00998882
109,6416.42,0.77209,1.26788,1.08836,0.89248,0.948,0.92688,0.79147,0.71761,1.04745,0.9659,0.00998861,0.00998861,0.00998861
110,6475.28,0.78061,1.24293,1.09296,0.88879,0.92627,0.92383,0.79146,0.71114,1.06671,0.96364,0.0099884,0.0099884,0.0099884
111,6534.38,0.78165,1.26986,1.095,0.86267,0.96811,0.92708,0.78385,0.72896,1.06431,0.97086,0.00998818,0.00998818,0.00998818
112,6592.44,0.77003,1.23142,1.07719,0.86783,0.97091,0.91737,0.77615,0.71756,1.04899,0.95933,0.00998797,0.00998797,0.00998797
113,6650.8,0.78256,1.22174,1.09576,0.8721,0.95348,0.92394,0.79213,0.71105,1.07899,0.96082,0.00998775,0.00998775,0.00998775
114,6709.19,0.76123,1.25326,1.07718,0.89332,0.94823,0.94124,0.81071,0.69538,0.98823,0.95491,0.00998753,0.00998753,0.00998753
115,6767.27,0.77076,1.20952,1.08394,0.90423,0.94145,0.93124,0.79092,0.70439,1.01905,0.95715,0.00998731,0.00998731,0.00998731
116,6824.88,0.74889,1.24861,1.08266,0.88927,0.9438,0.93193,0.80032,0.7241,1.00033,0.9665,0.00998708,0.00998708,0.00998708
117,6882.49,0.77677,1.25949,1.0933,0.90127,0.94455,0.93833,0.79902,0.69608,0.97994,0.95477,0.00998686,0.00998686,0.00998686
118,6941.06,0.76958,1.21701,1.08239,0.89295,0.96359,0.92931,0.7896,0.71758,0.98744,0.96969,0.00998663,0.00998663,0.00998663
119,6999.61,0.76811,1.21423,1.08765,0.89208,0.92481,0.92356,0.77867,0.7454,0.99356,0.97335,0.0099864,0.0099864,0.0099864
120,7057.34,0.77571,1.22663,1.08749,0.89384,0.9521,0.93267,0.79357,0.69474,0.99018,0.95612,0.00998617,0.00998617,0.00998617
121,7115.91,0.75863,1.19784,1.0875,0.89501,0.96474,0.91839,0.78006,0.72224,0.97937,0.96329,0.00998594,0.00998594,0.00998594
122,7175.17,0.78486,1.24712,1.09246,0.89838,0.95587,0.93551,0.80085,0.70923,0.97497,0.94924,0.0099857,0.0099857,0.0099857
123,7234.38,0.77962,1.24585,1.09651,0.8915,0.94447,0.93778,0.80306,0.69914,0.99501,0.95103,0.00998546,0.00998546,0.00998546
124,7293.11,0.76069,1.1863,1.08063,0.88642,0.94739,0.93817,0.81198,0.69769,1.00119,0.94858,0.00998522,0.00998522,0.00998522
125,7351.18,0.75389,1.19682,1.07165,0.87596,0.95068,0.93619,0.80762,0.70518,0.98973,0.95265,0.00998498,0.00998498,0.00998498
126,7409.37,0.77202,1.2205,1.08305,0.88381,0.9417,0.92825,0.79569,0.70167,1.01094,0.95043,0.00998474,0.00998474,0.00998474
127,7468.12,0.75369,1.19863,1.07298,0.89292,0.96894,0.93503,0.79629,0.72009,0.96945,0.95102,0.0099845,0.0099845,0.0099845
128,7527.1,0.7567,1.17691,1.08185,0.89273,0.95583,0.92811,0.78842,0.70283,0.95529,0.94554,0.00998425,0.00998425,0.00998425
129,7585.08,0.77939,1.23822,1.10266,0.88644,0.93507,0.92939,0.80316,0.69289,0.98948,0.94775,0.009984,0.009984,0.009984
130,7643.36,0.75325,1.18136,1.06872,0.88686,0.93626,0.9327,0.80189,0.70016,0.98287,0.9461,0.00998375,0.00998375,0.00998375
131,7703.1,0.75881,1.19645,1.08055,0.85499,0.97236,0.93014,0.80164,0.68817,0.99903,0.94285,0.0099835,0.0099835,0.0099835
132,7762.42,0.76464,1.2254,1.07786,0.87352,0.96702,0.92789,0.7952,0.69994,0.98826,0.94585,0.00998324,0.00998324,0.00998324
133,7821.06,0.76857,1.19453,1.08113,0.87801,0.95159,0.94226,0.80739,0.70075,0.97045,0.95446,0.00998298,0.00998298,0.00998298
134,7879.23,0.74828,1.16715,1.06931,0.86753,0.96225,0.93166,0.78818,0.72784,0.95806,0.97112,0.00998273,0.00998273,0.00998273
135,7937.5,0.76207,1.16241,1.0821,0.9091,0.91561,0.93113,0.79507,0.68717,0.94727,0.95036,0.00998247,0.00998247,0.00998247
136,7996.44,0.74164,1.17697,1.06413,0.89539,0.94908,0.92549,0.78976,0.7001,0.95995,0.94984,0.0099822,0.0099822,0.0099822
137,8055.32,0.74752,1.18278,1.06821,0.89791,0.95369,0.93108,0.79996,0.68,0.94218,0.94648,0.00998194,0.00998194,0.00998194
138,8113.89,0.75785,1.18914,1.07501,0.90649,0.95591,0.93403,0.80351,0.6967,0.95884,0.95306,0.00998167,0.00998167,0.00998167
139,8171.97,0.73586,1.18071,1.06502,0.9068,0.9417,0.93346,0.80538,0.68422,0.9547,0.95445,0.0099814,0.0099814,0.0099814
140,8230.89,0.74266,1.15353,1.06603,0.90569,0.93231,0.93523,0.80981,0.66867,0.9802,0.94056,0.00998113,0.00998113,0.00998113
141,8289.87,0.76001,1.18562,1.07388,0.90132,0.92237,0.9276,0.80772,0.66524,0.9968,0.9371,0.00998086,0.00998086,0.00998086
142,8349,0.74377,1.15753,1.0608,0.90297,0.93482,0.92745,0.8022,0.67522,0.97747,0.9395,0.00998059,0.00998059,0.00998059
143,8406.96,0.75021,1.15636,1.08296,0.8751,0.96591,0.93085,0.80535,0.67263,0.95265,0.9383,0.00998031,0.00998031,0.00998031
144,8465.14,0.74808,1.15851,1.07386,0.89676,0.94886,0.93922,0.81304,0.67296,0.94849,0.93537,0.00998003,0.00998003,0.00998003
145,8523.87,0.75651,1.18261,1.08299,0.90162,0.96447,0.93538,0.80906,0.6706,0.94354,0.93747,0.00997975,0.00997975,0.00997975
146,8582.44,0.74469,1.17451,1.06703,0.90388,0.9492,0.9386,0.80752,0.66756,0.94573,0.93617,0.00997947,0.00997947,0.00997947
147,8640.65,0.73561,1.14699,1.06537,0.88064,0.96546,0.94287,0.81824,0.65733,0.92622,0.93116,0.00997919,0.00997919,0.00997919
148,8699.47,0.75259,1.14223,1.07479,0.88658,0.95987,0.94489,0.82063,0.64066,0.91676,0.92302,0.0099789,0.0099789,0.0099789
149,8757.96,0.74485,1.1174,1.06992,0.88124,0.97472,0.94038,0.8135,0.6497,0.91245,0.92252,0.00997861,0.00997861,0.00997861
150,8816.88,0.72698,1.13006,1.05604,0.89785,0.97457,0.94853,0.81542,0.66125,0.90102,0.93134,0.00997832,0.00997832,0.00997832
151,8875.4,0.74885,1.15169,1.06327,0.89552,0.97727,0.94567,0.81603,0.65557,0.90567,0.9282,0.00997803,0.00997803,0.00997803
152,8934.42,0.74398,1.17135,1.06666,0.88183,0.97443,0.94339,0.81254,0.6488,0.9071,0.92225,0.00997774,0.00997774,0.00997774
153,8992.81,0.7528,1.18785,1.07775,0.88019,0.97687,0.94077,0.8112,0.65561,0.92591,0.92508,0.00997744,0.00997744,0.00997744
154,9051.26,0.72712,1.14597,1.05562,0.89677,0.96934,0.94341,0.81141,0.65656,0.91464,0.92092,0.00997714,0.00997714,0.00997714
155,9109.74,0.74319,1.14121,1.07358,0.90004,0.97159,0.93804,0.81135,0.65074,0.89458,0.91819,0.00997685,0.00997685,0.00997685
156,9167.55,0.75173,1.15958,1.07156,0.89351,0.97443,0.93732,0.81329,0.65414,0.89427,0.92417,0.00997654,0.00997654,0.00997654
157,9226.8,0.73948,1.13326,1.05949,0.91202,0.94886,0.9368,0.80903,0.66377,0.91314,0.92803,0.00997624,0.00997624,0.00997624
158,9285.7,0.74375,1.1364,1.06978,0.90274,0.95168,0.93385,0.80356,0.65608,0.91215,0.92762,0.00997594,0.00997594,0.00997594
159,9344.49,0.7295,1.11619,1.06039,0.90641,0.9497,0.93933,0.80963,0.65028,0.90872,0.92945,0.00997563,0.00997563,0.00997563
160,9404.2,0.72565,1.12226,1.0663,0.90017,0.96023,0.94101,0.81384,0.64202,0.90714,0.92814,0.00997532,0.00997532,0.00997532
161,9462.95,0.73174,1.16696,1.06589,0.90122,0.95739,0.93521,0.81102,0.6428,0.90481,0.92703,0.00997501,0.00997501,0.00997501
162,9521.76,0.72212,1.11911,1.05017,0.9064,0.96132,0.93538,0.81097,0.64846,0.90534,0.92611,0.00997469,0.00997469,0.00997469
163,9580.9,0.73025,1.11827,1.05899,0.90999,0.96307,0.9362,0.8084,0.64582,0.8768,0.92611,0.00997438,0.00997438,0.00997438
164,9639.53,0.73003,1.13684,1.06313,0.91435,0.96307,0.93924,0.81667,0.64693,0.86167,0.92814,0.00997406,0.00997406,0.00997406
165,9697.85,0.72762,1.11549,1.0561,0.90708,0.96943,0.94195,0.81869,0.64586,0.85726,0.92393,0.00997374,0.00997374,0.00997374
166,9756.01,0.73093,1.12557,1.06418,0.91357,0.96476,0.93872,0.81754,0.64821,0.8643,0.92786,0.00997342,0.00997342,0.00997342
167,9814.1,0.73421,1.12072,1.06559,0.91106,0.96458,0.93323,0.81535,0.64431,0.86822,0.92471,0.0099731,0.0099731,0.0099731
168,9872.08,0.73572,1.13466,1.06463,0.90561,0.96431,0.93826,0.81838,0.64247,0.88034,0.92542,0.00997277,0.00997277,0.00997277
169,9931.27,0.71215,1.08002,1.04814,0.90326,0.96875,0.93478,0.8127,0.64688,0.87998,0.92721,0.00997245,0.00997245,0.00997245
170,9989.63,0.73068,1.09399,1.06091,0.91091,0.96995,0.93547,0.81038,0.6455,0.87089,0.926,0.00997212,0.00997212,0.00997212
171,10048.2,0.73119,1.14865,1.05758,0.90753,0.97027,0.93453,0.81212,0.6469,0.89288,0.92851,0.00997179,0.00997179,0.00997179
172,10106.8,0.72654,1.0976,1.057,0.90968,0.95961,0.9366,0.81139,0.65429,0.8912,0.93041,0.00997146,0.00997146,0.00997146
173,10165.7,0.70596,1.05805,1.05371,0.89733,0.97036,0.94139,0.81649,0.64512,0.88605,0.92756,0.00997112,0.00997112,0.00997112
174,10223.1,0.7335,1.07506,1.06119,0.89839,0.96686,0.94403,0.82037,0.64986,0.88734,0.92788,0.00997079,0.00997079,0.00997079
175,10281.3,0.7165,1.06695,1.0444,0.89657,0.97135,0.94295,0.81802,0.64457,0.88033,0.92409,0.00997045,0.00997045,0.00997045
176,10340.5,0.72661,1.0909,1.06214,0.90998,0.96313,0.94305,0.81568,0.64271,0.87778,0.92288,0.00997011,0.00997011,0.00997011
177,10399.2,0.7176,1.07051,1.0588,0.91631,0.9657,0.94752,0.82033,0.64347,0.86706,0.92384,0.00996976,0.00996976,0.00996976
178,10457,0.73154,1.07879,1.06801,0.90275,0.96788,0.94323,0.81622,0.64073,0.86421,0.924,0.00996942,0.00996942,0.00996942
179,10514.9,0.71061,1.05763,1.05273,0.90809,0.97019,0.94138,0.81556,0.63784,0.87089,0.92333,0.00996907,0.00996907,0.00996907
180,10573.1,0.70604,1.06417,1.04305,0.90554,0.95958,0.94391,0.81849,0.63591,0.86161,0.92273,0.00996873,0.00996873,0.00996873
181,10632.2,0.69985,1.09317,1.04107,0.91238,0.96066,0.94681,0.81998,0.63504,0.8698,0.92263,0.00996838,0.00996838,0.00996838
182,10690.5,0.72455,1.08921,1.06003,0.91889,0.95337,0.94759,0.82586,0.6386,0.87309,0.92639,0.00996802,0.00996802,0.00996802
183,10750,0.72517,1.10549,1.05851,0.92146,0.95416,0.94537,0.82248,0.63619,0.87616,0.92575,0.00996767,0.00996767,0.00996767
184,10808.6,0.71161,1.06523,1.04327,0.91267,0.95629,0.94614,0.82587,0.63344,0.87654,0.92491,0.00996731,0.00996731,0.00996731
185,10866.9,0.71799,1.0701,1.05925,0.91256,0.96279,0.94525,0.82502,0.63561,0.8764,0.92625,0.00996696,0.00996696,0.00996696
186,10925.1,0.72602,1.06281,1.05565,0.90882,0.95473,0.94668,0.82276,0.64081,0.87634,0.93183,0.0099666,0.0099666,0.0099666
187,10983.1,0.72108,1.09471,1.04844,0.90992,0.95427,0.94496,0.82285,0.6355,0.87756,0.92576,0.00996624,0.00996624,0.00996624
188,11041.5,0.7096,1.08765,1.04812,0.90574,0.94591,0.94505,0.82608,0.6364,0.88324,0.92364,0.00996587,0.00996587,0.00996587
189,11100,0.71253,1.05793,1.04449,0.90944,0.94875,0.94237,0.8202,0.63737,0.88193,0.92319,0.00996551,0.00996551,0.00996551
190,11158.4,0.70411,1.07074,1.05176,0.90803,0.96065,0.94345,0.81976,0.64218,0.87204,0.92708,0.00996514,0.00996514,0.00996514
191,11216.7,0.7077,1.06191,1.04151,0.91271,0.96136,0.94349,0.81867,0.64154,0.87023,0.92663,0.00996477,0.00996477,0.00996477
192,11274.9,0.71304,1.08293,1.04463,0.91318,0.96641,0.94316,0.81945,0.63517,0.87459,0.92292,0.0099644,0.0099644,0.0099644
193,11333.2,0.71012,1.04771,1.0471,0.91055,0.96877,0.94456,0.82463,0.63071,0.86343,0.92205,0.00996402,0.00996402,0.00996402
194,11391.6,0.71559,1.08033,1.04161,0.90788,0.97067,0.94399,0.82368,0.62777,0.86224,0.92204,0.00996365,0.00996365,0.00996365
195,11451.3,0.70806,1.06628,1.04035,0.90651,0.97184,0.94516,0.82296,0.62635,0.85966,0.92178,0.00996327,0.00996327,0.00996327
196,11509.4,0.70851,1.054,1.04593,0.9098,0.97296,0.94329,0.8231,0.62492,0.86211,0.92128,0.00996289,0.00996289,0.00996289
197,11567.5,0.71218,1.05351,1.04553,0.90446,0.9729,0.94331,0.82346,0.62049,0.85559,0.91911,0.00996251,0.00996251,0.00996251
198,11625.6,0.71074,1.07915,1.05077,0.90741,0.96377,0.94336,0.8214,0.62021,0.85598,0.9178,0.00996213,0.00996213,0.00996213
199,11683.9,0.70551,1.04726,1.05733,0.9086,0.96648,0.94386,0.82261,0.61952,0.85566,0.91808,0.00996174,0.00996174,0.00996174
200,11741.6,0.69921,1.04966,1.04745,0.90574,0.96892,0.94155,0.82514,0.62124,0.85338,0.92011,0.00996136,0.00996136,0.00996136
201,11800.1,0.6956,1.06673,1.03675,0.90248,0.96727,0.94373,0.82911,0.61874,0.84384,0.91957,0.00996097,0.00996097,0.00996097
202,11858.1,0.69254,1.03489,1.03689,0.90437,0.97961,0.94124,0.82743,0.62028,0.84492,0.92184,0.00996058,0.00996058,0.00996058
203,11916.6,0.71776,1.04843,1.05679,0.89095,0.97793,0.94043,0.82496,0.62188,0.85028,0.92278,0.00996018,0.00996018,0.00996018
204,11975.9,0.71612,1.06763,1.05938,0.89769,0.96986,0.94108,0.82347,0.62518,0.84968,0.92481,0.00995979,0.00995979,0.00995979
205,12034.2,0.71215,1.03877,1.05139,0.89833,0.97264,0.94167,0.82456,0.62695,0.84386,0.9265,0.00995939,0.00995939,0.00995939
206,12092,0.68954,1.02008,1.03226,0.89457,0.97647,0.94469,0.82936,0.62556,0.84252,0.92548,0.00995899,0.00995899,0.00995899
207,12150.5,0.70367,1.07744,1.04853,0.88945,0.98125,0.9454,0.83177,0.62633,0.84025,0.92562,0.00995859,0.00995859,0.00995859
208,12209.2,0.70688,1.06247,1.04255,0.89155,0.98104,0.94509,0.83076,0.62632,0.84322,0.92621,0.00995819,0.00995819,0.00995819
209,12267.6,0.71996,1.03345,1.06081,0.89388,0.97793,0.94582,0.82929,0.62881,0.8401,0.92834,0.00995779,0.00995779,0.00995779
210,12326.7,0.68854,0.99959,1.0269,0.89777,0.97434,0.94632,0.83161,0.62824,0.83996,0.92911,0.00995738,0.00995738,0.00995738
211,12385.5,0.70011,1.03469,1.03707,0.89488,0.97382,0.94706,0.83325,0.62626,0.84012,0.92819,0.00995697,0.00995697,0.00995697
212,12444.3,0.69922,1.03438,1.03753,0.89604,0.97122,0.94814,0.83475,0.62432,0.83711,0.92714,0.00995656,0.00995656,0.00995656
213,12502.6,0.70053,1.05204,1.04588,0.89912,0.97142,0.94764,0.83424,0.62185,0.83099,0.92583,0.00995615,0.00995615,0.00995615
214,12560.3,0.6895,1.01401,1.03716,0.89966,0.96769,0.94645,0.83279,0.61949,0.83352,0.9237,0.00995574,0.00995574,0.00995574
215,12618.6,0.71066,1.03028,1.05153,0.91393,0.95307,0.94438,0.8314,0.6177,0.83692,0.92183,0.00995532,0.00995532,0.00995532
216,12676.8,0.70264,1.05173,1.03968,0.91415,0.95307,0.94818,0.83327,0.6167,0.83751,0.92103,0.0099549,0.0099549,0.0099549
217,12735.3,0.69803,1.03329,1.04687,0.91354,0.95394,0.94277,0.82843,0.61807,0.84166,0.92205,0.00995448,0.00995448,0.00995448
218,12793.2,0.69347,1.02278,1.0424,0.91172,0.95307,0.93621,0.82562,0.61704,0.84109,0.92025,0.00995406,0.00995406,0.00995406
219,12851.4,0.68852,1.04209,1.03749,0.90529,0.95396,0.9412,0.83012,0.61683,0.84015,0.91928,0.00995364,0.00995364,0.00995364
220,12909.8,0.69888,1.03891,1.04629,0.8874,0.97903,0.9371,0.82675,0.61634,0.84206,0.91873,0.00995321,0.00995321,0.00995321
221,12967.2,0.68123,1.02949,1.03578,0.88968,0.97771,0.94066,0.83257,0.61662,0.84562,0.91932,0.00995278,0.00995278,0.00995278
222,13025.9,0.69315,1.01143,1.04034,0.9074,0.95307,0.94232,0.8332,0.61757,0.84454,0.91979,0.00995235,0.00995235,0.00995235
223,13084.3,0.69716,1.02737,1.0459,0.91094,0.95403,0.94428,0.83676,0.61765,0.84033,0.92036,0.00995192,0.00995192,0.00995192
224,13142.4,0.69312,0.99862,1.04333,0.90908,0.95492,0.94432,0.83357,0.61547,0.8393,0.91942,0.00995149,0.00995149,0.00995149
225,13200.2,0.69056,0.9994,1.03653,0.91034,0.95307,0.9443,0.83556,0.61636,0.84325,0.92075,0.00995105,0.00995105,0.00995105
226,13258.7,0.69013,1.01716,1.03116,0.91301,0.95433,0.9445,0.83525,0.61515,0.84534,0.92083,0.00995062,0.00995062,0.00995062
227,13316.9,0.69825,1.02571,1.03795,0.91409,0.95468,0.94513,0.83606,0.61333,0.84226,0.92057,0.00995018,0.00995018,0.00995018
228,13375.4,0.68978,1.03991,1.03434,0.91067,0.95155,0.94388,0.83435,0.61213,0.84213,0.91995,0.00994974,0.00994974,0.00994974
229,13433.7,0.70328,1.00962,1.05095,0.9119,0.9521,0.94477,0.83362,0.61257,0.84207,0.92016,0.00994929,0.00994929,0.00994929
230,13491.9,0.70408,1.02271,1.04402,0.91645,0.95202,0.94401,0.83269,0.61231,0.84277,0.92012,0.00994885,0.00994885,0.00994885
231,13550.2,0.68173,1.00539,1.04468,0.89144,0.97352,0.9454,0.83232,0.61263,0.84383,0.92048,0.0099484,0.0099484,0.0099484
232,13609.1,0.68819,0.99249,1.03381,0.89104,0.97033,0.94554,0.83396,0.61232,0.84423,0.92029,0.00994795,0.00994795,0.00994795
233,13667.5,0.68716,0.964,1.03359,0.8942,0.96656,0.94599,0.83628,0.61158,0.84513,0.91964,0.0099475,0.0099475,0.0099475
234,13726.1,0.68253,0.97906,1.03532,0.89523,0.96664,0.94528,0.83649,0.611,0.84321,0.91905,0.00994705,0.00994705,0.00994705
235,13784.5,0.67651,0.984,1.02981,0.90134,0.96712,0.94406,0.83599,0.61054,0.84522,0.91884,0.00994659,0.00994659,0.00994659
236,13843.3,0.68798,1.0282,1.03366,0.90003,0.96478,0.94312,0.83529,0.6089,0.84286,0.91778,0.00994614,0.00994614,0.00994614
237,13901.9,0.68725,0.99117,1.04213,0.90171,0.96538,0.94264,0.83541,0.61024,0.84271,0.91854,0.00994568,0.00994568,0.00994568
238,13960.5,0.67877,0.98362,1.02494,0.90475,0.96115,0.94381,0.83703,0.61026,0.84039,0.91892,0.00994522,0.00994522,0.00994522
239,14019.5,0.6836,0.98974,1.02794,0.90866,0.96402,0.94417,0.83745,0.6095,0.84011,0.91862,0.00994476,0.00994476,0.00994476
240,14079,0.69052,1.00963,1.03758,0.90791,0.96731,0.94325,0.83588,0.6103,0.84235,0.91886,0.00994429,0.00994429,0.00994429
241,14137.5,0.67832,0.9857,1.02755,0.90289,0.96775,0.94431,0.83655,0.60993,0.84058,0.91889,0.00994383,0.00994383,0.00994383
242,14196.6,0.67445,1.0011,1.03139,0.90456,0.96812,0.94536,0.8366,0.60956,0.84025,0.91862,0.00994336,0.00994336,0.00994336
243,14254.8,0.68587,1.00507,1.0351,0.9035,0.96817,0.94371,0.83581,0.60881,0.8404,0.91763,0.00994289,0.00994289,0.00994289
244,14313.2,0.68303,0.95799,1.03055,0.90302,0.96822,0.94511,0.83733,0.60787,0.83987,0.91685,0.00994242,0.00994242,0.00994242
245,14372.5,0.68536,1.00468,1.0332,0.90057,0.96882,0.94423,0.83693,0.60792,0.83862,0.91661,0.00994194,0.00994194,0.00994194
246,14430.8,0.69893,1.01019,1.04132,0.89982,0.96955,0.94624,0.83834,0.60843,0.83593,0.91696,0.00994147,0.00994147,0.00994147
247,14489.8,0.67047,0.9956,1.02707,0.89981,0.9694,0.945,0.83736,0.6078,0.8357,0.91665,0.00994099,0.00994099,0.00994099
248,14546,0.67537,0.96825,1.02535,0.90211,0.9688,0.94237,0.83407,0.60774,0.83551,0.91702,0.00994051,0.00994051,0.00994051
249,14602.6,0.6746,0.98128,1.02647,0.90121,0.96912,0.94195,0.83441,0.60786,0.833,0.9177,0.00994003,0.00994003,0.00994003
250,14656.5,0.66679,0.94049,1.02113,0.9046,0.96943,0.94205,0.83307,0.60844,0.83233,0.9184,0.00993954,0.00993954,0.00993954
251,14711.4,0.67497,0.99614,1.02477,0.90417,0.97216,0.94142,0.83234,0.60907,0.83364,0.9186,0.00993906,0.00993906,0.00993906
252,14766.6,0.66074,0.9421,1.02955,0.9033,0.97201,0.94177,0.8326,0.60863,0.83447,0.91845,0.00993857,0.00993857,0.00993857
253,14822.2,0.67935,0.98019,1.02826,0.90363,0.97157,0.94215,0.83217,0.60918,0.83554,0.91888,0.00993808,0.00993808,0.00993808
254,14876.5,0.67627,0.9886,1.02773,0.90449,0.97195,0.94237,0.83267,0.60856,0.83487,0.91872,0.00993759,0.00993759,0.00993759
255,14931.6,0.67812,0.96952,1.02534,0.90234,0.97251,0.94172,0.83358,0.60828,0.83468,0.91868,0.0099371,0.0099371,0.0099371
256,14987.3,0.68271,0.95081,1.03299,0.90214,0.96986,0.94187,0.83305,0.60792,0.83342,0.91902,0.0099366,0.0099366,0.0099366
257,15043,0.67786,0.97483,1.01925,0.90269,0.96884,0.94279,0.83453,0.60771,0.83263,0.91888,0.0099361,0.0099361,0.0099361
258,15098.4,0.66569,0.93754,1.01707,0.90433,0.96826,0.9433,0.83408,0.60733,0.83345,0.91832,0.0099356,0.0099356,0.0099356
259,15154.1,0.66259,0.95906,1.0097,0.89962,0.96874,0.9433,0.833,0.60742,0.83513,0.91783,0.0099351,0.0099351,0.0099351
260,15209.6,0.67578,0.93532,1.02447,0.89952,0.96667,0.94324,0.83445,0.60688,0.83663,0.91775,0.0099346,0.0099346,0.0099346
261,15267.2,0.6813,0.95239,1.03148,0.89696,0.97254,0.94322,0.83551,0.6068,0.83354,0.91851,0.0099341,0.0099341,0.0099341
262,15323.9,0.65999,0.93615,1.01774,0.89685,0.97272,0.94491,0.83655,0.6068,0.83206,0.91849,0.00993359,0.00993359,0.00993359
263,15378.7,0.66484,0.94022,1.02684,0.89919,0.97276,0.94495,0.83548,0.60688,0.83049,0.91824,0.00993308,0.00993308,0.00993308
264,15432.9,0.6638,0.95403,1.02075,0.89968,0.97253,0.94423,0.83576,0.6066,0.82996,0.9181,0.00993257,0.00993257,0.00993257
265,15487.5,0.6702,0.93785,1.02551,0.89763,0.97337,0.94416,0.83293,0.60622,0.82771,0.9179,0.00993206,0.00993206,0.00993206
266,15542.9,0.67816,0.9508,1.02678,0.89584,0.97502,0.94524,0.83278,0.60568,0.82793,0.91679,0.00993154,0.00993154,0.00993154
267,15597.9,0.68427,0.97071,1.02943,0.89363,0.97502,0.94233,0.83069,0.60615,0.82737,0.91752,0.00993103,0.00993103,0.00993103
268,15652.8,0.67456,0.95818,1.01991,0.89358,0.97435,0.94366,0.83117,0.60712,0.82809,0.91841,0.00993051,0.00993051,0.00993051
269,15707.1,0.65759,0.93011,1.01571,0.89266,0.97353,0.94258,0.83123,0.60696,0.82954,0.91817,0.00992999,0.00992999,0.00992999
270,15761.7,0.67353,0.94163,1.03505,0.89358,0.9743,0.94453,0.83334,0.60691,0.83009,0.91808,0.00992946,0.00992946,0.00992946
271,15816.7,0.65847,0.94636,1.02244,0.89353,0.97376,0.94322,0.83196,0.60726,0.82765,0.91871,0.00992894,0.00992894,0.00992894
272,15872,0.65857,0.94416,1.01265,0.89359,0.97447,0.94368,0.83247,0.60722,0.82485,0.91898,0.00992841,0.00992841,0.00992841
273,15926.4,0.668,0.92602,1.01627,0.89364,0.9751,0.94343,0.8327,0.60713,0.82446,0.91885,0.00992789,0.00992789,0.00992789
274,15981.9,0.66287,0.94726,1.00844,0.89377,0.97657,0.94352,0.83378,0.60717,0.8236,0.91879,0.00992736,0.00992736,0.00992736
275,16036.7,0.66738,0.93649,1.02934,0.8935,0.97843,0.94306,0.83208,0.60711,0.82354,0.91871,0.00992682,0.00992682,0.00992682
276,16092.3,0.66508,0.9128,1.02376,0.89429,0.97619,0.94494,0.8355,0.60689,0.82294,0.91879,0.00992629,0.00992629,0.00992629
277,16147.5,0.65588,0.91818,1.02495,0.89452,0.97827,0.94318,0.83392,0.60726,0.82145,0.91888,0.00992576,0.00992576,0.00992576
278,16203.4,0.67348,0.92569,1.02223,0.89506,0.97822,0.9452,0.83595,0.60719,0.82186,0.91916,0.00992522,0.00992522,0.00992522
279,16259.5,0.66093,0.93682,1.02155,0.89492,0.9778,0.94441,0.83561,0.60677,0.82362,0.91904,0.00992468,0.00992468,0.00992468
280,16315,0.66102,0.91373,1.00886,0.89393,0.97754,0.9439,0.83469,0.60707,0.82283,0.91913,0.00992414,0.00992414,0.00992414
281,16370.4,0.65372,0.89395,1.01381,0.89367,0.97794,0.94374,0.83414,0.60764,0.82381,0.91922,0.00992359,0.00992359,0.00992359
282,16425.5,0.66152,0.94018,1.0203,0.89377,0.97841,0.94185,0.83311,0.60756,0.8216,0.91912,0.00992305,0.00992305,0.00992305
283,16481.6,0.66779,0.91542,1.02379,0.89538,0.97834,0.94205,0.83267,0.60756,0.82024,0.9193,0.0099225,0.0099225,0.0099225
284,16536.2,0.6567,0.90744,1.00598,0.89562,0.97882,0.94336,0.83262,0.60756,0.82214,0.91925,0.00992195,0.00992195,0.00992195
285,16590.7,0.66163,0.91334,1.01032,0.89553,0.97863,0.94299,0.83204,0.60762,0.82363,0.91921,0.0099214,0.0099214,0.0099214
286,16645.1,0.65212,0.90937,1.0158,0.89374,0.98011,0.94323,0.83464,0.60739,0.82285,0.919,0.00992085,0.00992085,0.00992085
287,16699.9,0.65762,0.93475,1.0155,0.89384,0.98011,0.94078,0.83258,0.60725,0.82263,0.91904,0.00992029,0.00992029,0.00992029
288,16754.8,0.65264,0.92895,1.01624,0.89388,0.98011,0.93992,0.82848,0.60733,0.82395,0.91922,0.00991974,0.00991974,0.00991974
289,16809.5,0.66522,0.90006,1.01413,0.89647,0.98011,0.94017,0.82917,0.60707,0.82392,0.91906,0.00991918,0.00991918,0.00991918
290,16863.7,0.64825,0.89984,1.00536,0.89634,0.98011,0.94046,0.82823,0.60739,0.82292,0.919,0.00991862,0.00991862,0.00991862
291,16918.8,0.64459,0.90372,1.00295,0.89611,0.98011,0.94039,0.82862,0.60742,0.82226,0.91903,0.00991805,0.00991805,0.00991805
292,16973.8,0.65491,0.93406,1.01546,0.89454,0.98011,0.93939,0.82665,0.60764,0.82176,0.91889,0.00991749,0.00991749,0.00991749
293,17029.2,0.65012,0.86968,1.00883,0.89735,0.98011,0.9395,0.82688,0.60769,0.82065,0.91905,0.00991692,0.00991692,0.00991692
294,17084.1,0.65906,0.89822,1.01181,0.89302,0.98011,0.93985,0.82842,0.60781,0.8213,0.91926,0.00991635,0.00991635,0.00991635
295,17137,0.65205,0.90951,1.01954,0.89192,0.98011,0.9384,0.82717,0.60711,0.82349,0.91905,0.00991578,0.00991578,0.00991578
296,17190.9,0.66602,0.90707,1.02028,0.89133,0.98011,0.93905,0.82786,0.60731,0.82266,0.9194,0.00991521,0.00991521,0.00991521
297,17245.4,0.653,0.90396,1.01175,0.89229,0.98011,0.93829,0.82778,0.60717,0.82098,0.91937,0.00991464,0.00991464,0.00991464
298,17299.3,0.66939,0.89748,1.02182,0.89418,0.98011,0.93805,0.8278,0.60694,0.81755,0.91918,0.00991406,0.00991406,0.00991406
299,17354,0.65196,0.91671,1.02268,0.89438,0.98011,0.93832,0.82803,0.60684,0.81762,0.91897,0.00991348,0.00991348,0.00991348
300,17409.1,0.65932,0.90978,1.01437,0.89421,0.98011,0.93767,0.82725,0.60674,0.81559,0.91908,0.0099129,0.0099129,0.0099129
301,17463.5,0.65447,0.88591,1.02087,0.89341,0.98011,0.93867,0.82845,0.60688,0.81476,0.91897,0.00991232,0.00991232,0.00991232
302,17517.2,0.65374,0.89443,1.01068,0.89427,0.98011,0.93906,0.82887,0.60688,0.8127,0.91909,0.00991174,0.00991174,0.00991174
303,17572.5,0.65792,0.92449,1.0132,0.89517,0.98011,0.93786,0.8277,0.60696,0.8139,0.91909,0.00991115,0.00991115,0.00991115
304,17627.4,0.65773,0.89191,1.01497,0.89692,0.98011,0.93848,0.82862,0.60718,0.81129,0.91975,0.00991056,0.00991056,0.00991056
305,17683,0.64855,0.89974,1.01266,0.89712,0.98011,0.93821,0.82804,0.60689,0.80869,0.91949,0.00990998,0.00990998,0.00990998
306,17736.9,0.66454,0.89596,1.01748,0.89274,0.98011,0.93789,0.8277,0.60665,0.80712,0.91846,0.00990938,0.00990938,0.00990938
307,17791.5,0.65551,0.91116,1.00909,0.89269,0.98011,0.93787,0.83067,0.60663,0.80762,0.91848,0.00990879,0.00990879,0.00990879
308,17846.5,0.65233,0.90339,1.01422,0.89282,0.98011,0.93764,0.82823,0.60623,0.80639,0.91829,0.0099082,0.0099082,0.0099082
309,17900.4,0.65763,0.89176,1.00895,0.89238,0.98011,0.93742,0.83048,0.60605,0.80528,0.91798,0.0099076,0.0099076,0.0099076
310,17954.8,0.66387,0.91741,1.0194,0.89233,0.98011,0.93881,0.83234,0.60675,0.80496,0.91807,0.009907,0.009907,0.009907
311,18009.8,0.64327,0.95755,1.00331,0.89466,0.98011,0.93877,0.83171,0.60666,0.80275,0.91799,0.0099064,0.0099064,0.0099064
312,18065,0.65505,0.91147,1.01434,0.89248,0.98011,0.93879,0.83044,0.60703,0.80258,0.91809,0.0099058,0.0099058,0.0099058
313,18120.8,0.66186,0.89221,1.01731,0.89259,0.98043,0.93992,0.83134,0.6075,0.80252,0.9184,0.00990519,0.00990519,0.00990519
314,18175.4,0.64575,0.86846,1.00565,0.89329,0.98011,0.9407,0.83198,0.60737,0.80301,0.91847,0.00990458,0.00990458,0.00990458
315,18230.4,0.66242,0.86155,1.01777,0.89342,0.98011,0.94007,0.83118,0.60737,0.80245,0.91853,0.00990397,0.00990397,0.00990397
316,18284.9,0.64239,0.86602,0.9992,0.89314,0.98011,0.93979,0.83286,0.60719,0.8025,0.91848,0.00990336,0.00990336,0.00990336
317,18339.8,0.64525,0.89005,1.00529,0.89279,0.98295,0.93932,0.8341,0.60719,0.80232,0.91855,0.00990275,0.00990275,0.00990275
318,18395.1,0.64392,0.88972,1.00151,0.89204,0.98295,0.9399,0.83413,0.60726,0.80226,0.91871,0.00990214,0.00990214,0.00990214
319,18449.8,0.64143,0.86508,1.00098,0.89163,0.98295,0.94009,0.83514,0.60723,0.8029,0.91862,0.00990152,0.00990152,0.00990152
320,18503.7,0.63497,0.86667,1.01018,0.89267,0.98286,0.93966,0.83501,0.60724,0.80312,0.91859,0.0099009,0.0099009,0.0099009
321,18557.8,0.64184,0.88894,1.00928,0.89263,0.98206,0.93866,0.83439,0.60712,0.80245,0.91855,0.00990028,0.00990028,0.00990028
322,18611.6,0.65573,0.87005,1.01039,0.89492,0.98291,0.93953,0.83492,0.60718,0.80169,0.91841,0.00989966,0.00989966,0.00989966
323,18664.1,0.63712,0.90257,1.00221,0.89489,0.98286,0.94067,0.83587,0.60709,0.80059,0.91825,0.00989904,0.00989904,0.00989904
324,18716,0.64509,0.84349,1.011,0.8949,0.98242,0.9398,0.83495,0.60698,0.79964,0.91833,0.00989841,0.00989841,0.00989841
325,18768.8,0.64962,0.87753,1.00774,0.89507,0.98295,0.94039,0.83559,0.60673,0.79849,0.91822,0.00989778,0.00989778,0.00989778
326,18821.9,0.65482,0.88574,1.01059,0.89506,0.98295,0.94064,0.83581,0.60622,0.79754,0.91796,0.00989715,0.00989715,0.00989715
327,18874.3,0.62898,0.84863,0.99753,0.89509,0.98295,0.94049,0.83631,0.60619,0.79778,0.91808,0.00989652,0.00989652,0.00989652
328,18926.5,0.65466,0.89299,1.01914,0.89494,0.98295,0.94059,0.83671,0.60597,0.79775,0.91802,0.00989589,0.00989589,0.00989589
329,18979.2,0.63714,0.84386,1.00444,0.895,0.98295,0.93988,0.83606,0.60591,0.79745,0.91825,0.00989525,0.00989525,0.00989525
330,19031.9,0.64791,0.88743,1.00908,0.89505,0.9812,0.94045,0.83708,0.60586,0.797,0.9181,0.00989461,0.00989461,0.00989461
331,19084.3,0.63891,0.86017,1.00312,0.89526,0.98151,0.94043,0.83717,0.60593,0.79499,0.91821,0.00989398,0.00989398,0.00989398
332,19138,0.64544,0.86912,1.00406,0.90196,0.97339,0.94059,0.83716,0.60581,0.7954,0.91805,0.00989333,0.00989333,0.00989333
333,19191.6,0.64359,0.86027,1.00518,0.90208,0.9731,0.94068,0.8375,0.60538,0.79562,0.91804,0.00989269,0.00989269,0.00989269
334,19243.1,0.6396,0.85277,1.00228,0.90222,0.97324,0.94115,0.83832,0.60536,0.79639,0.91794,0.00989205,0.00989205,0.00989205
335,19295.2,0.6415,0.86568,1.0008,0.90283,0.97335,0.94079,0.83791,0.60554,0.79674,0.91809,0.0098914,0.0098914,0.0098914
336,19347.3,0.63623,0.87246,1.00449,0.90334,0.97324,0.94044,0.83733,0.60526,0.79536,0.9179,0.00989075,0.00989075,0.00989075
337,19400,0.63691,0.86154,0.99422,0.90427,0.97443,0.94077,0.83799,0.60547,0.79502,0.91801,0.0098901,0.0098901,0.0098901
338,19451.5,0.63537,0.85766,0.99416,0.90352,0.97727,0.94083,0.83768,0.60562,0.79505,0.91825,0.00988945,0.00988945,0.00988945
339,19503.5,0.62775,0.8702,0.99946,0.90306,0.97537,0.9413,0.83834,0.60531,0.7948,0.9182,0.00988879,0.00988879,0.00988879
340,19554.3,0.62245,0.85586,0.99536,0.90286,0.97727,0.9416,0.83792,0.60512,0.79507,0.91821,0.00988814,0.00988814,0.00988814
341,19606.8,0.63692,0.83654,0.99939,0.90479,0.97913,0.94144,0.83762,0.60493,0.79466,0.91826,0.00988748,0.00988748,0.00988748
342,19658.4,0.64575,0.85344,0.99815,0.89993,0.98011,0.94249,0.83883,0.60474,0.79525,0.91841,0.00988682,0.00988682,0.00988682
343,19711.3,0.6383,0.87768,1.00556,0.90226,0.98011,0.94171,0.83807,0.60466,0.79616,0.91836,0.00988615,0.00988615,0.00988615
344,19763,0.64006,0.8498,0.9962,0.90419,0.98011,0.94258,0.83857,0.60445,0.79589,0.91815,0.00988549,0.00988549,0.00988549
345,19815,0.62218,0.8485,0.9869,0.90396,0.98011,0.94413,0.83916,0.60431,0.79686,0.91831,0.00988482,0.00988482,0.00988482
346,19867.2,0.64277,0.90934,1.00183,0.8974,0.98011,0.9433,0.83815,0.60419,0.79682,0.91837,0.00988416,0.00988416,0.00988416
347,19919,0.65628,0.91155,1.01077,0.89748,0.98011,0.94405,0.83838,0.60414,0.79682,0.91837,0.00988349,0.00988349,0.00988349
348,19971.9,0.62996,0.85386,0.99554,0.90399,0.98011,0.94369,0.83781,0.6037,0.79529,0.91796,0.00988281,0.00988281,0.00988281
349,20023.8,0.64778,0.86699,1.00534,0.89386,0.98011,0.94372,0.83881,0.60407,0.7966,0.91797,0.00988214,0.00988214,0.00988214
350,20076.7,0.6393,0.83489,0.99896,0.89344,0.98157,0.94349,0.83861,0.60385,0.79535,0.91779,0.00988147,0.00988147,0.00988147
351,20128.9,0.63768,0.81104,0.99556,0.89344,0.98164,0.94454,0.838,0.6037,0.79496,0.91771,0.00988079,0.00988079,0.00988079
352,20180.7,0.64521,0.83232,1.01184,0.9079,0.97776,0.94476,0.83888,0.60395,0.79612,0.91774,0.00988011,0.00988011,0.00988011
353,20233.6,0.64159,0.85685,1.00564,0.90721,0.97841,0.94444,0.83883,0.60364,0.79555,0.91757,0.00987943,0.00987943,0.00987943
354,20285.7,0.645,0.8745,0.99924,0.90765,0.97977,0.94473,0.83861,0.60336,0.79646,0.91759,0.00987874,0.00987874,0.00987874
355,20338.4,0.6331,0.86978,1.00707,0.90713,0.97991,0.94484,0.83961,0.60335,0.79689,0.91757,0.00987806,0.00987806,0.00987806
356,20390.8,0.64296,0.85515,1.00563,0.90887,0.9796,0.94418,0.83868,0.60324,0.79627,0.91728,0.00987737,0.00987737,0.00987737
357,20443.4,0.63279,0.8264,1.00029,0.90947,0.97913,0.94521,0.83953,0.60313,0.79656,0.91713,0.00987668,0.00987668,0.00987668
358,20496.6,0.63817,0.84786,0.99922,0.89341,0.98011,0.94308,0.83712,0.60296,0.79667,0.91698,0.00987599,0.00987599,0.00987599
359,20549.2,0.63476,0.84602,0.99688,0.89367,0.98011,0.94443,0.83847,0.60279,0.79713,0.91687,0.0098753,0.0098753,0.0098753
360,20601.9,0.64486,0.85688,1.01019,0.89382,0.98011,0.94467,0.83931,0.60259,0.79781,0.91677,0.0098746,0.0098746,0.0098746
361,20653.7,0.63303,0.8321,0.99746,0.8961,0.97963,0.94534,0.83977,0.60218,0.79708,0.91662,0.00987391,0.00987391,0.00987391
362,20706.2,0.63555,0.85478,1.00088,0.89385,0.98011,0.9447,0.83885,0.60184,0.79701,0.9164,0.00987321,0.00987321,0.00987321
363,20761.1,0.63016,0.83915,0.99837,0.89386,0.98011,0.94658,0.84063,0.60166,0.79812,0.91626,0.00987251,0.00987251,0.00987251
364,20814.7,0.63365,0.8308,0.98772,0.89386,0.98011,0.94525,0.83919,0.60147,0.79803,0.91612,0.00987181,0.00987181,0.00987181
365,20867.3,0.62425,0.81685,0.99064,0.89412,0.98011,0.94587,0.84033,0.60142,0.80006,0.91622,0.0098711,0.0098711,0.0098711
366,20920.2,0.62647,0.83882,0.99176,0.89833,0.97215,0.94692,0.8407,0.60148,0.80017,0.91623,0.0098704,0.0098704,0.0098704
367,20972.4,0.62183,0.82688,0.99735,0.89839,0.97409,0.94662,0.84052,0.60095,0.80072,0.91636,0.00986969,0.00986969,0.00986969
368,21025.3,0.63417,0.82242,0.99486,0.89841,0.97507,0.94747,0.84166,0.60118,0.8011,0.91642,0.00986898,0.00986898,0.00986898
369,21077.5,0.61494,0.78776,0.98736,0.89843,0.9753,0.94629,0.84046,0.60095,0.80175,0.91633,0.00986827,0.00986827,0.00986827
370,21129.8,0.64326,0.84451,1.00634,0.89614,0.97896,0.94638,0.84079,0.60088,0.80352,0.91644,0.00986755,0.00986755,0.00986755
371,21183.2,0.6355,0.82344,1.00194,0.89665,0.98011,0.94632,0.84037,0.60117,0.80406,0.91646,0.00986684,0.00986684,0.00986684
372,21236.9,0.62713,0.82995,1.00046,0.8972,0.97951,0.94683,0.84151,0.60124,0.80506,0.91675,0.00986612,0.00986612,0.00986612
373,21290.4,0.62785,0.85827,0.99479,0.89728,0.98011,0.94637,0.84023,0.60093,0.80492,0.91656,0.0098654,0.0098654,0.0098654
374,21343.7,0.64887,0.84774,1.00408,0.89738,0.978,0.94703,0.84118,0.60121,0.80517,0.91673,0.00986468,0.00986468,0.00986468
375,21396.4,0.63557,0.8373,1.00059,0.89754,0.97792,0.94676,0.84144,0.60132,0.80425,0.91691,0.00986396,0.00986396,0.00986396
376,21448.9,0.63379,0.80883,0.99565,0.9002,0.97213,0.94533,0.83996,0.60098,0.80531,0.91667,0.00986323,0.00986323,0.00986323
377,21501.7,0.62708,0.84507,1.01064,0.89919,0.9787,0.94626,0.84189,0.60113,0.80539,0.9169,0.0098625,0.0098625,0.0098625
378,21555,0.63181,0.8244,0.99844,0.90054,0.97776,0.94699,0.84218,0.60076,0.80502,0.91677,0.00986178,0.00986178,0.00986178
379,21609.5,0.64178,0.81695,1.00751,0.90051,0.97734,0.94674,0.84283,0.60099,0.80607,0.91702,0.00986104,0.00986104,0.00986104
380,21662.5,0.63305,0.83289,0.99237,0.90046,0.97878,0.94594,0.8417,0.60101,0.80891,0.91703,0.00986031,0.00986031,0.00986031
381,21715.4,0.63771,0.81908,0.99978,0.90031,0.97995,0.94716,0.84287,0.60131,0.80902,0.91702,0.00985958,0.00985958,0.00985958
382,21768.5,0.62127,0.83118,0.98481,0.8996,0.98011,0.94642,0.84156,0.60176,0.81028,0.91732,0.00985884,0.00985884,0.00985884
383,21822,0.62115,0.81141,0.99268,0.90003,0.98011,0.94766,0.84306,0.60136,0.80853,0.91706,0.0098581,0.0098581,0.0098581
384,21876.4,0.63706,0.84204,0.99575,0.89952,0.98011,0.94679,0.8416,0.6011,0.80912,0.9172,0.00985736,0.00985736,0.00985736
385,21930.3,0.64254,0.85273,1.00805,0.90001,0.97969,0.94777,0.84196,0.60117,0.80973,0.91719,0.00985662,0.00985662,0.00985662
386,21983.3,0.61724,0.80303,0.99066,0.89994,0.98011,0.94759,0.84228,0.60103,0.81023,0.91694,0.00985588,0.00985588,0.00985588
387,22036.2,0.63773,0.83135,1.00727,0.89988,0.98011,0.94791,0.84315,0.60037,0.81019,0.91678,0.00985513,0.00985513,0.00985513
388,22089.6,0.62532,0.79904,0.99671,0.89981,0.98011,0.94686,0.84195,0.60054,0.81158,0.91648,0.00985438,0.00985438,0.00985438
389,22142.3,0.63287,0.82976,0.99613,0.90009,0.98011,0.94784,0.8436,0.60048,0.81106,0.91662,0.00985363,0.00985363,0.00985363
390,22194.3,0.62162,0.83592,0.99422,0.90043,0.97913,0.94774,0.84294,0.60019,0.80961,0.9161,0.00985288,0.00985288,0.00985288
391,22247.5,0.62731,0.81965,0.99065,0.90064,0.9797,0.94763,0.84256,0.60027,0.80882,0.91623,0.00985213,0.00985213,0.00985213
392,22299.9,0.63945,0.84282,0.99917,0.90044,0.98011,0.94828,0.84281,0.60018,0.80846,0.9162,0.00985137,0.00985137,0.00985137
393,22353.1,0.62325,0.80902,0.98266,0.89982,0.98,0.94821,0.84307,0.60035,0.80791,0.91598,0.00985061,0.00985061,0.00985061
394,22405.2,0.62812,0.79728,0.9912,0.89922,0.97972,0.94758,0.84246,0.60049,0.80838,0.91606,0.00984985,0.00984985,0.00984985
395,22457.7,0.61675,0.81328,0.98868,0.89797,0.98011,0.94813,0.84318,0.6005,0.80694,0.91603,0.00984909,0.00984909,0.00984909
396,22509.2,0.61922,0.80699,0.99075,0.89812,0.98011,0.94795,0.84304,0.60015,0.80638,0.91583,0.00984833,0.00984833,0.00984833
397,22560.1,0.62394,0.8363,0.98675,0.8994,0.97744,0.94854,0.84371,0.60047,0.80766,0.91593,0.00984757,0.00984757,0.00984757
398,22612.3,0.62332,0.82222,0.99473,0.89816,0.97872,0.94788,0.84383,0.6001,0.80708,0.91565,0.0098468,0.0098468,0.0098468
399,22664.4,0.62594,0.84436,0.99309,0.89904,0.97713,0.94844,0.8438,0.60011,0.80664,0.91559,0.00984603,0.00984603,0.00984603
400,22716.9,0.62141,0.80139,0.99806,0.89862,0.97724,0.94909,0.84429,0.59948,0.80468,0.91498,0.00984526,0.00984526,0.00984526
401,22769.8,0.61328,0.81966,0.98894,0.89885,0.97733,0.94942,0.84427,0.59946,0.8051,0.91523,0.00984449,0.00984449,0.00984449
402,22823,0.6436,0.82605,1.00044,0.90003,0.97547,0.94874,0.84404,0.5996,0.80493,0.91508,0.00984371,0.00984371,0.00984371
403,22875.6,0.61397,0.81439,0.98064,0.90027,0.97516,0.94929,0.84486,0.59949,0.80474,0.91507,0.00984294,0.00984294,0.00984294
404,22928.1,0.61522,0.80537,0.98411,0.90125,0.97525,0.94816,0.84343,0.5994,0.80513,0.91508,0.00984216,0.00984216,0.00984216
405,22982,0.62587,0.82345,0.98953,0.90149,0.97511,0.94858,0.84391,0.59917,0.80363,0.91481,0.00984138,0.00984138,0.00984138
406,23035.9,0.62743,0.81949,0.99149,0.90155,0.97511,0.94936,0.84472,0.59945,0.80408,0.91479,0.0098406,0.0098406,0.0098406
407,23088.3,0.61708,0.80744,0.9898,0.90115,0.97511,0.94883,0.84437,0.59912,0.80428,0.91459,0.00983981,0.00983981,0.00983981
408,23141.7,0.63254,0.81661,0.98552,0.90068,0.9752,0.94912,0.84415,0.59934,0.80464,0.91461,0.00983903,0.00983903,0.00983903
409,23194.7,0.63335,0.79638,0.99956,0.90066,0.97503,0.94867,0.84255,0.59886,0.80296,0.91422,0.00983824,0.00983824,0.00983824
410,23248,0.62655,0.80284,0.99348,0.89883,0.97488,0.94978,0.84302,0.59874,0.80206,0.91399,0.00983745,0.00983745,0.00983745
411,23300.5,0.61843,0.82138,0.98675,0.89793,0.97285,0.94909,0.84205,0.59842,0.80248,0.91383,0.00983666,0.00983666,0.00983666
412,23354.1,0.63839,0.80493,0.99488,0.90034,0.97417,0.94881,0.84268,0.59866,0.80191,0.91419,0.00983586,0.00983586,0.00983586
413,23407.1,0.62895,0.81209,0.99118,0.89791,0.97259,0.94957,0.8428,0.59822,0.80234,0.91394,0.00983507,0.00983507,0.00983507
414,23459.6,0.61248,0.8048,0.98869,0.89785,0.972,0.94986,0.84297,0.59812,0.80131,0.91373,0.00983427,0.00983427,0.00983427
415,23511.1,0.6149,0.81305,0.99291,0.89109,0.98171,0.95018,0.84445,0.59815,0.80253,0.91384,0.00983347,0.00983347,0.00983347
416,23563.2,0.61933,0.81797,1.00101,0.89141,0.9821,0.95015,0.84387,0.59784,0.8035,0.91349,0.00983267,0.00983267,0.00983267
417,23615.8,0.62281,0.80969,0.98864,0.89159,0.98216,0.94936,0.84317,0.59807,0.8028,0.91351,0.00983187,0.00983187,0.00983187
418,23669,0.60999,0.77012,0.98013,0.8917,0.98238,0.94961,0.84426,0.59725,0.80462,0.91294,0.00983106,0.00983106,0.00983106
419,23722.1,0.63177,0.82547,0.98995,0.89183,0.98252,0.94999,0.84392,0.59716,0.80565,0.91284,0.00983026,0.00983026,0.00983026
420,23773.9,0.60532,0.7894,0.98313,0.89212,0.98263,0.95003,0.84398,0.59683,0.80542,0.91271,0.00982945,0.00982945,0.00982945
421,23826.9,0.61888,0.80625,0.99501,0.89223,0.98268,0.95035,0.84438,0.59637,0.80491,0.9122,0.00982864,0.00982864,0.00982864
422,23879.5,0.61842,0.79694,0.98715,0.89221,0.98222,0.95102,0.84455,0.5959,0.80317,0.91186,0.00982783,0.00982783,0.00982783
423,23931.8,0.63035,0.79152,0.99031,0.89191,0.98214,0.95131,0.84511,0.59598,0.80297,0.91147,0.00982701,0.00982701,0.00982701
424,23982.6,0.59906,0.78838,0.97558,0.89203,0.98139,0.9515,0.84534,0.59569,0.80367,0.91147,0.0098262,0.0098262,0.0098262
425,24035.6,0.62826,0.81123,0.99359,0.8919,0.98089,0.95135,0.84427,0.59536,0.80418,0.91126,0.00982538,0.00982538,0.00982538
426,24087.3,0.62187,0.79489,0.9908,0.89072,0.98167,0.95134,0.84508,0.59626,0.80512,0.91178,0.00982456,0.00982456,0.00982456
427,24139.3,0.62142,0.81705,0.98868,0.89035,0.98134,0.95132,0.84593,0.59598,0.80447,0.91142,0.00982374,0.00982374,0.00982374
428,24192,0.61287,0.81178,0.99313,0.89012,0.98116,0.95077,0.84556,0.59573,0.80389,0.91135,0.00982291,0.00982291,0.00982291
429,24243.2,0.6208,0.79964,0.99921,0.9042,0.9652,0.95161,0.84654,0.59545,0.8042,0.91095,0.00982209,0.00982209,0.00982209
430,24295.4,0.62302,0.8012,0.99549,0.90428,0.96607,0.9509,0.84569,0.59575,0.80444,0.91117,0.00982126,0.00982126,0.00982126
431,24345.9,0.61991,0.82578,0.99225,0.90425,0.96586,0.95066,0.84492,0.59546,0.80498,0.91087,0.00982043,0.00982043,0.00982043
432,24398.8,0.60171,0.79108,0.97767,0.90417,0.96517,0.95126,0.84598,0.59577,0.80516,0.91083,0.0098196,0.0098196,0.0098196
433,24450.8,0.6092,0.79753,0.99096,0.9041,0.96458,0.95125,0.84514,0.59556,0.80507,0.91073,0.00981877,0.00981877,0.00981877
434,24502,0.60686,0.80637,0.98778,0.9042,0.96382,0.95128,0.84372,0.59573,0.80522,0.91065,0.00981793,0.00981793,0.00981793
435,24554.5,0.61468,0.79047,0.98648,0.90482,0.96408,0.9516,0.84462,0.59579,0.80495,0.91072,0.0098171,0.0098171,0.0098171
436,24606.1,0.61919,0.79947,0.99315,0.90541,0.96451,0.95155,0.84469,0.59583,0.80451,0.91064,0.00981626,0.00981626,0.00981626
437,24657.5,0.60097,0.78319,0.98137,0.90595,0.96466,0.95195,0.8448,0.59589,0.80447,0.91068,0.00981542,0.00981542,0.00981542
438,24708.4,0.61072,0.7688,0.99055,0.906,0.96481,0.95152,0.8454,0.59604,0.80405,0.9107,0.00981458,0.00981458,0.00981458
439,24759,0.61811,0.79151,0.98231,0.90696,0.9645,0.95142,0.84551,0.5961,0.80329,0.91097,0.00981373,0.00981373,0.00981373
440,24811,0.61062,0.78432,0.98771,0.90733,0.96434,0.95153,0.84463,0.59607,0.80223,0.91094,0.00981288,0.00981288,0.00981288
441,24863.9,0.6136,0.77638,0.98583,0.90718,0.96443,0.95144,0.84492,0.5963,0.80358,0.91113,0.00981204,0.00981204,0.00981204
442,24916.9,0.61896,0.81286,0.98765,0.90778,0.96424,0.95049,0.84382,0.59615,0.8016,0.91094,0.00981119,0.00981119,0.00981119
443,24969.3,0.6211,0.80169,0.98638,0.90785,0.96405,0.95182,0.84726,0.59639,0.8025,0.91114,0.00981034,0.00981034,0.00981034
444,25021.4,0.6072,0.78913,0.98369,0.9079,0.96396,0.95187,0.84648,0.59656,0.80354,0.91133,0.00980948,0.00980948,0.00980948
445,25073.7,0.60554,0.7821,0.9888,0.90799,0.96401,0.95219,0.84586,0.59621,0.80347,0.91116,0.00980863,0.00980863,0.00980863
446,25124.6,0.60114,0.76695,0.97651,0.90779,0.96407,0.9516,0.84768,0.59669,0.80416,0.91142,0.00980777,0.00980777,0.00980777
447,25176.8,0.61661,0.78925,0.9928,0.9079,0.96412,0.95151,0.8458,0.59661,0.80421,0.91159,0.00980691,0.00980691,0.00980691
448,25229.1,0.61449,0.78644,0.98078,0.9079,0.96426,0.95124,0.84568,0.5962,0.80534,0.91139,0.00980605,0.00980605,0.00980605
449,25284.2,0.62805,0.79853,0.98758,0.90791,0.96418,0.95092,0.84581,0.59617,0.80524,0.91153,0.00980519,0.00980519,0.00980519
450,25336.6,0.6174,0.79217,0.98605,0.90791,0.96443,0.95075,0.84534,0.59654,0.80474,0.91159,0.00980432,0.00980432,0.00980432
451,25387.6,0.59644,0.7591,0.97232,0.90792,0.96443,0.95088,0.84551,0.59653,0.8053,0.91152,0.00980345,0.00980345,0.00980345
452,25438.8,0.61946,0.81585,0.98874,0.90786,0.96443,0.95105,0.84595,0.5965,0.80444,0.91153,0.00980259,0.00980259,0.00980259
453,25490.4,0.61438,0.80352,0.99121,0.90802,0.96443,0.95151,0.84632,0.59638,0.80546,0.9115,0.00980171,0.00980171,0.00980171
454,25541.6,0.61654,0.78946,0.99495,0.908,0.96443,0.9506,0.84457,0.59659,0.80541,0.91138,0.00980084,0.00980084,0.00980084
455,25593.3,0.60765,0.7981,0.97869,0.90798,0.96443,0.95077,0.84549,0.59677,0.80575,0.91142,0.00979997,0.00979997,0.00979997
456,25644.9,0.60582,0.77253,0.98492,0.90803,0.96443,0.95096,0.84591,0.59658,0.80711,0.91148,0.00979909,0.00979909,0.00979909
457,25694.7,0.6104,0.77363,0.99317,0.90815,0.96443,0.95134,0.84598,0.59671,0.80725,0.91175,0.00979821,0.00979821,0.00979821
458,25744.7,0.60408,0.79435,0.98344,0.90811,0.96443,0.95147,0.84689,0.59685,0.80802,0.91193,0.00979733,0.00979733,0.00979733
459,25793.1,0.59713,0.77524,0.98395,0.90615,0.9616,0.95077,0.84674,0.59679,0.80816,0.91206,0.00979645,0.00979645,0.00979645
460,25843,0.60559,0.78569,0.98224,0.90611,0.96432,0.95111,0.84637,0.59687,0.80762,0.91213,0.00979557,0.00979557,0.00979557
461,25892.3,0.60066,0.75499,0.97868,0.90611,0.96432,0.95115,0.84563,0.59683,0.80826,0.91216,0.00979468,0.00979468,0.00979468
462,25941.3,0.5962,0.7627,0.97672,0.90568,0.96443,0.95168,0.84643,0.59668,0.80954,0.91217,0.0097938,0.0097938,0.0097938
463,25991,0.61211,0.76974,0.99012,0.90528,0.96443,0.95163,0.84617,0.59668,0.80847,0.91292,0.00979291,0.00979291,0.00979291
464,26041.2,0.60303,0.79185,0.97798,0.90512,0.96443,0.95156,0.84662,0.59681,0.80692,0.91291,0.00979202,0.00979202,0.00979202
465,26090.9,0.60863,0.78022,0.97821,0.90512,0.96443,0.95153,0.84524,0.59654,0.80682,0.91277,0.00979112,0.00979112,0.00979112
466,26141.4,0.61101,0.77418,0.9956,0.90509,0.96443,0.95172,0.84644,0.59621,0.80594,0.91287,0.00979023,0.00979023,0.00979023
467,26192.1,0.60181,0.77689,0.97862,0.9051,0.96443,0.95218,0.84532,0.59654,0.80728,0.91305,0.00978933,0.00978933,0.00978933
468,26242.4,0.59583,0.80602,0.97842,0.90519,0.96443,0.95185,0.84713,0.59625,0.80823,0.91289,0.00978843,0.00978843,0.00978843
469,26291.8,0.61702,0.78214,0.98661,0.90519,0.96443,0.95155,0.84569,0.59633,0.81061,0.91283,0.00978753,0.00978753,0.00978753
470,26341.6,0.60851,0.77467,0.97828,0.90503,0.96443,0.95133,0.84573,0.59654,0.8098,0.91286,0.00978663,0.00978663,0.00978663
471,26391.2,0.60595,0.77127,0.97374,0.90502,0.96443,0.95152,0.84577,0.59585,0.80488,0.91222,0.00978572,0.00978572,0.00978572
472,26442,0.60394,0.78283,0.97802,0.90496,0.96443,0.95136,0.84616,0.59582,0.8069,0.91233,0.00978482,0.00978482,0.00978482
473,26493.4,0.61413,0.78497,0.99083,0.90525,0.96443,0.95183,0.84644,0.59587,0.80664,0.91233,0.00978391,0.00978391,0.00978391
474,26545.3,0.60981,0.77359,0.98991,0.90565,0.96443,0.95182,0.84781,0.59566,0.8063,0.9121,0.009783,0.009783,0.009783
475,26595.2,0.62015,0.78773,0.97774,0.90605,0.96252,0.9507,0.84635,0.59542,0.80818,0.91217,0.00978209,0.00978209,0.00978209
476,26645.3,0.59628,0.7555,0.98039,0.90592,0.96201,0.95118,0.84746,0.59558,0.8069,0.91213,0.00978118,0.00978118,0.00978118
477,26695.4,0.60578,0.75351,0.97337,0.90604,0.96218,0.95118,0.84699,0.5956,0.80691,0.91225,0.00978026,0.00978026,0.00978026
478,26744.2,0.60527,0.78421,0.9819,0.90595,0.96243,0.95081,0.84702,0.59586,0.80692,0.91236,0.00977934,0.00977934,0.00977934
479,26795.4,0.60415,0.79609,0.98128,0.90588,0.96266,0.95104,0.84658,0.5959,0.80582,0.91231,0.00977842,0.00977842,0.00977842
480,26846.3,0.60164,0.78838,0.98539,0.90566,0.96374,0.95128,0.84684,0.59555,0.80477,0.91214,0.0097775,0.0097775,0.0097775
481,26897,0.60967,0.76118,0.99378,0.90585,0.96433,0.9504,0.84665,0.59529,0.8049,0.91206,0.00977658,0.00977658,0.00977658
482,26946.8,0.61967,0.77178,0.99048,0.90578,0.96443,0.95076,0.84634,0.59541,0.80606,0.91215,0.00977565,0.00977565,0.00977565
483,26996.4,0.60458,0.77997,0.98241,0.90568,0.96442,0.95072,0.8462,0.59498,0.80618,0.91191,0.00977473,0.00977473,0.00977473
484,27045.9,0.60267,0.74634,0.97755,0.90573,0.96428,0.95144,0.84695,0.59499,0.80556,0.91192,0.0097738,0.0097738,0.0097738
485,27096.5,0.60044,0.77353,0.9745,0.90564,0.96409,0.95088,0.84538,0.59485,0.80385,0.91174,0.00977287,0.00977287,0.00977287
486,27147.6,0.60416,0.76129,0.98565,0.90499,0.96443,0.95056,0.8452,0.5948,0.80387,0.91172,0.00977194,0.00977194,0.00977194
487,27198.5,0.60194,0.75517,0.98087,0.90505,0.96443,0.95043,0.84565,0.59433,0.80457,0.91153,0.009771,0.009771,0.009771
488,27250.6,0.59638,0.75705,0.98545,0.90497,0.96443,0.95027,0.84514,0.59456,0.80402,0.91169,0.00977007,0.00977007,0.00977007
489,27301,0.61179,0.77756,0.97796,0.90493,0.96443,0.95073,0.84538,0.59409,0.80288,0.91157,0.00976913,0.00976913,0.00976913
490,27351.3,0.61526,0.80004,0.98702,0.90474,0.96443,0.9507,0.84602,0.59324,0.80169,0.91122,0.00976819,0.00976819,0.00976819
491,27400.9,0.60343,0.76144,0.98489,0.90452,0.96443,0.95016,0.84511,0.5931,0.80188,0.91111,0.00976725,0.00976725,0.00976725
492,27451.2,0.60681,0.76937,0.98037,0.90694,0.96443,0.9494,0.84492,0.59242,0.80242,0.91082,0.0097663,0.0097663,0.0097663
493,27500.5,0.60838,0.77572,0.98595,0.90703,0.96443,0.95008,0.84431,0.59229,0.80173,0.91064,0.00976536,0.00976536,0.00976536
494,27549.9,0.60424,0.76167,0.98019,0.90664,0.96443,0.95006,0.84581,0.59192,0.79935,0.91032,0.00976441,0.00976441,0.00976441
495,27601.6,0.60383,0.73462,0.9841,0.90674,0.96443,0.94969,0.84507,0.59155,0.79974,0.9102,0.00976346,0.00976346,0.00976346
496,27652.7,0.60391,0.75437,0.98621,0.90737,0.96443,0.94981,0.84631,0.59097,0.7995,0.91003,0.00976251,0.00976251,0.00976251
497,27703.5,0.59499,0.75434,0.98039,0.90779,0.96394,0.94961,0.84605,0.59066,0.79954,0.90956,0.00976156,0.00976156,0.00976156
498,27754.9,0.60067,0.75636,0.97817,0.90819,0.96341,0.94978,0.84654,0.59064,0.79989,0.90949,0.0097606,0.0097606,0.0097606
499,27806.3,0.602,0.76031,0.98126,0.90866,0.96273,0.94981,0.84594,0.59029,0.79973,0.90922,0.00975965,0.00975965,0.00975965
500,27858,0.59703,0.80148,0.98322,0.90862,0.96231,0.94975,0.84614,0.58999,0.80117,0.90969,0.00975869,0.00975869,0.00975869
501,27907.8,0.60613,0.75182,0.9855,0.89487,0.96727,0.94985,0.84702,0.58973,0.80075,0.90872,0.00975773,0.00975773,0.00975773
502,27958.8,0.60723,0.79419,0.98008,0.89733,0.96924,0.94969,0.84652,0.58914,0.80024,0.90856,0.00975677,0.00975677,0.00975677
503,28010.1,0.59388,0.7875,0.96696,0.89522,0.96921,0.94974,0.84657,0.58885,0.79916,0.90831,0.0097558,0.0097558,0.0097558
504,28060,0.59504,0.74795,0.97174,0.89529,0.96928,0.94979,0.84775,0.58846,0.79991,0.9081,0.00975484,0.00975484,0.00975484
505,28109.7,0.63041,0.77605,0.99291,0.89547,0.9693,0.94988,0.84614,0.58787,0.79913,0.90774,0.00975387,0.00975387,0.00975387
506,28159.2,0.59992,0.79996,0.97602,0.89547,0.96902,0.9501,0.84702,0.5873,0.79893,0.9076,0.0097529,0.0097529,0.0097529
507,28209.4,0.59852,0.77059,0.98125,0.89545,0.96881,0.95029,0.84762,0.5875,0.79911,0.90765,0.00975193,0.00975193,0.00975193
508,28259,0.60783,0.77179,0.98855,0.89563,0.96941,0.95003,0.84768,0.58712,0.79884,0.90808,0.00975096,0.00975096,0.00975096
509,28307.7,0.61123,0.78049,0.97302,0.89524,0.97056,0.9511,0.84802,0.58687,0.79856,0.90788,0.00974998,0.00974998,0.00974998
510,28357.7,0.58807,0.73333,0.96843,0.89469,0.97054,0.95074,0.84774,0.58675,0.79948,0.90783,0.009749,0.009749,0.009749
511,28407.9,0.60505,0.75415,0.98079,0.89469,0.97039,0.95095,0.84921,0.58694,0.80024,0.90782,0.00974803,0.00974803,0.00974803
512,28457.6,0.60837,0.77321,0.98979,0.89471,0.96981,0.95063,0.84867,0.58691,0.80073,0.90779,0.00974705,0.00974705,0.00974705
513,28509.5,0.59926,0.7913,0.98569,0.89545,0.96904,0.95038,0.84834,0.58687,0.80052,0.90767,0.00974606,0.00974606,0.00974606
514,28560.7,0.59324,0.74894,0.97119,0.89592,0.96797,0.95052,0.84884,0.58669,0.80098,0.90752,0.00974508,0.00974508,0.00974508
515,28612.2,0.59642,0.75628,0.97586,0.89582,0.96695,0.95041,0.84888,0.58643,0.80094,0.90726,0.00974409,0.00974409,0.00974409
516,28663.9,0.59678,0.76549,0.97474,0.89392,0.96416,0.95054,0.84881,0.58628,0.80153,0.90714,0.0097431,0.0097431,0.0097431
517,28715.5,0.59561,0.76566,0.96554,0.89399,0.96369,0.95083,0.85003,0.58609,0.80086,0.90694,0.00974211,0.00974211,0.00974211
518,28766.1,0.60516,0.78333,0.97634,0.89401,0.96322,0.95068,0.84992,0.58596,0.80105,0.90688,0.00974112,0.00974112,0.00974112
519,28815.4,0.59991,0.76616,0.97857,0.89562,0.96472,0.95017,0.84975,0.58567,0.80147,0.90708,0.00974013,0.00974013,0.00974013
520,28865,0.59861,0.79022,0.96987,0.89393,0.96285,0.94967,0.84931,0.58585,0.80148,0.90719,0.00973913,0.00973913,0.00973913
521,28915.5,0.58857,0.73212,0.97166,0.89412,0.96217,0.94981,0.84992,0.58577,0.80171,0.90699,0.00973814,0.00973814,0.00973814
522,28966.4,0.58114,0.72463,0.96883,0.89414,0.962,0.94978,0.84911,0.58544,0.80051,0.90666,0.00973714,0.00973714,0.00973714
523,29016.5,0.59385,0.74735,0.9805,0.89399,0.96209,0.94908,0.84826,0.58549,0.80107,0.90654,0.00973614,0.00973614,0.00973614
524,29067.1,0.60136,0.75783,0.9794,0.89381,0.96207,0.94897,0.84864,0.58485,0.80142,0.90617,0.00973513,0.00973513,0.00973513
525,29117.5,0.60242,0.75593,0.97536,0.89368,0.9619,0.9501,0.84889,0.58516,0.80214,0.90618,0.00973413,0.00973413,0.00973413
526,29167.8,0.60075,0.78391,0.97229,0.89355,0.96181,0.95003,0.84948,0.58487,0.80106,0.90611,0.00973312,0.00973312,0.00973312
527,29218.1,0.58934,0.77392,0.9731,0.89354,0.96178,0.94925,0.84761,0.58439,0.80102,0.90579,0.00973211,0.00973211,0.00973211
528,29268.2,0.59726,0.73739,0.97391,0.89315,0.96185,0.94946,0.84847,0.58397,0.80244,0.90548,0.0097311,0.0097311,0.0097311
529,29318,0.59298,0.77812,0.9724,0.89433,0.95939,0.95003,0.84895,0.58361,0.80088,0.90491,0.00973009,0.00973009,0.00973009
530,29367.7,0.59946,0.76786,0.98523,0.89406,0.95915,0.94992,0.8487,0.58331,0.80072,0.90477,0.00972908,0.00972908,0.00972908
531,29418.4,0.60042,0.74297,0.96899,0.89329,0.95885,0.94977,0.84907,0.58349,0.80129,0.90451,0.00972806,0.00972806,0.00972806
532,29468.9,0.59215,0.7603,0.96338,0.88274,0.97412,0.95013,0.84947,0.58291,0.80095,0.90404,0.00972704,0.00972704,0.00972704
533,29519.6,0.59972,0.74698,0.97042,0.88266,0.97421,0.95033,0.84884,0.58259,0.80075,0.90404,0.00972603,0.00972603,0.00972603
534,29570.6,0.58466,0.75823,0.96921,0.8824,0.97427,0.95003,0.84839,0.58242,0.80095,0.90389,0.009725,0.009725,0.009725
535,29621.6,0.60119,0.77355,0.98017,0.88221,0.97432,0.95055,0.85117,0.58227,0.80154,0.90368,0.00972398,0.00972398,0.00972398
536,29670.8,0.58106,0.75883,0.95672,0.88284,0.97439,0.9512,0.85173,0.58205,0.80159,0.90334,0.00972296,0.00972296,0.00972296
537,29720.7,0.59115,0.73845,0.96832,0.88318,0.97396,0.95032,0.85146,0.58133,0.80208,0.90294,0.00972193,0.00972193,0.00972193
538,29771.6,0.58837,0.75452,0.97655,0.88073,0.9716,0.95005,0.85144,0.58114,0.80259,0.90259,0.0097209,0.0097209,0.0097209
539,29822.7,0.59231,0.74539,0.97565,0.88088,0.9728,0.94977,0.8513,0.58118,0.80443,0.90236,0.00971987,0.00971987,0.00971987
540,29873.8,0.60046,0.76696,0.97376,0.88062,0.97507,0.94938,0.85044,0.58091,0.80599,0.9018,0.00971884,0.00971884,0.00971884
541,29924.5,0.58901,0.75387,0.98077,0.88068,0.97499,0.94985,0.85037,0.58095,0.80719,0.90148,0.0097178,0.0097178,0.0097178
542,29973.6,0.60095,0.7643,0.97813,0.88056,0.97468,0.95097,0.85071,0.58047,0.80635,0.90094,0.00971677,0.00971677,0.00971677
543,30023.5,0.60185,0.77421,0.98439,0.88059,0.97484,0.95091,0.8512,0.58033,0.80583,0.90063,0.00971573,0.00971573,0.00971573
544,30075.6,0.59408,0.75518,0.97038,0.88046,0.97506,0.95133,0.8513,0.58013,0.80541,0.90022,0.00971469,0.00971469,0.00971469
545,30125.6,0.58489,0.75017,0.9704,0.89209,0.95849,0.95134,0.85086,0.57995,0.80566,0.90014,0.00971365,0.00971365,0.00971365
546,30175.1,0.5918,0.742,0.96385,0.89206,0.95873,0.95083,0.85056,0.58018,0.80592,0.90037,0.0097126,0.0097126,0.0097126
547,30226.8,0.58889,0.77258,0.96906,0.89198,0.95879,0.95049,0.85097,0.58004,0.80546,0.90052,0.00971156,0.00971156,0.00971156
548,30277.3,0.59686,0.75384,0.97584,0.89194,0.95894,0.95099,0.84904,0.5798,0.80539,0.90033,0.00971051,0.00971051,0.00971051
549,30327.1,0.58495,0.70745,0.96727,0.88039,0.97491,0.95059,0.84938,0.57936,0.8054,0.89994,0.00970946,0.00970946,0.00970946
550,30378,0.59238,0.756,0.97164,0.88032,0.9749,0.95116,0.85082,0.57955,0.80452,0.90019,0.00970841,0.00970841,0.00970841
551,30428.1,0.58951,0.7505,0.97262,0.87896,0.97553,0.95024,0.84889,0.57909,0.80506,0.89988,0.00970736,0.00970736,0.00970736
552,30479.1,0.58642,0.73685,0.96923,0.87884,0.97539,0.95051,0.84932,0.5792,0.80336,0.89986,0.00970631,0.00970631,0.00970631
553,30528.4,0.59281,0.74681,0.97694,0.87868,0.97526,0.95098,0.84952,0.57928,0.80253,0.89979,0.00970525,0.00970525,0.00970525
554,30578.3,0.58525,0.73163,0.97037,0.87873,0.97512,0.95084,0.84993,0.57901,0.80204,0.89974,0.00970419,0.00970419,0.00970419
555,30628.1,0.59328,0.73066,0.96854,0.89185,0.95851,0.95063,0.85046,0.57912,0.80082,0.89971,0.00970313,0.00970313,0.00970313
556,30678.4,0.59197,0.73422,0.97915,0.89182,0.95852,0.95077,0.84999,0.57915,0.80117,0.89966,0.00970207,0.00970207,0.00970207
557,30728.2,0.59382,0.75694,0.98169,0.89135,0.95864,0.95044,0.85045,0.579,0.80103,0.89941,0.00970101,0.00970101,0.00970101
558,30778.3,0.58664,0.74262,0.96892,0.89152,0.95858,0.95055,0.84958,0.57887,0.80101,0.89903,0.00969994,0.00969994,0.00969994
559,30827.8,0.59038,0.73617,0.97667,0.89124,0.95889,0.95061,0.84949,0.57888,0.80154,0.89893,0.00969887,0.00969887,0.00969887
560,30877.6,0.59473,0.73857,0.97239,0.891,0.95886,0.95041,0.84987,0.57869,0.80249,0.89864,0.0096978,0.0096978,0.0096978
561,30927.6,0.5713,0.71898,0.95824,0.89111,0.95842,0.95063,0.85018,0.57877,0.80204,0.89865,0.00969673,0.00969673,0.00969673
562,30978.5,0.59248,0.75475,0.96465,0.89062,0.95813,0.95114,0.85023,0.57874,0.80342,0.8987,0.00969566,0.00969566,0.00969566
563,31029,0.59158,0.72477,0.97266,0.89045,0.95801,0.95091,0.85005,0.57862,0.80363,0.89837,0.00969459,0.00969459,0.00969459
564,31079.2,0.58348,0.75026,0.96362,0.89076,0.95773,0.95136,0.85034,0.57884,0.80356,0.89836,0.00969351,0.00969351,0.00969351
565,31128.5,0.58896,0.75175,0.97057,0.8896,0.95887,0.95148,0.85014,0.5789,0.80269,0.89815,0.00969243,0.00969243,0.00969243
566,31178.4,0.59124,0.74705,0.97812,0.8781,0.9744,0.95166,0.85061,0.57884,0.80252,0.89808,0.00969135,0.00969135,0.00969135
567,31227.6,0.58373,0.73333,0.9681,0.8781,0.9742,0.95172,0.85063,0.57866,0.80216,0.89805,0.00969027,0.00969027,0.00969027
568,31277.8,0.5918,0.73854,0.97118,0.88971,0.95824,0.95153,0.85086,0.57844,0.80101,0.89781,0.00968918,0.00968918,0.00968918
569,31328.6,0.59068,0.73413,0.97831,0.88958,0.95817,0.95178,0.85084,0.57835,0.8001,0.89775,0.0096881,0.0096881,0.0096881
570,31379,0.58191,0.74859,0.97161,0.87817,0.97413,0.95171,0.85126,0.57803,0.80034,0.89766,0.00968701,0.00968701,0.00968701
571,31430.3,0.58499,0.73099,0.96468,0.87814,0.97417,0.95198,0.8517,0.57813,0.79917,0.89774,0.00968592,0.00968592,0.00968592
572,31479.7,0.5906,0.7533,0.97813,0.87873,0.97237,0.95147,0.85004,0.57779,0.79938,0.89762,0.00968483,0.00968483,0.00968483
573,31529.7,0.58925,0.75484,0.97606,0.87868,0.97241,0.95186,0.8518,0.57785,0.79781,0.89757,0.00968374,0.00968374,0.00968374
574,31580.6,0.60283,0.73839,0.97453,0.87993,0.9723,0.95156,0.85202,0.57768,0.79706,0.89755,0.00968264,0.00968264,0.00968264
575,31630.6,0.58935,0.73311,0.96886,0.88053,0.97196,0.95189,0.85134,0.57708,0.79763,0.89733,0.00968155,0.00968155,0.00968155
576,31679.6,0.58321,0.75669,0.97168,0.8806,0.97158,0.95237,0.85179,0.57717,0.79793,0.89728,0.00968045,0.00968045,0.00968045
577,31728.1,0.58177,0.74607,0.96868,0.88054,0.97142,0.95221,0.85204,0.57671,0.79874,0.8972,0.00967935,0.00967935,0.00967935
578,31777.9,0.58751,0.7143,0.96286,0.88513,0.97126,0.95205,0.85193,0.57668,0.79879,0.89744,0.00967825,0.00967825,0.00967825
579,31826.6,0.58304,0.72403,0.96771,0.88524,0.9683,0.95225,0.85161,0.57658,0.7986,0.89736,0.00967714,0.00967714,0.00967714
580,31875.1,0.58886,0.72842,0.96955,0.8853,0.96837,0.9526,0.8521,0.57651,0.79885,0.89747,0.00967604,0.00967604,0.00967604
581,31924,0.58377,0.71747,0.96243,0.88292,0.96833,0.95248,0.85252,0.57645,0.79897,0.89734,0.00967493,0.00967493,0.00967493
582,31973.1,0.58034,0.73053,0.97162,0.88527,0.96844,0.95262,0.85199,0.57666,0.79941,0.89748,0.00967382,0.00967382,0.00967382
583,32024.6,0.58498,0.73701,0.96332,0.88559,0.96825,0.95256,0.8524,0.57645,0.8001,0.89736,0.00967271,0.00967271,0.00967271
584,32072.1,0.58777,0.74789,0.96441,0.88593,0.96817,0.95317,0.85253,0.5761,0.80012,0.8972,0.00967159,0.00967159,0.00967159
585,32119.6,0.59639,0.73262,0.96842,0.88758,0.96771,0.95272,0.85245,0.57629,0.79952,0.89731,0.00967048,0.00967048,0.00967048
586,32166.7,0.58055,0.72982,0.9608,0.88668,0.96795,0.95289,0.85273,0.57612,0.79857,0.89718,0.00966936,0.00966936,0.00966936
587,32214.8,0.5681,0.71876,0.96167,0.8871,0.96805,0.95296,0.85299,0.57618,0.79959,0.89732,0.00966824,0.00966824,0.00966824
588,32261.8,0.58287,0.74064,0.96127,0.88633,0.96821,0.95305,0.85242,0.57627,0.79914,0.89752,0.00966712,0.00966712,0.00966712
589,32310.1,0.58045,0.72209,0.9608,0.88709,0.96934,0.95291,0.85279,0.57621,0.80125,0.89767,0.009666,0.009666,0.009666
590,32357.3,0.59026,0.75679,0.96498,0.88612,0.96867,0.95374,0.85336,0.57564,0.80109,0.89772,0.00966488,0.00966488,0.00966488
591,32405.2,0.58437,0.72825,0.96127,0.88719,0.97033,0.95354,0.85264,0.57566,0.80073,0.89787,0.00966375,0.00966375,0.00966375
592,32452.2,0.58307,0.76854,0.97136,0.88565,0.96888,0.95313,0.85303,0.57584,0.80062,0.89787,0.00966262,0.00966262,0.00966262
593,32499.8,0.5743,0.73908,0.96779,0.88579,0.9689,0.95364,0.85373,0.57582,0.80194,0.89804,0.00966149,0.00966149,0.00966149
594,32549.8,0.58177,0.74189,0.95799,0.88588,0.96891,0.95357,0.85329,0.57582,0.80092,0.89822,0.00966036,0.00966036,0.00966036
595,32598.5,0.58713,0.74146,0.96688,0.88432,0.97345,0.95339,0.85394,0.57548,0.80089,0.89817,0.00965923,0.00965923,0.00965923
596,32647.5,0.58513,0.73256,0.96279,0.88454,0.97348,0.95336,0.85408,0.57516,0.79961,0.89798,0.0096581,0.0096581,0.0096581
597,32697.4,0.58678,0.72306,0.97709,0.8846,0.97353,0.95352,0.85454,0.57522,0.79873,0.89804,0.00965696,0.00965696,0.00965696
598,32745.6,0.58163,0.72923,0.95814,0.88779,0.97339,0.95412,0.85451,0.57515,0.79715,0.89828,0.00965582,0.00965582,0.00965582
599,32794.4,0.57828,0.71708,0.96099,0.88828,0.97344,0.95359,0.85574,0.57533,0.79459,0.89898,0.00965468,0.00965468,0.00965468
600,32845.5,0.58509,0.75665,0.96942,0.88872,0.97359,0.95399,0.85553,0.57497,0.79513,0.89883,0.00965354,0.00965354,0.00965354
601,32895.3,0.58938,0.74148,0.96896,0.88918,0.97357,0.95371,0.85658,0.57469,0.79435,0.8986,0.00965239,0.00965239,0.00965239
602,32945.9,0.57718,0.74329,0.969,0.88736,0.97057,0.95378,0.85637,0.57449,0.79384,0.89852,0.00965125,0.00965125,0.00965125
603,32995.6,0.58077,0.73556,0.96114,0.88731,0.97063,0.9539,0.85558,0.57458,0.79395,0.8985,0.0096501,0.0096501,0.0096501
604,33045.8,0.57652,0.7184,0.96164,0.88722,0.97072,0.95354,0.85459,0.57421,0.79556,0.89829,0.00964895,0.00964895,0.00964895
605,33095.9,0.58286,0.74361,0.97397,0.88729,0.97164,0.95351,0.85469,0.57434,0.79534,0.89836,0.0096478,0.0096478,0.0096478
606,33146.8,0.58497,0.72008,0.97949,0.88739,0.9725,0.95407,0.85486,0.5743,0.79519,0.89839,0.00964665,0.00964665,0.00964665
607,33197.3,0.58762,0.76654,0.96721,0.88744,0.97288,0.95378,0.85502,0.57416,0.79498,0.898,0.00964549,0.00964549,0.00964549
608,33248.5,0.5832,0.7404,0.9686,0.88748,0.97326,0.95402,0.85534,0.57365,0.79403,0.89787,0.00964433,0.00964433,0.00964433
609,33299.8,0.58923,0.73101,0.96255,0.88744,0.97367,0.95424,0.85602,0.5736,0.79249,0.89776,0.00964318,0.00964318,0.00964318
610,33351.2,0.58729,0.72417,0.97243,0.88719,0.97373,0.95434,0.85488,0.57335,0.79215,0.89762,0.00964202,0.00964202,0.00964202
611,33402.4,0.57245,0.7266,0.96665,0.88716,0.97388,0.95445,0.85609,0.57235,0.79139,0.89591,0.00964085,0.00964085,0.00964085
612,33451.6,0.56725,0.72557,0.956,0.88738,0.97395,0.95477,0.85661,0.57277,0.78992,0.89634,0.00963969,0.00963969,0.00963969
613,33501.9,0.58492,0.75236,0.96709,0.88741,0.974,0.95467,0.85363,0.57244,0.7889,0.89599,0.00963852,0.00963852,0.00963852
614,33552.3,0.57669,0.73456,0.96407,0.88739,0.97404,0.95505,0.85734,0.57249,0.78832,0.89594,0.00963736,0.00963736,0.00963736
615,33601.1,0.57059,0.71459,0.95689,0.88944,0.97416,0.95525,0.85534,0.57221,0.787,0.89579,0.00963619,0.00963619,0.00963619
616,33650.2,0.57309,0.73272,0.95844,0.88726,0.97416,0.95523,0.85518,0.57275,0.78653,0.89591,0.00963502,0.00963502,0.00963502
617,33699.4,0.58081,0.74176,0.96452,0.88939,0.97437,0.95571,0.85436,0.57242,0.78619,0.89573,0.00963384,0.00963384,0.00963384
618,33749.2,0.58157,0.70744,0.96133,0.88712,0.97441,0.95549,0.85692,0.57357,0.78678,0.89756,0.00963267,0.00963267,0.00963267
619,33799.3,0.58794,0.74799,0.97193,0.88709,0.97431,0.95517,0.85497,0.57368,0.78675,0.89779,0.00963149,0.00963149,0.00963149
620,33849.6,0.57792,0.71596,0.96681,0.88708,0.97408,0.95534,0.85577,0.57352,0.78812,0.89784,0.00963031,0.00963031,0.00963031
621,33898.2,0.5755,0.72715,0.96871,0.88705,0.97379,0.95489,0.85399,0.57344,0.78775,0.89776,0.00962913,0.00962913,0.00962913
622,33947.7,0.5843,0.72698,0.96118,0.88701,0.97369,0.95489,0.85538,0.57352,0.78648,0.89764,0.00962795,0.00962795,0.00962795
623,33997.6,0.5798,0.75148,0.96852,0.88699,0.97381,0.95498,0.85493,0.57326,0.78715,0.89749,0.00962677,0.00962677,0.00962677
624,34047.7,0.59199,0.72406,0.96754,0.88702,0.97396,0.95502,0.85464,0.57203,0.78538,0.89558,0.00962558,0.00962558,0.00962558
625,34096,0.58384,0.7136,0.9659,0.88707,0.97405,0.95546,0.85623,0.57202,0.78489,0.89573,0.00962439,0.00962439,0.00962439
626,34143.8,0.57418,0.72208,0.9642,0.88699,0.97396,0.95554,0.85673,0.57163,0.78431,0.89558,0.0096232,0.0096232,0.0096232
627,34191.9,0.57015,0.74758,0.96001,0.887,0.97391,0.95561,0.85471,0.57227,0.78441,0.89717,0.00962201,0.00962201,0.00962201
628,34240.2,0.58255,0.71657,0.96773,0.88694,0.97379,0.95555,0.85581,0.57235,0.78579,0.89726,0.00962082,0.00962082,0.00962082
629,34288.8,0.57832,0.74766,0.9668,0.88697,0.97375,0.9555,0.85604,0.57198,0.78411,0.89731,0.00961962,0.00961962,0.00961962
630,34338.4,0.57354,0.70072,0.96513,0.88725,0.97262,0.95488,0.855,0.57187,0.78546,0.8971,0.00961843,0.00961843,0.00961843
631,34386,0.58999,0.73869,0.97263,0.8872,0.97265,0.95472,0.85722,0.57154,0.78494,0.89719,0.00961723,0.00961723,0.00961723
632,34433.4,0.57259,0.71543,0.96236,0.88697,0.97266,0.95446,0.85651,0.5715,0.78469,0.89685,0.00961603,0.00961603,0.00961603
633,34481.8,0.56689,0.71126,0.95821,0.88688,0.97237,0.95565,0.85955,0.57114,0.78428,0.89666,0.00961483,0.00961483,0.00961483
634,34530.6,0.5745,0.74193,0.96918,0.88677,0.97234,0.95459,0.85778,0.57128,0.78345,0.89648,0.00961362,0.00961362,0.00961362
635,34579,0.59101,0.72301,0.97144,0.88678,0.97238,0.95467,0.85884,0.57107,0.78405,0.89622,0.00961242,0.00961242,0.00961242
636,34627.6,0.58585,0.74069,0.96772,0.88685,0.9721,0.9548,0.85903,0.57073,0.78367,0.89615,0.00961121,0.00961121,0.00961121
637,34677.3,0.5799,0.7008,0.96535,0.88684,0.97202,0.95452,0.85931,0.57084,0.78433,0.89623,0.00961,0.00961,0.00961
638,34726.5,0.57306,0.74812,0.95845,0.88679,0.97192,0.95451,0.85939,0.57077,0.78304,0.89621,0.00960879,0.00960879,0.00960879
639,34776.3,0.57047,0.7236,0.96541,0.88664,0.97192,0.95531,0.85965,0.57083,0.7837,0.89629,0.00960758,0.00960758,0.00960758
640,34824,0.5683,0.71242,0.95429,0.88653,0.97217,0.95546,0.86051,0.57064,0.78377,0.89614,0.00960636,0.00960636,0.00960636
641,34871.8,0.57702,0.73483,0.96727,0.88641,0.97181,0.9549,0.85966,0.57011,0.7834,0.89605,0.00960515,0.00960515,0.00960515
642,34919.5,0.56328,0.71605,0.96137,0.88626,0.97159,0.95496,0.86023,0.56987,0.78323,0.89565,0.00960393,0.00960393,0.00960393
643,34968.3,0.56602,0.72147,0.96384,0.88596,0.97302,0.9554,0.86035,0.56978,0.78287,0.89556,0.00960271,0.00960271,0.00960271
644,35016.3,0.56347,0.71671,0.95888,0.886,0.97318,0.95568,0.86173,0.56965,0.78185,0.89548,0.00960149,0.00960149,0.00960149
645,35064.3,0.57723,0.72124,0.96102,0.88639,0.97132,0.95557,0.86109,0.56896,0.78441,0.89527,0.00960026,0.00960026,0.00960026
646,35112.8,0.57338,0.73231,0.95804,0.88605,0.97279,0.95584,0.86228,0.56876,0.78455,0.89513,0.00959904,0.00959904,0.00959904
647,35161.9,0.59576,0.71869,0.97228,0.88604,0.97268,0.9559,0.86041,0.56894,0.78504,0.89528,0.00959781,0.00959781,0.00959781
648,35211,0.57577,0.73137,0.9737,0.88613,0.97257,0.95571,0.8612,0.56904,0.78496,0.89521,0.00959658,0.00959658,0.00959658
649,35259.5,0.57593,0.71819,0.96657,0.88651,0.9706,0.95556,0.86107,0.56896,0.78508,0.89519,0.00959535,0.00959535,0.00959535
650,35307,0.58411,0.73185,0.9702,0.88652,0.97048,0.95592,0.86129,0.56898,0.78623,0.89539,0.00959412,0.00959412,0.00959412
651,35355.4,0.55996,0.70514,0.95109,0.88654,0.97031,0.95574,0.86185,0.56909,0.78498,0.89522,0.00959289,0.00959289,0.00959289
652,35403.6,0.58188,0.72748,0.96828,0.88652,0.97009,0.95567,0.86228,0.56921,0.7844,0.89528,0.00959165,0.00959165,0.00959165
653,35453.1,0.57617,0.70472,0.96068,0.88647,0.96995,0.95557,0.86203,0.56952,0.78401,0.89553,0.00959041,0.00959041,0.00959041
654,35501,0.56156,0.69183,0.95536,0.88633,0.96965,0.95578,0.86268,0.56967,0.78426,0.89556,0.00958917,0.00958917,0.00958917
655,35548.1,0.58024,0.73381,0.96658,0.88627,0.96933,0.95586,0.86278,0.56966,0.79036,0.89475,0.00958793,0.00958793,0.00958793
656,35597.5,0.56572,0.71274,0.96132,0.88623,0.9686,0.95566,0.86197,0.56964,0.79091,0.8949,0.00958669,0.00958669,0.00958669
657,35645.8,0.58042,0.73223,0.95852,0.88611,0.96821,0.95571,0.86211,0.57006,0.79261,0.8949,0.00958544,0.00958544,0.00958544
658,35695.2,0.5626,0.71163,0.95826,0.88606,0.96798,0.95545,0.86075,0.57003,0.79221,0.89502,0.0095842,0.0095842,0.0095842
659,35743.5,0.56774,0.70999,0.95625,0.88595,0.96731,0.95528,0.86132,0.57038,0.79262,0.895,0.00958295,0.00958295,0.00958295
660,35792.2,0.58739,0.72276,0.97321,0.88582,0.96697,0.95553,0.86186,0.57062,0.79319,0.89494,0.0095817,0.0095817,0.0095817
661,35841.1,0.56532,0.70177,0.95477,0.88784,0.96861,0.95604,0.86258,0.57057,0.79144,0.89522,0.00958044,0.00958044,0.00958044
662,35891.7,0.57258,0.72678,0.96256,0.88784,0.9685,0.9557,0.86122,0.57041,0.79169,0.89528,0.00957919,0.00957919,0.00957919
663,35941.4,0.58332,0.74404,0.97066,0.88777,0.96886,0.95589,0.86185,0.57073,0.79131,0.89532,0.00957793,0.00957793,0.00957793
664,35990.5,0.57967,0.73339,0.96571,0.88773,0.96877,0.95617,0.86288,0.57093,0.79211,0.8955,0.00957668,0.00957668,0.00957668
665,36038.5,0.56861,0.70303,0.95198,0.88766,0.96809,0.95555,0.86193,0.57099,0.79245,0.89544,0.00957542,0.00957542,0.00957542
666,36087.2,0.57606,0.70796,0.96079,0.88763,0.96775,0.95533,0.8617,0.57079,0.79404,0.89539,0.00957416,0.00957416,0.00957416
667,36137.2,0.57592,0.71513,0.95622,0.88759,0.96729,0.95525,0.86147,0.57091,0.7949,0.89533,0.00957289,0.00957289,0.00957289
668,36185.5,0.57122,0.71925,0.9549,0.88757,0.96723,0.95526,0.86142,0.5714,0.79401,0.89551,0.00957163,0.00957163,0.00957163
669,36233.9,0.56771,0.70052,0.95944,0.88767,0.9674,0.95511,0.86136,0.57087,0.79537,0.89525,0.00957036,0.00957036,0.00957036
670,36283.6,0.56954,0.73014,0.95727,0.88766,0.96749,0.95513,0.8615,0.57069,0.79417,0.89511,0.00956909,0.00956909,0.00956909
671,36333.6,0.57824,0.71595,0.95605,0.88772,0.96743,0.95549,0.8622,0.57098,0.794,0.89523,0.00956782,0.00956782,0.00956782
672,36383.1,0.57082,0.69496,0.96267,0.88765,0.96773,0.95553,0.86269,0.57115,0.79586,0.89519,0.00956655,0.00956655,0.00956655
673,36431.6,0.57392,0.72907,0.9616,0.88766,0.96794,0.95548,0.86199,0.57069,0.79617,0.89498,0.00956528,0.00956528,0.00956528
674,36480.2,0.57534,0.71122,0.96153,0.88762,0.96794,0.95541,0.86284,0.57054,0.79771,0.89491,0.009564,0.009564,0.009564
675,36527.9,0.56262,0.709,0.95885,0.88765,0.96842,0.95531,0.86201,0.57057,0.79796,0.8948,0.00956273,0.00956273,0.00956273
676,36576.9,0.56539,0.71067,0.95046,0.8876,0.96819,0.95533,0.86201,0.57063,0.79733,0.89472,0.00956145,0.00956145,0.00956145
677,36625.5,0.56764,0.69313,0.95772,0.88756,0.96809,0.95546,0.86194,0.57078,0.79783,0.89448,0.00956017,0.00956017,0.00956017
678,36674.4,0.56968,0.70734,0.96231,0.8876,0.96832,0.9551,0.8621,0.57052,0.79864,0.89444,0.00955888,0.00955888,0.00955888
679,36724,0.57644,0.71022,0.9581,0.88758,0.96829,0.95511,0.86197,0.57042,0.79949,0.89444,0.0095576,0.0095576,0.0095576
680,36771.7,0.56254,0.70508,0.95927,0.88758,0.9692,0.95511,0.86141,0.57033,0.79891,0.89441,0.00955631,0.00955631,0.00955631
681,36819.8,0.57327,0.71781,0.9583,0.88756,0.96967,0.95539,0.86177,0.57039,0.79969,0.89449,0.00955502,0.00955502,0.00955502
682,36870.5,0.57772,0.70264,0.95353,0.88757,0.96984,0.95537,0.86207,0.57019,0.80046,0.89432,0.00955373,0.00955373,0.00955373
683,36917.6,0.58554,0.74842,0.97097,0.88764,0.96915,0.95522,0.86263,0.57018,0.80055,0.89434,0.00955244,0.00955244,0.00955244
684,36965.5,0.57573,0.70189,0.95779,0.88769,0.9699,0.95505,0.86189,0.57001,0.80074,0.89441,0.00955115,0.00955115,0.00955115
685,37013.9,0.56628,0.72584,0.96352,0.88777,0.96999,0.95515,0.8617,0.56988,0.80273,0.89439,0.00954986,0.00954986,0.00954986
686,37062.4,0.56167,0.74991,0.95922,0.88776,0.9701,0.95519,0.86314,0.56997,0.80229,0.89428,0.00954856,0.00954856,0.00954856
687,37111.2,0.55954,0.70991,0.95137,0.88781,0.97009,0.95495,0.86348,0.56984,0.8025,0.89428,0.00954726,0.00954726,0.00954726
688,37161.8,0.58189,0.71536,0.96355,0.8879,0.97201,0.95526,0.86301,0.56985,0.80216,0.89433,0.00954596,0.00954596,0.00954596
689,37212.8,0.57986,0.7017,0.9666,0.88797,0.97237,0.95538,0.86242,0.57008,0.80296,0.89444,0.00954466,0.00954466,0.00954466
690,37261.3,0.57646,0.7267,0.9641,0.88798,0.97306,0.95482,0.86183,0.57002,0.80288,0.89428,0.00954335,0.00954335,0.00954335
691,37312.5,0.56706,0.69161,0.95232,0.88803,0.9738,0.95448,0.86236,0.56986,0.80473,0.89418,0.00954205,0.00954205,0.00954205
692,37364.2,0.57051,0.72107,0.96377,0.88795,0.97398,0.95496,0.86173,0.57015,0.80456,0.89429,0.00954074,0.00954074,0.00954074
693,37411.9,0.564,0.70112,0.96112,0.91026,0.93763,0.95485,0.86206,0.57002,0.80577,0.89418,0.00953943,0.00953943,0.00953943
694,37460.2,0.56592,0.70232,0.96087,0.91047,0.93767,0.95437,0.86194,0.56984,0.8066,0.89421,0.00953812,0.00953812,0.00953812
695,37509,0.55798,0.72437,0.9477,0.91071,0.93774,0.95451,0.86243,0.57015,0.80716,0.89439,0.00953681,0.00953681,0.00953681
696,37557.3,0.56902,0.70672,0.95191,0.9108,0.93775,0.95504,0.86251,0.57041,0.80892,0.89433,0.00953549,0.00953549,0.00953549
697,37606.2,0.56995,0.73189,0.94975,0.9108,0.93779,0.95508,0.86247,0.57022,0.80928,0.89442,0.00953418,0.00953418,0.00953418
698,37655.3,0.56463,0.7078,0.95142,0.91088,0.93777,0.95475,0.86341,0.56989,0.80894,0.89428,0.00953286,0.00953286,0.00953286
699,37704.3,0.57936,0.73396,0.95578,0.91097,0.93777,0.95477,0.86277,0.5697,0.80692,0.89424,0.00953154,0.00953154,0.00953154
700,37754.4,0.56355,0.68491,0.94714,0.9144,0.94295,0.95409,0.86217,0.56934,0.80647,0.89431,0.00953022,0.00953022,0.00953022
701,37803.4,0.5686,0.71836,0.95117,0.9144,0.94308,0.95401,0.86206,0.56878,0.80444,0.89385,0.00952889,0.00952889,0.00952889
702,37853.5,0.57019,0.70342,0.95974,0.91441,0.94318,0.95443,0.8624,0.56878,0.80311,0.89367,0.00952757,0.00952757,0.00952757
703,37902,0.58232,0.73564,0.97085,0.9144,0.94309,0.95414,0.8629,0.56866,0.80293,0.89355,0.00952624,0.00952624,0.00952624
704,37951.6,0.55091,0.72028,0.95113,0.91441,0.94319,0.95478,0.86292,0.56897,0.80158,0.89359,0.00952491,0.00952491,0.00952491
705,38000.7,0.54677,0.70775,0.94367,0.91193,0.94315,0.95408,0.86228,0.56875,0.80095,0.89334,0.00952358,0.00952358,0.00952358
706,38048.7,0.56944,0.70329,0.95634,0.91193,0.9432,0.95414,0.86276,0.56848,0.80165,0.89323,0.00952225,0.00952225,0.00952225
707,38096.7,0.56763,0.69596,0.95754,0.91192,0.94306,0.9543,0.86322,0.56854,0.80057,0.89319,0.00952092,0.00952092,0.00952092
708,38143.3,0.56554,0.69583,0.96512,0.91191,0.94296,0.9549,0.86444,0.56816,0.79919,0.8931,0.00951958,0.00951958,0.00951958
709,38190.5,0.57559,0.72596,0.96507,0.9119,0.94279,0.95485,0.86227,0.56883,0.79975,0.89291,0.00951824,0.00951824,0.00951824
710,38237.7,0.571,0.69754,0.95564,0.91188,0.94261,0.95459,0.86248,0.5683,0.79882,0.89276,0.0095169,0.0095169,0.0095169
711,38285.6,0.55713,0.69223,0.95486,0.91188,0.94255,0.95455,0.86198,0.56859,0.79841,0.89259,0.00951556,0.00951556,0.00951556
712,38333.5,0.56628,0.68532,0.96033,0.89269,0.96029,0.95466,0.86151,0.56804,0.79928,0.89271,0.00951422,0.00951422,0.00951422
713,38381.8,0.56685,0.6979,0.95348,0.89374,0.9601,0.95454,0.8635,0.56833,0.79955,0.89276,0.00951288,0.00951288,0.00951288
714,38429.7,0.58892,0.72696,0.97204,0.89443,0.96036,0.95512,0.86468,0.56792,0.79868,0.8926,0.00951153,0.00951153,0.00951153
715,38477.2,0.56947,0.69331,0.96055,0.89447,0.96033,0.9556,0.86491,0.56788,0.80081,0.89264,0.00951018,0.00951018,0.00951018
716,38524.8,0.56134,0.70486,0.95179,0.89431,0.96154,0.95487,0.86437,0.56806,0.80072,0.89259,0.00950883,0.00950883,0.00950883
717,38572,0.56342,0.73019,0.95061,0.89463,0.96239,0.95521,0.86541,0.5687,0.80146,0.89291,0.00950748,0.00950748,0.00950748
718,38619.9,0.55705,0.70929,0.95582,0.89499,0.96308,0.95512,0.86518,0.5687,0.80137,0.89287,0.00950613,0.00950613,0.00950613
719,38668.3,0.55993,0.69778,0.95294,0.89416,0.96291,0.95503,0.86563,0.56852,0.79938,0.89265,0.00950477,0.00950477,0.00950477
720,38716,0.57128,0.72202,0.9592,0.89093,0.96011,0.95498,0.86304,0.56789,0.79904,0.89262,0.00950341,0.00950341,0.00950341
721,38763.6,0.57708,0.74435,0.96493,0.88919,0.96041,0.95461,0.86471,0.56827,0.79705,0.89388,0.00950206,0.00950206,0.00950206
722,38811.8,0.57769,0.73261,0.96517,0.88993,0.96011,0.95479,0.86319,0.56832,0.79708,0.89391,0.0095007,0.0095007,0.0095007
723,38859.1,0.57158,0.75164,0.96301,0.88996,0.96011,0.9549,0.86421,0.56776,0.79711,0.89375,0.00949933,0.00949933,0.00949933
724,38907.5,0.57011,0.71634,0.95935,0.8899,0.96011,0.95448,0.86311,0.56759,0.79628,0.89373,0.00949797,0.00949797,0.00949797
725,38956.4,0.56917,0.70826,0.96094,0.88894,0.96011,0.95526,0.86456,0.56779,0.79753,0.89374,0.0094966,0.0094966,0.0094966
726,39005.5,0.56678,0.72784,0.95447,0.888,0.96011,0.95544,0.86308,0.56752,0.79748,0.8937,0.00949524,0.00949524,0.00949524
727,39053.7,0.56088,0.69838,0.96181,0.88624,0.96091,0.95498,0.86481,0.56716,0.79615,0.89372,0.00949387,0.00949387,0.00949387
728,39102.7,0.56902,0.71028,0.96298,0.8891,0.96011,0.95479,0.86255,0.56711,0.79663,0.89381,0.0094925,0.0094925,0.0094925
729,39149.8,0.55199,0.69712,0.94683,0.89157,0.96011,0.95597,0.86595,0.56676,0.79664,0.89366,0.00949112,0.00949112,0.00949112
730,39197.6,0.55821,0.70804,0.94431,0.89077,0.96011,0.95619,0.86471,0.56646,0.79639,0.89353,0.00948975,0.00948975,0.00948975
731,39246.9,0.57042,0.70833,0.95125,0.88484,0.98078,0.9558,0.86349,0.56633,0.79558,0.89321,0.00948837,0.00948837,0.00948837
732,39296.1,0.57345,0.69367,0.96333,0.88485,0.98166,0.95615,0.86485,0.56623,0.79545,0.89334,0.009487,0.009487,0.009487
733,39347.8,0.56648,0.70147,0.95843,0.88487,0.98082,0.95615,0.86369,0.56644,0.79503,0.89349,0.00948562,0.00948562,0.00948562
734,39399.1,0.5717,0.708,0.95416,0.8849,0.9799,0.95622,0.86555,0.566,0.79508,0.89337,0.00948423,0.00948423,0.00948423
735,39449.6,0.57076,0.69459,0.97159,0.88491,0.98021,0.95598,0.86451,0.56609,0.79428,0.89329,0.00948285,0.00948285,0.00948285
736,39499.2,0.56461,0.70145,0.96406,0.88484,0.97923,0.95594,0.86521,0.5659,0.79574,0.89309,0.00948147,0.00948147,0.00948147
737,39550.3,0.56407,0.68164,0.95532,0.88479,0.97817,0.95637,0.86524,0.56575,0.79474,0.89304,0.00948008,0.00948008,0.00948008
738,39601.1,0.56937,0.69279,0.96632,0.8848,0.9772,0.95616,0.86446,0.56568,0.79497,0.89311,0.00947869,0.00947869,0.00947869
739,39652.1,0.55817,0.69026,0.94888,0.88491,0.97687,0.95643,0.86462,0.56609,0.79522,0.89281,0.0094773,0.0094773,0.0094773
740,39701.7,0.55514,0.69312,0.95385,0.88508,0.97707,0.95616,0.86429,0.56626,0.79557,0.89228,0.00947591,0.00947591,0.00947591
741,39750.9,0.5622,0.69682,0.95397,0.88502,0.97554,0.95625,0.8647,0.56607,0.79476,0.8922,0.00947452,0.00947452,0.00947452
742,39801.1,0.55398,0.6904,0.95866,0.88478,0.97281,0.95647,0.8621,0.56604,0.79573,0.8922,0.00947312,0.00947312,0.00947312
743,39851,0.5658,0.72667,0.95855,0.88479,0.97467,0.95664,0.86283,0.56597,0.79533,0.89202,0.00947172,0.00947172,0.00947172
744,39902.2,0.55732,0.71239,0.95387,0.8854,0.97319,0.95688,0.8639,0.56558,0.79545,0.89178,0.00947032,0.00947032,0.00947032
745,39954,0.56854,0.68414,0.95601,0.88496,0.97454,0.95672,0.8642,0.56533,0.79608,0.89155,0.00946892,0.00946892,0.00946892
746,40005.1,0.55603,0.71313,0.95177,0.88446,0.97548,0.95639,0.86274,0.56542,0.79624,0.89143,0.00946752,0.00946752,0.00946752
747,40055.3,0.56796,0.71248,0.96202,0.88426,0.97619,0.95637,0.86304,0.56487,0.79513,0.89128,0.00946612,0.00946612,0.00946612
748,40106.3,0.56428,0.70654,0.95388,0.88459,0.97693,0.95667,0.86348,0.56431,0.79506,0.89097,0.00946471,0.00946471,0.00946471
749,40157.5,0.56976,0.70731,0.95969,0.90406,0.95307,0.95661,0.86263,0.56425,0.79426,0.89087,0.0094633,0.0094633,0.0094633
750,40207.7,0.56854,0.73179,0.95629,0.90416,0.95314,0.95699,0.86369,0.5635,0.79187,0.89068,0.00946189,0.00946189,0.00946189
751,40258.8,0.54941,0.695,0.95813,0.90409,0.95319,0.95697,0.86353,0.56325,0.79064,0.89057,0.00946048,0.00946048,0.00946048
752,40309,0.56607,0.72799,0.95936,0.9041,0.95325,0.95645,0.86257,0.56322,0.78977,0.89046,0.00945907,0.00945907,0.00945907
753,40358.6,0.56034,0.69102,0.9522,0.90413,0.9534,0.95725,0.86372,0.56295,0.78894,0.89036,0.00945765,0.00945765,0.00945765
754,40409.9,0.55614,0.68856,0.95282,0.90419,0.95349,0.95674,0.86245,0.56296,0.78667,0.89028,0.00945624,0.00945624,0.00945624
755,40461.5,0.55418,0.71652,0.95128,0.90579,0.95518,0.95651,0.86246,0.56285,0.78645,0.89005,0.00945482,0.00945482,0.00945482
756,40512.4,0.55798,0.68677,0.95437,0.90582,0.95548,0.95712,0.863,0.5626,0.78544,0.89015,0.0094534,0.0094534,0.0094534
757,40563.4,0.56425,0.71018,0.95589,0.90573,0.95462,0.9567,0.86289,0.56278,0.78626,0.89025,0.00945198,0.00945198,0.00945198
758,40613.4,0.55911,0.67885,0.95193,0.90565,0.95383,0.95651,0.8636,0.5626,0.78711,0.89027,0.00945056,0.00945056,0.00945056
759,40665.2,0.55873,0.70612,0.95372,0.90575,0.95347,0.95674,0.86392,0.56272,0.7879,0.89015,0.00944913,0.00944913,0.00944913
760,40716.1,0.55302,0.68148,0.94793,0.90654,0.95353,0.9567,0.86395,0.56259,0.78808,0.89004,0.0094477,0.0094477,0.0094477
761,40767.7,0.55878,0.71112,0.9574,0.90671,0.95346,0.95669,0.86301,0.5625,0.78935,0.89017,0.00944628,0.00944628,0.00944628
762,40818.1,0.56044,0.69342,0.94986,0.90653,0.95347,0.95635,0.86295,0.56235,0.79111,0.88993,0.00944485,0.00944485,0.00944485
763,40869.2,0.56762,0.68178,0.95892,0.90687,0.95345,0.95669,0.86316,0.56216,0.7919,0.89008,0.00944341,0.00944341,0.00944341
764,40920.5,0.55586,0.69758,0.95325,0.90603,0.95348,0.95659,0.86329,0.56175,0.79012,0.8897,0.00944198,0.00944198,0.00944198
765,40971.2,0.54715,0.65626,0.95099,0.90578,0.95506,0.95686,0.86372,0.56164,0.7902,0.88953,0.00944054,0.00944054,0.00944054
766,41021.2,0.5552,0.68055,0.94791,0.90578,0.95504,0.95606,0.86228,0.56153,0.79191,0.88956,0.00943911,0.00943911,0.00943911
767,41071.3,0.54425,0.67547,0.94448,0.90577,0.95496,0.95662,0.86351,0.56168,0.7922,0.88975,0.00943767,0.00943767,0.00943767
768,41121.5,0.55763,0.67055,0.9537,0.90564,0.95367,0.95682,0.86387,0.56054,0.791,0.88813,0.00943623,0.00943623,0.00943623
769,41171.3,0.55783,0.71811,0.95234,0.90808,0.95437,0.95598,0.86245,0.56079,0.7919,0.8882,0.00943478,0.00943478,0.00943478
770,41222.3,0.54681,0.70044,0.94724,0.90808,0.95433,0.95605,0.86271,0.56053,0.79257,0.88809,0.00943334,0.00943334,0.00943334
771,41273.2,0.55548,0.68766,0.94549,0.90804,0.95401,0.95643,0.86259,0.56006,0.79471,0.88786,0.00943189,0.00943189,0.00943189
772,41324,0.54176,0.65733,0.9399,0.90806,0.95417,0.95661,0.86243,0.55993,0.79489,0.88793,0.00943045,0.00943045,0.00943045
773,41374.4,0.56076,0.69129,0.94856,0.90805,0.9541,0.95715,0.86319,0.55983,0.79184,0.88784,0.009429,0.009429,0.009429
774,41425.3,0.55521,0.69786,0.95313,0.90801,0.95376,0.95681,0.86372,0.55967,0.7921,0.88793,0.00942755,0.00942755,0.00942755
775,41476.8,0.55474,0.69831,0.95243,0.90799,0.95357,0.95678,0.86375,0.55915,0.79176,0.88779,0.00942609,0.00942609,0.00942609
776,41526.8,0.54991,0.67936,0.94581,0.90799,0.95353,0.95689,0.86374,0.55876,0.7929,0.88768,0.00942464,0.00942464,0.00942464
777,41576.7,0.54375,0.70148,0.94358,0.90796,0.95324,0.95714,0.86348,0.55869,0.79332,0.88778,0.00942318,0.00942318,0.00942318
778,41626.5,0.54963,0.66304,0.95127,0.90794,0.95311,0.9565,0.86299,0.55881,0.79342,0.88775,0.00942173,0.00942173,0.00942173
779,41677.4,0.54901,0.68719,0.94951,0.90793,0.95301,0.95638,0.86358,0.5583,0.79494,0.88747,0.00942027,0.00942027,0.00942027
780,41727.3,0.54637,0.66383,0.94294,0.90788,0.95245,0.95693,0.86361,0.55819,0.79655,0.88728,0.0094188,0.0094188,0.0094188
781,41778.1,0.56775,0.68729,0.95565,0.90781,0.95172,0.95653,0.86389,0.55816,0.79726,0.88725,0.00941734,0.00941734,0.00941734
782,41829.2,0.56141,0.69471,0.94989,0.90778,0.95145,0.95681,0.8648,0.55819,0.79868,0.88736,0.00941588,0.00941588,0.00941588
783,41879.3,0.55062,0.68376,0.94887,0.90781,0.95167,0.95678,0.86574,0.55829,0.80127,0.88711,0.00941441,0.00941441,0.00941441
784,41928.6,0.55729,0.70312,0.95234,0.9078,0.95164,0.95694,0.86605,0.55812,0.80329,0.88674,0.00941294,0.00941294,0.00941294
785,41977.9,0.55598,0.68807,0.95255,0.90781,0.95171,0.95721,0.86568,0.55833,0.80426,0.88675,0.00941147,0.00941147,0.00941147
786,42029.3,0.54798,0.68991,0.94672,0.90778,0.95147,0.9567,0.86434,0.55826,0.80444,0.88654,0.00941,0.00941,0.00941
787,42081,0.55588,0.71223,0.94787,0.90776,0.95123,0.95655,0.86472,0.5582,0.80401,0.88633,0.00940853,0.00940853,0.00940853
788,42132.6,0.5455,0.65815,0.94571,0.90775,0.95125,0.95647,0.86496,0.55794,0.80318,0.8861,0.00940705,0.00940705,0.00940705
789,42182.7,0.56375,0.68423,0.9463,0.90778,0.95154,0.9564,0.86465,0.55754,0.80278,0.8859,0.00940557,0.00940557,0.00940557
790,42232.9,0.55818,0.69751,0.95521,0.90776,0.95131,0.95612,0.86398,0.55783,0.80301,0.88589,0.0094041,0.0094041,0.0094041
791,42283.5,0.57283,0.67802,0.96152,0.90775,0.95125,0.95642,0.86442,0.55751,0.80432,0.88565,0.00940262,0.00940262,0.00940262
792,42333.3,0.56208,0.69153,0.95962,0.90775,0.95126,0.95615,0.8638,0.55757,0.80494,0.88549,0.00940113,0.00940113,0.00940113
793,42384.4,0.5499,0.69542,0.94768,0.90774,0.95111,0.95644,0.86445,0.55777,0.80658,0.88537,0.00939965,0.00939965,0.00939965
794,42435.2,0.55112,0.69154,0.95427,0.90773,0.95105,0.95651,0.86453,0.55787,0.80686,0.88556,0.00939816,0.00939816,0.00939816
795,42486.3,0.54106,0.68135,0.94698,0.90771,0.95084,0.95722,0.86493,0.55779,0.80745,0.88555,0.00939668,0.00939668,0.00939668
796,42536.4,0.55621,0.70547,0.95759,0.90771,0.95082,0.95756,0.86525,0.55783,0.80747,0.88538,0.00939519,0.00939519,0.00939519
797,42586.8,0.55255,0.68545,0.9513,0.90765,0.95009,0.95734,0.86519,0.55777,0.80741,0.88531,0.0093937,0.0093937,0.0093937
798,42638.5,0.54864,0.67777,0.94962,0.90765,0.95016,0.95739,0.86582,0.55781,0.80804,0.88527,0.00939221,0.00939221,0.00939221
799,42688.1,0.56368,0.69403,0.95156,0.90766,0.95025,0.95744,0.86576,0.55771,0.80799,0.88538,0.00939071,0.00939071,0.00939071
800,42737.8,0.54354,0.67366,0.9454,0.89046,0.96145,0.95731,0.86637,0.5576,0.80859,0.88507,0.00938922,0.00938922,0.00938922
801,42788.1,0.56448,0.69317,0.96197,0.89041,0.96204,0.95731,0.86564,0.5577,0.80799,0.8851,0.00938772,0.00938772,0.00938772
802,42838.5,0.55494,0.67505,0.95259,0.89091,0.96367,0.95811,0.86689,0.55769,0.80863,0.88507,0.00938622,0.00938622,0.00938622
803,42889.9,0.54756,0.66404,0.9481,0.89037,0.96262,0.95804,0.86719,0.55774,0.80836,0.88512,0.00938472,0.00938472,0.00938472
804,42940.4,0.55049,0.68536,0.94706,0.90765,0.95022,0.95727,0.866,0.55808,0.80966,0.8852,0.00938322,0.00938322,0.00938322
805,42991.6,0.57061,0.72302,0.96336,0.88879,0.96518,0.95761,0.86664,0.55762,0.81013,0.88497,0.00938171,0.00938171,0.00938171
806,43042.6,0.55113,0.72871,0.94703,0.88953,0.96297,0.95723,0.86598,0.55764,0.80976,0.885,0.0093802,0.0093802,0.0093802
807,43093.6,0.54885,0.69416,0.94721,0.88867,0.96396,0.95718,0.86628,0.55751,0.81017,0.88514,0.0093787,0.0093787,0.0093787
808,43145.4,0.55588,0.71363,0.95485,0.88856,0.96289,0.95757,0.86599,0.55703,0.81243,0.88507,0.00937719,0.00937719,0.00937719
809,43196.4,0.54976,0.67768,0.94533,0.89121,0.96305,0.95738,0.86624,0.55685,0.81259,0.88498,0.00937568,0.00937568,0.00937568
810,43246.3,0.54506,0.66649,0.94795,0.8914,0.96242,0.95769,0.86664,0.55681,0.81449,0.88507,0.00937416,0.00937416,0.00937416
811,43296.6,0.54804,0.67511,0.94653,0.89118,0.96246,0.95776,0.86687,0.55707,0.81597,0.88509,0.00937265,0.00937265,0.00937265
812,43346.2,0.55355,0.71202,0.93955,0.89081,0.9626,0.95774,0.86682,0.55706,0.81578,0.88493,0.00937113,0.00937113,0.00937113
813,43397.4,0.54225,0.66913,0.93546,0.88855,0.96277,0.95754,0.86628,0.55677,0.81649,0.88481,0.00936961,0.00936961,0.00936961
814,43448,0.54155,0.67285,0.93317,0.88993,0.96252,0.95853,0.86781,0.55694,0.8166,0.88488,0.0093681,0.0093681,0.0093681
815,43497.7,0.54656,0.68103,0.94329,0.90585,0.9477,0.95805,0.86704,0.55667,0.81639,0.88474,0.00936657,0.00936657,0.00936657
816,43546.7,0.55333,0.69547,0.95047,0.90593,0.9477,0.95813,0.86696,0.55642,0.81636,0.88461,0.00936505,0.00936505,0.00936505
817,43597.6,0.55935,0.68968,0.94443,0.90587,0.94768,0.95825,0.86712,0.55654,0.81731,0.88452,0.00936353,0.00936353,0.00936353
818,43648.1,0.53798,0.67446,0.94899,0.89109,0.96308,0.95815,0.86779,0.55654,0.81755,0.88443,0.009362,0.009362,0.009362
819,43698.4,0.54927,0.66659,0.95311,0.90573,0.94761,0.95874,0.86701,0.55645,0.81922,0.88451,0.00936047,0.00936047,0.00936047
820,43747.9,0.5514,0.68264,0.95871,0.90584,0.94764,0.95818,0.86728,0.55663,0.81994,0.88447,0.00935894,0.00935894,0.00935894
821,43798.5,0.56062,0.69148,0.95887,0.90592,0.94767,0.95831,0.86707,0.55631,0.82033,0.8844,0.00935741,0.00935741,0.00935741
822,43847.7,0.56121,0.6937,0.95191,0.89386,0.96414,0.95825,0.86782,0.55639,0.81986,0.8843,0.00935588,0.00935588,0.00935588
823,43896.6,0.54798,0.70364,0.94353,0.89387,0.96449,0.95808,0.86691,0.55621,0.82006,0.8843,0.00935434,0.00935434,0.00935434
824,43945.9,0.54878,0.69707,0.94201,0.89395,0.96479,0.95848,0.86814,0.55624,0.82157,0.88424,0.0093528,0.0093528,0.0093528
825,43995.3,0.55034,0.68835,0.94154,0.89394,0.96494,0.95835,0.86763,0.55609,0.82138,0.88431,0.00935127,0.00935127,0.00935127
826,44045.7,0.54598,0.69276,0.94455,0.89389,0.96508,0.95826,0.8677,0.55585,0.82099,0.88431,0.00934973,0.00934973,0.00934973
827,44096.1,0.55211,0.70684,0.94452,0.89385,0.96512,0.95883,0.86779,0.55582,0.82166,0.88427,0.00934818,0.00934818,0.00934818
828,44146.1,0.54389,0.68059,0.95142,0.89398,0.96529,0.95829,0.86736,0.55559,0.82172,0.8843,0.00934664,0.00934664,0.00934664
829,44195.9,0.54624,0.67893,0.94108,0.89403,0.9655,0.95795,0.86707,0.55593,0.82189,0.88438,0.0093451,0.0093451,0.0093451
830,44246.9,0.55103,0.68243,0.94593,0.89421,0.96549,0.95764,0.86702,0.55602,0.82317,0.8844,0.00934355,0.00934355,0.00934355
831,44297.6,0.55705,0.69055,0.95763,0.89452,0.96564,0.95732,0.86761,0.55582,0.8232,0.88443,0.009342,0.009342,0.009342
832,44348.4,0.56131,0.6827,0.95831,0.89458,0.96568,0.95741,0.86762,0.55588,0.82343,0.88423,0.00934045,0.00934045,0.00934045
833,44398.8,0.55092,0.67454,0.94745,0.89468,0.9659,0.95772,0.86733,0.55598,0.82379,0.88451,0.0093389,0.0093389,0.0093389
834,44449.8,0.55044,0.68074,0.95332,0.89488,0.96598,0.95736,0.86723,0.55573,0.82408,0.88424,0.00933734,0.00933734,0.00933734
835,44499.4,0.55252,0.70471,0.96117,0.89523,0.9661,0.95827,0.86781,0.55603,0.82468,0.88409,0.00933579,0.00933579,0.00933579
836,44549.6,0.54421,0.70008,0.9362,0.89567,0.96576,0.95762,0.86723,0.55589,0.82456,0.88383,0.00933423,0.00933423,0.00933423
837,44599,0.55251,0.67073,0.9482,0.89565,0.96559,0.95803,0.86769,0.55596,0.82647,0.88393,0.00933267,0.00933267,0.00933267
838,44648.8,0.55748,0.69163,0.95028,0.89561,0.96524,0.95842,0.86825,0.5554,0.82542,0.88347,0.00933111,0.00933111,0.00933111
839,44699.7,0.55946,0.649,0.95136,0.89561,0.96519,0.95787,0.86842,0.55559,0.82603,0.88346,0.00932955,0.00932955,0.00932955
840,44750.6,0.5467,0.67292,0.94757,0.89555,0.96467,0.95787,0.86816,0.55539,0.8267,0.8833,0.00932799,0.00932799,0.00932799
841,44801.2,0.54686,0.67273,0.95052,0.89545,0.96374,0.95797,0.8683,0.55538,0.82623,0.88314,0.00932642,0.00932642,0.00932642
842,44852.7,0.54421,0.66981,0.95069,0.89549,0.96412,0.95812,0.86799,0.55498,0.82742,0.88273,0.00932485,0.00932485,0.00932485
843,44904.9,0.5474,0.6652,0.95204,0.89608,0.96349,0.95829,0.86916,0.55481,0.82834,0.88258,0.00932328,0.00932328,0.00932328
844,44956,0.55848,0.6787,0.95867,0.89631,0.9635,0.95837,0.86904,0.5543,0.82641,0.88234,0.00932171,0.00932171,0.00932171
845,45006.6,0.54605,0.68074,0.95459,0.89714,0.96345,0.95812,0.86914,0.55395,0.8266,0.88215,0.00932014,0.00932014,0.00932014
846,45056.3,0.54324,0.67973,0.94722,0.89736,0.96348,0.95837,0.86943,0.55376,0.82576,0.88205,0.00931857,0.00931857,0.00931857
847,45106.5,0.54593,0.6716,0.93961,0.89587,0.96063,0.95846,0.8698,0.553,0.82604,0.88176,0.00931699,0.00931699,0.00931699
848,45157.1,0.54817,0.6794,0.95016,0.89419,0.96061,0.95848,0.86961,0.55263,0.82616,0.88141,0.00931542,0.00931542,0.00931542
849,45208.5,0.54584,0.6748,0.94054,0.89372,0.96062,0.95857,0.8698,0.55204,0.82565,0.88091,0.00931384,0.00931384,0.00931384
850,45257.5,0.56165,0.68415,0.9583,0.89361,0.96066,0.95873,0.86977,0.55171,0.82495,0.88067,0.00931226,0.00931226,0.00931226
851,45307.7,0.55371,0.68225,0.96126,0.89321,0.9606,0.95786,0.86901,0.5512,0.82417,0.88031,0.00931067,0.00931067,0.00931067
852,45358.9,0.55293,0.70341,0.94744,0.89316,0.9605,0.95815,0.86919,0.55103,0.82571,0.87993,0.00930909,0.00930909,0.00930909
853,45408.5,0.53721,0.67837,0.94782,0.89245,0.96045,0.95861,0.86981,0.55095,0.8263,0.87978,0.0093075,0.0093075,0.0093075
854,45459,0.54387,0.66812,0.9468,0.89261,0.96038,0.95835,0.87075,0.55075,0.82662,0.87962,0.00930592,0.00930592,0.00930592
855,45510,0.5528,0.68262,0.95484,0.89337,0.96037,0.95831,0.86978,0.55034,0.82762,0.87946,0.00930433,0.00930433,0.00930433
856,45559.6,0.54146,0.66724,0.94572,0.89329,0.96047,0.9584,0.87023,0.5497,0.82734,0.87904,0.00930274,0.00930274,0.00930274
857,45610.3,0.54997,0.6767,0.94651,0.89228,0.96042,0.95871,0.86996,0.5495,0.82683,0.87864,0.00930114,0.00930114,0.00930114
858,45660.7,0.5484,0.67348,0.9549,0.89213,0.96047,0.95853,0.87035,0.54937,0.82824,0.87818,0.00929955,0.00929955,0.00929955
859,45711.3,0.56224,0.71098,0.95571,0.89212,0.96043,0.95828,0.87082,0.54895,0.82861,0.87814,0.00929795,0.00929795,0.00929795
860,45760.6,0.535,0.64842,0.94356,0.892,0.96036,0.95835,0.87092,0.54878,0.82745,0.87812,0.00929636,0.00929636,0.00929636
861,45810.1,0.55316,0.69492,0.95006,0.89298,0.9601,0.95838,0.87029,0.5488,0.82791,0.8784,0.00929476,0.00929476,0.00929476
862,45859.6,0.53753,0.67816,0.94036,0.89307,0.95987,0.95835,0.86967,0.54848,0.82854,0.87792,0.00929316,0.00929316,0.00929316
863,45907.7,0.54471,0.70672,0.94487,0.8939,0.95966,0.95845,0.87034,0.54853,0.82845,0.87787,0.00929155,0.00929155,0.00929155
864,45955.8,0.55241,0.68562,0.94302,0.89344,0.95945,0.95854,0.86946,0.54918,0.82973,0.87894,0.00928995,0.00928995,0.00928995
865,46004.8,0.52847,0.67027,0.93921,0.89337,0.95938,0.95924,0.87011,0.54854,0.83031,0.87879,0.00928834,0.00928834,0.00928834
866,46053.4,0.54067,0.67171,0.94385,0.89332,0.95938,0.95934,0.87057,0.5483,0.83031,0.87871,0.00928674,0.00928674,0.00928674
867,46102.8,0.54659,0.67203,0.9418,0.89391,0.95937,0.95926,0.87063,0.5481,0.83083,0.8789,0.00928513,0.00928513,0.00928513
868,46152.3,0.54902,0.68847,0.9433,0.89419,0.95926,0.95913,0.87118,0.54794,0.83248,0.87881,0.00928352,0.00928352,0.00928352
869,46200.4,0.54673,0.674,0.95428,0.89421,0.95918,0.95922,0.8705,0.54777,0.82984,0.87871,0.0092819,0.0092819,0.0092819
870,46249.2,0.54918,0.6836,0.94427,0.89432,0.95901,0.95952,0.87094,0.54764,0.82862,0.87864,0.00928029,0.00928029,0.00928029
871,46299.1,0.5485,0.70618,0.9443,0.89425,0.95916,0.9594,0.87053,0.54755,0.82881,0.87875,0.00927867,0.00927867,0.00927867
872,46349.4,0.5557,0.68961,0.94382,0.89442,0.95907,0.95911,0.87037,0.54743,0.83013,0.8787,0.00927706,0.00927706,0.00927706
873,46399.7,0.53357,0.66151,0.93953,0.89445,0.95936,0.95904,0.87047,0.5473,0.83024,0.87871,0.00927544,0.00927544,0.00927544
874,46450.1,0.5415,0.67713,0.9435,0.89463,0.95914,0.95892,0.87096,0.54724,0.83046,0.87895,0.00927382,0.00927382,0.00927382
875,46500,0.53739,0.68323,0.94262,0.89481,0.95931,0.95919,0.87041,0.54766,0.83006,0.87907,0.00927219,0.00927219,0.00927219
876,46550.1,0.54055,0.66003,0.93543,0.89468,0.95881,0.95908,0.87064,0.54741,0.8298,0.87922,0.00927057,0.00927057,0.00927057
877,46599.9,0.53941,0.65921,0.93512,0.89423,0.95864,0.95948,0.87158,0.54726,0.8285,0.87941,0.00926894,0.00926894,0.00926894
878,46650.4,0.53488,0.66751,0.94244,0.89083,0.95897,0.95927,0.87171,0.54736,0.82823,0.87964,0.00926732,0.00926732,0.00926732
879,46700.1,0.54551,0.67579,0.94197,0.8903,0.95898,0.9594,0.87137,0.54722,0.82683,0.87966,0.00926569,0.00926569,0.00926569
880,46749.9,0.52794,0.64308,0.94349,0.89,0.95857,0.95956,0.87164,0.5472,0.82861,0.87995,0.00926406,0.00926406,0.00926406
881,46799,0.53815,0.64402,0.94102,0.88997,0.95835,0.95962,0.87186,0.54733,0.82723,0.88019,0.00926242,0.00926242,0.00926242
882,46849,0.53354,0.6842,0.94108,0.88991,0.9581,0.95889,0.87168,0.54792,0.82802,0.88098,0.00926079,0.00926079,0.00926079
883,46898.8,0.54743,0.66991,0.9464,0.88997,0.95796,0.95926,0.87151,0.54765,0.8271,0.88081,0.00925915,0.00925915,0.00925915
884,46946.4,0.5497,0.66913,0.9501,0.88986,0.95815,0.9588,0.87141,0.5477,0.82604,0.88083,0.00925752,0.00925752,0.00925752
885,46996,0.54546,0.68759,0.93854,0.88984,0.95829,0.95912,0.87296,0.5471,0.82653,0.88066,0.00925588,0.00925588,0.00925588
886,47045,0.55121,0.674,0.94796,0.8898,0.95815,0.95915,0.87178,0.54734,0.82723,0.88095,0.00925423,0.00925423,0.00925423
887,47095.7,0.54727,0.69373,0.94885,0.88984,0.95776,0.95957,0.87245,0.54706,0.82725,0.88075,0.00925259,0.00925259,0.00925259
888,47145,0.53464,0.66836,0.94167,0.88971,0.95787,0.95911,0.87209,0.54688,0.82669,0.88074,0.00925095,0.00925095,0.00925095
889,47194.4,0.53786,0.65355,0.94162,0.88973,0.95719,0.95946,0.87183,0.54684,0.8278,0.88063,0.0092493,0.0092493,0.0092493
890,47245.7,0.53851,0.68551,0.94833,0.88972,0.95648,0.95914,0.87217,0.54669,0.82733,0.88055,0.00924765,0.00924765,0.00924765
891,47296.5,0.54759,0.67869,0.95176,0.88982,0.95627,0.95966,0.87259,0.5469,0.82938,0.88063,0.00924601,0.00924601,0.00924601
892,47346.9,0.54711,0.67726,0.94907,0.88988,0.95659,0.95907,0.87239,0.54668,0.82813,0.88046,0.00924435,0.00924435,0.00924435
893,47396.4,0.54017,0.66059,0.94267,0.88989,0.95674,0.95957,0.87251,0.54693,0.82684,0.88055,0.0092427,0.0092427,0.0092427
894,47446.5,0.5376,0.65389,0.94319,0.88982,0.95703,0.95939,0.87284,0.5468,0.82714,0.88059,0.00924105,0.00924105,0.00924105
895,47496,0.54756,0.6799,0.94266,0.89,0.95703,0.95907,0.87241,0.54644,0.82648,0.88076,0.00923939,0.00923939,0.00923939
896,47546.7,0.53672,0.65137,0.93657,0.89015,0.95714,0.95916,0.87212,0.54708,0.82769,0.8811,0.00923774,0.00923774,0.00923774
897,47597.4,0.53561,0.6571,0.93687,0.89017,0.95739,0.95897,0.87188,0.54701,0.82852,0.88101,0.00923608,0.00923608,0.00923608
898,47646.9,0.54287,0.67633,0.93998,0.89019,0.95756,0.9594,0.87344,0.54688,0.82915,0.88086,0.00923442,0.00923442,0.00923442
899,47697.8,0.54326,0.66104,0.94237,0.8902,0.95769,0.95947,0.87301,0.54682,0.82925,0.88076,0.00923275,0.00923275,0.00923275
900,47747.8,0.54069,0.67356,0.94238,0.89021,0.95787,0.95947,0.87364,0.54699,0.82898,0.88065,0.00923109,0.00923109,0.00923109
901,47797.3,0.53759,0.64723,0.93721,0.8902,0.95771,0.95915,0.87323,0.54705,0.83066,0.8805,0.00922942,0.00922942,0.00922942
902,47847.5,0.53196,0.68256,0.9392,0.89017,0.95751,0.95901,0.87319,0.54711,0.8312,0.88045,0.00922776,0.00922776,0.00922776
903,47897.1,0.54872,0.70201,0.94175,0.89019,0.95773,0.95865,0.87292,0.54736,0.83039,0.88048,0.00922609,0.00922609,0.00922609
904,47946,0.54564,0.68124,0.94946,0.8902,0.95781,0.95906,0.87367,0.54745,0.82958,0.88047,0.00922442,0.00922442,0.00922442
905,47995.4,0.55557,0.69278,0.95452,0.88813,0.9558,0.95909,0.87185,0.54734,0.83071,0.88013,0.00922274,0.00922274,0.00922274
906,48046.3,0.54199,0.66571,0.94487,0.89048,0.95604,0.95902,0.87283,0.54712,0.8297,0.87981,0.00922107,0.00922107,0.00922107
907,48095.9,0.54574,0.67266,0.94686,0.89054,0.95608,0.95897,0.87237,0.54677,0.83124,0.87981,0.00921939,0.00921939,0.00921939
908,48146,0.53644,0.68213,0.94319,0.89053,0.95622,0.95929,0.87283,0.54678,0.83191,0.87982,0.00921772,0.00921772,0.00921772
909,48195.9,0.53578,0.65604,0.93382,0.89051,0.9562,0.95904,0.8727,0.5467,0.83073,0.87994,0.00921604,0.00921604,0.00921604
910,48246,0.53656,0.67752,0.9359,0.89042,0.95616,0.95899,0.87324,0.54691,0.83156,0.87998,0.00921436,0.00921436,0.00921436
911,48295.5,0.54016,0.65335,0.9404,0.89033,0.95617,0.9591,0.87333,0.5469,0.82813,0.87983,0.00921268,0.00921268,0.00921268
912,48344.2,0.53909,0.66564,0.94482,0.89024,0.95628,0.95896,0.87352,0.54681,0.82711,0.87995,0.00921099,0.00921099,0.00921099
913,48393.1,0.54202,0.67679,0.94393,0.89022,0.95631,0.95849,0.87337,0.5474,0.82598,0.88029,0.00920931,0.00920931,0.00920931
914,48442.7,0.53253,0.64312,0.94497,0.89002,0.95649,0.95858,0.87253,0.5461,0.82887,0.879,0.00920762,0.00920762,0.00920762
915,48492.7,0.53954,0.65449,0.94119,0.89001,0.95645,0.95864,0.87538,0.54608,0.82812,0.87873,0.00920593,0.00920593,0.00920593
916,48541.9,0.54777,0.6907,0.94942,0.89001,0.95647,0.95907,0.87494,0.54557,0.82792,0.87835,0.00920424,0.00920424,0.00920424
917,48591.7,0.53741,0.67479,0.93297,0.89006,0.95639,0.95863,0.87404,0.54568,0.82683,0.87848,0.00920255,0.00920255,0.00920255
918,48642.1,0.53925,0.66483,0.94095,0.89006,0.95641,0.95875,0.8752,0.54566,0.82655,0.87878,0.00920085,0.00920085,0.00920085
919,48691.8,0.53843,0.67013,0.94509,0.89005,0.95629,0.9589,0.87407,0.54594,0.82565,0.87873,0.00919916,0.00919916,0.00919916
920,48742.4,0.53451,0.66236,0.944,0.88999,0.95621,0.95857,0.87266,0.54599,0.82624,0.879,0.00919746,0.00919746,0.00919746
921,48791.7,0.53705,0.6603,0.94099,0.89002,0.95642,0.95869,0.87271,0.54587,0.82655,0.87901,0.00919576,0.00919576,0.00919576
922,48839.9,0.53624,0.65856,0.94269,0.89002,0.95635,0.95866,0.87296,0.54584,0.82774,0.87895,0.00919406,0.00919406,0.00919406
923,48888.6,0.53298,0.66256,0.9428,0.89007,0.95687,0.95855,0.87378,0.54597,0.82732,0.8792,0.00919236,0.00919236,0.00919236
924,48938.8,0.54851,0.68339,0.9469,0.89011,0.95718,0.95837,0.87385,0.54659,0.82699,0.87973,0.00919066,0.00919066,0.00919066
925,48988.1,0.54024,0.6519,0.94491,0.89007,0.95681,0.95808,0.87328,0.54625,0.82877,0.8796,0.00918895,0.00918895,0.00918895
926,49038,0.54046,0.66198,0.94136,0.8901,0.95704,0.95827,0.87331,0.54659,0.82981,0.87942,0.00918725,0.00918725,0.00918725
927,49087.3,0.55253,0.66921,0.94886,0.89008,0.95682,0.95855,0.87373,0.54664,0.83041,0.87992,0.00918554,0.00918554,0.00918554
928,49138.1,0.54324,0.65964,0.94142,0.89005,0.95658,0.95814,0.87293,0.54683,0.82857,0.88006,0.00918383,0.00918383,0.00918383
929,49188.6,0.53204,0.6672,0.94062,0.89003,0.95626,0.95816,0.87339,0.5467,0.83012,0.87989,0.00918212,0.00918212,0.00918212
930,49238,0.52966,0.64703,0.94004,0.88999,0.95586,0.95838,0.8732,0.54697,0.83116,0.88002,0.0091804,0.0091804,0.0091804
931,49288,0.53551,0.65447,0.93743,0.88997,0.95556,0.95857,0.87314,0.54709,0.83233,0.88005,0.00917869,0.00917869,0.00917869
932,49338.1,0.55474,0.69668,0.94739,0.88999,0.95564,0.95859,0.87332,0.54706,0.83213,0.88026,0.00917697,0.00917697,0.00917697
933,49387.2,0.52857,0.66097,0.93376,0.89007,0.95628,0.95861,0.87373,0.54733,0.83209,0.88047,0.00917525,0.00917525,0.00917525
934,49435.7,0.54025,0.65817,0.94602,0.89004,0.95604,0.95862,0.87635,0.54742,0.83179,0.88045,0.00917353,0.00917353,0.00917353
935,49485.2,0.53508,0.6601,0.93182,0.89008,0.95634,0.95882,0.87699,0.54714,0.83241,0.88048,0.00917181,0.00917181,0.00917181
936,49534.7,0.53094,0.64557,0.9377,0.8901,0.95659,0.95886,0.87757,0.54744,0.83175,0.88066,0.00917009,0.00917009,0.00917009
937,49584.9,0.53297,0.64808,0.93886,0.89013,0.95707,0.9592,0.87664,0.54719,0.83101,0.8806,0.00916836,0.00916836,0.00916836
938,49635.8,0.54434,0.66312,0.94263,0.89005,0.95663,0.95915,0.87651,0.54686,0.83024,0.88033,0.00916664,0.00916664,0.00916664
939,49686.2,0.53,0.63962,0.93516,0.89005,0.95684,0.95906,0.87716,0.54679,0.82978,0.88026,0.00916491,0.00916491,0.00916491
940,49736.6,0.53552,0.64902,0.93772,0.88996,0.95629,0.95888,0.87744,0.54686,0.83327,0.88033,0.00916318,0.00916318,0.00916318
941,49787.4,0.54197,0.6677,0.94982,0.88988,0.95661,0.95909,0.87565,0.5469,0.83231,0.88017,0.00916145,0.00916145,0.00916145
942,49837,0.53817,0.67098,0.94536,0.88988,0.95699,0.95907,0.87585,0.5467,0.83257,0.87985,0.00915972,0.00915972,0.00915972
943,49886.5,0.53639,0.67054,0.93878,0.88757,0.95665,0.95882,0.87545,0.54661,0.83315,0.87967,0.00915798,0.00915798,0.00915798
944,49935.1,0.54276,0.67016,0.94624,0.88774,0.95609,0.9585,0.87675,0.54626,0.83424,0.87931,0.00915625,0.00915625,0.00915625
945,49984.9,0.52878,0.64042,0.9376,0.88776,0.95588,0.95889,0.8756,0.546,0.83467,0.87925,0.00915451,0.00915451,0.00915451
946,50035.1,0.5352,0.66104,0.93445,0.88768,0.95553,0.95858,0.87775,0.54593,0.83508,0.87924,0.00915277,0.00915277,0.00915277
947,50084.6,0.54169,0.66783,0.93625,0.88757,0.95549,0.95836,0.87308,0.54574,0.83545,0.87914,0.00915103,0.00915103,0.00915103
948,50134.2,0.5414,0.67492,0.94369,0.88755,0.95458,0.95849,0.87752,0.54564,0.83657,0.87898,0.00914929,0.00914929,0.00914929
949,50184.4,0.53713,0.65231,0.94468,0.88745,0.95399,0.95798,0.87588,0.54531,0.83607,0.87904,0.00914754,0.00914754,0.00914754
950,50233.9,0.53,0.66334,0.93779,0.88724,0.95412,0.95805,0.87324,0.54518,0.83626,0.87894,0.0091458,0.0091458,0.0091458
951,50283,0.52833,0.65524,0.93376,0.88959,0.95454,0.95839,0.8748,0.54486,0.83541,0.87883,0.00914405,0.00914405,0.00914405
952,50333.1,0.53831,0.67358,0.94553,0.88953,0.95413,0.95848,0.87275,0.54468,0.83486,0.87857,0.0091423,0.0091423,0.0091423
953,50382.9,0.52987,0.6454,0.94202,0.88927,0.95281,0.9583,0.87356,0.54425,0.83493,0.87812,0.00914055,0.00914055,0.00914055
954,50431.6,0.54712,0.68361,0.94495,0.88922,0.95261,0.9585,0.87326,0.54394,0.83341,0.87788,0.0091388,0.0091388,0.0091388
955,50481,0.52979,0.65276,0.93791,0.88915,0.95158,0.95817,0.87263,0.54404,0.83567,0.87786,0.00913704,0.00913704,0.00913704
956,50530,0.53447,0.68012,0.94183,0.88907,0.95135,0.95828,0.87246,0.54381,0.83492,0.87761,0.00913529,0.00913529,0.00913529
957,50579.9,0.52935,0.64572,0.93854,0.889,0.95128,0.95839,0.87823,0.54356,0.83471,0.87732,0.00913353,0.00913353,0.00913353
958,50630.2,0.54123,0.65168,0.94014,0.88886,0.95105,0.95839,0.87758,0.54332,0.83538,0.87696,0.00913177,0.00913177,0.00913177
959,50680.4,0.53792,0.64982,0.94562,0.8888,0.95105,0.95841,0.8773,0.54332,0.83588,0.87716,0.00913001,0.00913001,0.00913001
960,50728.6,0.53201,0.68133,0.93244,0.88873,0.95085,0.959,0.87856,0.54345,0.83597,0.877,0.00912825,0.00912825,0.00912825
961,50778.2,0.53654,0.67184,0.94472,0.88872,0.95064,0.95866,0.87756,0.54312,0.8368,0.87658,0.00912649,0.00912649,0.00912649
962,50828.3,0.52368,0.65439,0.93881,0.88873,0.95058,0.95889,0.878,0.54278,0.83808,0.87627,0.00912472,0.00912472,0.00912472
963,50878.1,0.53605,0.65845,0.94518,0.8888,0.95049,0.95874,0.87647,0.54294,0.83898,0.87619,0.00912295,0.00912295,0.00912295
964,50929,0.52692,0.65527,0.93979,0.88892,0.95045,0.95876,0.87736,0.54311,0.83981,0.87652,0.00912119,0.00912119,0.00912119
965,50979.4,0.52956,0.66993,0.94143,0.88894,0.95019,0.95904,0.87428,0.54344,0.84097,0.87686,0.00911942,0.00911942,0.00911942
966,51029.7,0.528,0.66205,0.93553,0.889,0.95002,0.95881,0.87731,0.54383,0.84214,0.8772,0.00911764,0.00911764,0.00911764
967,51079,0.54072,0.67932,0.94534,0.88909,0.95005,0.95888,0.8743,0.5437,0.8417,0.87696,0.00911587,0.00911587,0.00911587
968,51129.8,0.53015,0.65742,0.93912,0.88684,0.94992,0.95878,0.87444,0.54254,0.842,0.87607,0.0091141,0.0091141,0.0091141
969,51180.3,0.5468,0.63834,0.94503,0.88681,0.94983,0.95875,0.87772,0.54386,0.84248,0.87705,0.00911232,0.00911232,0.00911232
970,51231.8,0.54016,0.66392,0.94565,0.88682,0.94985,0.95864,0.87648,0.54348,0.84284,0.87701,0.00911054,0.00911054,0.00911054
971,51282.2,0.53637,0.65804,0.9411,0.88915,0.94974,0.95875,0.87793,0.54326,0.84379,0.87719,0.00910876,0.00910876,0.00910876
972,51332.5,0.53183,0.6575,0.93672,0.88696,0.94982,0.95868,0.87381,0.54315,0.84345,0.87712,0.00910698,0.00910698,0.00910698
973,51382.6,0.53357,0.66547,0.94052,0.88711,0.94981,0.9586,0.87322,0.54314,0.84402,0.87732,0.0091052,0.0091052,0.0091052
974,51433.7,0.54373,0.65451,0.95017,0.88722,0.94976,0.95913,0.87626,0.54327,0.84367,0.87742,0.00910341,0.00910341,0.00910341
975,51484.9,0.54602,0.69139,0.94812,0.88764,0.94968,0.95848,0.8769,0.54328,0.84368,0.87737,0.00910163,0.00910163,0.00910163
976,51536.1,0.53722,0.65028,0.94508,0.88795,0.94953,0.95872,0.87609,0.54333,0.84541,0.87755,0.00909984,0.00909984,0.00909984
977,51587.9,0.5312,0.66941,0.94443,0.89043,0.94958,0.95862,0.87551,0.54333,0.84564,0.87756,0.00909805,0.00909805,0.00909805
978,51637,0.52974,0.65117,0.94149,0.88862,0.94957,0.9581,0.87488,0.54327,0.84646,0.87769,0.00909626,0.00909626,0.00909626
979,51686.2,0.52812,0.68516,0.93608,0.88861,0.94957,0.95813,0.87472,0.54363,0.84619,0.87852,0.00909447,0.00909447,0.00909447
980,51735.8,0.53841,0.6604,0.94195,0.88868,0.94946,0.95823,0.87641,0.54353,0.84626,0.87863,0.00909267,0.00909267,0.00909267
981,51785.3,0.54843,0.66606,0.93748,0.89042,0.94931,0.9585,0.87497,0.54391,0.8485,0.87887,0.00909088,0.00909088,0.00909088
982,51834.1,0.54685,0.65317,0.94497,0.89054,0.94948,0.9582,0.87518,0.54375,0.84984,0.87903,0.00908908,0.00908908,0.00908908
983,51883.1,0.53168,0.64752,0.94221,0.89083,0.94957,0.95865,0.87632,0.54382,0.85007,0.87916,0.00908728,0.00908728,0.00908728
984,51932,0.53329,0.63134,0.93988,0.89055,0.94953,0.95813,0.87615,0.54374,0.84819,0.87904,0.00908548,0.00908548,0.00908548
985,51981.4,0.52763,0.675,0.94437,0.89179,0.94947,0.95842,0.87628,0.54322,0.84939,0.87879,0.00908368,0.00908368,0.00908368
986,52030,0.53269,0.64575,0.93946,0.89177,0.94931,0.95816,0.87637,0.54292,0.85045,0.87881,0.00908188,0.00908188,0.00908188
987,52080,0.53863,0.65233,0.945,0.88954,0.94924,0.9581,0.87393,0.54316,0.85143,0.8788,0.00908007,0.00908007,0.00908007
988,52129.6,0.52491,0.66625,0.9423,0.8905,0.94922,0.95709,0.87544,0.54351,0.85205,0.87893,0.00907827,0.00907827,0.00907827
989,52180.1,0.51765,0.63436,0.92866,0.8913,0.94916,0.95762,0.87685,0.54349,0.85131,0.87885,0.00907646,0.00907646,0.00907646
990,52230.9,0.5282,0.64452,0.93658,0.89151,0.94908,0.95735,0.87389,0.54362,0.85264,0.87896,0.00907465,0.00907465,0.00907465
991,52280.7,0.54524,0.6748,0.94488,0.89149,0.94901,0.95749,0.87649,0.54375,0.85247,0.879,0.00907284,0.00907284,0.00907284
992,52330.6,0.53824,0.68229,0.95296,0.89157,0.94743,0.95726,0.87649,0.54386,0.85351,0.8791,0.00907102,0.00907102,0.00907102
993,52380.6,0.54704,0.68845,0.94764,0.89142,0.94593,0.95744,0.87316,0.54416,0.85522,0.87913,0.00906921,0.00906921,0.00906921
994,52430.9,0.53002,0.65376,0.9374,0.88985,0.94577,0.95719,0.87803,0.54459,0.85589,0.87948,0.00906739,0.00906739,0.00906739
995,52481.3,0.53233,0.65669,0.93997,0.89168,0.94831,0.95772,0.87801,0.54489,0.8574,0.87967,0.00906557,0.00906557,0.00906557
996,52530.3,0.52945,0.63921,0.94172,0.89107,0.94852,0.95797,0.87883,0.54473,0.85761,0.8795,0.00906375,0.00906375,0.00906375
997,52578.5,0.53334,0.65212,0.94134,0.89084,0.94856,0.95728,0.87644,0.54486,0.85758,0.87967,0.00906193,0.00906193,0.00906193
998,52627.6,0.54349,0.68366,0.94405,0.89031,0.94849,0.95782,0.87864,0.54488,0.85661,0.87944,0.00906011,0.00906011,0.00906011
999,52678.4,0.53044,0.65524,0.9375,0.88998,0.94823,0.95717,0.87816,0.54467,0.85864,0.87963,0.00905829,0.00905829,0.00905829
1000,52728.8,0.53722,0.65276,0.93477,0.89011,0.9482,0.95776,0.87898,0.5448,0.85912,0.87973,0.00905646,0.00905646,0.00905646
1001,52777.7,0.53411,0.64307,0.94041,0.89034,0.94823,0.95774,0.87787,0.54468,0.86115,0.88011,0.00905463,0.00905463,0.00905463
1002,52827.3,0.54012,0.6675,0.94684,0.89018,0.94804,0.95811,0.8786,0.54531,0.86261,0.8804,0.00905281,0.00905281,0.00905281
1003,52877.4,0.54348,0.6579,0.94073,0.8902,0.94795,0.95763,0.87859,0.5453,0.86082,0.8807,0.00905097,0.00905097,0.00905097
1004,52927.7,0.53448,0.65868,0.9392,0.88993,0.94774,0.95794,0.87932,0.54449,0.86074,0.88043,0.00904914,0.00904914,0.00904914
1005,52977.4,0.52847,0.65554,0.93796,0.8898,0.94732,0.95792,0.87642,0.5446,0.86174,0.8804,0.00904731,0.00904731,0.00904731
1006,53028.1,0.53246,0.64321,0.93823,0.88958,0.947,0.95816,0.87978,0.5446,0.86113,0.88065,0.00904547,0.00904547,0.00904547
1007,53077.9,0.54289,0.66114,0.93792,0.88965,0.94725,0.95726,0.87524,0.54517,0.86232,0.88037,0.00904364,0.00904364,0.00904364
1008,53127.2,0.53947,0.65956,0.93736,0.88987,0.9473,0.95732,0.87534,0.54515,0.86268,0.88045,0.0090418,0.0090418,0.0090418
1009,53177.6,0.53288,0.66541,0.94188,0.89001,0.94743,0.95795,0.87569,0.54556,0.86248,0.8808,0.00903996,0.00903996,0.00903996
1010,53226.7,0.53886,0.64094,0.93989,0.88824,0.94756,0.95822,0.87618,0.54563,0.86478,0.88081,0.00903812,0.00903812,0.00903812
1011,53277.3,0.53025,0.66757,0.94234,0.89012,0.94764,0.95779,0.87601,0.54496,0.86514,0.87989,0.00903627,0.00903627,0.00903627
1012,53327.3,0.52266,0.6528,0.93845,0.88994,0.94781,0.95784,0.87606,0.54502,0.86561,0.87969,0.00903443,0.00903443,0.00903443
1013,53376.8,0.52678,0.65947,0.93719,0.88997,0.94797,0.95763,0.87539,0.54492,0.86773,0.8795,0.00903258,0.00903258,0.00903258
1014,53426.5,0.53021,0.6553,0.9374,0.90255,0.93023,0.95758,0.87512,0.54496,0.86737,0.87934,0.00903074,0.00903074,0.00903074
1015,53476.8,0.52355,0.65997,0.93757,0.89153,0.9395,0.95793,0.87518,0.54492,0.86884,0.87903,0.00902889,0.00902889,0.00902889
1016,53526.3,0.53116,0.64635,0.93875,0.89141,0.93967,0.95783,0.87554,0.54496,0.86803,0.87891,0.00902703,0.00902703,0.00902703
1017,53576.9,0.53104,0.64538,0.94426,0.89143,0.94015,0.95802,0.87468,0.54464,0.86777,0.87871,0.00902518,0.00902518,0.00902518
1018,53627.7,0.53626,0.65009,0.94463,0.89098,0.94185,0.95781,0.87495,0.54487,0.86795,0.87881,0.00902333,0.00902333,0.00902333
1019,53678.1,0.52214,0.64481,0.93578,0.89097,0.94187,0.95804,0.87449,0.54487,0.86789,0.87914,0.00902147,0.00902147,0.00902147
1020,53728.6,0.52575,0.63556,0.93899,0.89208,0.94154,0.95816,0.87461,0.54511,0.87097,0.87911,0.00901962,0.00901962,0.00901962
1021,53779.2,0.53513,0.65188,0.94064,0.89242,0.94184,0.95854,0.87539,0.54488,0.86804,0.87882,0.00901776,0.00901776,0.00901776
1022,53830.2,0.53473,0.66643,0.93889,0.8929,0.94208,0.95814,0.87505,0.54486,0.86828,0.87868,0.0090159,0.0090159,0.0090159
1023,53880.3,0.53111,0.67096,0.94029,0.89117,0.94387,0.95824,0.87517,0.54505,0.86763,0.87859,0.00901403,0.00901403,0.00901403
1024,53930.3,0.53143,0.65762,0.93977,0.89361,0.94226,0.95814,0.8748,0.54478,0.86625,0.8785,0.00901217,0.00901217,0.00901217
1025,53981,0.53855,0.67356,0.94938,0.89328,0.9422,0.9583,0.87464,0.54454,0.86581,0.87835,0.00901031,0.00901031,0.00901031
1026,54030.6,0.52266,0.63942,0.93139,0.89113,0.94346,0.95807,0.87452,0.54466,0.86706,0.87811,0.00900844,0.00900844,0.00900844
1027,54079.5,0.53358,0.65944,0.94192,0.89104,0.94266,0.9583,0.8754,0.54412,0.86679,0.87781,0.00900657,0.00900657,0.00900657
1028,54128.7,0.51972,0.64299,0.92739,0.89112,0.9434,0.9579,0.87473,0.54427,0.86851,0.87776,0.0090047,0.0090047,0.0090047
1029,54179.2,0.53028,0.67685,0.94115,0.8905,0.94259,0.9579,0.87449,0.54382,0.86705,0.87735,0.00900283,0.00900283,0.00900283
1030,54229.4,0.53083,0.63458,0.94449,0.89029,0.94267,0.95834,0.87446,0.54412,0.86646,0.87761,0.00900096,0.00900096,0.00900096
1031,54278.9,0.52117,0.62643,0.92604,0.89045,0.94274,0.95793,0.87508,0.54396,0.86835,0.87774,0.00899908,0.00899908,0.00899908
1032,54329.4,0.53112,0.64478,0.93957,0.89223,0.94262,0.95765,0.87433,0.54336,0.86757,0.87774,0.00899721,0.00899721,0.00899721
1033,54380.1,0.53788,0.64206,0.93518,0.89398,0.94231,0.95821,0.87513,0.543,0.866,0.8774,0.00899533,0.00899533,0.00899533
1034,54431.3,0.52838,0.63356,0.93774,0.88874,0.94297,0.95771,0.87436,0.54275,0.86731,0.8773,0.00899345,0.00899345,0.00899345
1035,54482.1,0.52417,0.68069,0.93233,0.88874,0.94297,0.95812,0.87521,0.54279,0.86846,0.87747,0.00899157,0.00899157,0.00899157
1036,54532.3,0.52315,0.64097,0.93515,0.89337,0.94207,0.95807,0.87534,0.54268,0.8685,0.87759,0.00898969,0.00898969,0.00898969
1037,54583.4,0.52303,0.64628,0.92584,0.89203,0.94223,0.95791,0.87528,0.54266,0.86828,0.87754,0.0089878,0.0089878,0.0089878
1038,54634.8,0.52461,0.65016,0.93806,0.8922,0.94234,0.95777,0.87465,0.54247,0.86705,0.87745,0.00898592,0.00898592,0.00898592
1039,54685.2,0.52981,0.68005,0.94217,0.8935,0.94245,0.95732,0.87414,0.54211,0.86917,0.87734,0.00898403,0.00898403,0.00898403
1040,54736,0.51938,0.63566,0.93777,0.89174,0.94245,0.95714,0.87407,0.54158,0.86744,0.87711,0.00898214,0.00898214,0.00898214
1041,54785.7,0.52493,0.66595,0.93599,0.89252,0.94253,0.95757,0.87299,0.54152,0.86866,0.87705,0.00898025,0.00898025,0.00898025
1042,54835.5,0.53228,0.66854,0.94782,0.89213,0.94251,0.95787,0.87372,0.54165,0.86957,0.87724,0.00897836,0.00897836,0.00897836
1043,54887.6,0.53884,0.65415,0.94238,0.8918,0.9426,0.95807,0.87495,0.5414,0.87036,0.87717,0.00897647,0.00897647,0.00897647
1044,54938.3,0.54276,0.67548,0.94836,0.8914,0.94274,0.95815,0.87533,0.54148,0.87164,0.8774,0.00897457,0.00897457,0.00897457
1045,54988.9,0.53928,0.65845,0.94944,0.89143,0.94283,0.95821,0.87546,0.5415,0.87104,0.87731,0.00897268,0.00897268,0.00897268
1046,55038.2,0.53307,0.6604,0.94336,0.89122,0.94291,0.95824,0.87453,0.54109,0.87187,0.87735,0.00897078,0.00897078,0.00897078
1047,55088.8,0.52237,0.66056,0.94661,0.89185,0.94298,0.9582,0.87428,0.54098,0.87113,0.87736,0.00896888,0.00896888,0.00896888
1048,55137.5,0.52452,0.62868,0.92873,0.89113,0.94361,0.95759,0.87386,0.54092,0.87228,0.87735,0.00896698,0.00896698,0.00896698
1049,55188.1,0.53004,0.64102,0.94162,0.89118,0.94403,0.95781,0.87414,0.54084,0.87244,0.87725,0.00896508,0.00896508,0.00896508
1050,55239,0.53398,0.65397,0.94142,0.8912,0.94419,0.95738,0.87547,0.54047,0.87415,0.87749,0.00896317,0.00896317,0.00896317
1051,55290.4,0.52412,0.64978,0.9311,0.89122,0.94439,0.95729,0.87538,0.53982,0.87262,0.87715,0.00896127,0.00896127,0.00896127
1052,55340.7,0.5184,0.63404,0.93689,0.89121,0.94431,0.95658,0.87385,0.54004,0.87168,0.87721,0.00895936,0.00895936,0.00895936
1053,55391.3,0.5164,0.64488,0.92988,0.89116,0.94383,0.95771,0.87443,0.53998,0.8695,0.87735,0.00895745,0.00895745,0.00895745
1054,55440.9,0.52492,0.64995,0.93156,0.89117,0.94391,0.95677,0.87428,0.53978,0.87035,0.87711,0.00895554,0.00895554,0.00895554
1055,55491.6,0.51576,0.63558,0.92522,0.89111,0.94327,0.95771,0.87452,0.53969,0.87014,0.87723,0.00895363,0.00895363,0.00895363
1056,55542,0.52303,0.65322,0.93128,0.8911,0.9433,0.95767,0.87441,0.53977,0.86945,0.87718,0.00895172,0.00895172,0.00895172
1057,55591.1,0.52536,0.66737,0.93275,0.89158,0.9432,0.95687,0.87294,0.5397,0.87081,0.87735,0.0089498,0.0089498,0.0089498
1058,55641.5,0.52747,0.67467,0.93943,0.89113,0.94355,0.956,0.87291,0.53974,0.86958,0.87741,0.00894789,0.00894789,0.00894789
1059,55691.7,0.52113,0.6643,0.9381,0.89116,0.94385,0.95699,0.87567,0.53983,0.8686,0.87752,0.00894597,0.00894597,0.00894597
1060,55743.6,0.52301,0.65282,0.93542,0.8912,0.94419,0.95669,0.87445,0.54018,0.87011,0.87771,0.00894405,0.00894405,0.00894405
1061,55793.7,0.53204,0.65792,0.93857,0.89123,0.94445,0.95693,0.87432,0.54005,0.87095,0.87778,0.00894213,0.00894213,0.00894213
1062,55843.8,0.52179,0.64735,0.93258,0.89122,0.94438,0.95693,0.87436,0.53995,0.87011,0.87771,0.00894021,0.00894021,0.00894021
1063,55894,0.52472,0.6486,0.93523,0.89126,0.9447,0.95743,0.87492,0.53972,0.86883,0.87773,0.00893828,0.00893828,0.00893828
1064,55944.3,0.5246,0.65206,0.93779,0.8913,0.94506,0.95693,0.87399,0.53971,0.87059,0.87775,0.00893636,0.00893636,0.00893636
1065,55994.1,0.51925,0.62128,0.93661,0.8913,0.945,0.95725,0.87441,0.53928,0.86822,0.87751,0.00893443,0.00893443,0.00893443
1066,56045,0.52319,0.64743,0.93939,0.89131,0.94509,0.95693,0.87456,0.5389,0.86577,0.87722,0.0089325,0.0089325,0.0089325
1067,56096.1,0.51979,0.6506,0.92923,0.89134,0.94545,0.95556,0.87417,0.53841,0.86667,0.87694,0.00893057,0.00893057,0.00893057
1068,56147.5,0.5244,0.64908,0.93329,0.89129,0.94997,0.95629,0.87365,0.53827,0.86759,0.87695,0.00892864,0.00892864,0.00892864
1069,56197.7,0.52063,0.64138,0.93142,0.89136,0.94558,0.95722,0.87477,0.53782,0.86626,0.87684,0.00892671,0.00892671,0.00892671
1070,56246.7,0.53095,0.64163,0.9452,0.89156,0.94999,0.95587,0.87343,0.53831,0.86763,0.87703,0.00892477,0.00892477,0.00892477
1071,56295.3,0.54161,0.6673,0.94521,0.8915,0.95005,0.95712,0.87457,0.53847,0.86647,0.87712,0.00892283,0.00892283,0.00892283
1072,56344.6,0.52184,0.64153,0.93889,0.89159,0.95006,0.95684,0.87427,0.53835,0.86761,0.87694,0.0089209,0.0089209,0.0089209
1073,56394.1,0.52912,0.67484,0.93082,0.89145,0.95007,0.95741,0.87484,0.53823,0.86648,0.8769,0.00891896,0.00891896,0.00891896
1074,56443.3,0.52787,0.65673,0.94863,0.89143,0.95012,0.95671,0.87392,0.53834,0.86842,0.87695,0.00891702,0.00891702,0.00891702
1075,56493.3,0.52892,0.65183,0.9368,0.89159,0.95015,0.95739,0.87515,0.53842,0.86702,0.87683,0.00891507,0.00891507,0.00891507
1076,56543,0.52596,0.65142,0.93467,0.8917,0.9501,0.95651,0.87394,0.53826,0.8669,0.87675,0.00891313,0.00891313,0.00891313
1077,56592.8,0.53546,0.63868,0.93469,0.89171,0.95008,0.95636,0.87418,0.53814,0.86681,0.87645,0.00891119,0.00891119,0.00891119
1078,56644.5,0.5104,0.6274,0.93112,0.89184,0.95,0.9573,0.87511,0.53759,0.86594,0.87612,0.00890924,0.00890924,0.00890924
1079,56696.6,0.51244,0.64112,0.93476,0.89181,0.94974,0.95755,0.8751,0.53758,0.86686,0.87608,0.00890729,0.00890729,0.00890729
1080,56747,0.51855,0.63538,0.92953,0.89179,0.94956,0.95783,0.87542,0.53751,0.86647,0.87586,0.00890534,0.00890534,0.00890534
1081,56797.6,0.51895,0.6529,0.93462,0.89178,0.94947,0.95771,0.87458,0.53754,0.86748,0.87603,0.00890339,0.00890339,0.00890339
1082,56848.3,0.53269,0.65003,0.94076,0.89178,0.94945,0.9582,0.87636,0.53732,0.86765,0.87564,0.00890144,0.00890144,0.00890144
1083,56897.8,0.52277,0.65525,0.94018,0.89177,0.94941,0.95764,0.8753,0.53735,0.86756,0.87551,0.00889948,0.00889948,0.00889948
1084,56947.5,0.52281,0.64523,0.93484,0.89177,0.94939,0.95782,0.87533,0.53721,0.86818,0.87561,0.00889752,0.00889752,0.00889752
1085,56998.2,0.51212,0.63023,0.92617,0.89179,0.94954,0.95848,0.87619,0.53729,0.86967,0.87547,0.00889557,0.00889557,0.00889557
1086,57047,0.52523,0.62845,0.93249,0.8918,0.94967,0.95879,0.87677,0.53714,0.87049,0.87538,0.00889361,0.00889361,0.00889361
1087,57096.5,0.52309,0.64457,0.93895,0.89181,0.94969,0.95776,0.87477,0.53711,0.87128,0.87522,0.00889165,0.00889165,0.00889165
1088,57146.6,0.51595,0.64096,0.92951,0.89183,0.94988,0.95894,0.87551,0.53713,0.87169,0.87522,0.00888969,0.00888969,0.00888969
1089,57195.9,0.52583,0.64458,0.9224,0.89157,0.94989,0.95838,0.87556,0.53724,0.8728,0.8753,0.00888772,0.00888772,0.00888772
1090,57244.9,0.52464,0.65977,0.94162,0.89151,0.94992,0.95816,0.87477,0.53723,0.87146,0.87525,0.00888576,0.00888576,0.00888576
1091,57294.3,0.53266,0.65944,0.9404,0.89139,0.94992,0.95844,0.8761,0.5374,0.87143,0.87526,0.00888379,0.00888379,0.00888379
1092,57343.6,0.51996,0.64515,0.93382,0.89134,0.94991,0.95872,0.87589,0.53741,0.8726,0.8754,0.00888182,0.00888182,0.00888182
1093,57394.5,0.52797,0.65915,0.93688,0.8914,0.94995,0.95776,0.87477,0.53698,0.8724,0.87536,0.00887985,0.00887985,0.00887985
1094,57445.8,0.51733,0.63133,0.92835,0.89142,0.94999,0.95885,0.87544,0.53704,0.87169,0.87546,0.00887788,0.00887788,0.00887788
1095,57495.8,0.51748,0.63025,0.93865,0.89143,0.95002,0.95793,0.87514,0.53689,0.87244,0.8753,0.00887591,0.00887591,0.00887591
1096,57545.7,0.51239,0.64165,0.93384,0.89139,0.95005,0.95782,0.87646,0.537,0.87277,0.87539,0.00887393,0.00887393,0.00887393
1097,57595.2,0.53157,0.65081,0.94575,0.89134,0.95006,0.95758,0.8766,0.537,0.87384,0.87519,0.00887196,0.00887196,0.00887196
1098,57645.4,0.52097,0.63903,0.9318,0.89135,0.95002,0.95802,0.87728,0.53704,0.87274,0.87512,0.00886998,0.00886998,0.00886998
1099,57695.9,0.52381,0.63636,0.93341,0.89136,0.95,0.95799,0.87746,0.53705,0.87418,0.87499,0.008868,0.008868,0.008868
1100,57746.5,0.54059,0.67675,0.94772,0.89127,0.94997,0.95797,0.87721,0.53706,0.87166,0.8749,0.00886602,0.00886602,0.00886602
1101,57796.5,0.5214,0.64704,0.93346,0.89106,0.94996,0.95808,0.87753,0.53642,0.87088,0.87473,0.00886404,0.00886404,0.00886404
1102,57846.8,0.52002,0.63308,0.93613,0.89069,0.94991,0.95844,0.87882,0.53621,0.86954,0.87481,0.00886206,0.00886206,0.00886206
1103,57896.2,0.51906,0.63447,0.93761,0.88944,0.94988,0.95813,0.8779,0.53668,0.86918,0.87514,0.00886007,0.00886007,0.00886007
1104,57944.6,0.51584,0.63052,0.9404,0.88892,0.9498,0.95815,0.8782,0.53645,0.8657,0.87516,0.00885809,0.00885809,0.00885809
1105,57994.4,0.52063,0.64655,0.93798,0.88887,0.94974,0.95812,0.87868,0.53699,0.86917,0.87542,0.0088561,0.0088561,0.0088561
1106,58045.3,0.51484,0.64137,0.92915,0.88883,0.94973,0.95827,0.87691,0.53664,0.86747,0.87506,0.00885411,0.00885411,0.00885411
