epoch,time,train/box_loss,train/cls_loss,train/dfl_loss,metrics/precision(B),metrics/recall(B),metrics/mAP50(B),metrics/mAP50-95(B),val/box_loss,val/cls_loss,val/dfl_loss,lr/pg0,lr/pg1,lr/pg2
1,141.58,1.25102,9.19043,1.47429,0.78773,0.7341,0.7961,0.55823,1.15261,3.38207,1.29956,0.00331691,0.00331691,0.00331691
2,256.202,1.14642,4.22842,1.35746,0.68859,0.84374,0.8204,0.5322,1.31683,2.63608,1.38701,0.00665025,0.00665025,0.00665025
3,368.387,1.29775,3.34274,1.44144,0.52292,0.8541,0.70055,0.40359,1.52862,10.973,1.85291,0.00998358,0.00998358,0.00998358
4,481.548,1.39702,3.24702,1.5437,0.72252,0.76034,0.77499,0.5141,1.38528,4.52371,1.52485,0.00999999,0.00999999,0.00999999
5,593.272,1.30807,2.93881,1.4662,0.82443,0.69571,0.82312,0.57264,1.15009,2.79587,1.2906,0.00999998,0.00999998,0.00999998
6,706.329,1.23086,2.68275,1.4322,0.71763,0.82853,0.77016,0.51924,1.2359,3.13977,1.38767,0.00999998,0.00999998,0.00999998
7,818.519,1.19013,2.57185,1.3868,0.82168,0.82334,0.8681,0.59773,1.22807,2.0275,1.30831,0.00999996,0.00999996,0.00999996
8,930.1,1.16338,2.44668,1.3758,0.80222,0.85344,0.86235,0.58182,1.22104,2.10919,1.31418,0.00999995,0.00999995,0.00999995
9,1042.7,1.12471,2.33752,1.32797,0.78002,0.84843,0.81763,0.58991,1.16329,1.91333,1.27032,0.00999994,0.00999994,0.00999994
10,1154.26,1.11378,2.32717,1.33481,0.82856,0.8631,0.85209,0.5764,1.31966,1.90181,1.34995,0.00999992,0.00999992,0.00999992
11,1265.27,1.1082,2.28806,1.32259,0.80059,0.86081,0.86978,0.65405,1.03703,1.76277,1.19925,0.0099999,0.0099999,0.0099999
12,1378.04,1.07263,2.13447,1.29363,0.82606,0.86228,0.88896,0.68923,0.93331,1.66315,1.1248,0.00999988,0.00999988,0.00999988
13,1490.03,1.04855,2.16871,1.27176,0.83747,0.85118,0.86838,0.64994,1.0852,1.75997,1.21735,0.00999986,0.00999986,0.00999986
14,1602.14,1.05368,2.11767,1.27356,0.81758,0.88794,0.89556,0.69883,0.91876,1.70669,1.1195,0.00999983,0.00999983,0.00999983
15,1714.87,1.01048,2.14313,1.26729,0.80997,0.874,0.90009,0.6864,0.98702,1.70667,1.15512,0.00999981,0.00999981,0.00999981
16,1827.92,1.02712,2.06602,1.25458,0.87915,0.81783,0.89828,0.68977,1.01839,1.74299,1.13834,0.00999978,0.00999978,0.00999978
17,1939.76,0.9969,1.99119,1.24702,0.82146,0.89615,0.89306,0.69,0.92549,1.60045,1.12729,0.00999975,0.00999975,0.00999975
18,2051.45,0.98524,2.0078,1.2288,0.85925,0.88321,0.8998,0.69153,0.94912,1.62915,1.13129,0.00999972,0.00999972,0.00999972
19,2163.5,0.99898,2.00126,1.2494,0.85497,0.89013,0.90966,0.70719,0.96311,1.46911,1.1507,0.00999968,0.00999968,0.00999968
20,2276.68,0.96605,1.92179,1.21529,0.8074,0.91833,0.89564,0.66105,1.05146,1.6981,1.16106,0.00999965,0.00999965,0.00999965
21,2389.06,0.98007,1.89531,1.22901,0.8336,0.87775,0.89586,0.68177,0.95419,1.6156,1.11418,0.00999961,0.00999961,0.00999961
22,2499.76,0.98715,1.94861,1.23094,0.84706,0.84799,0.88959,0.70924,0.90135,1.60651,1.09606,0.00999957,0.00999957,0.00999957
23,2611.28,0.95643,1.88042,1.21361,0.87267,0.84073,0.89803,0.69406,0.89912,1.5278,1.1099,0.00999953,0.00999953,0.00999953
24,2724.09,0.94253,1.92495,1.20882,0.8517,0.86296,0.89735,0.71848,0.91119,1.49062,1.09301,0.00999948,0.00999948,0.00999948
25,2835.57,0.95446,1.86114,1.21657,0.84934,0.8928,0.9023,0.68973,1.03533,1.51718,1.15117,0.00999944,0.00999944,0.00999944
26,2946.9,0.94463,1.83535,1.20343,0.86503,0.83302,0.8904,0.69294,0.91347,1.55043,1.11226,0.00999939,0.00999939,0.00999939
27,3057.24,0.9359,1.85258,1.20489,0.85087,0.88545,0.90354,0.71335,0.88812,1.50388,1.10111,0.00999934,0.00999934,0.00999934
28,3169.6,0.93944,1.83587,1.20786,0.85057,0.89831,0.90809,0.70702,0.91586,1.46523,1.1045,0.00999929,0.00999929,0.00999929
29,3280.76,0.95601,1.83793,1.20682,0.85751,0.91658,0.9146,0.73287,0.89713,1.37533,1.07794,0.00999923,0.00999923,0.00999923
30,3392.53,0.95883,1.86087,1.22971,0.81041,0.88363,0.89209,0.70846,0.90888,1.57247,1.1003,0.00999918,0.00999918,0.00999918
31,3504.03,0.94409,1.84168,1.20433,0.81644,0.8899,0.89567,0.71485,0.88717,1.45317,1.08171,0.00999912,0.00999912,0.00999912
32,3616.1,0.93856,1.77975,1.19488,0.85638,0.88604,0.90949,0.71721,0.92263,1.48786,1.09906,0.00999906,0.00999906,0.00999906
33,3728.53,0.91666,1.80473,1.19145,0.888,0.8581,0.90676,0.72343,0.85161,1.40473,1.05886,0.009999,0.009999,0.009999
34,3839.92,0.91556,1.74605,1.18995,0.87234,0.87496,0.90931,0.69298,0.96714,1.49734,1.12767,0.00999894,0.00999894,0.00999894
35,3952.47,0.89562,1.70814,1.17285,0.83327,0.90359,0.90406,0.71524,0.91447,1.44697,1.07966,0.00999887,0.00999887,0.00999887
36,4064.22,0.93769,1.80033,1.19414,0.83748,0.88114,0.89159,0.69682,0.90253,1.46459,1.07695,0.0099988,0.0099988,0.0099988
37,4176.07,0.90956,1.71627,1.17367,0.85667,0.91159,0.90671,0.71649,0.89037,1.37994,1.06693,0.00999873,0.00999873,0.00999873
38,4288.69,0.89995,1.6899,1.18169,0.84594,0.89293,0.9046,0.72184,0.89866,1.41545,1.08533,0.00999866,0.00999866,0.00999866
39,4400.83,0.90777,1.73282,1.18405,0.84948,0.86565,0.91123,0.7477,0.84055,1.40815,1.06241,0.00999859,0.00999859,0.00999859
40,4512.69,0.89351,1.73771,1.17276,0.8779,0.86192,0.90856,0.72388,0.90643,1.42635,1.08835,0.00999851,0.00999851,0.00999851
41,4624.94,0.89723,1.70277,1.18764,0.87315,0.86151,0.91387,0.7367,0.85936,1.33865,1.06396,0.00999844,0.00999844,0.00999844
42,4736.87,0.89505,1.66182,1.1817,0.85097,0.90036,0.92286,0.73494,0.87403,1.28092,1.05553,0.00999836,0.00999836,0.00999836
43,4848.1,0.90626,1.72306,1.18326,0.88452,0.83141,0.91487,0.73867,0.84704,1.38613,1.05679,0.00999828,0.00999828,0.00999828
44,4959.54,0.90389,1.66726,1.18346,0.84997,0.90005,0.92134,0.75108,0.83243,1.31189,1.05458,0.00999819,0.00999819,0.00999819
45,5070.47,0.87028,1.60658,1.15329,0.85256,0.90591,0.91547,0.73736,0.85247,1.34174,1.05855,0.00999811,0.00999811,0.00999811
46,5180.93,0.8825,1.67363,1.15622,0.87145,0.8918,0.92311,0.74447,0.84079,1.29312,1.05579,0.00999802,0.00999802,0.00999802
47,5292.18,0.87022,1.62214,1.15573,0.89091,0.86397,0.91732,0.75089,0.84083,1.28532,1.04923,0.00999793,0.00999793,0.00999793
48,5403.07,0.87639,1.6227,1.16137,0.85126,0.89912,0.9235,0.73556,0.88233,1.35079,1.0599,0.00999784,0.00999784,0.00999784
49,5514.45,0.87719,1.59979,1.16301,0.85925,0.92459,0.92116,0.75986,0.81873,1.30588,1.03769,0.00999775,0.00999775,0.00999775
50,5625.76,0.87781,1.68332,1.16511,0.84192,0.88688,0.91789,0.75461,0.82001,1.32539,1.03969,0.00999765,0.00999765,0.00999765
51,5737.35,0.87095,1.60694,1.15631,0.84937,0.92892,0.92646,0.75283,0.84461,1.30129,1.0605,0.00999756,0.00999756,0.00999756
52,5847.92,0.8989,1.66224,1.17896,0.86892,0.87281,0.91253,0.76774,0.78775,1.34788,1.04531,0.00999746,0.00999746,0.00999746
53,5959.5,0.88068,1.58064,1.15517,0.89232,0.86397,0.92441,0.75353,0.82512,1.28403,1.04674,0.00999736,0.00999736,0.00999736
54,6070.41,0.85777,1.55341,1.14903,0.88551,0.8856,0.93032,0.77035,0.80889,1.2527,1.04027,0.00999726,0.00999726,0.00999726
55,6181.69,0.87586,1.61963,1.15802,0.86551,0.91306,0.92158,0.75653,0.82661,1.27915,1.05325,0.00999715,0.00999715,0.00999715
56,6292.01,0.88367,1.60397,1.15653,0.87695,0.8802,0.91832,0.76325,0.80358,1.26813,1.04137,0.00999704,0.00999704,0.00999704
57,6402.57,0.86624,1.53996,1.14855,0.88605,0.86915,0.92818,0.75747,0.8162,1.25254,1.04806,0.00999694,0.00999694,0.00999694
58,6514.32,0.86802,1.62172,1.15122,0.87333,0.89007,0.91999,0.74389,0.86598,1.29085,1.07232,0.00999683,0.00999683,0.00999683
59,6625.57,0.84952,1.60732,1.14282,0.89422,0.86672,0.92682,0.76269,0.84007,1.30359,1.04082,0.00999671,0.00999671,0.00999671
60,6737,0.85405,1.59031,1.14605,0.89157,0.8643,0.91379,0.75051,0.84484,1.3024,1.04818,0.0099966,0.0099966,0.0099966
61,6849.75,0.86968,1.52757,1.15884,0.85799,0.89156,0.91535,0.75069,0.82082,1.3094,1.03905,0.00999648,0.00999648,0.00999648
62,6961.17,0.86123,1.57645,1.14447,0.90283,0.84308,0.92578,0.77633,0.80812,1.22694,1.02863,0.00999636,0.00999636,0.00999636
63,7073.38,0.84551,1.4909,1.12934,0.87896,0.89559,0.92745,0.76946,0.83555,1.24563,1.02973,0.00999624,0.00999624,0.00999624
64,7183.54,0.85964,1.55942,1.15887,0.88353,0.87709,0.91447,0.76268,0.79136,1.28056,1.02022,0.00999612,0.00999612,0.00999612
65,7294.78,0.86104,1.57598,1.15145,0.91151,0.85851,0.92549,0.77873,0.79409,1.22596,1.02754,0.009996,0.009996,0.009996
66,7405.55,0.83707,1.49436,1.13489,0.86369,0.87968,0.91887,0.77548,0.77665,1.22967,1.02583,0.00999587,0.00999587,0.00999587
67,7516.29,0.84279,1.56266,1.12177,0.89511,0.86974,0.92162,0.78206,0.74611,1.16464,0.99667,0.00999574,0.00999574,0.00999574
68,7627.48,0.84908,1.55356,1.13459,0.89132,0.86283,0.92271,0.76828,0.80733,1.21926,1.03596,0.00999561,0.00999561,0.00999561
69,7739.45,0.85348,1.54919,1.14075,0.87434,0.90133,0.92468,0.77284,0.78992,1.21161,1.02611,0.00999548,0.00999548,0.00999548
70,7851.25,0.84881,1.50901,1.13888,0.90849,0.88663,0.92321,0.77362,0.78203,1.22516,1.02027,0.00999535,0.00999535,0.00999535
71,7963.91,0.8391,1.4932,1.12443,0.89889,0.88229,0.92805,0.78216,0.74329,1.18364,1.00402,0.00999521,0.00999521,0.00999521
72,8076.59,0.82969,1.5331,1.12212,0.90736,0.88455,0.92635,0.77566,0.78919,1.21697,1.0258,0.00999508,0.00999508,0.00999508
73,8187.8,0.86059,1.55408,1.142,0.88369,0.87921,0.92829,0.77374,0.80908,1.17353,1.02748,0.00999494,0.00999494,0.00999494
74,8300.29,0.83829,1.46469,1.12864,0.91444,0.86268,0.93192,0.78182,0.78135,1.18426,1.02069,0.00999479,0.00999479,0.00999479
75,8411.94,0.84544,1.52959,1.13777,0.87636,0.9085,0.93384,0.7975,0.72904,1.11164,0.99648,0.00999465,0.00999465,0.00999465
76,8523.2,0.83825,1.4921,1.13675,0.85563,0.93165,0.93221,0.79616,0.73266,1.11325,0.99608,0.0099945,0.0099945,0.0099945
77,8635.91,0.81696,1.45065,1.11692,0.87401,0.91258,0.93909,0.79739,0.77277,1.12171,1.0093,0.00999436,0.00999436,0.00999436
78,8748.78,0.85063,1.48542,1.12647,0.89952,0.87406,0.93581,0.79361,0.76431,1.14883,1.00785,0.00999421,0.00999421,0.00999421
79,8860.53,0.82268,1.48608,1.12805,0.89604,0.89814,0.93633,0.79255,0.77211,1.10006,1.00808,0.00999406,0.00999406,0.00999406
80,8972.74,0.83169,1.48462,1.13573,0.90122,0.90277,0.93515,0.78805,0.75128,1.06917,0.99258,0.0099939,0.0099939,0.0099939
81,9084.49,0.84173,1.51546,1.13749,0.90377,0.89714,0.93251,0.78626,0.75085,1.10224,1.0055,0.00999375,0.00999375,0.00999375
82,9196.12,0.81707,1.45335,1.11715,0.90807,0.90073,0.92629,0.77587,0.77234,1.11689,1.01243,0.00999359,0.00999359,0.00999359
83,9307.59,0.83859,1.44998,1.12655,0.87755,0.90823,0.92513,0.77164,0.76427,1.16948,1.00739,0.00999343,0.00999343,0.00999343
84,9419.32,0.83395,1.43782,1.12562,0.90862,0.89574,0.93472,0.78478,0.77094,1.1148,1.00667,0.00999327,0.00999327,0.00999327
85,9531.64,0.81611,1.40437,1.10718,0.89783,0.89675,0.9268,0.78451,0.74569,1.09607,0.99786,0.00999311,0.00999311,0.00999311
86,9643.44,0.82384,1.41749,1.11499,0.89341,0.8929,0.93095,0.78595,0.75044,1.13021,0.99722,0.00999294,0.00999294,0.00999294
87,9754.88,0.83316,1.44846,1.12341,0.89432,0.89539,0.92849,0.78157,0.7268,1.09729,0.98299,0.00999278,0.00999278,0.00999278
88,9866.38,0.81898,1.40727,1.12286,0.88647,0.8928,0.92728,0.78581,0.72957,1.11727,0.98592,0.00999261,0.00999261,0.00999261
89,9978.89,0.81417,1.46475,1.11413,0.88679,0.89926,0.93328,0.79182,0.73159,1.12083,0.99212,0.00999244,0.00999244,0.00999244
90,10089.6,0.82229,1.48383,1.12321,0.8734,0.9131,0.93621,0.79374,0.745,1.11279,1.00282,0.00999226,0.00999226,0.00999226
91,10200.6,0.83766,1.49935,1.13315,0.88622,0.90113,0.93643,0.79012,0.73948,1.11531,0.99394,0.00999209,0.00999209,0.00999209
92,10311.1,0.80085,1.38817,1.09578,0.90296,0.89968,0.92769,0.78353,0.73217,1.11812,0.98594,0.00999191,0.00999191,0.00999191
93,10421.4,0.82029,1.44808,1.11754,0.90606,0.9029,0.93148,0.7941,0.73616,1.10583,0.9903,0.00999173,0.00999173,0.00999173
94,10531.8,0.81891,1.43028,1.11628,0.89536,0.89869,0.93539,0.792,0.74303,1.1191,0.99149,0.00999155,0.00999155,0.00999155
95,10643.8,0.83337,1.45709,1.12857,0.88359,0.90812,0.93341,0.79012,0.74529,1.12987,0.98942,0.00999137,0.00999137,0.00999137
96,10753.3,0.82021,1.44843,1.11594,0.87673,0.91126,0.93507,0.78976,0.75411,1.10993,0.99623,0.00999118,0.00999118,0.00999118
97,10864.1,0.80376,1.39166,1.11069,0.89072,0.90361,0.93311,0.79336,0.72635,1.07659,0.98397,0.009991,0.009991,0.009991
98,10974.4,0.79948,1.35684,1.11081,0.90675,0.88762,0.93113,0.79215,0.72918,1.07724,0.98899,0.00999081,0.00999081,0.00999081
99,11085.9,0.80571,1.38533,1.10622,0.90356,0.89831,0.93121,0.7954,0.73749,1.06166,0.99358,0.00999062,0.00999062,0.00999062
100,11197,0.82184,1.39916,1.11435,0.90493,0.9009,0.93014,0.79409,0.7345,1.05319,0.9946,0.00999043,0.00999043,0.00999043
101,11306.8,0.81827,1.42037,1.12307,0.90538,0.89851,0.93594,0.79602,0.73437,1.04576,0.99655,0.00999023,0.00999023,0.00999023
102,11417.7,0.81201,1.3577,1.11477,0.91863,0.9014,0.9321,0.79768,0.73029,1.0463,0.98728,0.00999004,0.00999004,0.00999004
103,11528.8,0.80372,1.39102,1.10909,0.905,0.91072,0.93532,0.796,0.74541,1.06044,0.99275,0.00998984,0.00998984,0.00998984
104,11638.6,0.81996,1.4165,1.12066,0.89989,0.91126,0.93617,0.80325,0.73422,1.03953,0.98665,0.00998964,0.00998964,0.00998964
105,11749.1,0.80251,1.34211,1.11808,0.92066,0.89577,0.93605,0.80152,0.7384,1.04686,0.98585,0.00998944,0.00998944,0.00998944
106,11859.9,0.79294,1.33458,1.10038,0.88903,0.90959,0.93755,0.80137,0.73207,1.04387,0.98006,0.00998923,0.00998923,0.00998923
107,11970.2,0.80054,1.34975,1.10271,0.90539,0.88451,0.93438,0.79544,0.73344,1.03285,0.98247,0.00998903,0.00998903,0.00998903
108,12081.4,0.81168,1.39413,1.11654,0.90251,0.90826,0.94034,0.7984,0.734,1.01732,0.98473,0.00998882,0.00998882,0.00998882
109,12192.4,0.78947,1.36632,1.09125,0.90729,0.91573,0.94379,0.79766,0.74066,1.01431,0.99078,0.00998861,0.00998861,0.00998861
110,12304.1,0.79369,1.37791,1.10383,0.89383,0.91205,0.93979,0.7951,0.73849,0.99966,0.99213,0.0099884,0.0099884,0.0099884
111,12416.2,0.79341,1.375,1.09727,0.92016,0.88071,0.93974,0.79721,0.74132,1.02832,0.99676,0.00998818,0.00998818,0.00998818
112,12528.5,0.79042,1.33979,1.09654,0.9179,0.88644,0.93355,0.79212,0.74821,1.01373,1.00142,0.00998797,0.00998797,0.00998797
113,12641.3,0.79554,1.35304,1.10714,0.91573,0.8826,0.93572,0.79853,0.73834,1.02088,0.99492,0.00998775,0.00998775,0.00998775
114,12752.7,0.79922,1.35183,1.10339,0.91557,0.88778,0.93485,0.79769,0.73456,1.036,0.99337,0.00998753,0.00998753,0.00998753
115,12864,0.79964,1.30067,1.10499,0.91559,0.87442,0.931,0.79179,0.73001,1.06385,0.98884,0.00998731,0.00998731,0.00998731
116,12977.5,0.79838,1.36517,1.10165,0.91938,0.868,0.92995,0.79497,0.73895,1.06551,0.98853,0.00998708,0.00998708,0.00998708
117,13091.1,0.79196,1.33286,1.10553,0.87473,0.91668,0.93075,0.79409,0.73721,1.07288,0.98733,0.00998686,0.00998686,0.00998686
118,13202.4,0.79656,1.34569,1.10582,0.87644,0.91621,0.93083,0.79297,0.73612,1.08086,0.989,0.00998663,0.00998663,0.00998663
119,13314.3,0.78865,1.33547,1.10267,0.88199,0.90913,0.93152,0.79275,0.73036,1.07371,0.9874,0.0099864,0.0099864,0.0099864
120,13425.4,0.79147,1.34902,1.10767,0.90099,0.88761,0.93152,0.79548,0.72839,1.07561,0.98623,0.00998617,0.00998617,0.00998617
121,13537.6,0.79024,1.32374,1.10124,0.8948,0.89941,0.93356,0.80134,0.72049,1.05236,0.98125,0.00998594,0.00998594,0.00998594
122,13649.7,0.8013,1.33565,1.10206,0.89112,0.9015,0.93184,0.80375,0.71132,1.03836,0.97385,0.0099857,0.0099857,0.0099857
123,13762.4,0.80566,1.35764,1.10935,0.9009,0.89431,0.93473,0.80287,0.706,1.02533,0.97141,0.00998546,0.00998546,0.00998546
124,13876.1,0.7846,1.33486,1.09457,0.89901,0.89641,0.93362,0.79931,0.70741,1.02578,0.97329,0.00998522,0.00998522,0.00998522
125,13989.4,0.78591,1.34157,1.10307,0.89482,0.89483,0.93164,0.80096,0.70603,1.03565,0.97323,0.00998498,0.00998498,0.00998498
126,14103.3,0.77771,1.30916,1.09684,0.89939,0.89117,0.93105,0.79697,0.70299,1.03745,0.97267,0.00998474,0.00998474,0.00998474
127,14216.6,0.79948,1.35049,1.10871,0.87488,0.9202,0.93519,0.79997,0.70212,1.03107,0.97168,0.0099845,0.0099845,0.0099845
128,14330.1,0.78914,1.34205,1.10429,0.89736,0.90029,0.93589,0.8024,0.69888,1.02652,0.96871,0.00998425,0.00998425,0.00998425
129,14443.4,0.79726,1.32349,1.10207,0.8965,0.90591,0.93566,0.80442,0.6955,1.02109,0.96849,0.009984,0.009984,0.009984
130,14558.2,0.76751,1.2677,1.07898,0.90101,0.9023,0.93532,0.80367,0.69645,1.01654,0.97103,0.00998375,0.00998375,0.00998375
131,14671.5,0.78122,1.29569,1.08843,0.89673,0.90591,0.93532,0.80794,0.70219,1.01776,0.97401,0.0099835,0.0099835,0.0099835
132,14785.6,0.7898,1.28249,1.10289,0.88877,0.92752,0.93694,0.81046,0.69842,1.01309,0.97289,0.00998324,0.00998324,0.00998324
133,14898.7,0.79693,1.29498,1.09418,0.88859,0.92644,0.93735,0.81281,0.69706,1.02722,0.97257,0.00998298,0.00998298,0.00998298
134,15012.8,0.78454,1.34254,1.0969,0.88458,0.92421,0.93811,0.81138,0.69537,1.03624,0.97184,0.00998273,0.00998273,0.00998273
135,15126.7,0.79949,1.31947,1.10279,0.88342,0.9189,0.93619,0.80967,0.69316,1.04332,0.97105,0.00998247,0.00998247,0.00998247
136,15241.2,0.7839,1.34488,1.08681,0.88104,0.91644,0.93617,0.81144,0.68918,1.03115,0.9674,0.0099822,0.0099822,0.0099822
137,15354.8,0.77817,1.30295,1.08686,0.90825,0.89517,0.93726,0.81074,0.68771,1.03218,0.96614,0.00998194,0.00998194,0.00998194
138,15468.1,0.7851,1.29269,1.0935,0.91292,0.89488,0.9368,0.81249,0.68604,1.03068,0.96549,0.00998167,0.00998167,0.00998167
139,15583.1,0.78694,1.30301,1.09377,0.9114,0.89549,0.93649,0.80906,0.68725,1.03217,0.96696,0.0099814,0.0099814,0.0099814
140,15696.3,0.79038,1.27592,1.1019,0.9106,0.89665,0.93598,0.80855,0.68753,1.02311,0.96551,0.00998113,0.00998113,0.00998113
141,15809.7,0.79229,1.32477,1.10556,0.90945,0.89739,0.93697,0.80895,0.69048,1.01948,0.96709,0.00998086,0.00998086,0.00998086
142,15922.4,0.7708,1.25959,1.08008,0.89465,0.90867,0.937,0.80721,0.68933,1.01935,0.96608,0.00998059,0.00998059,0.00998059
143,16034.9,0.78481,1.30369,1.09331,0.89007,0.91277,0.93651,0.80574,0.68959,1.01424,0.96433,0.00998031,0.00998031,0.00998031
144,16146.8,0.77509,1.29933,1.09751,0.89668,0.90608,0.93595,0.80337,0.69025,1.01135,0.96407,0.00998003,0.00998003,0.00998003
145,16258.6,0.79709,1.32189,1.10333,0.89042,0.91864,0.93585,0.8033,0.68986,1.01099,0.96343,0.00997975,0.00997975,0.00997975
146,16370.2,0.77443,1.26822,1.09741,0.89371,0.91126,0.93616,0.80369,0.69142,1.0073,0.96358,0.00997947,0.00997947,0.00997947
147,16482.1,0.79181,1.29434,1.10654,0.88858,0.91644,0.93576,0.80407,0.69277,1.0055,0.96386,0.00997919,0.00997919,0.00997919
148,16593.1,0.76704,1.26049,1.081,0.88836,0.91762,0.93564,0.80348,0.6936,1.00331,0.96402,0.0099789,0.0099789,0.0099789
149,16705.3,0.77875,1.24503,1.09418,0.89125,0.91611,0.93457,0.80449,0.69266,1.00343,0.96315,0.00997861,0.00997861,0.00997861
150,16818.3,0.7781,1.28751,1.09477,0.89435,0.91126,0.93484,0.80445,0.6909,1.00348,0.96205,0.00997832,0.00997832,0.00997832
151,16930.8,0.7762,1.21496,1.08541,0.89712,0.90867,0.93433,0.80396,0.68885,0.9994,0.96112,0.00997803,0.00997803,0.00997803
152,17043.3,0.77955,1.27949,1.08895,0.89699,0.90867,0.93428,0.80454,0.68769,1.00189,0.96152,0.00997774,0.00997774,0.00997774
153,17156.3,0.77693,1.30328,1.08814,0.89868,0.90685,0.93469,0.80441,0.68823,0.99868,0.96165,0.00997744,0.00997744,0.00997744
154,17269.3,0.76341,1.26425,1.07463,0.89665,0.90792,0.93606,0.80503,0.69064,0.99839,0.96242,0.00997714,0.00997714,0.00997714
155,17382.6,0.79914,1.28174,1.10082,0.89663,0.90832,0.9354,0.80513,0.68982,0.99117,0.96161,0.00997685,0.00997685,0.00997685
156,17494.6,0.78638,1.28414,1.08087,0.897,0.90776,0.93576,0.80471,0.68874,0.98844,0.9614,0.00997654,0.00997654,0.00997654
157,17606.7,0.78416,1.25577,1.09406,0.89935,0.90829,0.93669,0.8057,0.68972,0.98779,0.96249,0.00997624,0.00997624,0.00997624
158,17718.9,0.79232,1.29782,1.09469,0.89888,0.90831,0.93649,0.80446,0.68976,0.98707,0.9625,0.00997594,0.00997594,0.00997594
159,17830.7,0.76962,1.22051,1.08066,0.90355,0.9033,0.93611,0.80526,0.68869,0.98363,0.96208,0.00997563,0.00997563,0.00997563
160,17942.9,0.78228,1.29869,1.08785,0.89447,0.91644,0.93635,0.80601,0.68954,0.98263,0.96269,0.00997532,0.00997532,0.00997532
161,18056.5,0.77292,1.27573,1.08859,0.89471,0.91644,0.93674,0.80524,0.69226,0.98093,0.96413,0.00997501,0.00997501,0.00997501
162,18168.8,0.77178,1.24766,1.08618,0.89701,0.91896,0.93683,0.80628,0.69275,0.98581,0.96513,0.00997469,0.00997469,0.00997469
163,18281.4,0.77739,1.22436,1.08591,0.89543,0.91903,0.93639,0.80804,0.68889,0.98064,0.96253,0.00997438,0.00997438,0.00997438
164,18393.5,0.76815,1.24665,1.08161,0.89859,0.91517,0.93627,0.80792,0.68873,0.98228,0.96324,0.00997406,0.00997406,0.00997406
165,18506,0.77652,1.23632,1.08647,0.89885,0.91469,0.93595,0.80633,0.68881,0.98167,0.96334,0.00997374,0.00997374,0.00997374
166,18618.3,0.78717,1.26949,1.09126,0.90039,0.91402,0.93592,0.80504,0.68885,0.98274,0.96364,0.00997342,0.00997342,0.00997342
167,18730.6,0.77735,1.22455,1.08417,0.90505,0.90954,0.93762,0.80967,0.69006,0.98132,0.96484,0.0099731,0.0099731,0.0099731
168,18842,0.76034,1.2547,1.07485,0.90237,0.90867,0.9373,0.80827,0.68952,0.97977,0.96486,0.00997277,0.00997277,0.00997277
169,18953.2,0.77746,1.20889,1.09017,0.90494,0.91007,0.93773,0.80836,0.68869,0.97718,0.96446,0.00997245,0.00997245,0.00997245
170,19065.3,0.77546,1.22641,1.07929,0.90525,0.91278,0.93772,0.80948,0.68816,0.97945,0.96391,0.00997212,0.00997212,0.00997212
171,19178.2,0.76205,1.22935,1.08191,0.90793,0.90858,0.93813,0.80937,0.68822,0.98058,0.96344,0.00997179,0.00997179,0.00997179
172,19290.5,0.76488,1.25629,1.07618,0.91017,0.91644,0.94041,0.81121,0.68703,0.98229,0.96267,0.00997146,0.00997146,0.00997146
173,19403.5,0.76304,1.24471,1.08071,0.9102,0.91507,0.94072,0.81023,0.68677,0.9824,0.96262,0.00997112,0.00997112,0.00997112
174,19516.3,0.77277,1.23686,1.0792,0.91004,0.91437,0.94041,0.81084,0.68647,0.98136,0.96246,0.00997079,0.00997079,0.00997079
175,19629.3,0.77536,1.26111,1.08405,0.91009,0.91522,0.94094,0.81186,0.68564,0.98142,0.96215,0.00997045,0.00997045,0.00997045
176,19741.5,0.77253,1.22532,1.08335,0.91001,0.9175,0.94107,0.81089,0.68608,0.98117,0.96253,0.00997011,0.00997011,0.00997011
177,19852.7,0.76861,1.2236,1.08264,0.90987,0.9176,0.94185,0.81242,0.68557,0.98122,0.96214,0.00996976,0.00996976,0.00996976
178,19963.9,0.76064,1.29083,1.0838,0.90967,0.91726,0.94187,0.81267,0.6853,0.97854,0.96201,0.00996942,0.00996942,0.00996942
179,20075.7,0.78146,1.23351,1.09757,0.90726,0.91644,0.94188,0.81331,0.68557,0.97846,0.96257,0.00996907,0.00996907,0.00996907
180,20187.9,0.7554,1.26678,1.08071,0.90719,0.91707,0.94251,0.81346,0.68523,0.9775,0.96218,0.00996873,0.00996873,0.00996873
181,20299.4,0.76198,1.20107,1.07171,0.90775,0.91644,0.94253,0.81357,0.68555,0.97728,0.96241,0.00996838,0.00996838,0.00996838
182,20410.9,0.76264,1.22326,1.08073,0.9095,0.91644,0.94261,0.81418,0.68477,0.97597,0.96192,0.00996802,0.00996802,0.00996802
183,20522.6,0.75718,1.23101,1.07711,0.91101,0.91903,0.94227,0.81278,0.68446,0.97527,0.96169,0.00996767,0.00996767,0.00996767
184,20635.5,0.75367,1.21712,1.06722,0.91057,0.91903,0.94222,0.81345,0.6843,0.97472,0.96173,0.00996731,0.00996731,0.00996731
185,20748.8,0.76381,1.2083,1.07322,0.9102,0.91903,0.94191,0.81328,0.68347,0.9725,0.96144,0.00996696,0.00996696,0.00996696
186,20861.3,0.77315,1.22174,1.07536,0.90954,0.91903,0.94175,0.81304,0.68323,0.97136,0.96127,0.0099666,0.0099666,0.0099666
187,20974.1,0.75243,1.20124,1.0716,0.90939,0.91903,0.94172,0.81201,0.68302,0.97101,0.96104,0.00996624,0.00996624,0.00996624
188,21086.8,0.75633,1.20907,1.07462,0.90889,0.91903,0.94194,0.81193,0.68314,0.97049,0.96108,0.00996587,0.00996587,0.00996587
189,21200,0.76148,1.22394,1.06582,0.90824,0.91903,0.94188,0.81318,0.68369,0.97158,0.96138,0.00996551,0.00996551,0.00996551
190,21310.8,0.75329,1.21093,1.07775,0.90967,0.91903,0.94065,0.8124,0.68377,0.97271,0.96201,0.00996514,0.00996514,0.00996514
191,21422.9,0.77671,1.23371,1.08776,0.91003,0.91903,0.94142,0.81348,0.68312,0.97418,0.96182,0.00996477,0.00996477,0.00996477
192,21535.1,0.77133,1.18051,1.09893,0.91027,0.91903,0.94138,0.81245,0.68272,0.97268,0.96124,0.0099644,0.0099644,0.0099644
193,21647.2,0.7645,1.22862,1.08323,0.91025,0.91903,0.94169,0.81429,0.68199,0.97376,0.9614,0.00996402,0.00996402,0.00996402
194,21759,0.75801,1.2103,1.0727,0.91021,0.91903,0.94173,0.81408,0.68115,0.97168,0.96096,0.00996365,0.00996365,0.00996365
195,21870.6,0.76147,1.18069,1.08342,0.91011,0.91903,0.94211,0.81534,0.68048,0.97222,0.96095,0.00996327,0.00996327,0.00996327
196,21982.2,0.76012,1.21477,1.0816,0.90729,0.91644,0.93822,0.81299,0.68015,0.97286,0.96106,0.00996289,0.00996289,0.00996289
197,22094.5,0.74461,1.16535,1.07402,0.90745,0.91644,0.93859,0.81435,0.67997,0.97226,0.96138,0.00996251,0.00996251,0.00996251
198,22208.6,0.75969,1.22465,1.07971,0.90675,0.91644,0.93804,0.81309,0.67975,0.97044,0.96147,0.00996213,0.00996213,0.00996213
199,22323.3,0.75099,1.18296,1.06306,0.90663,0.91644,0.93838,0.81292,0.67966,0.97027,0.96158,0.00996174,0.00996174,0.00996174
200,22438.4,0.76565,1.239,1.08394,0.90641,0.91644,0.93813,0.81408,0.67871,0.96889,0.96133,0.00996136,0.00996136,0.00996136
201,22553.2,0.74527,1.17407,1.06917,0.90724,0.91785,0.93867,0.81475,0.67778,0.96936,0.96061,0.00996097,0.00996097,0.00996097
202,22666.1,0.74767,1.16276,1.06529,0.90729,0.91856,0.93891,0.81399,0.67683,0.96815,0.96014,0.00996058,0.00996058,0.00996058
203,22780.1,0.74,1.16957,1.06417,0.90708,0.91903,0.93888,0.81411,0.67652,0.9688,0.95998,0.00996018,0.00996018,0.00996018
204,22892.6,0.75859,1.18678,1.0794,0.90664,0.91903,0.93842,0.81318,0.67535,0.96761,0.95952,0.00995979,0.00995979,0.00995979
205,23005.3,0.76426,1.21969,1.0704,0.90674,0.91903,0.93904,0.81462,0.67503,0.96731,0.95933,0.00995939,0.00995939,0.00995939
206,23117.7,0.76532,1.17782,1.08032,0.9066,0.91903,0.93869,0.81385,0.67483,0.9669,0.95926,0.00995899,0.00995899,0.00995899
207,23231.4,0.75356,1.20393,1.081,0.90685,0.91903,0.93898,0.8148,0.6745,0.96746,0.95934,0.00995859,0.00995859,0.00995859
208,23344.7,0.75449,1.19218,1.07112,0.9077,0.91903,0.93835,0.81334,0.67509,0.96616,0.95969,0.00995819,0.00995819,0.00995819
209,23458.4,0.76275,1.22042,1.08471,0.90791,0.91903,0.93783,0.8133,0.6756,0.96707,0.96042,0.00995779,0.00995779,0.00995779
210,23571.9,0.76115,1.17493,1.07102,0.9078,0.91903,0.93844,0.81411,0.67648,0.96636,0.96098,0.00995738,0.00995738,0.00995738
211,23684.8,0.75594,1.18412,1.07836,0.90781,0.91903,0.93857,0.81417,0.67627,0.96792,0.96075,0.00995697,0.00995697,0.00995697
212,23797.6,0.74467,1.16817,1.06484,0.90735,0.91903,0.93808,0.8126,0.67589,0.96625,0.96041,0.00995656,0.00995656,0.00995656
213,23910.6,0.75792,1.20496,1.08013,0.90671,0.91903,0.93807,0.81287,0.67615,0.96773,0.96061,0.00995615,0.00995615,0.00995615
214,24024.4,0.75378,1.16325,1.06617,0.90655,0.91903,0.93843,0.8129,0.67655,0.96943,0.96097,0.00995574,0.00995574,0.00995574
215,24138,0.74661,1.18642,1.07241,0.90675,0.91903,0.93864,0.81402,0.67685,0.96824,0.96133,0.00995532,0.00995532,0.00995532
216,24251.4,0.7423,1.13273,1.05436,0.9063,0.91903,0.93857,0.81348,0.6775,0.96622,0.96165,0.0099549,0.0099549,0.0099549
217,24365.3,0.73926,1.19997,1.06389,0.90521,0.91903,0.93845,0.81484,0.67736,0.96613,0.96152,0.00995448,0.00995448,0.00995448
218,24480.2,0.75221,1.13714,1.07504,0.90512,0.91903,0.93929,0.81449,0.67747,0.96619,0.96147,0.00995406,0.00995406,0.00995406
219,24594.6,0.74286,1.14398,1.06101,0.90764,0.92149,0.93915,0.81433,0.67727,0.96485,0.96084,0.00995364,0.00995364,0.00995364
220,24710,0.74242,1.14572,1.06451,0.90761,0.92162,0.9385,0.81375,0.677,0.96533,0.96088,0.00995321,0.00995321,0.00995321
221,24825.1,0.75243,1.15195,1.06927,0.90562,0.92206,0.9392,0.81368,0.67709,0.96519,0.96109,0.00995278,0.00995278,0.00995278
222,24939.7,0.73457,1.16053,1.05976,0.90586,0.92426,0.93918,0.81402,0.67719,0.96479,0.96143,0.00995235,0.00995235,0.00995235
223,25054,0.73656,1.15862,1.06674,0.90586,0.92474,0.93966,0.81498,0.67786,0.9654,0.96175,0.00995192,0.00995192,0.00995192
224,25169,0.73518,1.14171,1.05608,0.90491,0.9268,0.93861,0.8148,0.67862,0.9645,0.96199,0.00995149,0.00995149,0.00995149
225,25284.2,0.74237,1.11673,1.05975,0.90358,0.9268,0.93868,0.81452,0.67816,0.96596,0.96199,0.00995105,0.00995105,0.00995105
226,25399.4,0.74383,1.11322,1.06316,0.90355,0.9268,0.93879,0.81419,0.67777,0.96684,0.96191,0.00995062,0.00995062,0.00995062
227,25514.9,0.74603,1.15374,1.07643,0.9033,0.9268,0.93899,0.8149,0.67747,0.96578,0.96179,0.00995018,0.00995018,0.00995018
228,25630,0.75419,1.1783,1.07595,0.90472,0.9268,0.93909,0.81499,0.67697,0.96374,0.96156,0.00994974,0.00994974,0.00994974
229,25744.3,0.75665,1.13762,1.07982,0.90362,0.9268,0.93856,0.8158,0.67651,0.96446,0.96124,0.00994929,0.00994929,0.00994929
230,25858,0.76334,1.1932,1.07604,0.90378,0.9274,0.93879,0.8159,0.676,0.96392,0.96111,0.00994885,0.00994885,0.00994885
231,25972.6,0.75436,1.15618,1.07214,0.90761,0.9268,0.93886,0.81521,0.67581,0.96234,0.96117,0.0099484,0.0099484,0.0099484
232,26087.7,0.75149,1.13512,1.07304,0.90615,0.9268,0.93888,0.81632,0.67592,0.96032,0.96108,0.00994795,0.00994795,0.00994795
233,26202.3,0.73319,1.09515,1.05217,0.90852,0.92676,0.93934,0.81572,0.67588,0.96086,0.96107,0.0099475,0.0099475,0.0099475
234,26315.2,0.73621,1.09909,1.05247,0.90864,0.92676,0.93947,0.81567,0.676,0.95939,0.96154,0.00994705,0.00994705,0.00994705
235,26426.6,0.73315,1.12371,1.06088,0.90864,0.92677,0.9397,0.81524,0.67682,0.95883,0.96204,0.00994659,0.00994659,0.00994659
236,26534.8,0.73705,1.12852,1.06836,0.90646,0.92421,0.93934,0.81465,0.67674,0.95725,0.96222,0.00994614,0.00994614,0.00994614
237,26643.5,0.75006,1.16887,1.07121,0.90667,0.92435,0.93917,0.81484,0.67708,0.95965,0.96273,0.00994568,0.00994568,0.00994568
238,26752.8,0.73696,1.12847,1.05808,0.90703,0.9284,0.93884,0.81569,0.67767,0.96002,0.96289,0.00994522,0.00994522,0.00994522
239,26862.6,0.75021,1.16877,1.06546,0.90682,0.92678,0.93981,0.8157,0.6777,0.95792,0.96291,0.00994476,0.00994476,0.00994476
240,26972.2,0.75008,1.14531,1.06715,0.90679,0.92811,0.9393,0.81592,0.67856,0.95782,0.96334,0.00994429,0.00994429,0.00994429
241,27081.6,0.74873,1.13218,1.07514,0.9061,0.92939,0.93935,0.81583,0.67821,0.95625,0.96324,0.00994383,0.00994383,0.00994383
242,27192.3,0.73551,1.12584,1.05596,0.90548,0.92939,0.9398,0.81635,0.67868,0.95578,0.96334,0.00994336,0.00994336,0.00994336
243,27302.3,0.72817,1.12204,1.06066,0.90617,0.92939,0.93933,0.81579,0.67923,0.95613,0.96359,0.00994289,0.00994289,0.00994289
244,27411.5,0.73847,1.1079,1.0608,0.90666,0.92673,0.9394,0.81626,0.67972,0.95755,0.96378,0.00994242,0.00994242,0.00994242
245,27520.3,0.75255,1.14222,1.06695,0.90679,0.92671,0.93931,0.81534,0.67948,0.95629,0.96358,0.00994194,0.00994194,0.00994194
246,27629.2,0.73692,1.12509,1.05601,0.9073,0.92583,0.93938,0.8151,0.68001,0.9566,0.96354,0.00994147,0.00994147,0.00994147
247,27737.4,0.74145,1.1041,1.06595,0.90718,0.9268,0.93905,0.81393,0.68035,0.95483,0.96395,0.00994099,0.00994099,0.00994099
248,27845.8,0.7378,1.13641,1.06041,0.90544,0.92676,0.93914,0.81362,0.68063,0.95408,0.96419,0.00994051,0.00994051,0.00994051
249,27954.2,0.74523,1.11533,1.0624,0.90535,0.92547,0.93966,0.81601,0.68041,0.9536,0.96399,0.00994003,0.00994003,0.00994003
250,28064,0.72412,1.11346,1.06228,0.90551,0.92642,0.94028,0.8166,0.6808,0.95585,0.96418,0.00993954,0.00993954,0.00993954
251,28173,0.7445,1.17602,1.06632,0.90546,0.92574,0.93981,0.815,0.68084,0.95532,0.96416,0.00993906,0.00993906,0.00993906
252,28282.2,0.72791,1.12998,1.04945,0.90552,0.92571,0.93933,0.81425,0.68084,0.95531,0.96423,0.00993857,0.00993857,0.00993857
253,28392.3,0.73079,1.10817,1.06004,0.9012,0.92939,0.94013,0.81579,0.68128,0.95484,0.96442,0.00993808,0.00993808,0.00993808
254,28502,0.745,1.16201,1.06315,0.90271,0.91866,0.94014,0.81571,0.68152,0.95521,0.96461,0.00993759,0.00993759,0.00993759
255,28611.9,0.74175,1.12993,1.05453,0.90084,0.92847,0.94008,0.8164,0.68135,0.95581,0.96446,0.0099371,0.0099371,0.0099371
256,28721.7,0.73895,1.13672,1.06182,0.90089,0.92758,0.94011,0.81706,0.68157,0.95668,0.96453,0.0099366,0.0099366,0.0099366
257,28831.5,0.73229,1.12005,1.06513,0.90477,0.91651,0.94042,0.81641,0.68169,0.95766,0.96448,0.0099361,0.0099361,0.0099361
258,28941.2,0.74587,1.0974,1.06111,0.90496,0.91768,0.94047,0.81658,0.68212,0.95674,0.96464,0.0099356,0.0099356,0.0099356
259,29050,0.72737,1.10351,1.05705,0.90507,0.9182,0.94027,0.8153,0.68232,0.9576,0.96473,0.0099351,0.0099351,0.0099351
260,29159.6,0.73873,1.13244,1.05848,0.9031,0.91894,0.94026,0.8169,0.68229,0.95795,0.96484,0.0099346,0.0099346,0.0099346
261,29269.2,0.73604,1.12385,1.05807,0.89138,0.92939,0.94002,0.81609,0.68261,0.95737,0.96494,0.0099341,0.0099341,0.0099341
262,29377.8,0.72924,1.11774,1.06551,0.89159,0.92939,0.94017,0.81658,0.68272,0.95706,0.96456,0.00993359,0.00993359,0.00993359
263,29486.9,0.73878,1.13416,1.06074,0.89269,0.93106,0.94005,0.81615,0.68207,0.95632,0.96435,0.00993308,0.00993308,0.00993308
264,29595.7,0.73354,1.13523,1.0631,0.88682,0.93717,0.94009,0.81571,0.68188,0.95602,0.96437,0.00993257,0.00993257,0.00993257
265,29704.3,0.73368,1.117,1.06277,0.88568,0.93736,0.93997,0.81699,0.68341,0.95543,0.96533,0.00993206,0.00993206,0.00993206
266,29813.8,0.73934,1.15864,1.06105,0.88527,0.93747,0.93978,0.81466,0.68227,0.95384,0.96468,0.00993154,0.00993154,0.00993154
267,29923.2,0.72962,1.09521,1.04692,0.88479,0.93761,0.93985,0.8144,0.68266,0.95174,0.96476,0.00993103,0.00993103,0.00993103
268,30033.6,0.73365,1.09431,1.05908,0.88385,0.93766,0.93982,0.81373,0.68289,0.95251,0.96495,0.00993051,0.00993051,0.00993051
269,30143.6,0.7339,1.10157,1.05935,0.88352,0.93761,0.93995,0.8146,0.68327,0.95369,0.96523,0.00992999,0.00992999,0.00992999
270,30254.4,0.73708,1.12155,1.06536,0.88341,0.93766,0.93967,0.81556,0.68294,0.95355,0.9651,0.00992946,0.00992946,0.00992946
271,30364.6,0.72938,1.12606,1.048,0.88314,0.93764,0.93985,0.81463,0.68481,0.95392,0.96628,0.00992894,0.00992894,0.00992894
272,30474.1,0.73175,1.1576,1.06117,0.88318,0.93751,0.93988,0.81536,0.68469,0.95369,0.96613,0.00992841,0.00992841,0.00992841
273,30583.4,0.72934,1.08576,1.04999,0.89494,0.92549,0.93969,0.81413,0.68449,0.9536,0.96602,0.00992789,0.00992789,0.00992789
274,30693.3,0.73694,1.08855,1.05545,0.88328,0.93731,0.93978,0.81478,0.68435,0.95472,0.96581,0.00992736,0.00992736,0.00992736
275,30802.6,0.73242,1.09143,1.06307,0.8959,0.92256,0.9396,0.81401,0.68417,0.9551,0.96559,0.00992682,0.00992682,0.00992682
276,30912.8,0.7384,1.1165,1.07046,0.89593,0.92237,0.93944,0.81358,0.68408,0.9548,0.96526,0.00992629,0.00992629,0.00992629
277,31023.3,0.74711,1.0932,1.06158,0.89613,0.9225,0.93936,0.81364,0.68235,0.95614,0.96423,0.00992576,0.00992576,0.00992576
278,31132.8,0.73397,1.09896,1.05663,0.89656,0.92134,0.93953,0.81145,0.68358,0.95632,0.96496,0.00992522,0.00992522,0.00992522
279,31242.9,0.7285,1.10749,1.05671,0.89678,0.92123,0.93959,0.81304,0.68154,0.95747,0.96378,0.00992468,0.00992468,0.00992468
280,31352.3,0.73378,1.08965,1.05495,0.89708,0.92174,0.93963,0.81341,0.68162,0.95696,0.96358,0.00992414,0.00992414,0.00992414
281,31461.6,0.74082,1.11838,1.06061,0.89697,0.92208,0.93946,0.81255,0.68131,0.95587,0.96368,0.00992359,0.00992359,0.00992359
282,31572,0.71333,1.07458,1.04857,0.89674,0.92264,0.9397,0.81215,0.68116,0.95711,0.96361,0.00992305,0.00992305,0.00992305
283,31681.3,0.7432,1.10845,1.05333,0.90754,0.90986,0.93974,0.81278,0.68036,0.95447,0.96314,0.0099225,0.0099225,0.0099225
284,31790.3,0.74902,1.11548,1.06529,0.90711,0.90997,0.93972,0.81325,0.68024,0.95396,0.96289,0.00992195,0.00992195,0.00992195
285,31900.3,0.74459,1.10401,1.06031,0.90648,0.91024,0.93988,0.81388,0.68025,0.95368,0.96271,0.0099214,0.0099214,0.0099214
286,32009.5,0.72072,1.13943,1.05212,0.90693,0.90961,0.93978,0.8136,0.67979,0.95124,0.96253,0.00992085,0.00992085,0.00992085
287,32118.7,0.71814,1.11853,1.05218,0.90654,0.91318,0.93984,0.81352,0.67967,0.95167,0.9625,0.00992029,0.00992029,0.00992029
288,32227.4,0.73116,1.07006,1.05943,0.90881,0.91166,0.93994,0.81241,0.67987,0.95078,0.96254,0.00991974,0.00991974,0.00991974
289,32337.5,0.73209,1.09113,1.0556,0.90887,0.91203,0.93991,0.81078,0.68011,0.95171,0.96255,0.00991918,0.00991918,0.00991918
290,32446.1,0.73883,1.0813,1.05254,0.88184,0.93927,0.93977,0.81219,0.67968,0.95108,0.96235,0.00991862,0.00991862,0.00991862
291,32555.7,0.72419,1.07327,1.05846,0.88207,0.93926,0.93933,0.81053,0.67955,0.95064,0.96235,0.00991805,0.00991805,0.00991805
292,32665.5,0.73612,1.10238,1.05759,0.88212,0.93911,0.93943,0.8114,0.67978,0.95101,0.9625,0.00991749,0.00991749,0.00991749
293,32776.3,0.73241,1.08804,1.05007,0.88235,0.93908,0.93949,0.81123,0.67945,0.94988,0.96244,0.00991692,0.00991692,0.00991692
294,32887.1,0.7286,1.0838,1.05143,0.88202,0.93717,0.94024,0.81324,0.67938,0.94945,0.96244,0.00991635,0.00991635,0.00991635
295,32998,0.72313,1.10262,1.03907,0.88412,0.93968,0.94,0.81222,0.67924,0.94966,0.96229,0.00991578,0.00991578,0.00991578
296,33108.1,0.7225,1.1079,1.0553,0.88403,0.93974,0.93998,0.81441,0.68052,0.94947,0.9632,0.00991521,0.00991521,0.00991521
297,33217.2,0.74551,1.11706,1.06113,0.88368,0.93976,0.93929,0.81316,0.6802,0.95002,0.96307,0.00991464,0.00991464,0.00991464
298,33327.1,0.72476,1.10906,1.05519,0.88426,0.94076,0.93917,0.81154,0.67993,0.95068,0.96318,0.00991406,0.00991406,0.00991406
299,33437,0.73505,1.13548,1.05732,0.88439,0.94132,0.93983,0.81403,0.67965,0.95169,0.963,0.00991348,0.00991348,0.00991348
300,33546.8,0.72139,1.05028,1.04816,0.88433,0.94143,0.93974,0.81403,0.6776,0.95297,0.96206,0.0099129,0.0099129,0.0099129
301,33656.2,0.71008,1.05378,1.04478,0.88416,0.9411,0.93975,0.81303,0.6773,0.95105,0.96172,0.00991232,0.00991232,0.00991232
302,33765,0.71838,1.12694,1.05496,0.88276,0.93976,0.93939,0.81518,0.67666,0.95231,0.96159,0.00991174,0.00991174,0.00991174
303,33874.1,0.71974,1.05242,1.05743,0.88192,0.93994,0.93977,0.81543,0.67645,0.95252,0.96155,0.00991115,0.00991115,0.00991115
304,33983.5,0.72363,1.07044,1.05369,0.88183,0.94062,0.93938,0.81505,0.67598,0.9517,0.96133,0.00991056,0.00991056,0.00991056
305,34093.4,0.73674,1.12071,1.06631,0.88157,0.93976,0.93911,0.8151,0.67579,0.95139,0.96128,0.00990998,0.00990998,0.00990998
306,34202.8,0.71679,1.07608,1.04974,0.88152,0.94067,0.93959,0.815,0.6755,0.95195,0.96101,0.00990938,0.00990938,0.00990938
307,34312.1,0.72019,1.10124,1.04503,0.88364,0.94178,0.93953,0.81497,0.67505,0.95034,0.96082,0.00990879,0.00990879,0.00990879
308,34421.1,0.71835,1.05536,1.05198,0.88368,0.94167,0.93972,0.81474,0.67525,0.95124,0.96078,0.0099082,0.0099082,0.0099082
309,34530.5,0.71969,1.11238,1.05527,0.88372,0.94118,0.93979,0.8141,0.67525,0.95035,0.96062,0.0099076,0.0099076,0.0099076
310,34637.8,0.72443,1.05214,1.05092,0.88337,0.9405,0.94022,0.81431,0.67634,0.94943,0.96139,0.009907,0.009907,0.009907
311,34741.9,0.71675,1.05593,1.05327,0.8839,0.93976,0.94016,0.81483,0.67592,0.95043,0.96126,0.0099064,0.0099064,0.0099064
312,34843.8,0.72772,1.09561,1.0442,0.88536,0.94172,0.93984,0.8146,0.67565,0.95048,0.96125,0.0099058,0.0099058,0.0099058
313,34945.7,0.70618,1.04471,1.03657,0.88551,0.94232,0.93988,0.81484,0.67433,0.95002,0.96029,0.00990519,0.00990519,0.00990519
314,35048.4,0.72739,1.10051,1.05673,0.88533,0.94235,0.94019,0.8153,0.67605,0.94988,0.96123,0.00990458,0.00990458,0.00990458
315,35150.7,0.7313,1.07086,1.0501,0.88497,0.94235,0.94017,0.81618,0.67556,0.94965,0.96114,0.00990397,0.00990397,0.00990397
316,35252.7,0.70852,1.0249,1.02844,0.88514,0.94235,0.94056,0.81659,0.6739,0.94994,0.96025,0.00990336,0.00990336,0.00990336
317,35355.3,0.73594,1.10673,1.06102,0.88739,0.94235,0.94081,0.81627,0.67381,0.94961,0.96016,0.00990275,0.00990275,0.00990275
318,35457.8,0.7406,1.07959,1.05533,0.88731,0.94235,0.94093,0.8158,0.67327,0.9486,0.96005,0.00990214,0.00990214,0.00990214
319,35561.1,0.70464,1.03088,1.04149,0.88738,0.94235,0.94095,0.8166,0.6736,0.94928,0.96029,0.00990152,0.00990152,0.00990152
320,35665,0.72332,1.04007,1.05001,0.88787,0.94235,0.94098,0.81656,0.67314,0.94675,0.96002,0.0099009,0.0099009,0.0099009
321,35769.2,0.70801,1.05655,1.04799,0.88878,0.94235,0.94095,0.81655,0.67319,0.94748,0.96018,0.00990028,0.00990028,0.00990028
322,35872.8,0.72727,1.07261,1.05387,0.8893,0.9417,0.94088,0.8156,0.67291,0.94813,0.96024,0.00989966,0.00989966,0.00989966
323,35977.3,0.72812,1.08211,1.05989,0.88911,0.94112,0.94041,0.81554,0.67271,0.94673,0.96024,0.00989904,0.00989904,0.00989904
324,36080.5,0.72909,1.05443,1.05211,0.91838,0.91015,0.94164,0.81667,0.6724,0.94755,0.96015,0.00989841,0.00989841,0.00989841
325,36183.6,0.70615,1.07689,1.03461,0.91868,0.90981,0.94126,0.81687,0.67206,0.94655,0.96019,0.00989778,0.00989778,0.00989778
326,36286.2,0.72895,1.05299,1.04845,0.91881,0.90904,0.94117,0.81651,0.67215,0.94716,0.96041,0.00989715,0.00989715,0.00989715
327,36391.2,0.72777,1.05556,1.05993,0.91914,0.9073,0.94136,0.81695,0.67202,0.94573,0.96065,0.00989652,0.00989652,0.00989652
328,36495.8,0.73119,1.05071,1.05024,0.91916,0.90711,0.94096,0.81573,0.67169,0.94607,0.96079,0.00989589,0.00989589,0.00989589
329,36600,0.72353,1.09247,1.05198,0.91931,0.90639,0.94084,0.8159,0.6716,0.94653,0.96103,0.00989525,0.00989525,0.00989525
330,36704,0.73193,1.09174,1.05739,0.91895,0.9062,0.94106,0.81572,0.67186,0.94607,0.9611,0.00989461,0.00989461,0.00989461
331,36808,0.70222,1.04922,1.03036,0.91882,0.90573,0.94108,0.81615,0.67228,0.94666,0.96148,0.00989398,0.00989398,0.00989398
332,36912.1,0.72828,1.09415,1.05254,0.91873,0.90549,0.94134,0.81564,0.67217,0.94733,0.96157,0.00989333,0.00989333,0.00989333
333,37015.8,0.73227,1.04475,1.05629,0.92087,0.9053,0.94131,0.81621,0.67239,0.9466,0.96167,0.00989269,0.00989269,0.00989269
334,37119.3,0.71403,1.04591,1.04889,0.92104,0.90507,0.94117,0.81624,0.67209,0.94715,0.96173,0.00989205,0.00989205,0.00989205
335,37224.1,0.71678,1.03471,1.04282,0.92116,0.90534,0.94098,0.81608,0.67181,0.94659,0.96185,0.0098914,0.0098914,0.0098914
336,37328.3,0.73273,1.07156,1.04974,0.92117,0.90544,0.94095,0.81573,0.67184,0.94497,0.96181,0.00989075,0.00989075,0.00989075
337,37432.5,0.71084,1.04062,1.04133,0.92172,0.90499,0.94166,0.81675,0.67197,0.94608,0.96174,0.0098901,0.0098901,0.0098901
338,37536.5,0.72177,1.01988,1.05005,0.92177,0.90499,0.94195,0.81707,0.67187,0.94649,0.96169,0.00988945,0.00988945,0.00988945
339,37640.6,0.71662,1.0484,1.04412,0.89037,0.94235,0.94121,0.81765,0.67195,0.94567,0.96187,0.00988879,0.00988879,0.00988879
340,37744.6,0.72745,1.06295,1.04948,0.88984,0.94235,0.94099,0.81798,0.67205,0.9449,0.96189,0.00988814,0.00988814,0.00988814
341,37849.9,0.70962,1.03524,1.04093,0.88975,0.94235,0.94143,0.8177,0.67213,0.94583,0.96211,0.00988748,0.00988748,0.00988748
342,37954.5,0.72522,1.05357,1.06269,0.89062,0.93901,0.94081,0.81797,0.67222,0.9472,0.96223,0.00988682,0.00988682,0.00988682
343,38058.2,0.71923,1.06353,1.04893,0.88878,0.9395,0.94042,0.81778,0.67171,0.94909,0.96218,0.00988615,0.00988615,0.00988615
344,38161.6,0.713,1.06831,1.04872,0.88818,0.93692,0.94064,0.81793,0.67227,0.94745,0.96258,0.00988549,0.00988549,0.00988549
345,38265.2,0.72125,1.06107,1.05021,0.90253,0.92146,0.94051,0.81776,0.67306,0.94866,0.96281,0.00988482,0.00988482,0.00988482
346,38368.6,0.71616,1.01306,1.04649,0.90626,0.92926,0.94102,0.81785,0.67341,0.94824,0.96296,0.00988416,0.00988416,0.00988416
347,38472.1,0.71703,1.05671,1.04742,0.90354,0.92939,0.94064,0.81608,0.67344,0.9481,0.96307,0.00988349,0.00988349,0.00988349
348,38576,0.70474,1.0108,1.03941,0.90802,0.93013,0.94089,0.81788,0.67377,0.94901,0.96319,0.00988281,0.00988281,0.00988281
349,38678.8,0.72435,1.10129,1.04954,0.90798,0.92915,0.94104,0.81853,0.67351,0.94815,0.96299,0.00988214,0.00988214,0.00988214
350,38780.8,0.71062,1.04863,1.04209,0.90254,0.92342,0.94095,0.81874,0.67343,0.95006,0.96291,0.00988147,0.00988147,0.00988147
351,38883.7,0.7198,1.04461,1.04613,0.90801,0.92966,0.94094,0.81858,0.67288,0.94917,0.96274,0.00988079,0.00988079,0.00988079
352,38986.9,0.70394,1.0625,1.04838,0.90802,0.92985,0.93994,0.81843,0.67343,0.95004,0.96302,0.00988011,0.00988011,0.00988011
353,39089.7,0.71902,1.06266,1.04522,0.90188,0.92373,0.94004,0.81878,0.67311,0.94912,0.96266,0.00987943,0.00987943,0.00987943
354,39193.3,0.71267,1.02831,1.03406,0.90809,0.93092,0.94065,0.82006,0.67288,0.94885,0.96275,0.00987874,0.00987874,0.00987874
355,39296.4,0.70927,1.0226,1.03763,0.90454,0.9315,0.94071,0.81877,0.67303,0.94988,0.96277,0.00987806,0.00987806,0.00987806
356,39401.2,0.70864,1.01999,1.04405,0.90415,0.93129,0.94098,0.82087,0.67302,0.95089,0.96289,0.00987737,0.00987737,0.00987737
357,39506.4,0.71448,1.07004,1.04833,0.90226,0.93103,0.94012,0.82158,0.67331,0.9527,0.96293,0.00987668,0.00987668,0.00987668
358,39612.1,0.70487,1.03277,1.03936,0.90162,0.93039,0.94053,0.82138,0.67362,0.95429,0.96312,0.00987599,0.00987599,0.00987599
359,39716.8,0.71836,1.04495,1.0459,0.90067,0.93021,0.94067,0.82148,0.67339,0.95415,0.96269,0.0098753,0.0098753,0.0098753
360,39822.2,0.70756,1.04788,1.04027,0.90028,0.92939,0.94059,0.82099,0.67447,0.9557,0.9631,0.0098746,0.0098746,0.0098746
361,39926.9,0.71081,1.06199,1.04164,0.90015,0.92955,0.94024,0.82111,0.67455,0.95559,0.96296,0.00987391,0.00987391,0.00987391
362,40031.7,0.7129,1.05046,1.03916,0.90008,0.92939,0.94032,0.82135,0.67397,0.95511,0.96223,0.00987321,0.00987321,0.00987321
363,40135.1,0.71432,1.04671,1.03322,0.90055,0.92939,0.94006,0.8205,0.67298,0.95377,0.96121,0.00987251,0.00987251,0.00987251
364,40240,0.72871,1.04923,1.04691,0.90069,0.92939,0.93974,0.82205,0.67178,0.9543,0.96054,0.00987181,0.00987181,0.00987181
365,40344.6,0.7201,1.02871,1.04179,0.92335,0.91076,0.93989,0.82096,0.67092,0.9532,0.95934,0.0098711,0.0098711,0.0098711
366,40450.4,0.71647,1.03301,1.04326,0.92338,0.91082,0.94025,0.82155,0.66962,0.95183,0.95839,0.0098704,0.0098704,0.0098704
367,40554.9,0.71276,1.02413,1.04144,0.92338,0.91082,0.9404,0.82201,0.6686,0.94979,0.95754,0.00986969,0.00986969,0.00986969
368,40659.6,0.71265,1.03024,1.04202,0.92342,0.91348,0.94004,0.82185,0.66845,0.95173,0.95737,0.00986898,0.00986898,0.00986898
369,40764.5,0.72381,1.04946,1.05038,0.90159,0.93112,0.9396,0.82136,0.66784,0.95138,0.95717,0.00986827,0.00986827,0.00986827
370,40868.9,0.72417,1.01255,1.04996,0.90171,0.9315,0.94018,0.82087,0.66729,0.94974,0.95664,0.00986755,0.00986755,0.00986755
371,40973,0.71424,1.01769,1.03299,0.90163,0.93171,0.94029,0.8209,0.66657,0.94853,0.95627,0.00986684,0.00986684,0.00986684
372,41076.6,0.71506,1.05543,1.04184,0.90207,0.93205,0.94006,0.82051,0.66689,0.9505,0.95613,0.00986612,0.00986612,0.00986612
373,41181.1,0.70488,1.05886,1.0387,0.90144,0.93198,0.93931,0.82017,0.6671,0.94838,0.9561,0.0098654,0.0098654,0.0098654
374,41284.4,0.70233,1.00935,1.03295,0.90093,0.93198,0.93936,0.81998,0.66667,0.94714,0.95568,0.00986468,0.00986468,0.00986468
375,41388.7,0.71384,1.06779,1.04219,0.89966,0.93198,0.94058,0.82163,0.66679,0.94932,0.95549,0.00986396,0.00986396,0.00986396
376,41493.8,0.72227,1.02877,1.04142,0.90016,0.93198,0.94019,0.82128,0.6662,0.94898,0.95499,0.00986323,0.00986323,0.00986323
377,41598.5,0.71747,1.02839,1.0427,0.89979,0.93198,0.93974,0.82072,0.6657,0.95039,0.95457,0.0098625,0.0098625,0.0098625
378,41703.5,0.69906,1.02586,1.02775,0.89876,0.93198,0.93965,0.82121,0.66502,0.94938,0.95399,0.00986178,0.00986178,0.00986178
379,41808.7,0.73816,1.07098,1.05225,0.901,0.93198,0.94004,0.82067,0.66512,0.95082,0.95398,0.00986104,0.00986104,0.00986104
380,41913.5,0.7211,1.06657,1.05416,0.90169,0.93083,0.94104,0.82245,0.66504,0.94973,0.9538,0.00986031,0.00986031,0.00986031
381,42018.2,0.71538,1.03131,1.04411,0.90151,0.92982,0.94079,0.82241,0.66485,0.94992,0.95354,0.00985958,0.00985958,0.00985958
382,42122.5,0.71589,1.05314,1.04502,0.90167,0.93198,0.94104,0.82318,0.66464,0.94911,0.95325,0.00985884,0.00985884,0.00985884
383,42227.7,0.69043,0.99788,1.02719,0.90172,0.93187,0.94085,0.82438,0.66462,0.94879,0.95318,0.0098581,0.0098581,0.0098581
384,42333,0.70591,1.06226,1.03685,0.90132,0.93198,0.9407,0.82302,0.66421,0.94799,0.9529,0.00985736,0.00985736,0.00985736
385,42438.2,0.72555,1.02496,1.04786,0.90162,0.93168,0.9405,0.82391,0.66344,0.94862,0.95255,0.00985662,0.00985662,0.00985662
386,42541.6,0.6945,1.01314,1.04087,0.90163,0.9315,0.94091,0.82299,0.6629,0.94864,0.95228,0.00985588,0.00985588,0.00985588
387,42645.3,0.70337,1.03824,1.04186,0.89966,0.92939,0.94092,0.8234,0.66206,0.94961,0.95185,0.00985513,0.00985513,0.00985513
388,42750.3,0.71626,1.01825,1.039,0.89944,0.93111,0.94132,0.82381,0.66203,0.94769,0.95173,0.00985438,0.00985438,0.00985438
389,42855.2,0.70178,1.00474,1.03271,0.89953,0.93204,0.94133,0.82541,0.66143,0.94665,0.95126,0.00985363,0.00985363,0.00985363
390,42959.4,0.70182,1.01654,1.03229,0.89954,0.93217,0.94127,0.82533,0.66115,0.9477,0.95116,0.00985288,0.00985288,0.00985288
391,43064.4,0.6926,1.00499,1.03101,0.8995,0.93199,0.94173,0.82584,0.66046,0.94655,0.95086,0.00985213,0.00985213,0.00985213
392,43169.3,0.71983,1.01083,1.0485,0.89993,0.93198,0.94135,0.82509,0.66066,0.94471,0.9508,0.00985137,0.00985137,0.00985137
393,43273.9,0.69531,1.02171,1.03931,0.90007,0.93198,0.94134,0.82524,0.6605,0.94344,0.95071,0.00985061,0.00985061,0.00985061
394,43378.7,0.71467,1.03112,1.04265,0.90166,0.9319,0.94153,0.82555,0.66039,0.94363,0.95061,0.00984985,0.00984985,0.00984985
395,43483.7,0.70144,1.02419,1.03677,0.89949,0.93207,0.94112,0.82596,0.65984,0.94324,0.95032,0.00984909,0.00984909,0.00984909
396,43588.4,0.7152,1.04048,1.03988,0.89967,0.93458,0.94132,0.8259,0.65996,0.94419,0.95019,0.00984833,0.00984833,0.00984833
397,43692.6,0.70757,1.02973,1.04217,0.90061,0.93458,0.9412,0.82557,0.65989,0.94486,0.95012,0.00984757,0.00984757,0.00984757
398,43796.4,0.69967,1.01639,1.02732,0.90068,0.93458,0.94109,0.82576,0.65929,0.94362,0.94985,0.0098468,0.0098468,0.0098468
399,43901,0.69609,1.05351,1.02744,0.89944,0.93458,0.94086,0.82439,0.65856,0.9424,0.94977,0.00984603,0.00984603,0.00984603
400,44005.6,0.69377,1.01399,1.02797,0.90155,0.93458,0.94068,0.82507,0.65839,0.94305,0.94938,0.00984526,0.00984526,0.00984526
401,44110,0.70759,1.02453,1.03264,0.90052,0.93332,0.94103,0.82544,0.65738,0.94185,0.94893,0.00984449,0.00984449,0.00984449
402,44214,0.71509,1.0212,1.04615,0.93163,0.9039,0.94096,0.82524,0.65678,0.94042,0.9485,0.00984371,0.00984371,0.00984371
403,44319.3,0.69667,1.00448,1.03099,0.93162,0.90382,0.94117,0.8263,0.65645,0.93983,0.94819,0.00984294,0.00984294,0.00984294
404,44423.7,0.70045,0.99669,1.02782,0.93165,0.90425,0.94126,0.82741,0.65593,0.93942,0.94774,0.00984216,0.00984216,0.00984216
405,44528.8,0.70848,1.0274,1.04439,0.93163,0.90403,0.94144,0.828,0.65529,0.93809,0.94758,0.00984138,0.00984138,0.00984138
406,44633.3,0.70775,1.03009,1.03981,0.93162,0.90403,0.94114,0.82738,0.65519,0.93951,0.94767,0.0098406,0.0098406,0.0098406
407,44738.4,0.71241,0.98608,1.03704,0.93122,0.90468,0.94077,0.82705,0.65515,0.9376,0.94757,0.00983981,0.00983981,0.00983981
408,44842.8,0.70734,1.03777,1.04,0.93058,0.90479,0.94061,0.82676,0.65504,0.93688,0.94767,0.00983903,0.00983903,0.00983903
409,44947.1,0.70415,1.02285,1.04557,0.92884,0.90541,0.94085,0.82746,0.65448,0.93765,0.94735,0.00983824,0.00983824,0.00983824
410,45052.1,0.70996,1.00789,1.0385,0.89514,0.93791,0.94109,0.8287,0.65367,0.9373,0.94697,0.00983745,0.00983745,0.00983745
411,45156.2,0.71669,1.0545,1.05045,0.8952,0.93751,0.94099,0.82935,0.65269,0.93769,0.94635,0.00983666,0.00983666,0.00983666
412,45259.6,0.70034,1.03764,1.02465,0.89514,0.93701,0.94076,0.829,0.65257,0.9364,0.94606,0.00983586,0.00983586,0.00983586
413,45363.6,0.71447,1.04274,1.04808,0.89511,0.93644,0.9407,0.82805,0.65245,0.93527,0.94591,0.00983507,0.00983507,0.00983507
414,45467.3,0.70008,1.02203,1.0341,0.89508,0.93626,0.94076,0.8284,0.65228,0.93473,0.94565,0.00983427,0.00983427,0.00983427
415,45570.7,0.71833,1.02732,1.04836,0.89512,0.93378,0.94076,0.82768,0.65192,0.93473,0.94529,0.00983347,0.00983347,0.00983347
416,45675.2,0.7076,1.04726,1.03908,0.89818,0.93362,0.94097,0.82945,0.65133,0.93232,0.94477,0.00983267,0.00983267,0.00983267
417,45780.2,0.69645,0.99089,1.02924,0.89809,0.93458,0.94097,0.82855,0.65087,0.93238,0.94467,0.00983187,0.00983187,0.00983187
418,45885,0.69825,0.99598,1.03897,0.89831,0.93503,0.94105,0.82963,0.64993,0.93204,0.94394,0.00983106,0.00983106,0.00983106
419,45989.2,0.70208,0.97878,1.04302,0.89845,0.93458,0.94067,0.82902,0.64973,0.93264,0.94361,0.00983026,0.00983026,0.00983026
420,46093.1,0.70561,1.02606,1.04094,0.89824,0.93458,0.94114,0.82928,0.64981,0.93188,0.9436,0.00982945,0.00982945,0.00982945
421,46197.4,0.70072,0.99906,1.03877,0.89807,0.93458,0.94098,0.82937,0.65029,0.93236,0.94376,0.00982864,0.00982864,0.00982864
422,46300.9,0.69616,1.03954,1.02957,0.9025,0.93517,0.94128,0.83032,0.64986,0.9316,0.94342,0.00982783,0.00982783,0.00982783
423,46405.6,0.70976,1.04254,1.03522,0.90242,0.93525,0.94096,0.8292,0.65,0.93246,0.9434,0.00982701,0.00982701,0.00982701
424,46509.6,0.70926,1.01129,1.03636,0.9022,0.93469,0.94086,0.82985,0.64948,0.93203,0.94282,0.0098262,0.0098262,0.0098262
425,46614,0.69738,1.03104,1.02519,0.90184,0.93521,0.94161,0.82931,0.65001,0.93293,0.94298,0.00982538,0.00982538,0.00982538
426,46718.1,0.70491,0.99316,1.03337,0.90191,0.93529,0.9407,0.82887,0.64973,0.93376,0.94269,0.00982456,0.00982456,0.00982456
427,46821.9,0.71095,1.01102,1.04617,0.90174,0.93506,0.94138,0.82983,0.64987,0.93473,0.94272,0.00982374,0.00982374,0.00982374
428,46925.3,0.71148,1.01169,1.0436,0.90174,0.9356,0.94129,0.82963,0.64962,0.93605,0.94267,0.00982291,0.00982291,0.00982291
429,47029.5,0.71017,0.99816,1.0302,0.90152,0.9381,0.94078,0.82931,0.64991,0.93618,0.94263,0.00982209,0.00982209,0.00982209
430,47132.8,0.70689,1.05195,1.04951,0.90158,0.93814,0.94014,0.82964,0.64958,0.93531,0.9423,0.00982126,0.00982126,0.00982126
431,47236.2,0.68661,0.99255,1.0259,0.90459,0.93458,0.9397,0.82909,0.64938,0.93451,0.94205,0.00982043,0.00982043,0.00982043
432,47339.9,0.70696,1.0275,1.03054,0.90398,0.93463,0.93979,0.82933,0.64921,0.93464,0.9419,0.0098196,0.0098196,0.0098196
433,47444,0.71249,1.01398,1.03331,0.90403,0.93475,0.94009,0.82922,0.64863,0.9351,0.9417,0.00981877,0.00981877,0.00981877
434,47548.2,0.71636,1.04192,1.0359,0.90148,0.93754,0.94003,0.82975,0.64832,0.93396,0.94158,0.00981793,0.00981793,0.00981793
435,47651.3,0.69534,1.02366,1.0376,0.90171,0.93717,0.93995,0.82951,0.6478,0.93396,0.94137,0.0098171,0.0098171,0.0098171
436,47754,0.68979,0.9815,1.03158,0.90128,0.93805,0.93939,0.82903,0.64765,0.93328,0.94131,0.00981626,0.00981626,0.00981626
437,47857.8,0.69609,0.99855,1.02816,0.90129,0.93717,0.9398,0.82874,0.64745,0.93243,0.94118,0.00981542,0.00981542,0.00981542
438,47962.2,0.69963,1.03202,1.02623,0.90144,0.93717,0.93998,0.82931,0.64704,0.93074,0.94089,0.00981458,0.00981458,0.00981458
439,48065.2,0.69767,1.01039,1.03139,0.9005,0.93717,0.93997,0.8296,0.64676,0.9305,0.94081,0.00981373,0.00981373,0.00981373
440,48169.6,0.71303,1.0216,1.04437,0.9014,0.93878,0.93981,0.82968,0.64675,0.92992,0.9408,0.00981288,0.00981288,0.00981288
441,48273.6,0.71043,0.98593,1.03418,0.90358,0.93916,0.94023,0.82952,0.64606,0.92994,0.94059,0.00981204,0.00981204,0.00981204
442,48376.9,0.7127,1.00137,1.04168,0.90372,0.93953,0.93928,0.82891,0.64555,0.92897,0.94037,0.00981119,0.00981119,0.00981119
443,48480.7,0.69185,0.95715,1.02317,0.90362,0.93966,0.93942,0.82911,0.64487,0.9287,0.94008,0.00981034,0.00981034,0.00981034
444,48585.2,0.69626,1.02352,1.03157,0.90354,0.94002,0.94009,0.83018,0.64439,0.92693,0.93967,0.00980948,0.00980948,0.00980948
445,48689.5,0.71368,1.00209,1.03929,0.90313,0.93976,0.9395,0.82878,0.64431,0.92651,0.93973,0.00980863,0.00980863,0.00980863
446,48793.2,0.70523,1.01807,1.02818,0.90298,0.93976,0.93952,0.82991,0.6439,0.92675,0.93949,0.00980777,0.00980777,0.00980777
447,48897.2,0.70335,1.01378,1.03735,0.90181,0.93458,0.93929,0.82986,0.64388,0.92672,0.93941,0.00980691,0.00980691,0.00980691
448,49001.9,0.69733,1.00954,1.02729,0.90207,0.93458,0.93915,0.82969,0.64404,0.92516,0.93943,0.00980605,0.00980605,0.00980605
449,49105.6,0.6863,0.98215,1.02006,0.90595,0.93696,0.93962,0.82936,0.64416,0.92521,0.93962,0.00980519,0.00980519,0.00980519
450,49209.6,0.69376,0.98897,1.03364,0.90546,0.93717,0.93894,0.83014,0.64363,0.92592,0.93935,0.00980432,0.00980432,0.00980432
451,49312.8,0.69085,1.01221,1.02938,0.90363,0.9375,0.93906,0.82969,0.64374,0.92445,0.9393,0.00980345,0.00980345,0.00980345
452,49415.9,0.71058,1.02847,1.03226,0.90602,0.93696,0.93933,0.83092,0.64412,0.92482,0.93948,0.00980259,0.00980259,0.00980259
453,49519.9,0.69351,1.02191,1.02882,0.90565,0.93717,0.93904,0.83039,0.64403,0.92577,0.93934,0.00980171,0.00980171,0.00980171
454,49623.6,0.68769,0.95819,1.02676,0.90747,0.93717,0.93957,0.83008,0.64433,0.92548,0.93956,0.00980084,0.00980084,0.00980084
455,49728.5,0.70604,1.00853,1.03915,0.9073,0.93717,0.93891,0.82896,0.64428,0.92474,0.93952,0.00979997,0.00979997,0.00979997
456,49832.4,0.70898,0.98141,1.03198,0.90712,0.93717,0.93876,0.8298,0.64421,0.92329,0.93946,0.00979909,0.00979909,0.00979909
457,49936.4,0.68706,0.9706,1.02528,0.90498,0.93717,0.93869,0.82966,0.64457,0.92435,0.93955,0.00979821,0.00979821,0.00979821
458,50040.3,0.70306,1.01695,1.03467,0.90451,0.93717,0.93837,0.82898,0.64438,0.92314,0.93957,0.00979733,0.00979733,0.00979733
459,50144.9,0.69544,1.02011,1.02642,0.90281,0.93717,0.93822,0.82905,0.64453,0.92375,0.93961,0.00979645,0.00979645,0.00979645
460,50247.7,0.69581,0.9936,1.02899,0.90277,0.93717,0.93811,0.82796,0.64539,0.92503,0.94002,0.00979557,0.00979557,0.00979557
461,50353,0.7015,0.99877,1.03214,0.90254,0.93717,0.93798,0.82802,0.6456,0.92536,0.94007,0.00979468,0.00979468,0.00979468
462,50455.7,0.70818,1.00081,1.04311,0.90224,0.93717,0.93796,0.82684,0.6457,0.9266,0.93997,0.0097938,0.0097938,0.0097938
463,50559.6,0.68902,0.96946,1.02331,0.90149,0.93717,0.93805,0.82769,0.64599,0.92612,0.94013,0.00979291,0.00979291,0.00979291
464,50664.1,0.68815,0.97636,1.02876,0.90138,0.93717,0.9375,0.8253,0.64566,0.92399,0.93992,0.00979202,0.00979202,0.00979202
465,50768.4,0.70813,0.99636,1.0288,0.90151,0.93717,0.93797,0.82538,0.64602,0.9247,0.93999,0.00979112,0.00979112,0.00979112
466,50870.6,0.69091,0.99009,1.02262,0.90049,0.93717,0.93784,0.82715,0.64587,0.92465,0.93985,0.00979023,0.00979023,0.00979023
467,50972.5,0.69685,0.98779,1.03117,0.90028,0.93717,0.93801,0.82722,0.6464,0.92445,0.94002,0.00978933,0.00978933,0.00978933
468,51073.9,0.702,1.01869,1.02956,0.90037,0.93717,0.93796,0.82719,0.6464,0.92337,0.93988,0.00978843,0.00978843,0.00978843
469,51171.1,0.7023,1.02591,1.03643,0.9007,0.93717,0.9382,0.82743,0.64631,0.92212,0.93987,0.00978753,0.00978753,0.00978753
470,51269.2,0.69534,0.9736,1.02223,0.90068,0.93717,0.93811,0.82694,0.64626,0.92236,0.94013,0.00978663,0.00978663,0.00978663
471,51366.9,0.71836,1.0406,1.03519,0.9008,0.93717,0.93793,0.82735,0.64584,0.92159,0.93982,0.00978572,0.00978572,0.00978572
472,51464.7,0.68521,0.97448,1.02487,0.90082,0.93717,0.93811,0.8273,0.64559,0.92158,0.93976,0.00978482,0.00978482,0.00978482
473,51562,0.69284,0.985,1.0209,0.90082,0.93717,0.93777,0.82746,0.64526,0.92216,0.93975,0.00978391,0.00978391,0.00978391
474,51660,0.70563,0.97852,1.03116,0.90098,0.93717,0.93785,0.82791,0.64508,0.92198,0.93939,0.009783,0.009783,0.009783
475,51758.4,0.68325,0.96538,1.01292,0.90123,0.93717,0.93837,0.82834,0.64451,0.91871,0.93886,0.00978209,0.00978209,0.00978209
476,51856.1,0.68994,1.004,1.0225,0.90132,0.93717,0.93809,0.82821,0.64452,0.91995,0.9389,0.00978118,0.00978118,0.00978118
477,51954.6,0.68533,1.00229,1.03696,0.90161,0.93717,0.93843,0.82897,0.64423,0.91824,0.93868,0.00978026,0.00978026,0.00978026
478,52053,0.7054,0.96832,1.03015,0.9023,0.93868,0.94028,0.8281,0.64456,0.91665,0.93873,0.00977934,0.00977934,0.00977934
479,52151.1,0.68881,0.98783,1.01769,0.90244,0.93891,0.9402,0.82772,0.64425,0.91531,0.93851,0.00977842,0.00977842,0.00977842
480,52250.2,0.68997,0.97238,1.02215,0.9026,0.93902,0.93951,0.82842,0.64403,0.91321,0.93833,0.0097775,0.0097775,0.0097775
481,52348.7,0.69363,0.96076,1.02295,0.90267,0.93888,0.94007,0.82858,0.64403,0.91177,0.93808,0.00977658,0.00977658,0.00977658
482,52446.6,0.6777,0.97084,1.02257,0.90275,0.9387,0.94002,0.82912,0.64484,0.91151,0.93838,0.00977565,0.00977565,0.00977565
483,52544,0.69575,0.98059,1.03321,0.90202,0.93717,0.93821,0.82833,0.64483,0.91096,0.93849,0.00977473,0.00977473,0.00977473
484,52642.2,0.70028,1.01003,1.03744,0.90198,0.93717,0.93799,0.82776,0.64437,0.90706,0.93814,0.0097738,0.0097738,0.0097738
485,52739.3,0.6946,0.97111,1.03206,0.90163,0.93717,0.93824,0.82807,0.64395,0.9061,0.93806,0.00977287,0.00977287,0.00977287
486,52836.5,0.68569,1.00347,1.01353,0.9017,0.93717,0.93815,0.82758,0.64438,0.90779,0.93831,0.00977194,0.00977194,0.00977194
487,52935.1,0.68743,0.98429,1.02466,0.90122,0.93717,0.93824,0.82755,0.6447,0.90894,0.93841,0.009771,0.009771,0.009771
488,53033.1,0.68621,0.98598,1.0217,0.90279,0.93976,0.94026,0.82797,0.64433,0.9075,0.93811,0.00977007,0.00977007,0.00977007
489,53131.3,0.68809,0.96944,1.01928,0.90458,0.93976,0.94089,0.82852,0.6447,0.91074,0.9384,0.00976913,0.00976913,0.00976913
490,53229.7,0.67492,0.97571,1.02163,0.90476,0.93955,0.94103,0.82952,0.64453,0.90844,0.93834,0.00976819,0.00976819,0.00976819
491,53327.8,0.7024,1.01537,1.03133,0.90434,0.93924,0.94093,0.82957,0.6445,0.90738,0.93814,0.00976725,0.00976725,0.00976725
492,53426.9,0.68302,0.96325,1.0287,0.90423,0.93903,0.94084,0.82916,0.64478,0.90715,0.93833,0.0097663,0.0097663,0.0097663
493,53524.9,0.68703,0.97836,1.02327,0.90824,0.93458,0.94007,0.82971,0.64466,0.90609,0.93821,0.00976536,0.00976536,0.00976536
494,53622.5,0.70164,1.02025,1.02677,0.90883,0.9332,0.94001,0.83038,0.64458,0.90391,0.93805,0.00976441,0.00976441,0.00976441
495,53720.3,0.70159,1.00357,1.03123,0.90901,0.93393,0.93969,0.83009,0.64433,0.90347,0.93798,0.00976346,0.00976346,0.00976346
496,53814.1,0.69285,0.9481,1.02364,0.90916,0.9344,0.93967,0.83057,0.64414,0.9033,0.93771,0.00976251,0.00976251,0.00976251
497,53907.2,0.68758,0.96257,1.02116,0.9095,0.93339,0.93982,0.83027,0.64348,0.90401,0.93748,0.00976156,0.00976156,0.00976156
498,53999.4,0.69015,0.97198,1.03078,0.91077,0.93287,0.93933,0.83017,0.6436,0.90623,0.93736,0.0097606,0.0097606,0.0097606
499,54092,0.69425,0.9895,1.02294,0.91071,0.93198,0.93918,0.83015,0.64319,0.90741,0.93698,0.00975965,0.00975965,0.00975965
500,54184.2,0.68784,0.99942,1.02438,0.90914,0.93198,0.93877,0.83004,0.64282,0.90353,0.93655,0.00975869,0.00975869,0.00975869
501,54277.7,0.69779,1.03153,1.03247,0.90958,0.93198,0.93847,0.83036,0.64254,0.9041,0.9363,0.00975773,0.00975773,0.00975773
502,54370.2,0.68811,0.96727,1.02085,0.90907,0.93198,0.93855,0.8295,0.64245,0.90277,0.93608,0.00975677,0.00975677,0.00975677
503,54462.5,0.69046,1.01101,1.04004,0.90871,0.93198,0.93841,0.83081,0.64223,0.90323,0.9361,0.0097558,0.0097558,0.0097558
504,54556,0.68836,0.98834,1.0206,0.9096,0.9324,0.93866,0.83166,0.64265,0.90192,0.936,0.00975484,0.00975484,0.00975484
505,54648.7,0.69658,0.99429,1.03111,0.91011,0.93273,0.9388,0.83209,0.64273,0.90049,0.93604,0.00975387,0.00975387,0.00975387
506,54742,0.6953,0.96793,1.02998,0.911,0.93265,0.93816,0.83192,0.64177,0.8994,0.93546,0.0097529,0.0097529,0.0097529
507,54836.1,0.69383,0.98125,1.02784,0.91076,0.93315,0.93799,0.83079,0.64178,0.89808,0.93543,0.00975193,0.00975193,0.00975193
508,54928.9,0.6973,0.99392,1.02418,0.91092,0.93315,0.93796,0.83144,0.64097,0.89706,0.93513,0.00975096,0.00975096,0.00975096
509,55021.5,0.6788,0.98758,1.02294,0.91131,0.93284,0.93874,0.83147,0.64095,0.89712,0.93484,0.00974998,0.00974998,0.00974998
510,55115,0.68677,0.99552,1.02797,0.91237,0.93144,0.93853,0.8319,0.64085,0.89792,0.93462,0.009749,0.009749,0.009749
511,55207.8,0.6816,0.95851,1.02442,0.9102,0.93263,0.93862,0.83206,0.64068,0.90093,0.9345,0.00974803,0.00974803,0.00974803
512,55300.1,0.70629,0.99981,1.02742,0.9094,0.93257,0.93826,0.8326,0.64009,0.90099,0.93424,0.00974705,0.00974705,0.00974705
513,55392.5,0.68297,0.96796,1.01414,0.90826,0.93239,0.93878,0.83248,0.64006,0.90418,0.93426,0.00974606,0.00974606,0.00974606
514,55485.2,0.68719,0.98273,1.02705,0.90694,0.93659,0.93754,0.83205,0.63981,0.9051,0.93408,0.00974508,0.00974508,0.00974508
515,55578.8,0.70578,1.02147,1.03714,0.90696,0.93532,0.93877,0.83224,0.63969,0.90632,0.93377,0.00974409,0.00974409,0.00974409
516,55671.4,0.69854,0.97655,1.03094,0.89006,0.95074,0.93894,0.83306,0.63906,0.90619,0.93343,0.0097431,0.0097431,0.0097431
517,55765,0.70068,0.98916,1.02992,0.89001,0.951,0.93906,0.83275,0.63862,0.9055,0.93312,0.00974211,0.00974211,0.00974211
518,55858.2,0.69682,0.94791,1.03265,0.88972,0.95124,0.93833,0.83231,0.63864,0.90734,0.93312,0.00974112,0.00974112,0.00974112
519,55952.3,0.68048,0.97399,1.01776,0.88889,0.95225,0.93892,0.83266,0.63815,0.90677,0.93288,0.00974013,0.00974013,0.00974013
520,56044.5,0.68952,0.97297,1.01738,0.88902,0.9523,0.93893,0.83239,0.63782,0.90725,0.93273,0.00973913,0.00973913,0.00973913
521,56136.4,0.68854,0.99099,1.02193,0.88899,0.95229,0.93918,0.83305,0.63788,0.90771,0.9327,0.00973814,0.00973814,0.00973814
522,56228.1,0.6922,0.99962,1.02703,0.88895,0.95232,0.93908,0.83364,0.63737,0.90637,0.9325,0.00973714,0.00973714,0.00973714
523,56320.7,0.67977,0.95798,1.01661,0.88899,0.9523,0.93921,0.83354,0.63671,0.90582,0.93219,0.00973614,0.00973614,0.00973614
524,56412.9,0.68577,0.99995,1.0247,0.88881,0.95228,0.93871,0.83395,0.63648,0.90568,0.93222,0.00973513,0.00973513,0.00973513
525,56504.7,0.69916,0.99784,1.02967,0.88881,0.95224,0.93795,0.83242,0.63609,0.90709,0.93208,0.00973413,0.00973413,0.00973413
526,56596.9,0.6776,0.96063,1.02003,0.88899,0.95233,0.9384,0.83247,0.63558,0.9056,0.93203,0.00973312,0.00973312,0.00973312
527,56688.8,0.70798,0.99345,1.03188,0.92131,0.91887,0.93883,0.83305,0.63489,0.9046,0.93177,0.00973211,0.00973211,0.00973211
528,56780.5,0.70083,0.96772,1.03561,0.88924,0.95248,0.93836,0.83246,0.63454,0.90333,0.93154,0.0097311,0.0097311,0.0097311
529,56872.8,0.68941,0.96697,1.02258,0.88933,0.95243,0.93821,0.83212,0.63493,0.90629,0.93171,0.00973009,0.00973009,0.00973009
530,56964.3,0.67268,0.94861,1.0105,0.88949,0.95251,0.93874,0.83344,0.63464,0.90655,0.93148,0.00972908,0.00972908,0.00972908
531,57055.9,0.68658,0.98277,1.02295,0.88947,0.95257,0.93921,0.83442,0.63403,0.9064,0.93109,0.00972806,0.00972806,0.00972806
532,57148.8,0.69613,0.96465,1.03384,0.88955,0.95268,0.93915,0.83444,0.63376,0.90449,0.93103,0.00972704,0.00972704,0.00972704
533,57241,0.67937,0.9618,1.01585,0.88948,0.95269,0.93883,0.83368,0.63372,0.90575,0.93089,0.00972603,0.00972603,0.00972603
534,57333.2,0.71247,0.99003,1.03532,0.88947,0.9526,0.93831,0.83308,0.63356,0.90458,0.93074,0.009725,0.009725,0.009725
535,57425.9,0.66013,0.93278,1.00557,0.88966,0.95261,0.9386,0.83347,0.63355,0.90439,0.93089,0.00972398,0.00972398,0.00972398
536,57517.7,0.69587,0.97613,1.03023,0.8903,0.96081,0.93858,0.83201,0.63245,0.90292,0.93017,0.00972296,0.00972296,0.00972296
537,57609.9,0.689,0.96897,1.02142,0.89003,0.96081,0.93905,0.83298,0.63225,0.90257,0.93001,0.00972193,0.00972193,0.00972193
538,57702.5,0.69926,1.01772,1.02903,0.88976,0.95285,0.94001,0.83437,0.63169,0.90105,0.9298,0.0097209,0.0097209,0.0097209
539,57794.9,0.68483,0.96179,1.02686,0.88904,0.96081,0.93976,0.83459,0.63159,0.90094,0.92955,0.00971987,0.00971987,0.00971987
540,57887.4,0.69469,0.98983,1.03263,0.88828,0.96081,0.94038,0.83431,0.63192,0.90128,0.92969,0.00971884,0.00971884,0.00971884
541,57979,0.67806,0.95273,1.01484,0.88827,0.96081,0.94015,0.83322,0.63196,0.90017,0.92963,0.0097178,0.0097178,0.0097178
542,58071.1,0.69445,0.97764,1.02834,0.88688,0.96081,0.94029,0.83421,0.63172,0.9002,0.92946,0.00971677,0.00971677,0.00971677
543,58162.9,0.70633,0.99732,1.0379,0.88683,0.96081,0.94034,0.83436,0.63143,0.90012,0.92933,0.00971573,0.00971573,0.00971573
544,58254.6,0.68448,0.96113,1.02107,0.88701,0.96078,0.94101,0.8336,0.63115,0.89924,0.92915,0.00971469,0.00971469,0.00971469
545,58346.5,0.68284,0.95232,1.0142,0.88694,0.95985,0.94088,0.83321,0.63144,0.89936,0.92918,0.00971365,0.00971365,0.00971365
546,58438,0.67768,0.96573,1.01427,0.88553,0.95822,0.94035,0.8333,0.63116,0.90007,0.92924,0.0097126,0.0097126,0.0097126
547,58529.1,0.6802,0.9818,1.0221,0.88494,0.95822,0.9402,0.83364,0.63065,0.90208,0.92923,0.00971156,0.00971156,0.00971156
548,58620.5,0.68647,0.96483,1.02808,0.88469,0.95833,0.93982,0.83401,0.63016,0.90165,0.92902,0.00971051,0.00971051,0.00971051
549,58712.1,0.6927,0.98688,1.02624,0.88478,0.95873,0.93955,0.83296,0.63006,0.90042,0.92907,0.00970946,0.00970946,0.00970946
550,58803.4,0.68557,0.94017,1.02511,0.88501,0.95875,0.93985,0.83309,0.63008,0.8996,0.92902,0.00970841,0.00970841,0.00970841
551,58895,0.68738,0.95614,1.02775,0.88499,0.95871,0.9398,0.83344,0.62979,0.89974,0.92879,0.00970736,0.00970736,0.00970736
552,58986.8,0.67292,0.97488,1.02106,0.88301,0.95879,0.93954,0.83288,0.62972,0.89936,0.92872,0.00970631,0.00970631,0.00970631
553,59078.1,0.68448,0.97121,1.02074,0.88256,0.95822,0.93944,0.83246,0.6299,0.89768,0.92879,0.00970525,0.00970525,0.00970525
554,59169.3,0.68778,0.98914,1.01844,0.88276,0.95822,0.93951,0.83247,0.6302,0.89724,0.92884,0.00970419,0.00970419,0.00970419
555,59260.3,0.67256,0.95624,1.01786,0.88306,0.95822,0.93932,0.83222,0.62992,0.89708,0.92891,0.00970313,0.00970313,0.00970313
556,59351.6,0.67329,0.94678,1.01912,0.88364,0.95822,0.93933,0.83235,0.63011,0.89701,0.92911,0.00970207,0.00970207,0.00970207
557,59442.7,0.68971,0.95425,1.02142,0.8837,0.95822,0.93941,0.83288,0.6304,0.89655,0.92929,0.00970101,0.00970101,0.00970101
558,59534,0.68484,0.9633,1.01916,0.8846,0.95822,0.9394,0.83275,0.63081,0.89578,0.9294,0.00969994,0.00969994,0.00969994
559,59625.3,0.67837,0.98963,1.02453,0.88473,0.95822,0.93912,0.83296,0.63198,0.90101,0.93,0.00969887,0.00969887,0.00969887
560,59716.2,0.67191,0.93347,1.01582,0.88679,0.95822,0.93977,0.8336,0.63212,0.90102,0.92979,0.0096978,0.0096978,0.0096978
561,59807.3,0.67775,0.96879,1.02566,0.88666,0.95822,0.94005,0.83283,0.63237,0.90181,0.92987,0.00969673,0.00969673,0.00969673
562,59898.1,0.68076,0.98383,1.02046,0.88664,0.95822,0.94008,0.83297,0.63241,0.90182,0.92987,0.00969566,0.00969566,0.00969566
563,59989.6,0.69159,1.00259,1.0257,0.88675,0.95822,0.94016,0.83317,0.63251,0.90053,0.92992,0.00969459,0.00969459,0.00969459
564,60080.1,0.6846,0.95773,1.0182,0.88831,0.95822,0.9395,0.83141,0.63226,0.89914,0.92978,0.00969351,0.00969351,0.00969351
565,60170.8,0.67765,0.93902,1.0132,0.88696,0.95822,0.93986,0.83224,0.63256,0.90108,0.92975,0.00969243,0.00969243,0.00969243
566,60261.1,0.68171,0.97376,1.02271,0.88689,0.95822,0.94008,0.83282,0.63292,0.90055,0.92974,0.00969135,0.00969135,0.00969135
567,60352.1,0.6818,0.95367,1.0294,0.88724,0.95822,0.94003,0.83581,0.6325,0.90015,0.92939,0.00969027,0.00969027,0.00969027
568,60442.8,0.67659,0.93788,1.0167,0.88747,0.95822,0.93999,0.83388,0.63293,0.89847,0.92952,0.00968918,0.00968918,0.00968918
569,60533.3,0.66615,0.96821,1.01534,0.8876,0.95822,0.94024,0.83373,0.63297,0.89538,0.92935,0.0096881,0.0096881,0.0096881
570,60624.5,0.68234,0.98716,1.02432,0.88788,0.95822,0.94037,0.83341,0.63309,0.89565,0.92932,0.00968701,0.00968701,0.00968701
571,60715.8,0.66533,0.95415,1.011,0.88817,0.95822,0.94066,0.83467,0.63356,0.89428,0.92937,0.00968592,0.00968592,0.00968592
572,60806.4,0.68539,0.94476,1.02755,0.88845,0.95822,0.94044,0.83499,0.63381,0.89464,0.92952,0.00968483,0.00968483,0.00968483
573,60896.9,0.68212,0.93527,1.02382,0.88861,0.95822,0.94079,0.83563,0.63371,0.89535,0.92946,0.00968374,0.00968374,0.00968374
574,60987.4,0.67551,0.92531,1.01807,0.88883,0.95822,0.94047,0.83526,0.63404,0.89663,0.92954,0.00968264,0.00968264,0.00968264
575,61077.9,0.69378,0.95567,1.03226,0.88911,0.95822,0.94039,0.83567,0.63389,0.89527,0.92949,0.00968155,0.00968155,0.00968155
576,61168.4,0.67428,0.92397,1.0123,0.88918,0.95822,0.9412,0.83687,0.63396,0.89464,0.92954,0.00968045,0.00968045,0.00968045
577,61258.3,0.68515,0.9828,1.0304,0.88938,0.95822,0.94098,0.83669,0.63383,0.89213,0.92952,0.00967935,0.00967935,0.00967935
578,61348.6,0.68047,0.95392,1.01393,0.88954,0.95822,0.94095,0.83692,0.63406,0.89127,0.92975,0.00967825,0.00967825,0.00967825
579,61439.5,0.67058,0.94834,1.01584,0.88976,0.95822,0.94109,0.83677,0.6341,0.89138,0.92972,0.00967714,0.00967714,0.00967714
580,61530,0.68378,0.97724,1.01813,0.88995,0.95822,0.94106,0.83638,0.63428,0.89171,0.92986,0.00967604,0.00967604,0.00967604
581,61619.7,0.67187,0.92183,1.01751,0.89024,0.95822,0.94125,0.83688,0.63436,0.8898,0.92986,0.00967493,0.00967493,0.00967493
582,61710.5,0.68398,0.97041,1.02023,0.89055,0.95822,0.9424,0.83802,0.63409,0.88836,0.9299,0.00967382,0.00967382,0.00967382
583,61800.8,0.67638,0.94454,1.01588,0.89065,0.95822,0.9415,0.83649,0.634,0.88957,0.92974,0.00967271,0.00967271,0.00967271
584,61891.9,0.68362,0.97504,1.02262,0.89069,0.95822,0.94226,0.83711,0.63335,0.88898,0.92958,0.00967159,0.00967159,0.00967159
585,61981.8,0.68561,0.96059,1.02447,0.89072,0.95822,0.94256,0.83691,0.63354,0.88834,0.92973,0.00967048,0.00967048,0.00967048
586,62072.5,0.6901,0.9922,1.01987,0.89072,0.95822,0.94233,0.83738,0.63332,0.88821,0.92965,0.00966936,0.00966936,0.00966936
587,62164,0.6884,0.95248,1.01646,0.89075,0.95822,0.94235,0.83773,0.63336,0.88947,0.92958,0.00966824,0.00966824,0.00966824
588,62254.5,0.67941,0.95187,1.01763,0.89079,0.95822,0.94178,0.83575,0.63404,0.89081,0.9299,0.00966712,0.00966712,0.00966712
589,62345.9,0.68619,0.96706,1.02101,0.89072,0.95822,0.94164,0.8351,0.63407,0.88971,0.9298,0.009666,0.009666,0.009666
590,62437.5,0.67254,0.94235,1.0212,0.89075,0.95822,0.94192,0.83586,0.6339,0.8888,0.92974,0.00966488,0.00966488,0.00966488
591,62526.9,0.67507,0.96456,1.01515,0.89082,0.95822,0.94183,0.83495,0.63466,0.89067,0.93011,0.00966375,0.00966375,0.00966375
592,62616.7,0.67247,0.94384,1.00402,0.8909,0.95822,0.94189,0.83394,0.63503,0.89116,0.93013,0.00966262,0.00966262,0.00966262
593,62705.5,0.68595,0.95697,1.02879,0.89103,0.95822,0.94193,0.83424,0.6349,0.89091,0.92998,0.00966149,0.00966149,0.00966149
594,62792.3,0.66151,0.92796,1.00739,0.89115,0.95822,0.94184,0.83433,0.63549,0.89387,0.93021,0.00966036,0.00966036,0.00966036
595,62879,0.69695,0.9786,1.03187,0.89125,0.95822,0.94161,0.83522,0.63543,0.89306,0.9299,0.00965923,0.00965923,0.00965923
596,62965.6,0.67548,0.96374,1.01109,0.89136,0.95822,0.94162,0.83497,0.63505,0.89331,0.92982,0.0096581,0.0096581,0.0096581
597,63052.6,0.6867,0.94928,1.01512,0.89149,0.95822,0.94213,0.83578,0.63533,0.89301,0.92992,0.00965696,0.00965696,0.00965696
598,63138.7,0.68673,0.92061,1.03354,0.89131,0.95822,0.94191,0.83556,0.6351,0.89274,0.92977,0.00965582,0.00965582,0.00965582
599,63225,0.68002,0.95912,1.02104,0.89123,0.95822,0.94187,0.83514,0.63553,0.89208,0.92998,0.00965468,0.00965468,0.00965468
600,63311.1,0.67084,0.94624,1.01434,0.89116,0.95822,0.94232,0.83528,0.63564,0.89297,0.93014,0.00965354,0.00965354,0.00965354
601,63396.9,0.6847,0.99326,1.02417,0.89113,0.95822,0.94185,0.835,0.63601,0.89346,0.9301,0.00965239,0.00965239,0.00965239
602,63484,0.69129,0.96665,1.02591,0.89083,0.95822,0.94182,0.83437,0.63594,0.89527,0.93012,0.00965125,0.00965125,0.00965125
603,63570.5,0.6847,0.97478,1.03501,0.89251,0.95822,0.94162,0.83424,0.63637,0.89567,0.93045,0.0096501,0.0096501,0.0096501
604,63657.2,0.67105,0.92477,1.01879,0.8922,0.95822,0.9427,0.83487,0.63587,0.89635,0.93021,0.00964895,0.00964895,0.00964895
605,63742.7,0.67832,0.93716,1.02594,0.89185,0.95822,0.943,0.83569,0.63621,0.89581,0.93026,0.0096478,0.0096478,0.0096478
606,63828.8,0.68695,0.96905,1.01964,0.89162,0.95822,0.94291,0.83605,0.63595,0.89367,0.93018,0.00964665,0.00964665,0.00964665
607,63914.8,0.67409,0.97658,1.01932,0.8915,0.95822,0.9429,0.83575,0.63592,0.89353,0.93011,0.00964549,0.00964549,0.00964549
608,64001,0.68246,0.94725,1.02111,0.89143,0.95822,0.94321,0.83591,0.63545,0.89426,0.92981,0.00964433,0.00964433,0.00964433
609,64086.3,0.67319,0.94166,1.01435,0.89146,0.95822,0.94389,0.8365,0.63531,0.89435,0.92962,0.00964318,0.00964318,0.00964318
610,64171.7,0.69784,0.98568,1.02676,0.89134,0.95822,0.94359,0.83604,0.63554,0.89484,0.92959,0.00964202,0.00964202,0.00964202
611,64258,0.67832,0.9655,1.02041,0.89155,0.96081,0.94344,0.83633,0.63563,0.89544,0.9296,0.00964085,0.00964085,0.00964085
612,64343.8,0.67063,0.92324,1.01874,0.89161,0.96081,0.94341,0.83545,0.63555,0.89396,0.92963,0.00963969,0.00963969,0.00963969
613,64430.3,0.66418,0.93186,1.01577,0.8916,0.96081,0.94342,0.83729,0.63541,0.89416,0.92958,0.00963852,0.00963852,0.00963852
614,64515.7,0.67757,0.96886,1.01209,0.89153,0.96081,0.94388,0.83741,0.63532,0.89325,0.92949,0.00963736,0.00963736,0.00963736
615,64601.5,0.69801,0.97306,1.03267,0.89168,0.96081,0.94366,0.837,0.63499,0.89306,0.92943,0.00963619,0.00963619,0.00963619
616,64687.7,0.65835,0.92198,1.00593,0.8917,0.96081,0.94372,0.83679,0.63491,0.8929,0.92948,0.00963502,0.00963502,0.00963502
617,64773.2,0.68341,0.95484,1.02022,0.89179,0.9607,0.9438,0.83725,0.63468,0.89371,0.92929,0.00963384,0.00963384,0.00963384
618,64858.5,0.68019,0.94266,1.01756,0.89174,0.96036,0.9437,0.8365,0.63495,0.89443,0.92924,0.00963267,0.00963267,0.00963267
619,64944,0.67886,0.93131,1.01851,0.89174,0.9601,0.94328,0.83645,0.63453,0.89298,0.92908,0.00963149,0.00963149,0.00963149
620,65029.5,0.68413,0.97131,1.02005,0.89177,0.95988,0.94294,0.83714,0.63413,0.89295,0.92898,0.00963031,0.00963031,0.00963031
621,65115.1,0.67978,0.93602,1.02558,0.89177,0.95978,0.94329,0.83749,0.63395,0.89307,0.92894,0.00962913,0.00962913,0.00962913
622,65201,0.66523,0.91491,1.00974,0.89167,0.9596,0.94355,0.83765,0.6336,0.89124,0.9287,0.00962795,0.00962795,0.00962795
623,65287,0.67416,0.93682,1.0023,0.89154,0.95967,0.94348,0.8376,0.63342,0.88992,0.9284,0.00962677,0.00962677,0.00962677
624,65372.6,0.67583,0.91879,1.01507,0.89341,0.95964,0.94385,0.83762,0.63301,0.89096,0.92843,0.00962558,0.00962558,0.00962558
625,65458.5,0.66531,0.92191,1.01307,0.89336,0.95985,0.9436,0.83793,0.63277,0.89384,0.92859,0.00962439,0.00962439,0.00962439
626,65543.7,0.67788,0.95697,1.01557,0.89328,0.95957,0.94342,0.83716,0.63237,0.89251,0.92834,0.0096232,0.0096232,0.0096232
627,65628.7,0.67081,0.95942,1.01318,0.8934,0.96019,0.94326,0.83763,0.63221,0.89299,0.92857,0.00962201,0.00962201,0.00962201
628,65711.4,0.68192,0.95515,1.02078,0.89343,0.96043,0.94325,0.83685,0.63212,0.89198,0.92826,0.00962082,0.00962082,0.00962082
629,65793.7,0.69056,0.97346,1.02461,0.89342,0.96081,0.94331,0.83808,0.63207,0.89186,0.92792,0.00961962,0.00961962,0.00961962
630,65875.2,0.66567,0.93861,1.00508,0.89343,0.96081,0.94255,0.83931,0.63198,0.89259,0.92817,0.00961843,0.00961843,0.00961843
631,65956.9,0.66995,0.93435,1.01353,0.89349,0.96068,0.94329,0.83931,0.63194,0.89232,0.92815,0.00961723,0.00961723,0.00961723
632,66039.7,0.66931,0.92054,1.008,0.89341,0.96081,0.94349,0.83976,0.63225,0.89259,0.92838,0.00961603,0.00961603,0.00961603
633,66119.5,0.67649,0.932,1.01839,0.89339,0.96081,0.94338,0.8396,0.63188,0.89254,0.92861,0.00961483,0.00961483,0.00961483
634,66199.7,0.66594,0.93286,1.00545,0.89329,0.96081,0.94282,0.83894,0.63187,0.89441,0.92876,0.00961362,0.00961362,0.00961362
635,66279.5,0.67833,0.94895,1.02304,0.89104,0.96081,0.9434,0.83869,0.63205,0.89358,0.92874,0.00961242,0.00961242,0.00961242
636,66359.3,0.68225,0.94664,1.01852,0.89101,0.96081,0.94366,0.84025,0.63218,0.89301,0.92878,0.00961121,0.00961121,0.00961121
637,66439.1,0.66921,0.91625,1.01876,0.89107,0.96081,0.94347,0.83865,0.63225,0.89285,0.92881,0.00961,0.00961,0.00961
638,66519.2,0.67938,0.95456,1.01132,0.89336,0.96061,0.94354,0.83835,0.63253,0.89402,0.92885,0.00960879,0.00960879,0.00960879
639,66599.1,0.67719,0.97034,1.01978,0.89333,0.96023,0.94352,0.83884,0.63246,0.8926,0.92898,0.00960758,0.00960758,0.00960758
640,66679.2,0.65968,0.94626,1.01062,0.89335,0.95975,0.9435,0.83888,0.63222,0.89415,0.92911,0.00960636,0.00960636,0.00960636
641,66758.8,0.66815,0.9259,1.00971,0.89333,0.95996,0.94321,0.83895,0.63187,0.8956,0.92926,0.00960515,0.00960515,0.00960515
642,66838,0.68552,0.97798,1.02035,0.89333,0.95993,0.94331,0.83921,0.63212,0.89451,0.92931,0.00960393,0.00960393,0.00960393
643,66916.8,0.68583,0.96671,1.01668,0.89532,0.95951,0.94348,0.83964,0.63213,0.89547,0.92931,0.00960271,0.00960271,0.00960271
644,66994.6,0.66119,0.9262,1.00325,0.89307,0.96081,0.94334,0.84041,0.63187,0.89437,0.92946,0.00960149,0.00960149,0.00960149
645,67073.2,0.68042,0.95126,1.02161,0.89327,0.96081,0.94352,0.84045,0.63185,0.8936,0.92934,0.00960026,0.00960026,0.00960026
646,67150.6,0.68777,0.94161,1.01213,0.89341,0.96081,0.9433,0.84195,0.63212,0.89085,0.9295,0.00959904,0.00959904,0.00959904
647,67229.4,0.65861,0.91874,1.00043,0.89369,0.96081,0.94344,0.84231,0.63182,0.89044,0.92917,0.00959781,0.00959781,0.00959781
648,67308.5,0.67459,0.97684,1.01492,0.89143,0.96081,0.94267,0.83978,0.63169,0.88959,0.92918,0.00959658,0.00959658,0.00959658
649,67387.8,0.66683,0.8973,1.01401,0.89105,0.96081,0.94247,0.83957,0.63224,0.88623,0.92978,0.00959535,0.00959535,0.00959535
650,67465.9,0.66636,0.98016,1.01193,0.89291,0.96081,0.94268,0.83996,0.63191,0.88582,0.92955,0.00959412,0.00959412,0.00959412
651,67543.9,0.68351,0.9498,1.01968,0.89337,0.96081,0.94293,0.84213,0.63182,0.88656,0.92962,0.00959289,0.00959289,0.00959289
652,67622.8,0.6911,0.98224,1.01412,0.89351,0.96081,0.94286,0.84204,0.63196,0.88509,0.92972,0.00959165,0.00959165,0.00959165
653,67701.5,0.68493,0.9823,1.02167,0.89372,0.96028,0.94273,0.84198,0.63201,0.88655,0.92969,0.00959041,0.00959041,0.00959041
654,67779.3,0.67464,0.94084,1.02593,0.89375,0.95968,0.94314,0.84108,0.63185,0.88677,0.9295,0.00958917,0.00958917,0.00958917
655,67858.7,0.68205,0.96551,1.02104,0.89378,0.95943,0.94279,0.84066,0.63175,0.88833,0.92935,0.00958793,0.00958793,0.00958793
656,67936.2,0.67232,0.91108,1.01698,0.89381,0.95942,0.94286,0.84249,0.63147,0.88709,0.92926,0.00958669,0.00958669,0.00958669
657,68012.9,0.68633,0.98222,1.02235,0.89369,0.95822,0.94277,0.84248,0.63138,0.8872,0.92917,0.00958544,0.00958544,0.00958544
658,68090.7,0.67324,0.92294,1.01614,0.89362,0.95822,0.94282,0.84291,0.63151,0.88662,0.92936,0.0095842,0.0095842,0.0095842
659,68168.8,0.66574,0.95584,1.01735,0.89343,0.95822,0.94294,0.84273,0.63083,0.88896,0.92919,0.00958295,0.00958295,0.00958295
660,68245.1,0.66916,0.93867,1.01345,0.8944,0.9565,0.94331,0.84335,0.63089,0.88816,0.92928,0.0095817,0.0095817,0.0095817
661,68322.4,0.66437,0.94175,1.00396,0.89412,0.95936,0.94323,0.84303,0.63083,0.88879,0.92972,0.00958044,0.00958044,0.00958044
662,68398.5,0.6694,0.91756,1.01521,0.8942,0.95952,0.94292,0.84015,0.63108,0.88828,0.92978,0.00957919,0.00957919,0.00957919
663,68476.2,0.67227,0.9234,1.015,0.89427,0.95951,0.94288,0.84161,0.63087,0.88928,0.92976,0.00957793,0.00957793,0.00957793
664,68553.1,0.66579,0.89634,1.01349,0.89432,0.95927,0.94265,0.84116,0.63058,0.89003,0.92984,0.00957668,0.00957668,0.00957668
665,68630.5,0.65849,0.88286,1.00696,0.89431,0.9591,0.94307,0.8408,0.63163,0.89361,0.93023,0.00957542,0.00957542,0.00957542
666,68706.9,0.68071,0.93154,1.02201,0.89431,0.95902,0.94291,0.84095,0.63113,0.89363,0.9301,0.00957416,0.00957416,0.00957416
667,68783.4,0.67156,0.95409,1.01604,0.89435,0.95907,0.94355,0.8412,0.63159,0.8922,0.93114,0.00957289,0.00957289,0.00957289
668,68860.3,0.68067,0.92289,1.00862,0.89438,0.95901,0.94324,0.84,0.63111,0.89039,0.93099,0.00957163,0.00957163,0.00957163
669,68936.3,0.6618,0.92182,1.00676,0.89445,0.95885,0.94384,0.84097,0.63179,0.89152,0.93132,0.00957036,0.00957036,0.00957036
670,69014.4,0.67258,0.91799,1.01936,0.89453,0.95869,0.94348,0.84082,0.63196,0.89094,0.93135,0.00956909,0.00956909,0.00956909
671,69091.8,0.65916,0.94329,1.00929,0.89458,0.95873,0.94381,0.84121,0.63133,0.89287,0.93119,0.00956782,0.00956782,0.00956782
672,69168.2,0.68475,0.9304,1.02429,0.89465,0.95881,0.94309,0.84066,0.63094,0.89239,0.93115,0.00956655,0.00956655,0.00956655
673,69246.1,0.67359,0.93124,1.01533,0.89467,0.95857,0.94259,0.84086,0.63152,0.89798,0.93168,0.00956528,0.00956528,0.00956528
674,69322.7,0.67144,0.92967,1.02008,0.89469,0.95894,0.94264,0.8412,0.6312,0.89545,0.93135,0.009564,0.009564,0.009564
675,69399.8,0.66883,0.94955,1.02002,0.89467,0.95929,0.94325,0.8418,0.63079,0.89549,0.93116,0.00956273,0.00956273,0.00956273
676,69475.6,0.68413,0.94308,1.00908,0.89477,0.95945,0.9428,0.84029,0.63051,0.89559,0.9311,0.00956145,0.00956145,0.00956145
677,69552,0.67924,0.9354,1.01865,0.89481,0.95945,0.94288,0.84165,0.63033,0.89601,0.93145,0.00956017,0.00956017,0.00956017
678,69627.3,0.66117,0.94776,1.00873,0.89494,0.95948,0.94292,0.83986,0.63026,0.89504,0.93143,0.00955888,0.00955888,0.00955888
679,69703.5,0.65988,0.948,1.00964,0.89499,0.95951,0.94392,0.8409,0.62915,0.89472,0.92975,0.0095576,0.0095576,0.0095576
680,69780,0.66151,0.9194,1.00085,0.89501,0.95909,0.94376,0.84188,0.62967,0.89632,0.92999,0.00955631,0.00955631,0.00955631
681,69855.8,0.67872,0.92559,1.00491,0.89499,0.95919,0.94396,0.84154,0.62936,0.89635,0.93006,0.00955502,0.00955502,0.00955502
682,69929.9,0.67319,0.92879,1.01824,0.89498,0.95879,0.94393,0.84108,0.62912,0.89625,0.92982,0.00955373,0.00955373,0.00955373
683,70007,0.67009,0.95108,1.01832,0.89503,0.95822,0.94333,0.84037,0.62923,0.89688,0.92973,0.00955244,0.00955244,0.00955244
684,70083,0.67941,0.94654,1.02204,0.89504,0.95882,0.94326,0.83985,0.62885,0.89703,0.9295,0.00955115,0.00955115,0.00955115
685,70160.1,0.66343,0.91565,1.00929,0.89512,0.95887,0.94349,0.84068,0.62868,0.89809,0.92938,0.00954986,0.00954986,0.00954986
686,70236.6,0.66563,0.9247,1.01277,0.89513,0.95883,0.94418,0.84119,0.62863,0.8982,0.9291,0.00954856,0.00954856,0.00954856
687,70313.9,0.67424,0.93184,1.01279,0.89508,0.95877,0.94352,0.84117,0.62808,0.89766,0.92896,0.00954726,0.00954726,0.00954726
688,70390,0.67918,0.91387,1.01496,0.89513,0.95865,0.94352,0.8414,0.62752,0.89648,0.92845,0.00954596,0.00954596,0.00954596
689,70466.6,0.66385,0.94767,1.00138,0.89522,0.95882,0.94417,0.84211,0.62793,0.89798,0.92852,0.00954466,0.00954466,0.00954466
690,70543.3,0.665,0.93787,1.01271,0.89532,0.95897,0.94397,0.84289,0.62748,0.89884,0.9283,0.00954335,0.00954335,0.00954335
691,70620.1,0.6651,0.94629,1.01082,0.89539,0.95924,0.94415,0.84221,0.62716,0.89964,0.92778,0.00954205,0.00954205,0.00954205
692,70697.1,0.67479,0.93465,1.0207,0.89537,0.95928,0.94385,0.84265,0.62692,0.89993,0.9276,0.00954074,0.00954074,0.00954074
693,70774.5,0.68069,0.92896,1.0161,0.89525,0.95932,0.9439,0.84375,0.62671,0.89907,0.92766,0.00953943,0.00953943,0.00953943
694,70849.8,0.67416,0.92519,1.01525,0.8952,0.95909,0.94438,0.84425,0.62627,0.89793,0.92731,0.00953812,0.00953812,0.00953812
695,70926.8,0.6761,0.93411,1.01766,0.89517,0.95882,0.94372,0.84177,0.6257,0.89401,0.92676,0.00953681,0.00953681,0.00953681
696,71003.2,0.67505,0.97744,1.01114,0.89518,0.95887,0.94358,0.84194,0.62571,0.89438,0.92687,0.00953549,0.00953549,0.00953549
697,71077.8,0.6598,0.91871,0.99772,0.89515,0.95889,0.94367,0.84141,0.62591,0.89475,0.92674,0.00953418,0.00953418,0.00953418
698,71153,0.68884,0.94598,1.01882,0.89517,0.959,0.94357,0.84075,0.62599,0.89308,0.92686,0.00953286,0.00953286,0.00953286
699,71229.7,0.67207,0.8991,1.00874,0.89527,0.95907,0.94351,0.84042,0.62566,0.89411,0.92662,0.00953154,0.00953154,0.00953154
700,71307.1,0.67352,0.91504,1.01779,0.89529,0.95918,0.94418,0.84214,0.62555,0.89271,0.92644,0.00953022,0.00953022,0.00953022
701,71383.8,0.67726,0.93846,1.01475,0.89537,0.9592,0.9435,0.84152,0.62515,0.89061,0.92618,0.00952889,0.00952889,0.00952889
702,71460.8,0.66389,0.947,1.00821,0.89508,0.96039,0.94375,0.84261,0.62515,0.89138,0.92608,0.00952757,0.00952757,0.00952757
703,71537.3,0.68052,0.95859,1.00507,0.89506,0.96052,0.94429,0.843,0.62532,0.89087,0.92611,0.00952624,0.00952624,0.00952624
704,71614.5,0.66837,0.92226,1.00531,0.89512,0.96078,0.94421,0.84258,0.62559,0.88975,0.92632,0.00952491,0.00952491,0.00952491
705,71690.2,0.66339,0.92053,1.00566,0.89528,0.96065,0.94421,0.84167,0.62543,0.89077,0.92603,0.00952358,0.00952358,0.00952358
706,71765.6,0.63904,0.91975,1.00092,0.89544,0.96071,0.94404,0.84142,0.62567,0.89095,0.92623,0.00952225,0.00952225,0.00952225
707,71841.9,0.67202,0.94402,1.00975,0.89534,0.96081,0.94398,0.8413,0.62586,0.89014,0.92654,0.00952092,0.00952092,0.00952092
708,71917,0.66347,0.9327,1.01234,0.89506,0.96081,0.94386,0.84067,0.62586,0.89058,0.92658,0.00951958,0.00951958,0.00951958
709,71992.8,0.66438,0.894,1.00826,0.89493,0.96081,0.94348,0.84033,0.62611,0.89132,0.92695,0.00951824,0.00951824,0.00951824
710,72068.1,0.67257,0.91407,1.00012,0.89486,0.96081,0.94412,0.84061,0.62578,0.8943,0.92693,0.0095169,0.0095169,0.0095169
711,72144.6,0.68518,0.93347,1.02696,0.8946,0.96081,0.9441,0.8409,0.62564,0.89556,0.92684,0.00951556,0.00951556,0.00951556
712,72218.8,0.66578,0.89764,1.00875,0.89468,0.96081,0.94432,0.84087,0.62637,0.89538,0.92719,0.00951422,0.00951422,0.00951422
713,72294.3,0.67687,0.95285,1.01315,0.89463,0.96081,0.94421,0.84137,0.6265,0.89957,0.92701,0.00951288,0.00951288,0.00951288
714,72370.6,0.66951,0.92224,1.01458,0.89457,0.96081,0.94417,0.84143,0.62662,0.90097,0.92738,0.00951153,0.00951153,0.00951153
715,72446.5,0.65896,0.92337,0.99955,0.89474,0.96081,0.94408,0.84121,0.62694,0.89958,0.9275,0.00951018,0.00951018,0.00951018
716,72522.7,0.66905,0.92527,1.00532,0.89476,0.96081,0.94405,0.84003,0.62758,0.89966,0.92796,0.00950883,0.00950883,0.00950883
717,72599.1,0.68044,0.92792,1.02245,0.89477,0.96081,0.94411,0.84093,0.62753,0.89582,0.92799,0.00950748,0.00950748,0.00950748
718,72675.6,0.67159,0.94777,1.0148,0.89477,0.96081,0.94397,0.83959,0.62751,0.89558,0.92798,0.00950613,0.00950613,0.00950613
719,72751.6,0.65126,0.91911,0.99328,0.89456,0.96081,0.94428,0.84033,0.62816,0.89658,0.92834,0.00950477,0.00950477,0.00950477
720,72825.9,0.66506,0.88164,1.01602,0.89434,0.96226,0.94467,0.84111,0.62829,0.89713,0.92852,0.00950341,0.00950341,0.00950341
721,72901.9,0.66594,0.909,1.01052,0.89417,0.96225,0.94465,0.84157,0.6284,0.89543,0.9286,0.00950206,0.00950206,0.00950206
722,72976.8,0.67787,0.93492,1.01631,0.89393,0.96227,0.94484,0.84097,0.62841,0.8954,0.92864,0.0095007,0.0095007,0.0095007
723,73052.4,0.66347,0.90557,1.01514,0.89385,0.96225,0.9442,0.84062,0.62834,0.89588,0.92867,0.00949933,0.00949933,0.00949933
724,73127.2,0.6624,0.91284,1.00772,0.89365,0.96222,0.9441,0.84043,0.6287,0.89626,0.92889,0.00949797,0.00949797,0.00949797
725,73202.4,0.6781,0.9188,1.02092,0.89349,0.96218,0.94439,0.84129,0.62903,0.89667,0.92886,0.0094966,0.0094966,0.0094966
726,73276.4,0.6724,0.92704,1.0116,0.89344,0.96218,0.94469,0.84138,0.62853,0.8966,0.92869,0.00949524,0.00949524,0.00949524
727,73352.6,0.68144,0.92042,1.01671,0.89346,0.9622,0.94431,0.84177,0.62905,0.89634,0.92876,0.00949387,0.00949387,0.00949387
728,73427.6,0.66777,0.90249,1.00939,0.89345,0.96224,0.94531,0.84235,0.62881,0.89575,0.92876,0.0094925,0.0094925,0.0094925
729,73502.9,0.66775,0.94549,1.01736,0.89345,0.96222,0.94474,0.84154,0.62894,0.89491,0.92889,0.00949112,0.00949112,0.00949112
730,73576.3,0.65359,0.87096,1.01259,0.89346,0.9622,0.94479,0.84232,0.62891,0.89395,0.92908,0.00948975,0.00948975,0.00948975
731,73651.8,0.6669,0.94253,1.0005,0.8934,0.9622,0.94463,0.8413,0.62951,0.89543,0.92933,0.00948837,0.00948837,0.00948837
732,73725.9,0.66189,0.87664,1.00818,0.8934,0.96221,0.945,0.84225,0.62965,0.89578,0.92962,0.009487,0.009487,0.009487
733,73800.5,0.67307,0.91172,1.0154,0.89288,0.96081,0.94517,0.84181,0.62977,0.8954,0.92978,0.00948562,0.00948562,0.00948562
734,73875.2,0.66223,0.9318,1.01073,0.89293,0.96081,0.94502,0.84202,0.63016,0.89501,0.92977,0.00948423,0.00948423,0.00948423
735,73949.1,0.66601,0.93033,1.00332,0.89296,0.96081,0.94497,0.8406,0.63075,0.89514,0.92997,0.00948285,0.00948285,0.00948285
736,74024,0.67621,0.92201,1.00741,0.89225,0.96081,0.94445,0.84173,0.63081,0.89529,0.93012,0.00948147,0.00948147,0.00948147
737,74098.7,0.67865,0.92001,1.01913,0.89222,0.96081,0.94447,0.83982,0.63095,0.89601,0.93027,0.00948008,0.00948008,0.00948008
738,74172,0.66593,0.92651,1.01208,0.89217,0.96081,0.94444,0.84084,0.6314,0.8963,0.93033,0.00947869,0.00947869,0.00947869
739,74244,0.65831,0.90129,1.00881,0.89177,0.96081,0.94483,0.84198,0.63083,0.89798,0.92985,0.0094773,0.0094773,0.0094773
740,74315.9,0.65842,0.90539,1.00752,0.89135,0.96083,0.94448,0.84173,0.63086,0.89707,0.92985,0.00947591,0.00947591,0.00947591
741,74388.4,0.65327,0.91275,1.00758,0.8915,0.96146,0.94492,0.84148,0.63024,0.89636,0.92963,0.00947452,0.00947452,0.00947452
742,74461.8,0.6699,0.91877,1.0149,0.89153,0.96169,0.94419,0.84067,0.63037,0.8968,0.92979,0.00947312,0.00947312,0.00947312
743,74536,0.66601,0.91644,1.01042,0.89157,0.96174,0.94494,0.84128,0.63041,0.89638,0.9298,0.00947172,0.00947172,0.00947172
744,74609.7,0.67051,0.92732,1.00809,0.89126,0.96304,0.94447,0.84129,0.63046,0.89345,0.9299,0.00947032,0.00947032,0.00947032
745,74682.3,0.66191,0.90714,1.00248,0.89136,0.9633,0.94474,0.84255,0.63096,0.89296,0.9303,0.00946892,0.00946892,0.00946892
746,74754.9,0.66571,0.93398,1.01295,0.89094,0.9634,0.94407,0.84205,0.63079,0.89375,0.93023,0.00946752,0.00946752,0.00946752
747,74829.7,0.65392,0.92853,1.00508,0.8908,0.9634,0.9449,0.8422,0.6305,0.89506,0.93019,0.00946612,0.00946612,0.00946612
748,74903.5,0.65746,0.91499,1.00843,0.89016,0.96334,0.94487,0.84242,0.62988,0.89342,0.9301,0.00946471,0.00946471,0.00946471
749,74976.8,0.66211,0.90948,1.00835,0.89042,0.9614,0.94452,0.84197,0.63009,0.8948,0.9301,0.0094633,0.0094633,0.0094633
750,75049.5,0.66632,0.91749,1.01003,0.89076,0.9634,0.94438,0.84118,0.62945,0.89324,0.92977,0.00946189,0.00946189,0.00946189
751,75123,0.67611,0.93868,1.01495,0.89097,0.9634,0.94454,0.84171,0.62945,0.89308,0.92972,0.00946048,0.00946048,0.00946048
752,75195.7,0.65951,0.91754,1.0006,0.89124,0.96242,0.94457,0.84262,0.62943,0.89329,0.92951,0.00945907,0.00945907,0.00945907
753,75269.2,0.66148,0.9287,1.00171,0.89132,0.9632,0.94446,0.84245,0.62923,0.8937,0.92941,0.00945765,0.00945765,0.00945765
754,75341.8,0.66243,0.93333,1.00991,0.89107,0.9634,0.94463,0.84163,0.62921,0.89429,0.92948,0.00945624,0.00945624,0.00945624
755,75415.5,0.66235,0.8879,1.0087,0.89036,0.9634,0.94436,0.84245,0.62912,0.89365,0.92944,0.00945482,0.00945482,0.00945482
756,75489.1,0.66923,0.90251,1.01129,0.8885,0.9634,0.94418,0.84267,0.62884,0.89677,0.92914,0.0094534,0.0094534,0.0094534
757,75561.1,0.66326,0.95482,1.00728,0.88777,0.9634,0.94423,0.84223,0.62868,0.89593,0.92894,0.00945198,0.00945198,0.00945198
758,75634.6,0.65339,0.87283,0.9926,0.88738,0.9634,0.94437,0.84249,0.62848,0.89657,0.92886,0.00945056,0.00945056,0.00945056
759,75708.1,0.66201,0.91946,1.01297,0.88683,0.9634,0.94398,0.84165,0.62835,0.89734,0.92882,0.00944913,0.00944913,0.00944913
760,75781.7,0.66263,0.90481,1.00532,0.88622,0.9634,0.94387,0.84229,0.62815,0.89699,0.92877,0.0094477,0.0094477,0.0094477
761,75855.9,0.65167,0.90514,0.99874,0.88666,0.9634,0.94363,0.84221,0.62771,0.89536,0.92839,0.00944628,0.00944628,0.00944628
762,75929.1,0.65346,0.91916,1.00251,0.8869,0.9634,0.94367,0.84153,0.62762,0.89427,0.92839,0.00944485,0.00944485,0.00944485
763,76001.3,0.66581,0.92822,1.00601,0.88706,0.9634,0.9438,0.8426,0.62751,0.89535,0.9284,0.00944341,0.00944341,0.00944341
764,76074.3,0.65442,0.96042,1.00486,0.88764,0.96499,0.94385,0.84058,0.62737,0.89514,0.92809,0.00944198,0.00944198,0.00944198
765,76147.2,0.66391,0.90198,1.00894,0.88731,0.96491,0.94384,0.84141,0.62721,0.89601,0.92801,0.00944054,0.00944054,0.00944054
766,76219.2,0.64725,0.92949,0.99856,0.88711,0.96494,0.94375,0.84057,0.62739,0.89743,0.92809,0.00943911,0.00943911,0.00943911
767,76292.5,0.6628,0.95026,1.00872,0.88723,0.96488,0.94417,0.84293,0.62738,0.89887,0.92803,0.00943767,0.00943767,0.00943767
768,76364.9,0.66647,0.907,1.00687,0.88664,0.96475,0.94414,0.84239,0.62707,0.90004,0.92788,0.00943623,0.00943623,0.00943623
769,76436.5,0.66396,0.9094,1.00954,0.8851,0.96483,0.9444,0.84285,0.6272,0.90006,0.92783,0.00943478,0.00943478,0.00943478
770,76509.1,0.6638,0.92337,1.01199,0.88458,0.96492,0.94431,0.84438,0.62711,0.89931,0.92753,0.00943334,0.00943334,0.00943334
771,76582.2,0.66519,0.89903,1.00105,0.87931,0.96599,0.94412,0.8429,0.627,0.89973,0.9275,0.00943189,0.00943189,0.00943189
772,76654.3,0.65517,0.91053,1.00662,0.87956,0.96599,0.94389,0.84227,0.62743,0.90214,0.9277,0.00943045,0.00943045,0.00943045
773,76726.6,0.64808,0.89083,1.00213,0.88175,0.96599,0.94392,0.84236,0.62765,0.9024,0.92742,0.009429,0.009429,0.009429
774,76798.6,0.66287,0.91278,1.0032,0.88197,0.96599,0.94426,0.84313,0.62751,0.90074,0.92766,0.00942755,0.00942755,0.00942755
775,76871.1,0.66331,0.92672,1.01142,0.88261,0.96599,0.9442,0.84262,0.62823,0.90067,0.92789,0.00942609,0.00942609,0.00942609
776,76943.9,0.6767,0.93681,1.01896,0.88537,0.96599,0.94513,0.84374,0.62866,0.90059,0.9278,0.00942464,0.00942464,0.00942464
777,77017.1,0.66742,0.93708,1.00744,0.88614,0.96599,0.94554,0.84192,0.62867,0.90205,0.92807,0.00942318,0.00942318,0.00942318
778,77091.2,0.66408,0.90103,1.00444,0.88587,0.96599,0.94516,0.84294,0.62924,0.9029,0.92827,0.00942173,0.00942173,0.00942173
779,77163.5,0.67557,0.89645,1.01264,0.88628,0.96599,0.94481,0.84092,0.6291,0.89898,0.92807,0.00942027,0.00942027,0.00942027
780,77236.9,0.66914,0.91049,1.00994,0.88616,0.96599,0.94469,0.84134,0.62948,0.89918,0.92826,0.0094188,0.0094188,0.0094188
781,77309,0.66754,0.90678,1.00339,0.88608,0.95764,0.94489,0.84094,0.62948,0.89776,0.92826,0.00941734,0.00941734,0.00941734
782,77381.9,0.67347,0.95323,1.01782,0.88529,0.9576,0.94507,0.8409,0.62946,0.89773,0.92804,0.00941588,0.00941588,0.00941588
783,77455,0.66758,0.90837,1.01059,0.88515,0.95702,0.9452,0.84071,0.62987,0.89758,0.928,0.00941441,0.00941441,0.00941441
784,77529.6,0.65844,0.90542,1.01031,0.88494,0.95651,0.94468,0.83936,0.62994,0.89796,0.92766,0.00941294,0.00941294,0.00941294
785,77603.3,0.66864,0.91733,1.01567,0.88274,0.95619,0.94401,0.8399,0.63026,0.90036,0.92772,0.00941147,0.00941147,0.00941147
786,77679.1,0.65561,0.89959,1.00522,0.9176,0.91856,0.94507,0.84033,0.63049,0.90313,0.92775,0.00941,0.00941,0.00941
787,77754.1,0.65511,0.91157,0.99974,0.91903,0.91844,0.94495,0.84051,0.63071,0.90485,0.92788,0.00940853,0.00940853,0.00940853
788,77827.7,0.66846,0.90382,1.00589,0.9192,0.91843,0.94508,0.83991,0.6308,0.9052,0.92772,0.00940705,0.00940705,0.00940705
789,77900,0.6631,0.90701,0.99967,0.91937,0.91844,0.94529,0.83991,0.63125,0.90547,0.92768,0.00940557,0.00940557,0.00940557
790,77972.1,0.66756,0.91016,1.007,0.91709,0.91873,0.94466,0.83928,0.63195,0.90736,0.92782,0.0094041,0.0094041,0.0094041
791,78045,0.65824,0.92284,1.00984,0.91718,0.9187,0.9448,0.83928,0.63202,0.90813,0.92788,0.00940262,0.00940262,0.00940262
792,78118.1,0.6487,0.91218,1.00444,0.91725,0.91863,0.94492,0.83938,0.63214,0.907,0.92788,0.00940113,0.00940113,0.00940113
793,78191.7,0.67007,0.92201,1.00934,0.9172,0.91865,0.94458,0.83891,0.63249,0.90679,0.92787,0.00939965,0.00939965,0.00939965
794,78265.2,0.67002,0.92767,1.00834,0.9156,0.91927,0.9441,0.83852,0.6325,0.90694,0.92794,0.00939816,0.00939816,0.00939816
795,78340.1,0.66387,0.9272,1.00699,0.91558,0.91903,0.94373,0.83782,0.63285,0.90756,0.92819,0.00939668,0.00939668,0.00939668
796,78413.8,0.65818,0.89906,1.00825,0.91556,0.91889,0.94386,0.83857,0.63226,0.90976,0.92782,0.00939519,0.00939519,0.00939519
797,78486.1,0.67063,0.89588,1.01283,0.91556,0.91883,0.94391,0.83812,0.63219,0.91109,0.92778,0.0093937,0.0093937,0.0093937
798,78559.6,0.65983,0.91875,0.99917,0.91556,0.91891,0.94402,0.83928,0.63226,0.91165,0.92777,0.00939221,0.00939221,0.00939221
799,78632.3,0.66219,0.92428,1.00956,0.91556,0.9189,0.94372,0.83908,0.63261,0.9131,0.92805,0.00939071,0.00939071,0.00939071
800,78704.5,0.6624,0.92241,1.00618,0.91554,0.91877,0.94441,0.83917,0.63244,0.91392,0.92747,0.00938922,0.00938922,0.00938922
801,78777.4,0.65301,0.87625,1.00616,0.91622,0.91866,0.94435,0.83898,0.6326,0.91502,0.92759,0.00938772,0.00938772,0.00938772
802,78851.6,0.65689,0.92413,1.01338,0.91665,0.91869,0.94472,0.83869,0.63322,0.91824,0.92853,0.00938622,0.00938622,0.00938622
803,78926.6,0.66848,0.92318,1.01188,0.91708,0.9188,0.94499,0.83893,0.63256,0.91599,0.92762,0.00938472,0.00938472,0.00938472
804,79000.8,0.66155,0.89302,0.99953,0.9172,0.91885,0.94493,0.83954,0.63266,0.91671,0.92778,0.00938322,0.00938322,0.00938322
805,79073.1,0.66076,0.90999,1.00144,0.91944,0.91322,0.94483,0.83869,0.63274,0.9163,0.92762,0.00938171,0.00938171,0.00938171
806,79146.2,0.66415,0.8976,1.00312,0.91751,0.9167,0.94426,0.83897,0.63302,0.91698,0.92772,0.0093802,0.0093802,0.0093802
807,79218.1,0.68182,0.93798,1.0069,0.91301,0.92291,0.9441,0.83833,0.6326,0.91715,0.92756,0.0093787,0.0093787,0.0093787
808,79290.6,0.65325,0.88115,1.0033,0.8946,0.94331,0.94417,0.83833,0.63318,0.92087,0.92777,0.00937719,0.00937719,0.00937719
809,79364.2,0.66589,0.91911,1.00494,0.89458,0.94298,0.94415,0.83803,0.63332,0.92093,0.92793,0.00937568,0.00937568,0.00937568
810,79435.9,0.66551,0.90031,1.00931,0.89464,0.94298,0.94415,0.83839,0.63344,0.92134,0.92809,0.00937416,0.00937416,0.00937416
811,79507.6,0.6611,0.92847,0.99481,0.89469,0.94281,0.94379,0.83808,0.63329,0.92047,0.92823,0.00937265,0.00937265,0.00937265
812,79579.5,0.67263,0.91357,1.01233,0.89466,0.94252,0.94402,0.83827,0.63359,0.91764,0.92826,0.00937113,0.00937113,0.00937113
813,79652.1,0.66374,0.9188,1.01018,0.8946,0.94235,0.94372,0.8385,0.63378,0.91606,0.92844,0.00936961,0.00936961,0.00936961
814,79724.6,0.6701,0.90403,1.01405,0.89459,0.9423,0.94376,0.83663,0.63352,0.91654,0.92837,0.0093681,0.0093681,0.0093681
815,79796.6,0.65555,0.89222,1.00441,0.89464,0.94233,0.94381,0.83728,0.63319,0.91565,0.92835,0.00936657,0.00936657,0.00936657
816,79869.4,0.66428,0.89294,1.00389,0.91014,0.92511,0.94397,0.83718,0.63347,0.9144,0.92847,0.00936505,0.00936505,0.00936505
817,79942.4,0.65158,0.89649,0.99263,0.91008,0.92528,0.94441,0.83745,0.63332,0.91422,0.92858,0.00936353,0.00936353,0.00936353
818,80015.9,0.65518,0.86321,0.9967,0.91017,0.9254,0.94398,0.83738,0.63317,0.91346,0.92854,0.009362,0.009362,0.009362
819,80088.7,0.65942,0.92743,0.99755,0.91109,0.92499,0.94389,0.83681,0.63287,0.91236,0.92845,0.00936047,0.00936047,0.00936047
820,80161.7,0.66525,0.90261,1.00035,0.91038,0.92575,0.94386,0.83683,0.63252,0.91187,0.92833,0.00935894,0.00935894,0.00935894
821,80234.1,0.6637,0.88743,1.00956,0.91048,0.92596,0.94412,0.83713,0.63228,0.91064,0.9282,0.00935741,0.00935741,0.00935741
822,80306.5,0.64807,0.90465,0.99383,0.91052,0.92602,0.94357,0.83694,0.63247,0.91024,0.92863,0.00935588,0.00935588,0.00935588
823,80379.2,0.66575,0.88809,1.0108,0.91037,0.92646,0.94371,0.83726,0.6317,0.90538,0.92853,0.00935434,0.00935434,0.00935434
824,80449,0.66167,0.90143,0.9968,0.91028,0.9268,0.94402,0.83654,0.63166,0.9058,0.92875,0.0093528,0.0093528,0.0093528
825,80520.5,0.66697,0.90033,1.00905,0.91021,0.9268,0.94369,0.83793,0.63102,0.90271,0.92826,0.00935127,0.00935127,0.00935127
826,80593.1,0.64414,0.89326,0.98469,0.91001,0.9268,0.94378,0.83756,0.63081,0.904,0.92835,0.00934973,0.00934973,0.00934973
827,80665.7,0.6627,0.91435,1.01007,0.90978,0.9268,0.94316,0.837,0.63106,0.90208,0.92842,0.00934818,0.00934818,0.00934818
828,80738.4,0.65978,0.89085,1.00887,0.91007,0.9268,0.94325,0.8369,0.63115,0.89923,0.92837,0.00934664,0.00934664,0.00934664
829,80813.2,0.66576,0.92154,1.00162,0.91151,0.92747,0.94316,0.83688,0.63072,0.89939,0.92833,0.0093451,0.0093451,0.0093451
830,80888.2,0.66392,0.91457,1.01022,0.91138,0.92613,0.94284,0.83659,0.63132,0.89784,0.92825,0.00934355,0.00934355,0.00934355
831,80962.8,0.65623,0.90583,0.99525,0.91126,0.92485,0.94347,0.83736,0.63154,0.89695,0.92832,0.009342,0.009342,0.009342
832,81038.1,0.65209,0.95009,0.99726,0.91119,0.92477,0.94362,0.83843,0.63196,0.89794,0.92869,0.00934045,0.00934045,0.00934045
833,81111.9,0.6507,0.91919,0.9998,0.91113,0.92448,0.94339,0.83785,0.63196,0.90179,0.92858,0.0093389,0.0093389,0.0093389
834,81184.7,0.66411,0.89938,1.0065,0.91108,0.9243,0.94324,0.83757,0.63198,0.90058,0.92858,0.00933734,0.00933734,0.00933734
835,81257.6,0.65372,0.89254,0.99746,0.91104,0.92421,0.94337,0.83826,0.63207,0.90193,0.92846,0.00933579,0.00933579,0.00933579
836,81330,0.65738,0.91393,1.00296,0.91107,0.92421,0.94346,0.83762,0.63188,0.90124,0.92822,0.00933423,0.00933423,0.00933423
837,81403.6,0.65461,0.88097,1.00396,0.91096,0.92448,0.94289,0.83814,0.63187,0.9026,0.92815,0.00933267,0.00933267,0.00933267
838,81476.1,0.66333,0.92119,1.00391,0.91089,0.92457,0.94323,0.83845,0.63181,0.90036,0.92819,0.00933111,0.00933111,0.00933111
839,81548.7,0.65975,0.91828,1.00043,0.91085,0.92484,0.94312,0.83879,0.63207,0.90324,0.92823,0.00932955,0.00932955,0.00932955
840,81621.5,0.65335,0.89619,0.9946,0.91086,0.92421,0.94318,0.83931,0.63182,0.90343,0.9283,0.00932799,0.00932799,0.00932799
841,81694.6,0.66367,0.94175,1.00624,0.91243,0.92421,0.94303,0.83912,0.63157,0.9033,0.92807,0.00932642,0.00932642,0.00932642
842,81767.2,0.65616,0.89906,1.01704,0.91172,0.92421,0.94292,0.83859,0.63161,0.90382,0.92798,0.00932485,0.00932485,0.00932485
843,81840,0.65646,0.9053,1.00279,0.91153,0.92421,0.94314,0.83845,0.63101,0.90222,0.9278,0.00932328,0.00932328,0.00932328
844,81913.1,0.66215,0.88462,1.00085,0.91148,0.92421,0.94324,0.83866,0.63035,0.90163,0.92752,0.00932171,0.00932171,0.00932171
845,81985.2,0.65773,0.8933,1.01288,0.91055,0.92422,0.94289,0.83885,0.63014,0.90171,0.92732,0.00932014,0.00932014,0.00932014
846,82058.2,0.66578,0.91298,1.00506,0.88139,0.96599,0.94347,0.84024,0.63035,0.90156,0.92733,0.00931857,0.00931857,0.00931857
847,82131.1,0.6569,0.85985,1.0023,0.88192,0.96599,0.94289,0.84108,0.63005,0.89981,0.92738,0.00931699,0.00931699,0.00931699
848,82205.6,0.66031,0.8867,1.00176,0.87897,0.9634,0.94269,0.84079,0.63025,0.9016,0.92744,0.00931542,0.00931542,0.00931542
849,82278.3,0.6572,0.90724,0.99883,0.87885,0.9634,0.94285,0.84119,0.62987,0.90155,0.92725,0.00931384,0.00931384,0.00931384
850,82350.9,0.6559,0.92713,0.99786,0.87861,0.9634,0.94276,0.84103,0.62976,0.90186,0.92697,0.00931226,0.00931226,0.00931226
851,82424.2,0.66376,0.89597,1.00796,0.88016,0.96337,0.94189,0.84024,0.62938,0.90163,0.92693,0.00931067,0.00931067,0.00931067
852,82495,0.65929,0.90438,1.00998,0.88014,0.96203,0.94229,0.84029,0.62922,0.90024,0.92676,0.00930909,0.00930909,0.00930909
853,82566.7,0.65015,0.88507,0.99978,0.88012,0.96135,0.9426,0.84046,0.62891,0.9008,0.92659,0.0093075,0.0093075,0.0093075
854,82638.4,0.65415,0.91602,1.00134,0.8798,0.95832,0.94235,0.84026,0.62845,0.90178,0.92635,0.00930592,0.00930592,0.00930592
855,82710.6,0.65925,0.88291,1.00413,0.8803,0.95822,0.94236,0.8399,0.62874,0.9003,0.92622,0.00930433,0.00930433,0.00930433
856,82783.5,0.65832,0.92102,1.00462,0.88042,0.95822,0.94276,0.84056,0.62896,0.89898,0.92649,0.00930274,0.00930274,0.00930274
857,82856.7,0.66163,0.91395,1.0058,0.88029,0.95822,0.94267,0.84068,0.62852,0.89912,0.92657,0.00930114,0.00930114,0.00930114
858,82928.7,0.64831,0.89854,1.00291,0.88043,0.95822,0.9427,0.83915,0.62865,0.89967,0.92666,0.00929955,0.00929955,0.00929955
859,83000.5,0.66331,0.89367,1.00655,0.88058,0.95822,0.94278,0.83922,0.62838,0.8994,0.92659,0.00929795,0.00929795,0.00929795
860,83072.2,0.66976,0.89503,1.00819,0.8805,0.95822,0.94259,0.83867,0.62755,0.89575,0.92626,0.00929636,0.00929636,0.00929636
861,83143.6,0.66195,0.8977,1.00877,0.88062,0.95822,0.94233,0.83948,0.62731,0.89401,0.92625,0.00929476,0.00929476,0.00929476
862,83215.6,0.66151,0.88391,1.02016,0.88069,0.95822,0.94277,0.83999,0.62759,0.89708,0.92664,0.00929316,0.00929316,0.00929316
863,83285.1,0.65444,0.91056,1.00216,0.8809,0.95822,0.94283,0.84037,0.62729,0.89552,0.92644,0.00929155,0.00929155,0.00929155
864,83355.2,0.64849,0.89049,1.00004,0.88107,0.95822,0.9428,0.84065,0.62688,0.89334,0.92617,0.00928995,0.00928995,0.00928995
865,83426.4,0.66157,0.86966,1.00806,0.88142,0.95822,0.94293,0.83966,0.62733,0.89603,0.92648,0.00928834,0.00928834,0.00928834
866,83497.5,0.66212,0.89544,1.00547,0.88044,0.95822,0.94319,0.83977,0.62689,0.89534,0.92636,0.00928674,0.00928674,0.00928674
867,83568.7,0.65759,0.91064,1.00939,0.91264,0.92421,0.94288,0.83979,0.62684,0.89515,0.92644,0.00928513,0.00928513,0.00928513
868,83639.1,0.66118,0.90613,1.00806,0.91368,0.92421,0.94324,0.84027,0.62684,0.89728,0.92647,0.00928352,0.00928352,0.00928352
869,83711.1,0.66912,0.90199,1.00834,0.91425,0.92421,0.94285,0.83958,0.6262,0.89592,0.92635,0.0092819,0.0092819,0.0092819
870,83783.3,0.64806,0.86896,0.99581,0.88233,0.96067,0.94305,0.84015,0.62593,0.89657,0.92624,0.00928029,0.00928029,0.00928029
