epoch,time,train/box_loss,train/cls_loss,train/dfl_loss,metrics/precision(B),metrics/recall(B),metrics/mAP50(B),metrics/mAP50-95(B),val/box_loss,val/cls_loss,val/dfl_loss,lr/pg0,lr/pg1,lr/pg2
1,140.693,1.27469,9.0023,1.47638,0.69769,0.80911,0.78063,0.5496,1.13006,3.0851,1.25975,0.00331683,0.00331683,0.00331683
2,254.969,1.1572,4.26332,1.3585,0.76485,0.71109,0.78389,0.57138,1.13343,3.6989,1.30269,0.00665016,0.00665016,0.00665016
3,367.53,1.27778,3.31515,1.43389,0.43701,0.68452,0.69115,0.38251,1.77327,5.9358,1.9267,0.00998349,0.00998349,0.00998349
4,480.188,1.39747,3.20271,1.54847,0.8046,0.74082,0.8158,0.50985,1.40618,4.0861,1.57924,0.00999999,0.00999999,0.00999999
5,592.882,1.30136,2.8941,1.48838,0.78621,0.75831,0.81745,0.53548,1.33265,2.47349,1.49995,0.00999998,0.00999998,0.00999998
6,706.439,1.2129,2.73542,1.42407,0.78684,0.82274,0.85986,0.59955,1.28387,2.64621,1.36837,0.00999998,0.00999998,0.00999998
7,819.197,1.21632,2.5946,1.40741,0.83844,0.80866,0.85315,0.61022,1.15744,2.05419,1.29184,0.00999996,0.00999996,0.00999996
8,933.044,1.14478,2.4209,1.36328,0.83127,0.84492,0.88182,0.60385,1.27597,2.13877,1.34548,0.00999995,0.00999995,0.00999995
9,1045.86,1.13017,2.42449,1.35135,0.79521,0.85888,0.88454,0.6291,1.14285,1.87711,1.27929,0.00999994,0.00999994,0.00999994
10,1158.98,1.12255,2.30964,1.33946,0.81419,0.86111,0.85223,0.62402,1.11395,1.82186,1.25124,0.00999992,0.00999992,0.00999992
11,1272.44,1.08846,2.27094,1.32431,0.80534,0.88495,0.87128,0.6309,1.11027,1.89704,1.24215,0.0099999,0.0099999,0.0099999
12,1386.15,1.07468,2.19818,1.31071,0.78663,0.87141,0.87276,0.66178,1.02985,1.81431,1.19401,0.00999988,0.00999988,0.00999988
13,1498.83,1.05528,2.18544,1.30747,0.79102,0.84288,0.86632,0.61091,1.13055,1.83125,1.2354,0.00999986,0.00999986,0.00999986
14,1611.25,1.06803,2.2295,1.29642,0.84865,0.85788,0.88519,0.65341,1.03305,1.69469,1.17732,0.00999983,0.00999983,0.00999983
15,1723.76,1.02866,2.10086,1.26834,0.82269,0.89013,0.88939,0.67845,1.00034,1.57638,1.15399,0.00999981,0.00999981,0.00999981
16,1836.09,1.02073,2.01469,1.2514,0.84397,0.84154,0.89334,0.67222,0.97529,1.6937,1.15611,0.00999978,0.00999978,0.00999978
17,1947.86,1.01454,2.07686,1.24642,0.85887,0.87175,0.89538,0.67033,1.07119,1.75478,1.20368,0.00999975,0.00999975,0.00999975
18,2059.84,1.00304,1.98671,1.24423,0.82122,0.77865,0.84823,0.63712,1.0418,1.96535,1.17219,0.00999972,0.00999972,0.00999972
19,2171.67,1.00775,2.05636,1.25353,0.86745,0.8786,0.88567,0.66228,1.07051,1.62316,1.19456,0.00999968,0.00999968,0.00999968
20,2284.05,0.96697,1.95201,1.22392,0.83355,0.85003,0.88254,0.67664,0.97055,1.60775,1.14797,0.00999965,0.00999965,0.00999965
21,2396.09,1.00534,1.98887,1.25477,0.84397,0.86016,0.8921,0.68527,0.99336,1.76209,1.15479,0.00999961,0.00999961,0.00999961
22,2507.13,0.99262,1.90788,1.24599,0.83171,0.87457,0.88696,0.6936,0.983,1.66276,1.14963,0.00999957,0.00999957,0.00999957
23,2619.29,0.97675,1.92238,1.23247,0.82838,0.86214,0.8808,0.70212,0.92396,1.59226,1.13035,0.00999953,0.00999953,0.00999953
24,2731.51,0.97447,1.89874,1.22479,0.85287,0.86099,0.88418,0.6733,1.00294,1.63283,1.16578,0.00999948,0.00999948,0.00999948
25,2841.95,0.97992,1.91652,1.23897,0.88839,0.85679,0.91102,0.70217,0.9731,1.50708,1.13004,0.00999944,0.00999944,0.00999944
26,2953.33,0.95014,1.85942,1.22317,0.85473,0.84499,0.89448,0.70645,0.89076,1.56187,1.09419,0.00999939,0.00999939,0.00999939
27,3065.58,0.92779,1.85666,1.19812,0.84787,0.8713,0.89606,0.70796,0.87693,1.57852,1.08798,0.00999934,0.00999934,0.00999934
28,3177.55,0.94641,1.82534,1.19999,0.87394,0.85822,0.87721,0.69144,0.9084,1.46824,1.078,0.00999929,0.00999929,0.00999929
29,3289.18,0.93286,1.78664,1.19337,0.88521,0.86111,0.89861,0.71526,0.88565,1.44415,1.09422,0.00999923,0.00999923,0.00999923
30,3401.55,0.94134,1.81621,1.20051,0.86502,0.87502,0.90038,0.72158,0.91009,1.51553,1.10813,0.00999918,0.00999918,0.00999918
31,3513.5,0.92455,1.74348,1.1942,0.82728,0.91357,0.90449,0.73488,0.82515,1.42102,1.06118,0.00999912,0.00999912,0.00999912
32,3628,0.91091,1.76787,1.18456,0.82784,0.82242,0.89294,0.71787,0.88975,1.616,1.08471,0.00999906,0.00999906,0.00999906
33,3742.25,0.92841,1.80993,1.19677,0.86921,0.8591,0.90561,0.72582,0.90083,1.49,1.08591,0.009999,0.009999,0.009999
34,3856.08,0.92419,1.78683,1.18875,0.88169,0.85326,0.89991,0.70145,0.94009,1.44836,1.10941,0.00999894,0.00999894,0.00999894
35,3969.89,0.8907,1.67523,1.17002,0.86475,0.89408,0.91225,0.72542,0.89443,1.42531,1.08848,0.00999887,0.00999887,0.00999887
36,4083.38,0.91468,1.7327,1.18782,0.88018,0.81374,0.88803,0.70539,0.86052,1.4685,1.07043,0.0099988,0.0099988,0.0099988
37,4196.12,0.90516,1.70266,1.17787,0.85517,0.89534,0.903,0.70753,0.94058,1.49946,1.10332,0.00999873,0.00999873,0.00999873
38,4309.3,0.92056,1.70291,1.19034,0.87648,0.82045,0.89907,0.72282,0.87472,1.49401,1.07106,0.00999866,0.00999866,0.00999866
39,4422.33,0.91107,1.69066,1.17692,0.8339,0.89159,0.90256,0.73056,0.88123,1.42303,1.07284,0.00999859,0.00999859,0.00999859
40,4535.24,0.8886,1.70503,1.16572,0.87665,0.8813,0.91167,0.74089,0.87775,1.39945,1.07465,0.00999851,0.00999851,0.00999851
41,4648.06,0.88862,1.64371,1.17008,0.85078,0.82704,0.89783,0.72078,0.86075,1.48812,1.07152,0.00999844,0.00999844,0.00999844
42,4761.22,0.9081,1.71304,1.18267,0.82332,0.91309,0.9066,0.73014,0.85912,1.44531,1.06808,0.00999836,0.00999836,0.00999836
43,4874.93,0.90556,1.69323,1.17801,0.84115,0.86835,0.9034,0.70725,0.96091,1.5064,1.13235,0.00999828,0.00999828,0.00999828
44,4987.57,0.88941,1.7027,1.17448,0.81336,0.92932,0.90917,0.7151,0.93751,1.44765,1.10814,0.00999819,0.00999819,0.00999819
45,5099.82,0.89622,1.66865,1.16641,0.86714,0.88645,0.91415,0.74033,0.88434,1.37324,1.07545,0.00999811,0.00999811,0.00999811
46,5212.38,0.86999,1.6019,1.15708,0.86296,0.90475,0.91266,0.73058,0.87673,1.37737,1.076,0.00999802,0.00999802,0.00999802
47,5325.45,0.87784,1.62435,1.16501,0.86603,0.89553,0.90985,0.73829,0.84064,1.36106,1.05555,0.00999793,0.00999793,0.00999793
48,5438.25,0.88304,1.628,1.16191,0.87336,0.83457,0.9011,0.71815,0.89393,1.45268,1.08228,0.00999784,0.00999784,0.00999784
49,5550.4,0.87328,1.61874,1.15004,0.84583,0.84322,0.89629,0.72418,0.90278,1.43724,1.07632,0.00999775,0.00999775,0.00999775
50,5662.96,0.88804,1.62448,1.17304,0.83989,0.88185,0.9099,0.71633,0.93394,1.42283,1.08722,0.00999765,0.00999765,0.00999765
51,5775.9,0.88306,1.588,1.15868,0.82629,0.86868,0.90883,0.72956,0.8603,1.41001,1.0535,0.00999756,0.00999756,0.00999756
52,5888.74,0.87255,1.58784,1.15606,0.83543,0.89757,0.90358,0.72581,0.88465,1.3535,1.07157,0.00999746,0.00999746,0.00999746
53,6002.81,0.86512,1.57716,1.14638,0.87401,0.86926,0.91468,0.74305,0.84741,1.31157,1.06024,0.00999736,0.00999736,0.00999736
54,6116.05,0.87811,1.57894,1.15785,0.8678,0.85045,0.90742,0.74582,0.80575,1.38266,1.04102,0.00999726,0.00999726,0.00999726
55,6228.99,0.86814,1.58141,1.15478,0.87625,0.84398,0.89967,0.73572,0.84211,1.42293,1.05723,0.00999715,0.00999715,0.00999715
56,6342.21,0.85649,1.58175,1.14949,0.87563,0.81455,0.89882,0.75028,0.8162,1.40872,1.05829,0.00999704,0.00999704,0.00999704
57,6456.61,0.85161,1.52918,1.13858,0.84343,0.89037,0.89772,0.73516,0.82384,1.34268,1.04043,0.00999694,0.00999694,0.00999694
58,6570.76,0.86538,1.55613,1.14582,0.85605,0.88046,0.90303,0.74986,0.80665,1.36651,1.03392,0.00999683,0.00999683,0.00999683
59,6684.29,0.83987,1.54752,1.14338,0.88024,0.90032,0.9171,0.74912,0.8468,1.33896,1.05201,0.00999671,0.00999671,0.00999671
60,6797.39,0.85195,1.52116,1.14267,0.88239,0.89611,0.91455,0.74886,0.85721,1.37882,1.05644,0.0099966,0.0099966,0.0099966
61,6910.78,0.85693,1.57696,1.13876,0.86358,0.83923,0.91193,0.76188,0.79879,1.33139,1.02325,0.00999648,0.00999648,0.00999648
62,7024.06,0.84499,1.54405,1.14764,0.87659,0.88102,0.91457,0.76199,0.81193,1.33815,1.03738,0.00999636,0.00999636,0.00999636
63,7136.89,0.84695,1.55658,1.14418,0.88345,0.89018,0.92186,0.75916,0.80285,1.23424,1.0357,0.00999624,0.00999624,0.00999624
64,7249.78,0.86409,1.52015,1.14582,0.84823,0.90059,0.90805,0.75296,0.81914,1.28266,1.04099,0.00999612,0.00999612,0.00999612
65,7362.82,0.84511,1.49133,1.14282,0.87709,0.89512,0.91593,0.76061,0.82637,1.28401,1.04566,0.009996,0.009996,0.009996
66,7474.48,0.84048,1.52103,1.13101,0.87184,0.86563,0.9189,0.76274,0.81332,1.25814,1.04172,0.00999587,0.00999587,0.00999587
67,7586.38,0.8393,1.52815,1.13875,0.83546,0.90563,0.91425,0.75393,0.80123,1.31057,1.03626,0.00999574,0.00999574,0.00999574
68,7697.99,0.84571,1.53155,1.148,0.89681,0.86007,0.91279,0.75551,0.78407,1.32252,1.02878,0.00999561,0.00999561,0.00999561
69,7810.58,0.83201,1.71833,1.12976,0.87067,0.86099,0.9149,0.75631,0.80328,1.32397,1.05157,0.00999548,0.00999548,0.00999548
70,7923.28,0.83423,1.48227,1.13489,0.87857,0.87358,0.91398,0.76767,0.78051,1.28064,1.0378,0.00999535,0.00999535,0.00999535
71,8035.3,0.84008,1.50669,1.1391,0.82827,0.91236,0.91155,0.76447,0.80569,1.34254,1.04008,0.00999521,0.00999521,0.00999521
72,8148.58,0.82526,1.50242,1.12481,0.83095,0.91158,0.90981,0.75173,0.82948,1.29037,1.0512,0.00999508,0.00999508,0.00999508
73,8260.61,0.83619,1.47212,1.13438,0.86038,0.87934,0.91126,0.76375,0.79972,1.26321,1.04331,0.00999494,0.00999494,0.00999494
74,8373.75,0.84127,1.50251,1.13517,0.8198,0.89322,0.90712,0.75768,0.78668,1.27159,1.029,0.00999479,0.00999479,0.00999479
75,8485.84,0.85686,1.47232,1.14746,0.85574,0.89379,0.91068,0.75879,0.79639,1.31536,1.03784,0.00999465,0.00999465,0.00999465
76,8598.4,0.83613,1.48821,1.11956,0.86598,0.86872,0.90867,0.75388,0.78592,1.35817,1.03924,0.0099945,0.0099945,0.0099945
77,8710.39,0.81634,1.45881,1.11515,0.82604,0.91993,0.91817,0.77412,0.77292,1.32256,1.03059,0.00999436,0.00999436,0.00999436
78,8823.48,0.83097,1.48745,1.11765,0.85462,0.90795,0.9155,0.76608,0.77773,1.29201,1.02496,0.00999421,0.00999421,0.00999421
79,8936.16,0.84687,1.47656,1.13813,0.85255,0.90058,0.92361,0.77813,0.76298,1.27517,1.01333,0.00999406,0.00999406,0.00999406
80,9049.12,0.83809,1.45656,1.13468,0.87144,0.87029,0.91701,0.78076,0.75139,1.26912,1.00381,0.0099939,0.0099939,0.0099939
81,9161.55,0.82979,1.44227,1.12976,0.85975,0.91265,0.91719,0.75573,0.79168,1.23356,1.02331,0.00999375,0.00999375,0.00999375
82,9273.28,0.84098,1.47461,1.13525,0.86522,0.89158,0.91827,0.76791,0.776,1.26077,1.02565,0.00999359,0.00999359,0.00999359
83,9386.13,0.82338,1.45333,1.13021,0.84152,0.91154,0.91889,0.77015,0.77327,1.2175,1.0291,0.00999343,0.00999343,0.00999343
84,9500.24,0.82631,1.49383,1.13034,0.87882,0.87934,0.91594,0.771,0.75584,1.22281,1.02092,0.00999327,0.00999327,0.00999327
85,9613.54,0.82878,1.45311,1.11756,0.8968,0.8782,0.91806,0.76782,0.77139,1.2065,1.02262,0.00999311,0.00999311,0.00999311
86,9725.76,0.82829,1.45346,1.12174,0.89412,0.86607,0.91612,0.76584,0.77525,1.23898,1.01833,0.00999294,0.00999294,0.00999294
87,9837.12,0.8058,1.43532,1.10764,0.88053,0.87532,0.9195,0.77109,0.78016,1.24011,1.02275,0.00999278,0.00999278,0.00999278
88,9949.22,0.81994,1.42061,1.1199,0.90618,0.86154,0.9142,0.76423,0.78289,1.24902,1.02537,0.00999261,0.00999261,0.00999261
89,10060.7,0.81612,1.45281,1.11496,0.88452,0.89723,0.90991,0.76838,0.77716,1.27352,1.02006,0.00999244,0.00999244,0.00999244
90,10172.8,0.8023,1.42105,1.09953,0.89531,0.88111,0.91718,0.7766,0.77898,1.24864,1.02638,0.00999226,0.00999226,0.00999226
91,10285,0.82247,1.42339,1.11808,0.89587,0.88813,0.92181,0.76874,0.78936,1.22843,1.03239,0.00999209,0.00999209,0.00999209
92,10397.7,0.81808,1.4326,1.12124,0.89018,0.87715,0.92587,0.78258,0.74889,1.19462,1.00702,0.00999191,0.00999191,0.00999191
93,10509.7,0.81522,1.44649,1.11313,0.88744,0.88672,0.9209,0.78777,0.73838,1.23491,1.00785,0.00999173,0.00999173,0.00999173
94,10623.5,0.81765,1.41442,1.112,0.89773,0.89033,0.92546,0.7891,0.73602,1.18701,1.00636,0.00999155,0.00999155,0.00999155
95,10736.4,0.82367,1.46244,1.12649,0.90751,0.89588,0.92505,0.7792,0.74514,1.15385,1.01002,0.00999137,0.00999137,0.00999137
96,10848.3,0.80441,1.39733,1.1025,0.87958,0.90476,0.92341,0.78092,0.74587,1.14199,1.00351,0.00999118,0.00999118,0.00999118
97,10959.6,0.79667,1.36781,1.09449,0.89235,0.89939,0.92768,0.78427,0.75354,1.13089,1.00856,0.009991,0.009991,0.009991
98,11071.6,0.81066,1.39409,1.10606,0.89914,0.87804,0.92417,0.78137,0.75386,1.15398,1.00545,0.00999081,0.00999081,0.00999081
99,11184.2,0.79507,1.36678,1.10852,0.88747,0.90938,0.91889,0.78077,0.73853,1.18031,0.99475,0.00999062,0.00999062,0.00999062
100,11296.9,0.81001,1.38732,1.10889,0.88401,0.90147,0.92021,0.78633,0.73521,1.17817,0.99509,0.00999043,0.00999043,0.00999043
101,11411.3,0.82302,1.38833,1.11806,0.8953,0.89979,0.9139,0.77167,0.74888,1.20199,1.00214,0.00999023,0.00999023,0.00999023
102,11524.8,0.81449,1.38951,1.11505,0.88224,0.90237,0.91541,0.76675,0.76153,1.20067,1.00966,0.00999004,0.00999004,0.00999004
103,11637.9,0.80491,1.33692,1.10556,0.88682,0.90563,0.91514,0.77075,0.75516,1.16542,1.00798,0.00998984,0.00998984,0.00998984
104,11751,0.80401,1.35133,1.10663,0.88271,0.91084,0.92212,0.78215,0.74972,1.15021,1.00384,0.00998964,0.00998964,0.00998964
105,11863.3,0.80281,1.35784,1.10913,0.8852,0.91084,0.91725,0.77483,0.74898,1.15885,1.00623,0.00998944,0.00998944,0.00998944
106,11975.5,0.80771,1.37098,1.11004,0.88258,0.90019,0.91613,0.78213,0.7327,1.15913,0.99351,0.00998923,0.00998923,0.00998923
107,12087.5,0.79422,1.3622,1.10451,0.90078,0.8917,0.91457,0.78144,0.73974,1.19529,0.99755,0.00998903,0.00998903,0.00998903
108,12201.2,0.79678,1.32754,1.10569,0.90147,0.88194,0.91291,0.77578,0.73427,1.17531,0.99457,0.00998882,0.00998882,0.00998882
109,12314,0.79802,1.34316,1.10268,0.8971,0.89237,0.91826,0.78344,0.73063,1.17671,0.99269,0.00998861,0.00998861,0.00998861
110,12427.6,0.79974,1.37243,1.10146,0.89501,0.88368,0.921,0.78246,0.72705,1.14032,0.99097,0.0099884,0.0099884,0.0099884
111,12540.4,0.79387,1.37562,1.10183,0.89073,0.88771,0.92012,0.78766,0.72478,1.14232,0.9884,0.00998818,0.00998818,0.00998818
112,12653.5,0.78658,1.35895,1.09424,0.8865,0.88779,0.92074,0.7884,0.72799,1.14933,0.9951,0.00998797,0.00998797,0.00998797
113,12765.7,0.80108,1.34405,1.10315,0.89162,0.87402,0.91248,0.7807,0.72866,1.15764,0.99547,0.00998775,0.00998775,0.00998775
114,12877.8,0.78838,1.35525,1.09008,0.9055,0.8673,0.91914,0.78769,0.73075,1.1414,0.99584,0.00998753,0.00998753,0.00998753
115,12989.1,0.80086,1.34723,1.10017,0.90628,0.86728,0.92012,0.78977,0.72782,1.13154,0.99384,0.00998731,0.00998731,0.00998731
116,13102.1,0.80732,1.36753,1.10098,0.90292,0.87493,0.91783,0.78631,0.72563,1.13098,0.99196,0.00998708,0.00998708,0.00998708
117,13213.5,0.79172,1.36696,1.09237,0.90352,0.87066,0.91575,0.78054,0.72235,1.14003,0.98667,0.00998686,0.00998686,0.00998686
118,13326.1,0.78524,1.32381,1.09741,0.90036,0.86891,0.91989,0.78576,0.72019,1.14103,0.98779,0.00998663,0.00998663,0.00998663
119,13437.1,0.79534,1.34396,1.10292,0.89872,0.86818,0.91624,0.78431,0.72533,1.13651,0.99217,0.0099864,0.0099864,0.0099864
120,13547.5,0.80398,1.33695,1.10498,0.89653,0.87074,0.91764,0.78493,0.72506,1.14159,0.9927,0.00998617,0.00998617,0.00998617
121,13657.7,0.77788,1.3358,1.09348,0.89642,0.87287,0.91717,0.78371,0.72411,1.14057,0.99208,0.00998594,0.00998594,0.00998594
122,13769.9,0.79269,1.30589,1.09642,0.89887,0.87436,0.91569,0.78083,0.72407,1.13999,0.99261,0.0099857,0.0099857,0.0099857
123,13881.4,0.78529,1.33755,1.0986,0.89953,0.8746,0.91632,0.77992,0.72444,1.13093,0.99547,0.00998546,0.00998546,0.00998546
124,13993.4,0.80395,1.35833,1.11432,0.8806,0.89655,0.9171,0.78312,0.72565,1.12117,0.99356,0.00998522,0.00998522,0.00998522
125,14105.7,0.79448,1.31073,1.10989,0.88737,0.8944,0.92429,0.79021,0.72457,1.1249,0.99311,0.00998498,0.00998498,0.00998498
126,14217.3,0.78316,1.29592,1.0905,0.89578,0.88457,0.92496,0.79008,0.72055,1.1171,0.99096,0.00998474,0.00998474,0.00998474
127,14328.4,0.7837,1.3316,1.10568,0.89639,0.88934,0.92675,0.79186,0.71635,1.11248,0.98683,0.0099845,0.0099845,0.0099845
128,14439.8,0.77884,1.31107,1.09483,0.87548,0.90773,0.92954,0.79783,0.71217,1.08973,0.98201,0.00998425,0.00998425,0.00998425
129,14552.3,0.77824,1.30257,1.09158,0.90397,0.89086,0.93032,0.79865,0.7097,1.07385,0.97943,0.009984,0.009984,0.009984
130,14663.6,0.77589,1.27155,1.09239,0.90205,0.89982,0.93159,0.79811,0.70918,1.08017,0.97924,0.00998375,0.00998375,0.00998375
131,14774.6,0.77432,1.30191,1.08951,0.89523,0.90189,0.93133,0.79867,0.70798,1.07039,0.97763,0.0099835,0.0099835,0.0099835
132,14885.8,0.79725,1.31658,1.09379,0.89178,0.90238,0.93144,0.7992,0.70245,1.07448,0.9763,0.00998324,0.00998324,0.00998324
133,14996.7,0.76797,1.30529,1.0854,0.89592,0.9003,0.93213,0.79743,0.70382,1.07744,0.97731,0.00998298,0.00998298,0.00998298
134,15108.4,0.78385,1.27563,1.10029,0.89926,0.89931,0.93057,0.79923,0.70558,1.07539,0.97845,0.00998273,0.00998273,0.00998273
135,15219.3,0.76257,1.25981,1.08875,0.89671,0.9029,0.92895,0.79807,0.70535,1.06962,0.97685,0.00998247,0.00998247,0.00998247
136,15331.2,0.76822,1.30132,1.07698,0.89944,0.90152,0.92865,0.79675,0.70467,1.06833,0.97591,0.0099822,0.0099822,0.0099822
137,15442.1,0.78598,1.27318,1.09036,0.89788,0.89463,0.9274,0.79396,0.70456,1.06287,0.97463,0.00998194,0.00998194,0.00998194
138,15554,0.77915,1.25087,1.08657,0.89911,0.89685,0.92685,0.79209,0.71041,1.06228,0.97615,0.00998167,0.00998167,0.00998167
139,15666.5,0.7776,1.29614,1.0918,0.88938,0.9029,0.92864,0.79471,0.71138,1.06092,0.97607,0.0099814,0.0099814,0.0099814
140,15780.3,0.7819,1.33723,1.09189,0.89506,0.9029,0.92863,0.79291,0.71216,1.06486,0.97553,0.00998113,0.00998113,0.00998113
141,15893.3,0.7732,1.30605,1.0907,0.89599,0.89872,0.92936,0.79295,0.71251,1.06146,0.97498,0.00998086,0.00998086,0.00998086
142,16004.9,0.75598,1.2519,1.07275,0.89165,0.90223,0.92791,0.79461,0.71163,1.06799,0.97554,0.00998059,0.00998059,0.00998059
143,16118.1,0.78349,1.28414,1.09272,0.89025,0.905,0.92796,0.79502,0.71077,1.07232,0.97499,0.00998031,0.00998031,0.00998031
144,16231.6,0.77208,1.29162,1.0906,0.89091,0.9029,0.92586,0.79246,0.71026,1.06985,0.97469,0.00998003,0.00998003,0.00998003
145,16344.2,0.76623,1.2766,1.08748,0.89583,0.89608,0.92611,0.79488,0.70704,1.06928,0.97258,0.00997975,0.00997975,0.00997975
146,16457,0.7778,1.30176,1.09127,0.88255,0.90199,0.92521,0.79392,0.70452,1.07015,0.97169,0.00997947,0.00997947,0.00997947
147,16568.9,0.7732,1.30163,1.08873,0.89171,0.89971,0.92582,0.79373,0.70128,1.0664,0.96988,0.00997919,0.00997919,0.00997919
148,16680.3,0.77472,1.25795,1.08433,0.89139,0.89827,0.92689,0.79416,0.70297,1.06648,0.97116,0.0099789,0.0099789,0.0099789
149,16792.2,0.7702,1.24618,1.08389,0.8881,0.9003,0.92737,0.79469,0.70272,1.06392,0.97133,0.00997861,0.00997861,0.00997861
150,16904,0.78125,1.26506,1.09633,0.88787,0.9003,0.92672,0.79469,0.70082,1.06297,0.97046,0.00997832,0.00997832,0.00997832
151,17017.8,0.77715,1.27889,1.08856,0.88833,0.90128,0.92827,0.79714,0.70236,1.06285,0.97214,0.00997803,0.00997803,0.00997803
152,17131.1,0.77888,1.22643,1.09146,0.89427,0.89769,0.92865,0.7991,0.70007,1.05731,0.97067,0.00997774,0.00997774,0.00997774
153,17244.5,0.75371,1.23699,1.07327,0.89326,0.89509,0.92858,0.79965,0.69915,1.05256,0.97072,0.00997744,0.00997744,0.00997744
154,17357,0.77219,1.26226,1.08475,0.88584,0.90041,0.92747,0.79909,0.6998,1.04916,0.97153,0.00997714,0.00997714,0.00997714
155,17468.9,0.75562,1.23038,1.07289,0.88824,0.90361,0.92761,0.8002,0.70034,1.04587,0.97118,0.00997685,0.00997685,0.00997685
156,17581.1,0.76424,1.29161,1.07871,0.88582,0.90507,0.92779,0.80118,0.70142,1.04679,0.97225,0.00997654,0.00997654,0.00997654
157,17693.4,0.77817,1.24921,1.09147,0.8883,0.90876,0.92953,0.80235,0.70068,1.04587,0.9715,0.00997624,0.00997624,0.00997624
158,17805.6,0.7512,1.22665,1.07157,0.89078,0.90438,0.92806,0.8,0.69727,1.0467,0.9686,0.00997594,0.00997594,0.00997594
159,17917.6,0.7682,1.25521,1.09793,0.88978,0.9029,0.92855,0.79942,0.69801,1.04259,0.96928,0.00997563,0.00997563,0.00997563
160,18030.8,0.7763,1.27329,1.08257,0.88541,0.90811,0.92775,0.80029,0.69835,1.04206,0.96957,0.00997532,0.00997532,0.00997532
161,18144.9,0.77584,1.2232,1.07955,0.88385,0.90833,0.92821,0.79895,0.69977,1.04299,0.9705,0.00997501,0.00997501,0.00997501
162,18257.3,0.76593,1.25337,1.08678,0.88338,0.90634,0.92857,0.8,0.69749,1.04185,0.96855,0.00997469,0.00997469,0.00997469
163,18369.3,0.78213,1.23311,1.08304,0.88418,0.90551,0.92814,0.79898,0.69826,1.04421,0.96852,0.00997438,0.00997438,0.00997438
164,18482.9,0.77364,1.20844,1.09079,0.88509,0.90551,0.92889,0.79854,0.69765,1.03864,0.96787,0.00997406,0.00997406,0.00997406
165,18595.7,0.77087,1.2456,1.08659,0.88574,0.90551,0.92804,0.79747,0.69621,1.03994,0.96733,0.00997374,0.00997374,0.00997374
166,18709.5,0.76478,1.19347,1.08231,0.88431,0.90592,0.92873,0.80024,0.69592,1.04044,0.96718,0.00997342,0.00997342,0.00997342
167,18822,0.76403,1.22534,1.0904,0.88494,0.90598,0.92895,0.80029,0.69539,1.0367,0.96697,0.0099731,0.0099731,0.0099731
168,18936.2,0.77028,1.23528,1.09357,0.88345,0.90811,0.92926,0.80019,0.69418,1.03419,0.9664,0.00997277,0.00997277,0.00997277
169,19048.8,0.75767,1.25294,1.07466,0.88517,0.90811,0.929,0.79971,0.69439,1.03143,0.96642,0.00997245,0.00997245,0.00997245
170,19160.4,0.7583,1.20964,1.08036,0.88417,0.90811,0.92886,0.80006,0.69379,1.02841,0.96584,0.00997212,0.00997212,0.00997212
171,19272,0.76833,1.20688,1.09054,0.87948,0.90861,0.92916,0.80051,0.69383,1.02793,0.96585,0.00997179,0.00997179,0.00997179
172,19383.8,0.75041,1.23575,1.07048,0.87834,0.91059,0.92929,0.801,0.69445,1.02797,0.96712,0.00997146,0.00997146,0.00997146
173,19497.2,0.75939,1.20309,1.07858,0.88008,0.90861,0.92957,0.80149,0.69345,1.02937,0.96608,0.00997112,0.00997112,0.00997112
174,19609.7,0.76749,1.20052,1.08422,0.87975,0.90908,0.92907,0.80144,0.69296,1.02952,0.96596,0.00997079,0.00997079,0.00997079
175,19723,0.75915,1.22533,1.07945,0.8803,0.9087,0.92884,0.80084,0.69193,1.0302,0.96566,0.00997045,0.00997045,0.00997045
176,19835.5,0.76101,1.23611,1.07108,0.87897,0.91071,0.92937,0.80232,0.69264,1.03041,0.96612,0.00997011,0.00997011,0.00997011
177,19947.8,0.76056,1.21789,1.08565,0.87881,0.91151,0.92804,0.80057,0.69391,1.02933,0.96679,0.00996976,0.00996976,0.00996976
178,20060,0.77465,1.20898,1.08427,0.87888,0.91071,0.92755,0.80046,0.6924,1.02653,0.96609,0.00996942,0.00996942,0.00996942
179,20172.5,0.76407,1.24228,1.08,0.87821,0.91071,0.92965,0.80038,0.69144,1.02424,0.96567,0.00996907,0.00996907,0.00996907
180,20284.5,0.76454,1.19864,1.08147,0.87664,0.91071,0.92816,0.79986,0.69035,1.02482,0.96558,0.00996873,0.00996873,0.00996873
181,20396.8,0.77001,1.20527,1.08308,0.8761,0.92181,0.92848,0.80026,0.68812,1.02288,0.96438,0.00996838,0.00996838,0.00996838
182,20508.6,0.75258,1.19209,1.07535,0.87615,0.92212,0.92796,0.80118,0.68806,1.02325,0.96468,0.00996802,0.00996802,0.00996802
183,20623.3,0.75664,1.21273,1.07485,0.8755,0.91071,0.92573,0.79905,0.68793,1.02222,0.96503,0.00996767,0.00996767,0.00996767
184,20738.2,0.76705,1.20627,1.08626,0.87619,0.91071,0.92633,0.80022,0.6874,1.02476,0.96449,0.00996731,0.00996731,0.00996731
185,20851.8,0.74192,1.21197,1.0632,0.8761,0.91131,0.92574,0.80051,0.68568,1.02413,0.96343,0.00996696,0.00996696,0.00996696
186,20966.4,0.74475,1.20494,1.05551,0.87464,0.91108,0.92702,0.80109,0.68495,1.02218,0.96334,0.0099666,0.0099666,0.0099666
187,21080.8,0.75133,1.19534,1.0681,0.87442,0.9114,0.92686,0.80064,0.68438,1.01999,0.96341,0.00996624,0.00996624,0.00996624
188,21194.4,0.75125,1.19812,1.06718,0.87433,0.91117,0.92713,0.80082,0.68349,1.01975,0.96342,0.00996587,0.00996587,0.00996587
189,21306.8,0.7555,1.15422,1.07704,0.87169,0.91332,0.92865,0.80131,0.68292,1.01918,0.96317,0.00996551,0.00996551,0.00996551
190,21419.5,0.74839,1.18962,1.07349,0.87359,0.91324,0.92831,0.8023,0.68251,1.01866,0.96305,0.00996514,0.00996514,0.00996514
191,21534.2,0.75,1.15875,1.06523,0.87348,0.91332,0.92862,0.80187,0.68207,1.01791,0.96271,0.00996477,0.00996477,0.00996477
192,21647,0.76219,1.21482,1.07396,0.8734,0.91332,0.92822,0.80225,0.68253,1.01746,0.96282,0.0099644,0.0099644,0.0099644
193,21759.2,0.75595,1.19245,1.06768,0.87381,0.91332,0.92878,0.80279,0.68294,1.01723,0.96319,0.00996402,0.00996402,0.00996402
194,21871.2,0.75255,1.17938,1.0755,0.87319,0.91332,0.92861,0.80278,0.68258,1.01717,0.96319,0.00996365,0.00996365,0.00996365
195,21984,0.75553,1.19951,1.07187,0.87332,0.91332,0.92846,0.8029,0.68245,1.01696,0.96309,0.00996327,0.00996327,0.00996327
196,22097.9,0.74436,1.19879,1.06684,0.87353,0.91332,0.92759,0.80438,0.68218,1.0156,0.96265,0.00996289,0.00996289,0.00996289
197,22212.8,0.7591,1.17639,1.07809,0.8732,0.91332,0.92769,0.8045,0.68159,1.01598,0.96289,0.00996251,0.00996251,0.00996251
198,22327.6,0.73904,1.17268,1.06677,0.8732,0.91332,0.92715,0.80445,0.68141,1.01522,0.96296,0.00996213,0.00996213,0.00996213
199,22442,0.75897,1.1732,1.08699,0.8724,0.91332,0.92826,0.80459,0.68159,1.01574,0.96359,0.00996174,0.00996174,0.00996174
200,22556.7,0.75893,1.19022,1.07468,0.872,0.91332,0.92715,0.80317,0.68134,1.01471,0.96348,0.00996136,0.00996136,0.00996136
201,22672.3,0.75011,1.18429,1.06636,0.87298,0.91332,0.92794,0.80568,0.6808,1.01511,0.96337,0.00996097,0.00996097,0.00996097
202,22786.1,0.75431,1.17142,1.07238,0.87317,0.91332,0.92757,0.80595,0.68067,1.01357,0.96309,0.00996058,0.00996058,0.00996058
203,22900.5,0.7389,1.18809,1.06408,0.87741,0.91018,0.9273,0.80583,0.68079,1.01603,0.96337,0.00996018,0.00996018,0.00996018
204,23014.1,0.75386,1.17016,1.07446,0.87884,0.90439,0.9266,0.80433,0.68076,1.01706,0.9631,0.00995979,0.00995979,0.00995979
205,23128.1,0.74032,1.14714,1.06372,0.87766,0.90278,0.9258,0.80343,0.68095,1.01798,0.96338,0.00995939,0.00995939,0.00995939
206,23242.2,0.73545,1.17515,1.06497,0.88023,0.90436,0.92656,0.80454,0.68049,1.01774,0.96336,0.00995899,0.00995899,0.00995899
207,23357.6,0.74934,1.1563,1.06335,0.8842,0.90937,0.92624,0.80436,0.68005,1.01752,0.96311,0.00995859,0.00995859,0.00995859
208,23472.9,0.75707,1.15336,1.08127,0.88392,0.91201,0.92596,0.80369,0.67967,1.01754,0.96285,0.00995819,0.00995819,0.00995819
209,23587,0.74841,1.12625,1.06408,0.88283,0.9141,0.92557,0.80464,0.67959,1.01616,0.96296,0.00995779,0.00995779,0.00995779
210,23700.9,0.74897,1.1727,1.07211,0.88295,0.91473,0.926,0.80345,0.67972,1.01691,0.96275,0.00995738,0.00995738,0.00995738
211,23814.4,0.75425,1.20999,1.07722,0.88295,0.91449,0.9259,0.80403,0.67941,1.0177,0.9626,0.00995697,0.00995697,0.00995697
212,23927.5,0.75111,1.17744,1.0723,0.88298,0.91432,0.926,0.80408,0.6799,1.01932,0.96309,0.00995656,0.00995656,0.00995656
213,24041.7,0.73066,1.15347,1.05826,0.88298,0.91433,0.92647,0.80431,0.68043,1.01939,0.96339,0.00995615,0.00995615,0.00995615
214,24156.7,0.74163,1.16712,1.06041,0.88298,0.91424,0.92621,0.80464,0.68074,1.01861,0.96363,0.00995574,0.00995574,0.00995574
215,24270.9,0.74169,1.16934,1.06256,0.88291,0.91378,0.92657,0.80555,0.68074,1.01721,0.96344,0.00995532,0.00995532,0.00995532
216,24386,0.74575,1.1354,1.06671,0.8827,0.91509,0.92637,0.80513,0.68077,1.0177,0.96347,0.0099549,0.0099549,0.0099549
217,24500.6,0.74536,1.12759,1.05988,0.88277,0.91472,0.9266,0.80645,0.6811,1.0168,0.96383,0.00995448,0.00995448,0.00995448
218,24614.8,0.73314,1.15621,1.06232,0.88264,0.91463,0.9265,0.80652,0.68046,1.017,0.96351,0.00995406,0.00995406,0.00995406
219,24729.5,0.73975,1.13375,1.05942,0.88252,0.91443,0.92563,0.80513,0.68023,1.01659,0.96325,0.00995364,0.00995364,0.00995364
220,24843.5,0.75662,1.13559,1.07006,0.88244,0.9142,0.92666,0.80659,0.67987,1.01521,0.96297,0.00995321,0.00995321,0.00995321
221,24958,0.73584,1.11754,1.06705,0.88206,0.91361,0.92635,0.80624,0.67993,1.01582,0.96265,0.00995278,0.00995278,0.00995278
222,25072.9,0.75231,1.15882,1.0764,0.88102,0.91363,0.92631,0.80602,0.67989,1.01682,0.96258,0.00995235,0.00995235,0.00995235
223,25187.3,0.73516,1.13479,1.05984,0.88219,0.91339,0.92685,0.80615,0.68054,1.0166,0.96279,0.00995192,0.00995192,0.00995192
224,25300.1,0.73421,1.12331,1.0568,0.88307,0.91329,0.92595,0.80544,0.68013,1.01614,0.96254,0.00995149,0.00995149,0.00995149
225,25415.1,0.7327,1.13841,1.06397,0.88393,0.91329,0.92692,0.80618,0.68017,1.01564,0.96242,0.00995105,0.00995105,0.00995105
226,25529.3,0.74196,1.13151,1.06341,0.88393,0.91335,0.92684,0.80581,0.68004,1.01504,0.96222,0.00995062,0.00995062,0.00995062
227,25644,0.7557,1.14907,1.07478,0.88364,0.91317,0.92698,0.80585,0.67945,1.0137,0.96174,0.00995018,0.00995018,0.00995018
228,25757.2,0.72163,1.12366,1.04485,0.88362,0.91287,0.92717,0.8058,0.67956,1.01487,0.9617,0.00994974,0.00994974,0.00994974
229,25871.5,0.73081,1.11664,1.05627,0.88299,0.91356,0.92857,0.80629,0.67875,1.01327,0.96111,0.00994929,0.00994929,0.00994929
230,25987.4,0.74192,1.15484,1.06215,0.88304,0.91376,0.92714,0.8068,0.67839,1.01211,0.96103,0.00994885,0.00994885,0.00994885
231,26102.5,0.7475,1.12293,1.06456,0.88313,0.91438,0.92665,0.80683,0.67743,1.01084,0.96041,0.0099484,0.0099484,0.0099484
232,26218.2,0.75568,1.16749,1.06824,0.8822,0.91649,0.92645,0.80652,0.67719,1.01008,0.96028,0.00994795,0.00994795,0.00994795
233,26331.5,0.73688,1.16054,1.06052,0.87992,0.91714,0.92687,0.80732,0.67706,1.01036,0.96006,0.0099475,0.0099475,0.0099475
234,26443.6,0.74821,1.14562,1.05673,0.87996,0.91724,0.92663,0.80728,0.67662,1.01026,0.95952,0.00994705,0.00994705,0.00994705
235,26551.7,0.73793,1.11086,1.05551,0.87975,0.91743,0.9257,0.80628,0.67575,1.00919,0.95896,0.00994659,0.00994659,0.00994659
236,26659.5,0.73476,1.13643,1.05551,0.87927,0.91769,0.92583,0.80759,0.67536,1.00828,0.95876,0.00994614,0.00994614,0.00994614
237,26769.3,0.73207,1.08945,1.05161,0.87924,0.91769,0.92623,0.80818,0.6754,1.00971,0.95865,0.00994568,0.00994568,0.00994568
238,26879.6,0.72554,1.10345,1.04927,0.87974,0.91874,0.92595,0.80773,0.67524,1.01053,0.95885,0.00994522,0.00994522,0.00994522
239,26989.6,0.74982,1.15721,1.06393,0.87977,0.91889,0.92641,0.80815,0.67472,1.00814,0.95843,0.00994476,0.00994476,0.00994476
240,27098.7,0.74392,1.14691,1.07099,0.87982,0.91906,0.92624,0.80766,0.67435,1.00861,0.95836,0.00994429,0.00994429,0.00994429
241,27208.2,0.73095,1.10726,1.05684,0.87979,0.91883,0.92575,0.80719,0.67431,1.0092,0.95833,0.00994383,0.00994383,0.00994383
242,27316.5,0.73318,1.11745,1.05461,0.87809,0.92025,0.92602,0.80849,0.67392,1.00912,0.95839,0.00994336,0.00994336,0.00994336
243,27424.7,0.74897,1.14126,1.06549,0.87983,0.91916,0.92608,0.80843,0.67378,1.00658,0.95826,0.00994289,0.00994289,0.00994289
244,27532.7,0.75087,1.12496,1.07146,0.87996,0.92007,0.92828,0.80979,0.67346,1.00488,0.95821,0.00994242,0.00994242,0.00994242
245,27641.2,0.73029,1.17274,1.06262,0.87963,0.9205,0.92798,0.8096,0.67342,1.00574,0.95811,0.00994194,0.00994194,0.00994194
246,27749.2,0.73442,1.1181,1.05975,0.87785,0.91838,0.92855,0.80997,0.67335,1.00496,0.95774,0.00994147,0.00994147,0.00994147
247,27857.1,0.73191,1.14985,1.05098,0.87861,0.917,0.92867,0.80947,0.67351,1.0059,0.95776,0.00994099,0.00994099,0.00994099
248,27964.5,0.75375,1.13798,1.07065,0.8782,0.91712,0.92872,0.80971,0.67344,1.00463,0.958,0.00994051,0.00994051,0.00994051
249,28072.6,0.72036,1.07566,1.04927,0.87822,0.9165,0.92802,0.80974,0.67331,1.00468,0.95786,0.00994003,0.00994003,0.00994003
250,28181.2,0.73199,1.13695,1.05311,0.87783,0.91661,0.92796,0.80922,0.67324,1.00471,0.95786,0.00993954,0.00993954,0.00993954
251,28288.5,0.72288,1.14652,1.05486,0.87777,0.91738,0.92833,0.80914,0.67337,1.0046,0.95803,0.00993906,0.00993906,0.00993906
252,28397.1,0.72775,1.08849,1.05045,0.87783,0.91752,0.92854,0.8094,0.67336,1.0044,0.95804,0.00993857,0.00993857,0.00993857
253,28506.1,0.72608,1.10541,1.05972,0.87792,0.91827,0.92799,0.80869,0.67292,1.00466,0.95777,0.00993808,0.00993808,0.00993808
254,28615.2,0.75787,1.11238,1.07849,0.87784,0.91784,0.929,0.81044,0.67215,1.00402,0.95683,0.00993759,0.00993759,0.00993759
255,28725,0.73625,1.11152,1.06168,0.87781,0.91772,0.9288,0.80998,0.67156,1.0035,0.95656,0.0099371,0.0099371,0.0099371
256,28833.8,0.73467,1.11326,1.05794,0.87783,0.91662,0.92799,0.80902,0.67114,1.00436,0.95628,0.0099366,0.0099366,0.0099366
257,28942.5,0.74418,1.11593,1.0613,0.87775,0.91586,0.92862,0.80974,0.67074,1.00426,0.95603,0.0099361,0.0099361,0.0099361
258,29051.2,0.74325,1.1094,1.05712,0.87591,0.91622,0.92845,0.81024,0.67022,1.00463,0.95565,0.0099356,0.0099356,0.0099356
259,29160.3,0.7266,1.11261,1.05813,0.87579,0.91548,0.92819,0.80941,0.67016,1.00635,0.95567,0.0099351,0.0099351,0.0099351
260,29269.4,0.73035,1.078,1.0556,0.88376,0.90249,0.92884,0.80995,0.67047,1.00601,0.95569,0.0099346,0.0099346,0.0099346
261,29378.3,0.73898,1.10616,1.05088,0.88165,0.90116,0.92861,0.81158,0.67003,1.00493,0.95529,0.0099341,0.0099341,0.0099341
262,29487,0.72058,1.08618,1.04616,0.8959,0.88839,0.92848,0.81016,0.67019,1.00528,0.95526,0.00993359,0.00993359,0.00993359
263,29595.8,0.73189,1.10914,1.05393,0.87515,0.91778,0.92927,0.81094,0.66959,1.00533,0.95507,0.00993308,0.00993308,0.00993308
264,29704.4,0.72738,1.10936,1.05464,0.89661,0.88901,0.92825,0.80959,0.66927,1.00549,0.95498,0.00993257,0.00993257,0.00993257
265,29813.7,0.7365,1.11737,1.05783,0.89665,0.88943,0.92847,0.81055,0.66952,1.00515,0.95486,0.00993206,0.00993206,0.00993206
266,29922.6,0.73412,1.11653,1.06163,0.89664,0.88932,0.92892,0.8107,0.66942,1.00447,0.95451,0.00993154,0.00993154,0.00993154
267,30031.3,0.73982,1.13732,1.056,0.89672,0.89007,0.92832,0.80962,0.66877,1.00392,0.95424,0.00993103,0.00993103,0.00993103
268,30140.1,0.73349,1.10503,1.05409,0.8968,0.89086,0.92825,0.81138,0.66885,1.00386,0.95413,0.00993051,0.00993051,0.00993051
269,30248,0.72141,1.08755,1.05323,0.89647,0.89285,0.92686,0.80976,0.66822,1.00392,0.95349,0.00992999,0.00992999,0.00992999
270,30356.3,0.73053,1.0871,1.04708,0.89734,0.89562,0.92713,0.81088,0.66825,1.00334,0.95344,0.00992946,0.00992946,0.00992946
271,30464.9,0.72949,1.08606,1.05701,0.89722,0.89443,0.92702,0.81074,0.66756,1.00222,0.95314,0.00992894,0.00992894,0.00992894
272,30574.4,0.725,1.09133,1.05278,0.89728,0.89496,0.92674,0.81121,0.66734,1.00054,0.953,0.00992841,0.00992841,0.00992841
273,30683,0.73788,1.08848,1.05115,0.89731,0.89512,0.9266,0.81195,0.66703,1.00104,0.95273,0.00992789,0.00992789,0.00992789
274,30791.7,0.72335,1.07839,1.04948,0.89678,0.8958,0.92687,0.81113,0.66674,1.00094,0.95228,0.00992736,0.00992736,0.00992736
275,30899.7,0.72379,1.10941,1.054,0.89704,0.89581,0.9267,0.81152,0.66672,1.00035,0.95215,0.00992682,0.00992682,0.00992682
276,31008.2,0.73438,1.06965,1.05644,0.89602,0.89613,0.92661,0.81199,0.66659,1.00141,0.95226,0.00992629,0.00992629,0.00992629
277,31115.5,0.72692,1.0995,1.05225,0.89698,0.89569,0.92665,0.81178,0.66683,1.00248,0.95221,0.00992576,0.00992576,0.00992576
278,31224,0.72324,1.10889,1.04651,0.89591,0.89588,0.92656,0.8118,0.6665,1.00153,0.9519,0.00992522,0.00992522,0.00992522
279,31333.6,0.72598,1.09512,1.05134,0.89547,0.89588,0.92704,0.81249,0.66604,1.00026,0.95144,0.00992468,0.00992468,0.00992468
280,31442.8,0.72377,1.07295,1.05208,0.89537,0.89602,0.92645,0.81222,0.66572,0.99906,0.95123,0.00992414,0.00992414,0.00992414
281,31551.9,0.71784,1.08934,1.04801,0.89572,0.89602,0.92604,0.81193,0.66563,0.99803,0.95082,0.00992359,0.00992359,0.00992359
282,31661.2,0.71907,1.07032,1.05311,0.89612,0.896,0.92664,0.8136,0.66615,0.99811,0.95077,0.00992305,0.00992305,0.00992305
283,31771.3,0.72614,1.10689,1.05476,0.89653,0.89622,0.92711,0.8146,0.66617,0.99795,0.95055,0.0099225,0.0099225,0.0099225
284,31880.8,0.72618,1.09419,1.04704,0.89692,0.89612,0.92694,0.81409,0.66653,0.99702,0.95068,0.00992195,0.00992195,0.00992195
285,31990.9,0.72118,1.08828,1.04273,0.89912,0.8963,0.92622,0.81276,0.66663,0.99708,0.95069,0.0099214,0.0099214,0.0099214
286,32101.5,0.72043,1.09311,1.04978,0.8997,0.89632,0.92624,0.81319,0.66663,0.99632,0.95056,0.00992085,0.00992085,0.00992085
287,32210.5,0.72058,1.09484,1.05674,0.89972,0.89689,0.92602,0.81295,0.66691,0.99728,0.95078,0.00992029,0.00992029,0.00992029
288,32319.8,0.7296,1.08206,1.05609,0.89981,0.89716,0.92661,0.81383,0.66657,0.99655,0.95063,0.00991974,0.00991974,0.00991974
289,32429.3,0.72325,1.10082,1.04825,0.8976,0.8981,0.92626,0.81383,0.66684,0.99706,0.95063,0.00991918,0.00991918,0.00991918
290,32539.4,0.72525,1.07793,1.046,0.89779,0.89973,0.9269,0.81516,0.66719,0.99621,0.95078,0.00991862,0.00991862,0.00991862
291,32650.1,0.72391,1.088,1.05155,0.89783,0.90005,0.92662,0.81478,0.66635,0.99543,0.95022,0.00991805,0.00991805,0.00991805
292,32758.9,0.71867,1.07039,1.04509,0.89787,0.90048,0.92669,0.81456,0.665,0.99424,0.94893,0.00991749,0.00991749,0.00991749
293,32867.5,0.72278,1.10657,1.0628,0.89774,0.90067,0.92567,0.81312,0.6647,0.99431,0.94865,0.00991692,0.00991692,0.00991692
294,32977,0.72142,1.0715,1.05864,0.89729,0.90088,0.9264,0.81277,0.66483,0.9908,0.94838,0.00991635,0.00991635,0.00991635
295,33086.2,0.72709,1.11581,1.04797,0.89736,0.90088,0.92555,0.81206,0.6644,0.99026,0.94848,0.00991578,0.00991578,0.00991578
296,33195.1,0.71755,1.11574,1.05766,0.89738,0.90103,0.9258,0.81223,0.66413,0.98934,0.94813,0.00991521,0.00991521,0.00991521
297,33303.9,0.72475,1.06499,1.0481,0.89627,0.90124,0.92635,0.8127,0.66397,0.98943,0.9481,0.00991464,0.00991464,0.00991464
298,33411.3,0.7321,1.08934,1.05128,0.89597,0.90244,0.92576,0.81245,0.66367,0.98838,0.94792,0.00991406,0.00991406,0.00991406
299,33519.9,0.72975,1.08046,1.04336,0.89623,0.90454,0.9257,0.81285,0.66398,0.98958,0.94791,0.00991348,0.00991348,0.00991348
300,33627.7,0.71141,1.07558,1.04287,0.89628,0.90497,0.9258,0.81341,0.66418,0.98989,0.948,0.0099129,0.0099129,0.0099129
301,33736.9,0.71678,1.07672,1.04426,0.89629,0.90509,0.92572,0.81463,0.66466,0.98934,0.94819,0.00991232,0.00991232,0.00991232
302,33845.9,0.73904,1.09831,1.06432,0.89632,0.90528,0.92548,0.81571,0.66425,0.98805,0.94804,0.00991174,0.00991174,0.00991174
303,33954.5,0.71364,1.0491,1.04593,0.89637,0.90602,0.92559,0.81596,0.66445,0.98898,0.94828,0.00991115,0.00991115,0.00991115
304,34063.7,0.7202,1.08766,1.05171,0.89581,0.90634,0.9252,0.81597,0.66452,0.98797,0.9481,0.00991056,0.00991056,0.00991056
305,34172.9,0.71881,1.07594,1.0418,0.89556,0.90667,0.92573,0.81608,0.66451,0.98739,0.94817,0.00990998,0.00990998,0.00990998
306,34282.3,0.71864,1.0734,1.03971,0.89558,0.9072,0.92562,0.81578,0.66419,0.98843,0.94806,0.00990938,0.00990938,0.00990938
307,34391.7,0.70454,1.05453,1.04034,0.89528,0.90778,0.92583,0.81625,0.66355,0.98833,0.94768,0.00990879,0.00990879,0.00990879
308,34499.6,0.7251,1.0683,1.04942,0.89547,0.90769,0.92577,0.81697,0.66355,0.98713,0.94762,0.0099082,0.0099082,0.0099082
309,34606.3,0.7108,1.07169,1.04376,0.89575,0.90682,0.92595,0.81558,0.6631,0.98606,0.94747,0.0099076,0.0099076,0.0099076
310,34711.9,0.71849,1.11734,1.04132,0.89504,0.90714,0.92606,0.81663,0.66248,0.98547,0.94684,0.009907,0.009907,0.009907
311,34813.4,0.72019,1.05347,1.04891,0.89504,0.9069,0.92564,0.81542,0.66317,0.98655,0.94782,0.0099064,0.0099064,0.0099064
312,34915,0.71226,1.04084,1.04765,0.89526,0.90677,0.92604,0.81565,0.66283,0.98636,0.94751,0.0099058,0.0099058,0.0099058
313,35016.5,0.70086,1.06701,1.02962,0.89584,0.90626,0.92689,0.81663,0.66284,0.98643,0.94725,0.00990519,0.00990519,0.00990519
314,35118,0.71618,1.06378,1.05199,0.89405,0.90799,0.92682,0.81619,0.66243,0.98452,0.94702,0.00990458,0.00990458,0.00990458
315,35219.2,0.69971,1.05222,1.03903,0.89331,0.90799,0.92594,0.81478,0.66224,0.98384,0.94695,0.00990397,0.00990397,0.00990397
316,35320.4,0.71656,1.05034,1.0524,0.89386,0.90799,0.92602,0.81565,0.6628,0.98262,0.94691,0.00990336,0.00990336,0.00990336
317,35421.2,0.72419,1.04786,1.04505,0.89649,0.90684,0.92526,0.8151,0.66266,0.9812,0.94683,0.00990275,0.00990275,0.00990275
318,35522.7,0.72322,1.0725,1.05285,0.89644,0.90642,0.92606,0.81546,0.66317,0.98236,0.947,0.00990214,0.00990214,0.00990214
319,35624,0.72846,1.07961,1.05928,0.89648,0.90679,0.92619,0.81519,0.66248,0.98206,0.94671,0.00990152,0.00990152,0.00990152
320,35726,0.72164,1.0869,1.04556,0.89593,0.90799,0.92716,0.8164,0.66259,0.98215,0.94689,0.0099009,0.0099009,0.0099009
321,35828.2,0.71952,1.06343,1.0417,0.89658,0.90761,0.92565,0.8141,0.66285,0.98161,0.94685,0.00990028,0.00990028,0.00990028
322,35931.2,0.7145,1.067,1.04509,0.89652,0.90705,0.92683,0.81537,0.66229,0.98154,0.94641,0.00989966,0.00989966,0.00989966
323,36033.6,0.70526,1.02844,1.04184,0.89649,0.90696,0.92632,0.81409,0.66252,0.98238,0.94652,0.00989904,0.00989904,0.00989904
324,36135.7,0.70934,1.05522,1.04683,0.89578,0.90725,0.92622,0.81488,0.66291,0.98343,0.94651,0.00989841,0.00989841,0.00989841
325,36238.6,0.72339,1.06975,1.05031,0.89604,0.90763,0.92691,0.81425,0.66263,0.9817,0.94627,0.00989778,0.00989778,0.00989778
326,36342.1,0.70715,1.04825,1.03293,0.89624,0.9074,0.9256,0.81245,0.66304,0.98183,0.94619,0.00989715,0.00989715,0.00989715
327,36444.8,0.71358,1.03245,1.05255,0.89633,0.90717,0.9264,0.81434,0.66243,0.98148,0.94498,0.00989652,0.00989652,0.00989652
328,36547.8,0.71761,1.05599,1.04221,0.89614,0.90734,0.92684,0.81478,0.66227,0.98213,0.94483,0.00989589,0.00989589,0.00989589
329,36651.5,0.7106,1.0447,1.03478,0.89588,0.90737,0.92687,0.81467,0.662,0.98189,0.9446,0.00989525,0.00989525,0.00989525
330,36754.4,0.70378,1.05341,1.03363,0.89536,0.90779,0.92624,0.81492,0.66156,0.98077,0.94405,0.00989461,0.00989461,0.00989461
331,36858,0.71178,1.05272,1.04597,0.89473,0.90799,0.92694,0.81508,0.66063,0.98097,0.94353,0.00989398,0.00989398,0.00989398
332,36961.3,0.69622,1.02274,1.0367,0.89462,0.90799,0.92643,0.81529,0.66061,0.98177,0.9435,0.00989333,0.00989333,0.00989333
333,37063.5,0.71855,1.05476,1.05072,0.89626,0.90702,0.92632,0.81287,0.66062,0.98002,0.94335,0.00989269,0.00989269,0.00989269
334,37165.1,0.71155,1.00471,1.04516,0.89652,0.90723,0.92677,0.81437,0.66089,0.98349,0.9434,0.00989205,0.00989205,0.00989205
335,37267.6,0.71371,1.0401,1.03466,0.89654,0.9073,0.92681,0.81324,0.66103,0.9806,0.94379,0.0098914,0.0098914,0.0098914
336,37370.3,0.70834,1.03837,1.02844,0.89611,0.90799,0.92707,0.81527,0.66102,0.98232,0.94351,0.00989075,0.00989075,0.00989075
337,37473.1,0.7016,1.05453,1.0389,0.89509,0.90799,0.92718,0.81503,0.66144,0.98208,0.94373,0.0098901,0.0098901,0.0098901
338,37575.5,0.70037,1.04492,1.03458,0.89656,0.90745,0.92637,0.81339,0.66156,0.98313,0.94377,0.00988945,0.00988945,0.00988945
339,37678.9,0.70716,1.04166,1.03061,0.89413,0.90834,0.92748,0.814,0.66254,0.98242,0.94391,0.00988879,0.00988879,0.00988879
340,37781.6,0.71444,1.04593,1.04131,0.89451,0.90761,0.92684,0.81351,0.66259,0.98247,0.94393,0.00988814,0.00988814,0.00988814
341,37884.4,0.70599,1.03305,1.04047,0.89445,0.90698,0.92671,0.81349,0.66269,0.98275,0.94406,0.00988748,0.00988748,0.00988748
342,37987.4,0.70931,1.04927,1.04078,0.89421,0.90485,0.92673,0.81354,0.66232,0.98452,0.94378,0.00988682,0.00988682,0.00988682
343,38089.8,0.70128,1.06401,1.03449,0.89462,0.90289,0.92766,0.81237,0.66302,0.98543,0.94418,0.00988615,0.00988615,0.00988615
344,38193.3,0.70868,1.0452,1.02881,0.89501,0.90236,0.92762,0.81314,0.66338,0.9862,0.94434,0.00988549,0.00988549,0.00988549
345,38296.7,0.71804,1.05442,1.04918,0.89528,0.90239,0.92695,0.81182,0.66372,0.98703,0.94452,0.00988482,0.00988482,0.00988482
346,38400.2,0.70669,1.05554,1.04145,0.89518,0.90268,0.92571,0.81071,0.66463,0.98763,0.94475,0.00988416,0.00988416,0.00988416
347,38502.4,0.71334,1.03729,1.04561,0.89556,0.90218,0.92597,0.81169,0.66503,0.98931,0.94504,0.00988349,0.00988349,0.00988349
348,38605.6,0.70208,1.02284,1.03841,0.88227,0.91585,0.92579,0.81219,0.66496,0.99009,0.94523,0.00988281,0.00988281,0.00988281
349,38709,0.7052,1.0689,1.03731,0.88221,0.91613,0.92606,0.8125,0.66503,0.9892,0.94529,0.00988214,0.00988214,0.00988214
350,38811.2,0.71117,1.04716,1.03781,0.88262,0.91375,0.92616,0.81264,0.66506,0.98754,0.94514,0.00988147,0.00988147,0.00988147
351,38914.1,0.71881,1.03324,1.04863,0.8825,0.91391,0.92672,0.81214,0.66492,0.98657,0.94535,0.00988079,0.00988079,0.00988079
352,39016.8,0.70549,1.03041,1.03628,0.88216,0.91747,0.92535,0.8121,0.66493,0.98795,0.94558,0.00988011,0.00988011,0.00988011
353,39119.1,0.70395,1.04715,1.03809,0.88222,0.91641,0.92582,0.81241,0.66364,0.98753,0.94526,0.00987943,0.00987943,0.00987943
354,39221.1,0.70278,1.01931,1.04193,0.88218,0.9167,0.92669,0.8143,0.66343,0.98608,0.94503,0.00987874,0.00987874,0.00987874
355,39323.4,0.71943,1.06338,1.04727,0.88204,0.91578,0.92676,0.8153,0.66395,0.98865,0.94522,0.00987806,0.00987806,0.00987806
356,39427.9,0.71449,1.07241,1.0429,0.88171,0.91522,0.92673,0.81283,0.66345,0.99064,0.94517,0.00987737,0.00987737,0.00987737
357,39532,0.72106,1.02924,1.04668,0.88138,0.91047,0.92652,0.81361,0.66345,0.99072,0.94511,0.00987668,0.00987668,0.00987668
358,39636.2,0.71954,1.03641,1.0419,0.8805,0.90977,0.92607,0.81359,0.66306,0.99015,0.94503,0.00987599,0.00987599,0.00987599
359,39740.4,0.7148,1.08131,1.03215,0.88032,0.9099,0.92624,0.81359,0.66292,0.99005,0.94479,0.0098753,0.0098753,0.0098753
360,39845,0.68924,1.0336,1.03779,0.88021,0.90968,0.92552,0.81319,0.66234,0.9877,0.94446,0.0098746,0.0098746,0.0098746
361,39948.7,0.69312,1.02963,1.02437,0.88001,0.90966,0.92539,0.81287,0.66292,0.98767,0.94457,0.00987391,0.00987391,0.00987391
362,40052,0.71773,1.08486,1.05596,0.87993,0.90979,0.92554,0.81208,0.66222,0.98637,0.94413,0.00987321,0.00987321,0.00987321
363,40154.7,0.70088,1.03236,1.03238,0.87952,0.90996,0.92499,0.81378,0.66129,0.98631,0.94357,0.00987251,0.00987251,0.00987251
364,40258.6,0.7129,1.05072,1.04717,0.87918,0.91031,0.92409,0.81206,0.66007,0.98426,0.94304,0.00987181,0.00987181,0.00987181
365,40361.1,0.7235,1.048,1.04475,0.87856,0.91174,0.92397,0.8114,0.65962,0.98241,0.94248,0.0098711,0.0098711,0.0098711
366,40464.9,0.68702,0.95937,1.01745,0.8782,0.91853,0.92399,0.81167,0.65908,0.98155,0.9422,0.0098704,0.0098704,0.0098704
367,40569,0.71012,1.05537,1.04097,0.87713,0.91853,0.92396,0.81243,0.65872,0.98179,0.94216,0.00986969,0.00986969,0.00986969
368,40672.8,0.71327,1.0812,1.05363,0.87683,0.91804,0.92393,0.81296,0.6588,0.98146,0.94207,0.00986898,0.00986898,0.00986898
369,40776.2,0.69351,1.12705,1.02722,0.88036,0.91132,0.92426,0.81081,0.65843,0.98264,0.94202,0.00986827,0.00986827,0.00986827
370,40879.8,0.71198,1.06589,1.03955,0.88055,0.91176,0.92352,0.8117,0.65883,0.98235,0.942,0.00986755,0.00986755,0.00986755
371,40983.4,0.71398,1.04391,1.04556,0.88054,0.91191,0.9248,0.81196,0.65915,0.98425,0.94213,0.00986684,0.00986684,0.00986684
372,41087.2,0.70589,1.03851,1.04279,0.88052,0.91194,0.92505,0.81371,0.65903,0.98305,0.94194,0.00986612,0.00986612,0.00986612
373,41191.5,0.70307,1.02258,1.03975,0.88047,0.91658,0.92534,0.8135,0.65911,0.98264,0.94201,0.0098654,0.0098654,0.0098654
374,41295.3,0.7053,1.03914,1.03575,0.87792,0.91816,0.9255,0.81506,0.65894,0.98177,0.94204,0.00986468,0.00986468,0.00986468
375,41398.7,0.70909,0.98504,1.03209,0.87784,0.91853,0.92503,0.81352,0.65919,0.9815,0.94216,0.00986396,0.00986396,0.00986396
376,41502.7,0.71968,1.06856,1.04882,0.87817,0.91853,0.92577,0.81386,0.65956,0.98324,0.9423,0.00986323,0.00986323,0.00986323
377,41606.3,0.71082,1.01876,1.04155,0.87806,0.91824,0.92534,0.81429,0.65927,0.98283,0.94214,0.0098625,0.0098625,0.0098625
378,41710.7,0.70913,1.01809,1.04054,0.87686,0.91853,0.92549,0.81402,0.65917,0.98284,0.94209,0.00986178,0.00986178,0.00986178
379,41815,0.72079,1.03443,1.04446,0.87898,0.91829,0.92635,0.81441,0.65871,0.98264,0.94197,0.00986104,0.00986104,0.00986104
380,41918.4,0.70297,1.0259,1.03126,0.87854,0.91853,0.92652,0.81375,0.65905,0.9844,0.94189,0.00986031,0.00986031,0.00986031
381,42021.2,0.7039,1.03225,1.03755,0.87784,0.91853,0.92508,0.81188,0.65895,0.98637,0.94177,0.00985958,0.00985958,0.00985958
382,42125.2,0.7096,1.04002,1.0393,0.87787,0.91853,0.92555,0.81256,0.65845,0.98558,0.94136,0.00985884,0.00985884,0.00985884
383,42229.1,0.70523,1.02099,1.03076,0.87807,0.91853,0.92693,0.81435,0.65821,0.98473,0.94119,0.0098581,0.0098581,0.0098581
384,42333.6,0.68946,0.99604,1.03633,0.87776,0.91853,0.92628,0.81381,0.65829,0.98598,0.94121,0.00985736,0.00985736,0.00985736
385,42437.3,0.69015,1.01384,1.02696,0.87712,0.91853,0.92735,0.81381,0.6582,0.98679,0.94104,0.00985662,0.00985662,0.00985662
386,42540.1,0.70354,1.02493,1.03136,0.87698,0.91989,0.92631,0.81299,0.65896,0.98607,0.94129,0.00985588,0.00985588,0.00985588
387,42643.6,0.70047,1.02543,1.03132,0.87735,0.92113,0.92622,0.81263,0.65907,0.98745,0.94123,0.00985513,0.00985513,0.00985513
388,42747.4,0.70861,1.02412,1.0326,0.87661,0.92113,0.92682,0.81442,0.65889,0.98642,0.9412,0.00985438,0.00985438,0.00985438
389,42850.1,0.70869,1.04067,1.03554,0.87611,0.92113,0.92694,0.8141,0.6587,0.98641,0.94071,0.00985363,0.00985363,0.00985363
390,42953.1,0.71355,1.03105,1.04162,0.87568,0.92113,0.92707,0.8152,0.65891,0.98463,0.94088,0.00985288,0.00985288,0.00985288
391,43056.1,0.69837,1.01087,1.03448,0.87529,0.92113,0.92724,0.81586,0.65893,0.98579,0.94097,0.00985213,0.00985213,0.00985213
392,43159.5,0.70993,1.00063,1.03718,0.87561,0.92113,0.92785,0.81755,0.65882,0.9846,0.94109,0.00985137,0.00985137,0.00985137
393,43264.1,0.69291,0.9988,1.03955,0.87643,0.92113,0.92682,0.81404,0.6589,0.98464,0.94117,0.00985061,0.00985061,0.00985061
394,43367.6,0.71353,1.0453,1.04017,0.87667,0.92113,0.92686,0.81656,0.65865,0.98385,0.94101,0.00984985,0.00984985,0.00984985
395,43471.1,0.68848,1.0005,1.02964,0.8766,0.92113,0.92676,0.81551,0.65799,0.98288,0.94062,0.00984909,0.00984909,0.00984909
396,43575,0.704,1.02918,1.03979,0.87635,0.92113,0.92728,0.81754,0.6581,0.98352,0.94051,0.00984833,0.00984833,0.00984833
397,43678.6,0.69471,1.00432,1.02637,0.87617,0.92113,0.92764,0.81804,0.658,0.98378,0.94072,0.00984757,0.00984757,0.00984757
398,43782.2,0.6946,1.00302,1.03112,0.87611,0.92113,0.92785,0.81702,0.65799,0.98318,0.94064,0.0098468,0.0098468,0.0098468
399,43885.8,0.71861,1.04741,1.05119,0.87623,0.92113,0.92732,0.81574,0.65828,0.98337,0.94074,0.00984603,0.00984603,0.00984603
400,43989.2,0.70072,0.99213,1.03227,0.87625,0.92113,0.92674,0.81529,0.65806,0.9827,0.94069,0.00984526,0.00984526,0.00984526
401,44094.1,0.71877,1.02767,1.03915,0.87663,0.92113,0.92784,0.81706,0.65819,0.98335,0.9408,0.00984449,0.00984449,0.00984449
402,44198.7,0.70859,0.99119,1.04136,0.87591,0.92113,0.92767,0.81749,0.65785,0.98298,0.94052,0.00984371,0.00984371,0.00984371
403,44303.1,0.71775,1.04439,1.041,0.87596,0.92113,0.92751,0.81651,0.65786,0.98231,0.94038,0.00984294,0.00984294,0.00984294
404,44407,0.70689,1.00706,1.0326,0.87564,0.92113,0.9274,0.81685,0.65801,0.98311,0.94022,0.00984216,0.00984216,0.00984216
405,44509.7,0.70389,1.01645,1.03192,0.87686,0.92113,0.92758,0.81699,0.65796,0.98226,0.94016,0.00984138,0.00984138,0.00984138
406,44613.9,0.70822,1.0397,1.03591,0.8778,0.92113,0.92768,0.81744,0.65807,0.98087,0.9401,0.0098406,0.0098406,0.0098406
407,44716.8,0.68906,1.01149,1.02421,0.8767,0.92113,0.92796,0.81765,0.65842,0.98247,0.94021,0.00983981,0.00983981,0.00983981
408,44820,0.70076,1.00182,1.02401,0.87667,0.92113,0.92764,0.81781,0.65808,0.98208,0.93998,0.00983903,0.00983903,0.00983903
409,44923.5,0.69484,1.01945,1.02692,0.87665,0.92113,0.92799,0.81731,0.65778,0.98137,0.93977,0.00983824,0.00983824,0.00983824
410,45028.1,0.70818,0.99246,1.02832,0.87598,0.92113,0.92773,0.81709,0.65834,0.98463,0.94,0.00983745,0.00983745,0.00983745
411,45130.8,0.7288,1.03351,1.04592,0.87648,0.92113,0.92863,0.8191,0.65786,0.98474,0.93985,0.00983666,0.00983666,0.00983666
412,45234.4,0.70306,1.03984,1.03297,0.87613,0.92113,0.92722,0.8183,0.65764,0.98584,0.93957,0.00983586,0.00983586,0.00983586
413,45336.8,0.69516,1.02341,1.02384,0.87602,0.92113,0.92842,0.81919,0.65766,0.98618,0.93925,0.00983507,0.00983507,0.00983507
414,45438.8,0.70492,1.00743,1.03796,0.87644,0.92113,0.92869,0.81962,0.65717,0.98506,0.93917,0.00983427,0.00983427,0.00983427
415,45541.9,0.6941,0.99486,1.02568,0.87656,0.92113,0.92715,0.82041,0.65702,0.9839,0.93881,0.00983347,0.00983347,0.00983347
416,45644.5,0.70033,1.0206,1.0321,0.87677,0.92113,0.92807,0.82033,0.65663,0.98564,0.9385,0.00983267,0.00983267,0.00983267
417,45748.5,0.69807,0.99703,1.02898,0.87675,0.92113,0.9275,0.82088,0.65645,0.9872,0.93849,0.00983187,0.00983187,0.00983187
418,45850.7,0.70317,0.99812,1.02574,0.87628,0.92113,0.9281,0.82084,0.65668,0.98797,0.93845,0.00983106,0.00983106,0.00983106
419,45953.9,0.71315,1.01855,1.035,0.8763,0.92113,0.92809,0.82011,0.65694,0.98804,0.93839,0.00983026,0.00983026,0.00983026
420,46056.3,0.6896,1.01784,1.03141,0.87644,0.92113,0.92834,0.82149,0.65683,0.98743,0.93855,0.00982945,0.00982945,0.00982945
421,46159.7,0.70597,0.99778,1.04345,0.87722,0.92113,0.92886,0.82104,0.65647,0.9876,0.93822,0.00982864,0.00982864,0.00982864
422,46263.5,0.70694,1.01358,1.02713,0.87708,0.92113,0.92883,0.82137,0.65642,0.98834,0.93808,0.00982783,0.00982783,0.00982783
423,46366.4,0.70376,1.01754,1.03061,0.87698,0.92113,0.92999,0.82247,0.65675,0.98986,0.9382,0.00982701,0.00982701,0.00982701
424,46470.2,0.69808,1.0335,1.03336,0.87703,0.92113,0.92994,0.82215,0.65647,0.98923,0.93801,0.0098262,0.0098262,0.0098262
425,46572.5,0.70538,1.0062,1.04417,0.87754,0.92113,0.93065,0.82372,0.65632,0.98866,0.93803,0.00982538,0.00982538,0.00982538
426,46676.4,0.69283,1.011,1.04095,0.87761,0.92113,0.92991,0.8221,0.65584,0.98885,0.93784,0.00982456,0.00982456,0.00982456
427,46780.3,0.70331,0.99338,1.03135,0.87737,0.92113,0.9297,0.82349,0.65587,0.98903,0.93784,0.00982374,0.00982374,0.00982374
428,46883.8,0.68919,0.98038,1.02992,0.87496,0.92113,0.92936,0.82351,0.65585,0.98824,0.93773,0.00982291,0.00982291,0.00982291
429,46986.5,0.70089,1.0346,1.03365,0.8766,0.92113,0.92955,0.82302,0.65565,0.98908,0.93775,0.00982209,0.00982209,0.00982209
430,47090.1,0.69107,1.01206,1.03457,0.87685,0.92113,0.92958,0.82309,0.65566,0.98947,0.9377,0.00982126,0.00982126,0.00982126
431,47192,0.69276,1.0065,1.03108,0.87733,0.92113,0.9296,0.82376,0.65572,0.98852,0.93782,0.00982043,0.00982043,0.00982043
432,47295.3,0.68988,1.02649,1.03175,0.8768,0.92113,0.92965,0.82128,0.65588,0.99008,0.93783,0.0098196,0.0098196,0.0098196
433,47399.9,0.69195,1.01256,1.02984,0.87755,0.92113,0.93008,0.82368,0.65596,0.99162,0.93806,0.00981877,0.00981877,0.00981877
434,47504.3,0.69729,0.98284,1.0268,0.87663,0.92113,0.92986,0.82181,0.65625,0.9925,0.93825,0.00981793,0.00981793,0.00981793
435,47609,0.70026,1.01324,1.03315,0.87633,0.92113,0.92918,0.82116,0.65581,0.99162,0.93795,0.0098171,0.0098171,0.0098171
436,47713.5,0.68725,0.99427,1.03153,0.87674,0.92113,0.9286,0.82343,0.65571,0.99107,0.93771,0.00981626,0.00981626,0.00981626
437,47816.9,0.69173,0.97743,1.03184,0.87715,0.92113,0.92969,0.82353,0.65551,0.99057,0.93777,0.00981542,0.00981542,0.00981542
438,47920.2,0.68483,0.98149,1.02111,0.87689,0.92113,0.92964,0.82415,0.65607,0.98983,0.93793,0.00981458,0.00981458,0.00981458
439,48023.8,0.70574,1.01324,1.0274,0.87687,0.92113,0.92897,0.82326,0.65613,0.98942,0.93793,0.00981373,0.00981373,0.00981373
440,48127.1,0.71526,1.03539,1.04377,0.87735,0.92113,0.92978,0.82495,0.65629,0.99022,0.93818,0.00981288,0.00981288,0.00981288
441,48231.5,0.68124,0.97819,1.01423,0.87729,0.92113,0.92882,0.82159,0.65666,0.9916,0.93835,0.00981204,0.00981204,0.00981204
442,48335.3,0.69357,0.96603,1.02237,0.87768,0.92113,0.92937,0.82288,0.65672,0.99067,0.9383,0.00981119,0.00981119,0.00981119
443,48440,0.69105,0.99328,1.02696,0.8785,0.92113,0.92866,0.82196,0.657,0.98982,0.93835,0.00981034,0.00981034,0.00981034
444,48544.6,0.70587,0.98149,1.0309,0.8785,0.92113,0.92885,0.8215,0.65709,0.98698,0.93819,0.00980948,0.00980948,0.00980948
445,48648.9,0.69833,0.97603,1.02769,0.87841,0.92113,0.93021,0.82445,0.65686,0.98587,0.93838,0.00980863,0.00980863,0.00980863
446,48753.2,0.69696,0.98681,1.02764,0.87814,0.92113,0.92897,0.8235,0.65701,0.98539,0.93872,0.00980777,0.00980777,0.00980777
447,48856.9,0.71304,1.01225,1.03775,0.87825,0.92113,0.9293,0.82383,0.65801,0.98493,0.93958,0.00980691,0.00980691,0.00980691
448,48961,0.70366,1.01902,1.03043,0.87788,0.92113,0.9291,0.82357,0.65845,0.98339,0.93986,0.00980605,0.00980605,0.00980605
449,49065.5,0.6941,1.00045,1.037,0.87716,0.92113,0.92937,0.82426,0.65839,0.98336,0.93978,0.00980519,0.00980519,0.00980519
450,49169.7,0.68719,1.00735,1.0235,0.87675,0.92113,0.9294,0.82373,0.65792,0.98371,0.93973,0.00980432,0.00980432,0.00980432
451,49274.3,0.68813,0.97739,1.03037,0.87675,0.92113,0.93016,0.82449,0.65765,0.98302,0.9396,0.00980345,0.00980345,0.00980345
452,49377.3,0.69279,0.9955,1.024,0.87662,0.92113,0.93002,0.82416,0.65784,0.98252,0.93973,0.00980259,0.00980259,0.00980259
453,49480.9,0.69376,0.9968,1.02541,0.87659,0.92113,0.93032,0.82567,0.65772,0.98131,0.93956,0.00980171,0.00980171,0.00980171
454,49584.8,0.68984,1.00976,1.01751,0.8769,0.92113,0.92977,0.8236,0.65736,0.98105,0.93935,0.00980084,0.00980084,0.00980084
455,49689.3,0.70267,0.97797,1.03357,0.87643,0.92113,0.92971,0.82404,0.65728,0.98184,0.9392,0.00979997,0.00979997,0.00979997
456,49793.6,0.68329,0.98083,1.01739,0.87605,0.92113,0.93001,0.82448,0.65693,0.98007,0.9389,0.00979909,0.00979909,0.00979909
457,49897.9,0.68401,0.96181,1.02403,0.87553,0.92113,0.92981,0.82384,0.65649,0.97932,0.93852,0.00979821,0.00979821,0.00979821
458,50001.7,0.66747,0.96054,1.006,0.87582,0.92113,0.92965,0.82389,0.6563,0.98048,0.93841,0.00979733,0.00979733,0.00979733
459,50105.2,0.69699,1.00183,1.02738,0.87583,0.92113,0.93003,0.82376,0.6561,0.98036,0.93827,0.00979645,0.00979645,0.00979645
460,50208.3,0.68968,1.00801,1.02097,0.87554,0.92113,0.93042,0.82453,0.65582,0.98149,0.9381,0.00979557,0.00979557,0.00979557
461,50312,0.69858,0.97652,1.03429,0.87563,0.92113,0.93036,0.82366,0.65534,0.98151,0.93775,0.00979468,0.00979468,0.00979468
462,50415,0.69158,1.00169,1.01916,0.87641,0.92113,0.93002,0.82483,0.65565,0.98243,0.93773,0.0097938,0.0097938,0.0097938
463,50519.8,0.68132,0.96757,1.01563,0.87743,0.91936,0.92953,0.8238,0.65579,0.98225,0.93756,0.00979291,0.00979291,0.00979291
464,50624,0.68807,0.98741,1.02874,0.87827,0.91816,0.92976,0.82384,0.6556,0.98257,0.93722,0.00979202,0.00979202,0.00979202
465,50727.8,0.69788,1.02443,1.03064,0.8784,0.91755,0.92923,0.82362,0.65547,0.98443,0.937,0.00979112,0.00979112,0.00979112
466,50831.8,0.68513,1.00101,1.02688,0.8786,0.91755,0.93003,0.82505,0.65546,0.98436,0.93675,0.00979023,0.00979023,0.00979023
467,50933,0.68558,1.01887,1.01933,0.87961,0.91748,0.92963,0.82518,0.65478,0.98602,0.93606,0.00978933,0.00978933,0.00978933
468,51036.6,0.69671,1.01248,1.02165,0.87999,0.91759,0.93012,0.82582,0.65486,0.98488,0.93586,0.00978843,0.00978843,0.00978843
469,51134.3,0.68368,1.00941,1.0157,0.87995,0.91697,0.93041,0.82557,0.65481,0.98484,0.9358,0.00978753,0.00978753,0.00978753
470,51232.5,0.68647,0.98152,1.02418,0.88126,0.91406,0.93085,0.82563,0.65496,0.98512,0.93584,0.00978663,0.00978663,0.00978663
471,51330.3,0.6986,0.99476,1.02618,0.88153,0.91419,0.93062,0.82791,0.65532,0.98335,0.9359,0.00978572,0.00978572,0.00978572
472,51428,0.68035,1.00106,1.01833,0.88258,0.91406,0.93017,0.82783,0.65518,0.98224,0.93601,0.00978482,0.00978482,0.00978482
473,51525.7,0.68076,0.94728,1.01624,0.88295,0.91406,0.9305,0.82903,0.65512,0.98048,0.93616,0.00978391,0.00978391,0.00978391
474,51623.5,0.69932,0.98245,1.02678,0.88361,0.91409,0.93046,0.82812,0.65547,0.98307,0.93628,0.009783,0.009783,0.009783
475,51721,0.67806,0.96033,1.01386,0.88352,0.91343,0.93039,0.82842,0.6552,0.98323,0.93632,0.00978209,0.00978209,0.00978209
476,51818.9,0.68408,0.97136,1.00894,0.88349,0.91326,0.93054,0.82868,0.65477,0.98332,0.93614,0.00978118,0.00978118,0.00978118
477,51917,0.70831,1.00525,1.02578,0.88347,0.91327,0.93015,0.82801,0.65452,0.98439,0.93604,0.00978026,0.00978026,0.00978026
478,52014.8,0.68897,1.00009,1.02128,0.88342,0.91298,0.92952,0.82666,0.65472,0.98493,0.93605,0.00977934,0.00977934,0.00977934
479,52112.6,0.68467,0.98847,1.02348,0.88335,0.91241,0.92966,0.82773,0.65408,0.98442,0.93549,0.00977842,0.00977842,0.00977842
480,52210,0.68467,0.98884,1.02206,0.88352,0.91209,0.92959,0.82756,0.65414,0.98591,0.93563,0.0097775,0.0097775,0.0097775
481,52308.6,0.68567,0.97163,1.03068,0.88338,0.91217,0.92955,0.8275,0.65448,0.98596,0.93572,0.00977658,0.00977658,0.00977658
482,52406.4,0.66345,0.95168,1.00206,0.8833,0.91233,0.93037,0.82776,0.65455,0.98783,0.9355,0.00977565,0.00977565,0.00977565
483,52505.1,0.69208,0.99125,1.02217,0.88465,0.91193,0.93002,0.8278,0.65452,0.98807,0.93562,0.00977473,0.00977473,0.00977473
484,52603.1,0.70474,1.01284,1.03465,0.88522,0.91176,0.92948,0.82715,0.65419,0.98639,0.93523,0.0097738,0.0097738,0.0097738
485,52700.5,0.67934,0.93436,1.0219,0.88533,0.91166,0.92966,0.82814,0.65382,0.98637,0.93502,0.00977287,0.00977287,0.00977287
486,52797.5,0.69044,0.9905,1.02594,0.88559,0.91176,0.9298,0.82722,0.65349,0.98707,0.93475,0.00977194,0.00977194,0.00977194
487,52893.6,0.7001,0.96964,1.02193,0.88612,0.91166,0.92909,0.82694,0.65321,0.98695,0.93466,0.009771,0.009771,0.009771
488,52991.2,0.69864,1.02231,1.02667,0.88613,0.91184,0.92925,0.82453,0.65289,0.98635,0.93439,0.00977007,0.00977007,0.00977007
489,53088.8,0.68796,0.95078,1.0281,0.88631,0.9117,0.92926,0.82475,0.65354,0.98887,0.93504,0.00976913,0.00976913,0.00976913
490,53186.1,0.6956,0.97373,1.02289,0.88639,0.91197,0.92969,0.82462,0.65346,0.98725,0.93495,0.00976819,0.00976819,0.00976819
491,53284.4,0.68645,0.98373,1.02399,0.88667,0.91212,0.93045,0.8262,0.65362,0.98817,0.93491,0.00976725,0.00976725,0.00976725
492,53382.8,0.69003,0.99623,1.02622,0.88682,0.91232,0.92982,0.82496,0.65333,0.98553,0.93476,0.0097663,0.0097663,0.0097663
493,53480.7,0.68618,0.95357,1.02039,0.88741,0.91249,0.92975,0.82671,0.65353,0.9844,0.9349,0.00976536,0.00976536,0.00976536
494,53579.2,0.69937,0.99475,1.0308,0.88762,0.91245,0.92971,0.82716,0.65357,0.98423,0.93483,0.00976441,0.00976441,0.00976441
495,53675.2,0.68092,0.9705,1.01959,0.88788,0.91247,0.92973,0.82676,0.653,0.98611,0.93459,0.00976346,0.00976346,0.00976346
496,53771.8,0.6862,0.97363,1.02108,0.88804,0.91249,0.92873,0.82691,0.65255,0.9854,0.93428,0.00976251,0.00976251,0.00976251
497,53863.9,0.67111,0.95808,1.01533,0.88819,0.9125,0.92926,0.82682,0.65267,0.98657,0.93437,0.00976156,0.00976156,0.00976156
498,53956.5,0.70305,0.97909,1.03733,0.88827,0.91248,0.92921,0.82669,0.65198,0.98601,0.93397,0.0097606,0.0097606,0.0097606
499,54048.8,0.67899,0.97336,1.02092,0.88824,0.91255,0.92899,0.82674,0.65232,0.98571,0.93449,0.00975965,0.00975965,0.00975965
500,54142.7,0.71143,0.9717,1.03933,0.88831,0.91265,0.92946,0.82819,0.65182,0.98661,0.93431,0.00975869,0.00975869,0.00975869
501,54235.2,0.7014,0.96076,1.03367,0.88833,0.91265,0.92918,0.8275,0.65218,0.98665,0.93427,0.00975773,0.00975773,0.00975773
502,54328.2,0.69896,0.985,1.02663,0.88834,0.91245,0.92815,0.82709,0.65203,0.98874,0.93422,0.00975677,0.00975677,0.00975677
503,54420.2,0.69109,0.99528,1.02576,0.88829,0.91215,0.9282,0.82725,0.65234,0.98954,0.93446,0.0097558,0.0097558,0.0097558
504,54512.7,0.67087,0.92801,1.0129,0.8883,0.91199,0.92846,0.82724,0.65183,0.98837,0.93409,0.00975484,0.00975484,0.00975484
505,54605.1,0.70325,0.99595,1.0368,0.88834,0.9118,0.92713,0.82541,0.65174,0.98911,0.93393,0.00975387,0.00975387,0.00975387
506,54698,0.68252,0.94857,1.02226,0.87974,0.92267,0.92855,0.8274,0.65128,0.98874,0.93354,0.0097529,0.0097529,0.0097529
507,54790.1,0.68075,0.96645,1.01222,0.8796,0.92255,0.92818,0.82708,0.65161,0.9908,0.93352,0.00975193,0.00975193,0.00975193
508,54882.1,0.67773,0.95183,1.02015,0.87964,0.9226,0.92862,0.82731,0.6513,0.9912,0.93333,0.00975096,0.00975096,0.00975096
509,54974.2,0.69174,0.95464,1.02725,0.88019,0.92217,0.92792,0.82707,0.6511,0.99132,0.93308,0.00974998,0.00974998,0.00974998
510,55066.1,0.68464,0.95074,1.01767,0.88228,0.92074,0.92798,0.82725,0.65134,0.98956,0.93306,0.009749,0.009749,0.009749
511,55158.5,0.6936,0.99967,1.03464,0.8823,0.92079,0.92883,0.82908,0.65054,0.98942,0.9324,0.00974803,0.00974803,0.00974803
512,55250.7,0.69536,0.99471,1.02798,0.88217,0.91985,0.92705,0.82712,0.65034,0.98769,0.93231,0.00974705,0.00974705,0.00974705
513,55343.2,0.69649,0.99117,1.02734,0.88214,0.91965,0.92865,0.82936,0.65012,0.98628,0.93218,0.00974606,0.00974606,0.00974606
514,55437.2,0.69563,0.94931,1.02169,0.88229,0.92102,0.92778,0.82823,0.64949,0.98546,0.93171,0.00974508,0.00974508,0.00974508
515,55530.5,0.68836,0.98702,1.02767,0.8821,0.91899,0.92826,0.82979,0.64926,0.98504,0.93142,0.00974409,0.00974409,0.00974409
516,55623.8,0.68399,0.96621,1.02282,0.88246,0.91854,0.92834,0.82984,0.64842,0.98355,0.93093,0.0097431,0.0097431,0.0097431
517,55716.6,0.68066,0.97483,1.01844,0.88265,0.91857,0.92845,0.82989,0.64827,0.98237,0.93083,0.00974211,0.00974211,0.00974211
518,55809.5,0.66914,0.96504,1.02085,0.8827,0.91879,0.92876,0.82908,0.64771,0.98018,0.93063,0.00974112,0.00974112,0.00974112
519,55902.5,0.67772,0.96452,1.01757,0.88276,0.91931,0.92819,0.82837,0.64812,0.97932,0.93082,0.00974013,0.00974013,0.00974013
520,55995.8,0.68139,0.96765,1.02167,0.88291,0.9197,0.9287,0.82996,0.64805,0.97816,0.93073,0.00973913,0.00973913,0.00973913
521,56088.8,0.70143,1.00848,1.0282,0.88283,0.92001,0.92805,0.8289,0.64848,0.97939,0.93086,0.00973814,0.00973814,0.00973814
522,56180.3,0.6891,0.98743,1.01981,0.88337,0.91824,0.9284,0.82884,0.64821,0.97834,0.9306,0.00973714,0.00973714,0.00973714
523,56271.8,0.69644,0.99328,1.02787,0.88336,0.91781,0.92817,0.82771,0.6478,0.97486,0.93033,0.00973614,0.00973614,0.00973614
524,56363.5,0.68473,0.97327,1.01976,0.88382,0.91674,0.92798,0.82773,0.6477,0.97418,0.93029,0.00973513,0.00973513,0.00973513
525,56453.9,0.69514,0.98596,1.02942,0.88388,0.91675,0.92758,0.82752,0.6477,0.9741,0.93022,0.00973413,0.00973413,0.00973413
526,56545.9,0.70699,0.96442,1.03834,0.88371,0.91746,0.92811,0.82793,0.64738,0.97371,0.93008,0.00973312,0.00973312,0.00973312
527,56637.4,0.68352,0.99507,1.02216,0.88395,0.9178,0.92746,0.82684,0.64707,0.97343,0.92996,0.00973211,0.00973211,0.00973211
528,56728.8,0.6801,0.97257,1.01956,0.8832,0.91859,0.92701,0.82669,0.64727,0.97374,0.92993,0.0097311,0.0097311,0.0097311
529,56819.7,0.69035,0.9711,1.01435,0.88422,0.92046,0.92699,0.82733,0.64705,0.97495,0.92987,0.00973009,0.00973009,0.00973009
530,56911.1,0.69015,0.98467,1.02355,0.88444,0.92256,0.92789,0.82929,0.64689,0.97633,0.92985,0.00972908,0.00972908,0.00972908
531,57002.6,0.67096,0.94043,1.00661,0.88361,0.92374,0.92764,0.83083,0.64657,0.97626,0.92988,0.00972806,0.00972806,0.00972806
532,57095.1,0.67205,0.95747,1.02467,0.88281,0.92374,0.92778,0.82978,0.64634,0.97764,0.92999,0.00972704,0.00972704,0.00972704
533,57187.8,0.69246,0.99882,1.03137,0.88174,0.92374,0.92689,0.82826,0.64627,0.97606,0.92995,0.00972603,0.00972603,0.00972603
534,57280.3,0.68119,0.93935,1.01017,0.88105,0.92374,0.9283,0.82979,0.64625,0.97414,0.92994,0.009725,0.009725,0.009725
535,57372.7,0.68215,0.9699,1.01188,0.8808,0.92374,0.9268,0.82917,0.64714,0.97728,0.93035,0.00972398,0.00972398,0.00972398
536,57464.8,0.68761,1.00426,1.01952,0.88132,0.92374,0.92743,0.82821,0.64723,0.97803,0.93044,0.00972296,0.00972296,0.00972296
537,57556.8,0.68863,0.96916,1.02129,0.8824,0.92316,0.92785,0.82923,0.64774,0.97886,0.9308,0.00972193,0.00972193,0.00972193
538,57649.1,0.68902,0.9437,1.02189,0.88277,0.92183,0.92655,0.82707,0.64818,0.979,0.93082,0.0097209,0.0097209,0.0097209
539,57741,0.67951,0.98412,1.00998,0.88291,0.92175,0.92662,0.82782,0.64825,0.98105,0.9307,0.00971987,0.00971987,0.00971987
540,57833.1,0.68494,0.98504,1.01908,0.8833,0.92136,0.92693,0.82878,0.64894,0.97989,0.93099,0.00971884,0.00971884,0.00971884
541,57925.1,0.6859,0.94768,1.01873,0.88327,0.92167,0.92744,0.82953,0.64894,0.97685,0.93084,0.0097178,0.0097178,0.0097178
542,58016.4,0.69411,0.98028,1.02582,0.88317,0.92249,0.92751,0.82894,0.64954,0.97539,0.93101,0.00971677,0.00971677,0.00971677
543,58108.2,0.68259,0.95712,1.02238,0.8832,0.92349,0.92691,0.82908,0.64959,0.97375,0.93121,0.00971573,0.00971573,0.00971573
544,58200.4,0.66784,0.95363,1.00913,0.88318,0.92232,0.92685,0.82934,0.65001,0.97388,0.93154,0.00971469,0.00971469,0.00971469
545,58291.8,0.6793,0.95707,1.01158,0.88263,0.92374,0.92746,0.82934,0.64996,0.97249,0.9316,0.00971365,0.00971365,0.00971365
546,58382.5,0.68172,0.95301,1.01758,0.88228,0.92374,0.92765,0.82978,0.6502,0.97066,0.93181,0.0097126,0.0097126,0.0097126
547,58473,0.67117,0.95632,1.0164,0.88287,0.92307,0.92665,0.82861,0.651,0.96877,0.93214,0.00971156,0.00971156,0.00971156
548,58564,0.66031,0.92973,1.00227,0.88266,0.9241,0.92717,0.82913,0.65135,0.96816,0.93224,0.00971051,0.00971051,0.00971051
549,58654.4,0.68504,0.97533,1.02307,0.8837,0.91989,0.92693,0.82919,0.65149,0.96983,0.93212,0.00970946,0.00970946,0.00970946
550,58745.5,0.66928,0.93937,1.01608,0.88364,0.91932,0.92755,0.82978,0.65139,0.96956,0.93217,0.00970841,0.00970841,0.00970841
551,58836.9,0.68506,0.96707,1.01591,0.88347,0.91912,0.92766,0.83054,0.65115,0.97157,0.93187,0.00970736,0.00970736,0.00970736
552,58927.9,0.69287,0.96475,1.02193,0.88317,0.91809,0.92767,0.83049,0.65029,0.97208,0.93142,0.00970631,0.00970631,0.00970631
553,59018.7,0.66723,0.95576,1.01205,0.88285,0.91755,0.92836,0.83097,0.65007,0.97336,0.93135,0.00970525,0.00970525,0.00970525
554,59110.7,0.66559,0.94031,1.0072,0.88273,0.91583,0.92887,0.83159,0.64966,0.97295,0.93116,0.00970419,0.00970419,0.00970419
555,59201.2,0.68653,0.95491,1.02461,0.88878,0.9158,0.92946,0.8313,0.6499,0.97311,0.93125,0.00970313,0.00970313,0.00970313
556,59291.2,0.67242,0.95539,1.00624,0.8913,0.9143,0.92883,0.8304,0.64997,0.97427,0.93133,0.00970207,0.00970207,0.00970207
557,59381.1,0.67053,0.94581,1.00142,0.89127,0.91473,0.92902,0.83145,0.64929,0.97249,0.93112,0.00970101,0.00970101,0.00970101
558,59472.5,0.68936,0.97288,1.0216,0.88991,0.91895,0.9294,0.83123,0.64958,0.97318,0.93131,0.00969994,0.00969994,0.00969994
559,59564.3,0.66392,0.95307,1.00377,0.88915,0.92004,0.92937,0.83114,0.64875,0.97174,0.93094,0.00969887,0.00969887,0.00969887
560,59655.5,0.68082,0.94794,1.01789,0.88857,0.92031,0.9298,0.83218,0.64908,0.97213,0.93093,0.0096978,0.0096978,0.0096978
561,59746.1,0.68764,0.98344,1.02731,0.888,0.92018,0.92958,0.83171,0.64879,0.97149,0.93086,0.00969673,0.00969673,0.00969673
562,59837,0.6814,0.96424,1.01692,0.88838,0.91972,0.92862,0.83104,0.64892,0.97347,0.9309,0.00969566,0.00969566,0.00969566
563,59928,0.67552,0.96146,1.01373,0.88778,0.91986,0.9298,0.83187,0.64876,0.97333,0.93074,0.00969459,0.00969459,0.00969459
564,60019.2,0.68235,0.96958,1.0155,0.88728,0.92011,0.92989,0.83166,0.64815,0.97301,0.9305,0.00969351,0.00969351,0.00969351
565,60110.1,0.68845,0.95276,1.03166,0.88728,0.92011,0.92934,0.83147,0.64769,0.97182,0.93005,0.00969243,0.00969243,0.00969243
566,60201.4,0.67949,0.96839,1.01768,0.88728,0.92011,0.93009,0.83094,0.64868,0.97091,0.93039,0.00969135,0.00969135,0.00969135
567,60292.1,0.68011,0.94277,1.01565,0.88691,0.92093,0.93049,0.83229,0.64879,0.97081,0.93071,0.00969027,0.00969027,0.00969027
568,60382.7,0.69718,0.94576,1.02884,0.88591,0.92094,0.92979,0.82993,0.64889,0.97262,0.93078,0.00968918,0.00968918,0.00968918
569,60473.9,0.67597,0.94266,1.01697,0.88564,0.92105,0.92951,0.82998,0.64874,0.97261,0.93078,0.0096881,0.0096881,0.0096881
570,60564.3,0.67445,0.96563,1.00638,0.88556,0.92113,0.92999,0.83041,0.6484,0.97387,0.93052,0.00968701,0.00968701,0.00968701
571,60654.8,0.67952,0.9311,1.02591,0.88578,0.92113,0.93027,0.83091,0.64801,0.97341,0.93034,0.00968592,0.00968592,0.00968592
572,60745.5,0.6763,0.9783,1.01361,0.8859,0.92105,0.93075,0.83133,0.64764,0.97476,0.93027,0.00968483,0.00968483,0.00968483
573,60836.2,0.67522,0.94924,1.00904,0.88591,0.92109,0.93152,0.83123,0.64754,0.97375,0.93041,0.00968374,0.00968374,0.00968374
574,60926.9,0.68103,0.93037,1.02098,0.88721,0.92119,0.93103,0.82994,0.64679,0.97336,0.93011,0.00968264,0.00968264,0.00968264
575,61017.7,0.66967,0.94986,1.01022,0.88955,0.91749,0.93106,0.8305,0.64694,0.97511,0.93058,0.00968155,0.00968155,0.00968155
576,61108.7,0.67735,0.96448,1.01504,0.88952,0.91708,0.93185,0.83015,0.6469,0.97514,0.93053,0.00968045,0.00968045,0.00968045
577,61198.9,0.68491,0.9919,1.02502,0.88957,0.91787,0.93045,0.8289,0.64719,0.97644,0.93078,0.00967935,0.00967935,0.00967935
578,61289.4,0.68362,0.92269,1.01064,0.88254,0.92527,0.93192,0.82986,0.64672,0.97614,0.93059,0.00967825,0.00967825,0.00967825
579,61379.9,0.67798,0.94853,1.00548,0.88259,0.92697,0.932,0.83149,0.64582,0.97392,0.93008,0.00967714,0.00967714,0.00967714
580,61470.6,0.67623,0.98594,1.01576,0.88515,0.92226,0.93124,0.83009,0.64581,0.97354,0.93007,0.00967604,0.00967604,0.00967604
581,61560.8,0.6789,0.93874,1.01169,0.88511,0.92208,0.93116,0.82993,0.64569,0.97269,0.92995,0.00967493,0.00967493,0.00967493
582,61651,0.68048,0.96289,1.02186,0.88629,0.92347,0.9312,0.8302,0.64484,0.97197,0.92955,0.00967382,0.00967382,0.00967382
583,61741.4,0.68137,0.96633,1.02596,0.88638,0.92426,0.93058,0.82988,0.64425,0.9712,0.92934,0.00967271,0.00967271,0.00967271
584,61831.8,0.67585,0.98037,1.01467,0.88636,0.92395,0.9309,0.83035,0.64428,0.97156,0.92933,0.00967159,0.00967159,0.00967159
585,61922.6,0.69553,0.97487,1.03497,0.88639,0.92414,0.93102,0.83042,0.64456,0.97059,0.92945,0.00967048,0.00967048,0.00967048
586,62013.2,0.68334,0.99629,1.0146,0.89716,0.90909,0.93093,0.8311,0.64404,0.97099,0.92944,0.00966936,0.00966936,0.00966936
587,62102.8,0.66542,0.95331,1.00397,0.89722,0.90868,0.93096,0.83117,0.64385,0.96874,0.92934,0.00966824,0.00966824,0.00966824
588,62192.6,0.68161,0.94851,1.01519,0.89698,0.90884,0.93168,0.83203,0.64406,0.96931,0.92967,0.00966712,0.00966712,0.00966712
589,62282.6,0.67363,0.92614,1.00943,0.89282,0.90911,0.93144,0.83202,0.64353,0.9679,0.92943,0.009666,0.009666,0.009666
590,62373.3,0.67538,0.9698,1.01977,0.89268,0.90928,0.93101,0.83184,0.64348,0.968,0.92929,0.00966488,0.00966488,0.00966488
591,62463.8,0.6737,0.93549,1.00526,0.89264,0.90915,0.93096,0.83094,0.64324,0.96906,0.92904,0.00966375,0.00966375,0.00966375
592,62555,0.66213,0.96221,1.00881,0.89251,0.90932,0.93086,0.83108,0.6429,0.96864,0.92895,0.00966262,0.00966262,0.00966262
593,62644.3,0.67116,0.92261,1.01353,0.89261,0.90933,0.93188,0.83268,0.64264,0.96703,0.92896,0.00966149,0.00966149,0.00966149
594,62732.9,0.67562,0.95231,1.01084,0.89499,0.90886,0.93122,0.83205,0.6426,0.96716,0.929,0.00966036,0.00966036,0.00966036
595,62818.6,0.68552,0.95522,1.02236,0.89505,0.90899,0.93129,0.83229,0.64237,0.96551,0.92903,0.00965923,0.00965923,0.00965923
596,62904.3,0.65903,0.92926,1.01017,0.89502,0.90915,0.93144,0.83193,0.64209,0.96521,0.92915,0.0096581,0.0096581,0.0096581
597,62989.9,0.67207,0.94748,1.02382,0.89524,0.90913,0.93192,0.83257,0.64203,0.96567,0.92932,0.00965696,0.00965696,0.00965696
598,63075.6,0.67176,0.95855,1.00698,0.89578,0.90912,0.93201,0.83362,0.64168,0.96462,0.92941,0.00965582,0.00965582,0.00965582
599,63161.2,0.66731,0.94179,1.0105,0.89611,0.90908,0.93184,0.83343,0.64154,0.96493,0.92913,0.00965468,0.00965468,0.00965468
600,63247.5,0.67009,0.97761,1.01037,0.89658,0.90916,0.93153,0.83289,0.64092,0.96324,0.92909,0.00965354,0.00965354,0.00965354
601,63333.6,0.68463,0.95285,1.01166,0.89803,0.9087,0.93183,0.83328,0.64069,0.96439,0.92894,0.00965239,0.00965239,0.00965239
602,63420.1,0.67627,0.95704,1.01216,0.90522,0.89596,0.93173,0.83306,0.64095,0.96502,0.92898,0.00965125,0.00965125,0.00965125
603,63506.2,0.66642,0.92917,1,0.90532,0.89593,0.93225,0.83408,0.64126,0.96485,0.92888,0.0096501,0.0096501,0.0096501
604,63593.2,0.67552,0.95354,1.01692,0.90556,0.89594,0.93168,0.83277,0.6412,0.96303,0.92895,0.00964895,0.00964895,0.00964895
605,63678.3,0.68201,0.93232,1.01702,0.90585,0.89591,0.93174,0.83351,0.64135,0.96165,0.92893,0.0096478,0.0096478,0.0096478
606,63763.7,0.68294,0.96516,1.02036,0.90615,0.89594,0.9318,0.83248,0.64193,0.96374,0.92939,0.00964665,0.00964665,0.00964665
607,63850.6,0.68644,0.97166,1.01446,0.90842,0.89602,0.93167,0.83302,0.64233,0.96624,0.92972,0.00964549,0.00964549,0.00964549
608,63937.2,0.67729,0.95016,1.01474,0.9089,0.89597,0.93178,0.83309,0.64184,0.96618,0.92939,0.00964433,0.00964433,0.00964433
609,64022.6,0.67287,0.93751,1.01377,0.90926,0.89588,0.93156,0.83253,0.6414,0.9656,0.9291,0.00964318,0.00964318,0.00964318
610,64108.4,0.69078,0.96942,1.02371,0.90898,0.89588,0.93153,0.83238,0.64156,0.96526,0.92912,0.00964202,0.00964202,0.00964202
611,64193.3,0.66916,0.95093,1.01126,0.9091,0.89589,0.93135,0.83205,0.6418,0.96454,0.92945,0.00964085,0.00964085,0.00964085
612,64279.1,0.67607,0.93083,1.01642,0.9093,0.89588,0.93156,0.83237,0.64155,0.9643,0.92948,0.00963969,0.00963969,0.00963969
613,64364.1,0.65743,0.94226,1.00774,0.90946,0.89588,0.93142,0.83251,0.64123,0.96419,0.92928,0.00963852,0.00963852,0.00963852
614,64449.6,0.66935,0.96073,1.00477,0.91072,0.89678,0.93181,0.83325,0.6417,0.96527,0.92961,0.00963736,0.00963736,0.00963736
615,64534.7,0.67186,0.95389,1.01755,0.90394,0.90198,0.93223,0.8335,0.6418,0.96676,0.92996,0.00963619,0.00963619,0.00963619
616,64619.7,0.67461,0.96288,1.00725,0.90424,0.90192,0.93178,0.83335,0.64167,0.96716,0.92983,0.00963502,0.00963502,0.00963502
617,64704.9,0.66906,0.93004,1.01201,0.90473,0.90193,0.93122,0.83292,0.64231,0.96576,0.9302,0.00963384,0.00963384,0.00963384
618,64789.4,0.67341,0.97221,1.01067,0.90045,0.90255,0.93075,0.8325,0.64302,0.96937,0.93067,0.00963267,0.00963267,0.00963267
619,64874.7,0.67565,1.00466,1.01333,0.901,0.90708,0.9311,0.8327,0.64361,0.96969,0.93088,0.00963149,0.00963149,0.00963149
620,64959.9,0.67292,0.94599,1.00657,0.90097,0.90739,0.93177,0.83319,0.64315,0.9656,0.9306,0.00963031,0.00963031,0.00963031
621,65044.8,0.68672,0.96323,1.02711,0.90267,0.90737,0.93176,0.83332,0.64286,0.96407,0.93065,0.00962913,0.00962913,0.00962913
622,65130.5,0.67449,0.94131,1.01343,0.90285,0.90742,0.9321,0.83319,0.64499,0.96441,0.93238,0.00962795,0.00962795,0.00962795
623,65215.3,0.6775,0.95039,1.02243,0.90307,0.90736,0.93226,0.8337,0.64352,0.96456,0.93083,0.00962677,0.00962677,0.00962677
624,65300.1,0.68672,0.93634,1.02691,0.90309,0.90744,0.9326,0.83378,0.64383,0.96373,0.9308,0.00962558,0.00962558,0.00962558
625,65385.4,0.67682,0.94681,1.02591,0.90291,0.90765,0.93255,0.83409,0.64317,0.96242,0.93043,0.00962439,0.00962439,0.00962439
626,65470.8,0.68944,0.9868,1.02384,0.90345,0.90477,0.9329,0.83443,0.64324,0.96287,0.93049,0.0096232,0.0096232,0.0096232
627,65554.7,0.68519,0.97591,1.02107,0.90297,0.90778,0.93256,0.8342,0.64289,0.96222,0.93036,0.00962201,0.00962201,0.00962201
628,65637.8,0.66918,0.94681,1.0094,0.90297,0.90599,0.93288,0.83594,0.64284,0.96217,0.93036,0.00962082,0.00962082,0.00962082
629,65720,0.68166,0.92021,1.01107,0.90635,0.90456,0.933,0.8353,0.64297,0.96039,0.93097,0.00961962,0.00961962,0.00961962
630,65801.8,0.68081,0.92675,1.01911,0.90664,0.9046,0.93234,0.83503,0.64269,0.96134,0.93112,0.00961843,0.00961843,0.00961843
631,65882.8,0.66443,0.95287,1.01066,0.90746,0.90459,0.93312,0.83567,0.64262,0.96162,0.93129,0.00961723,0.00961723,0.00961723
632,65963.8,0.67023,0.94758,1.0052,0.90742,0.90731,0.93297,0.83402,0.64229,0.961,0.93102,0.00961603,0.00961603,0.00961603
633,66045.2,0.67165,0.93351,1.02053,0.90674,0.9075,0.93301,0.83483,0.6426,0.96144,0.93111,0.00961483,0.00961483,0.00961483
634,66124.7,0.68832,0.9556,1.02203,0.9064,0.90749,0.93279,0.83431,0.64164,0.96141,0.93062,0.00961362,0.00961362,0.00961362
635,66203.5,0.66664,0.9213,1.00958,0.90605,0.90738,0.93319,0.83526,0.6416,0.96187,0.93043,0.00961242,0.00961242,0.00961242
636,66282.7,0.67106,0.92881,1.00676,0.90588,0.90731,0.93298,0.83352,0.64119,0.96279,0.93033,0.00961121,0.00961121,0.00961121
637,66361.7,0.67112,0.93825,1.00841,0.90547,0.90732,0.93358,0.83545,0.63991,0.96235,0.92894,0.00961,0.00961,0.00961
638,66440.7,0.67274,0.92063,1.00316,0.91122,0.90155,0.93368,0.83531,0.63945,0.96243,0.92856,0.00960879,0.00960879,0.00960879
639,66519.8,0.66605,0.9321,1.0076,0.90466,0.90738,0.93356,0.83513,0.63925,0.96191,0.92832,0.00960758,0.00960758,0.00960758
640,66598,0.66978,0.93476,1.01012,0.90689,0.9074,0.93419,0.83523,0.63891,0.95989,0.92802,0.00960636,0.00960636,0.00960636
641,66676.6,0.68521,0.95526,1.01863,0.90685,0.90735,0.93412,0.83522,0.63868,0.959,0.92812,0.00960515,0.00960515,0.00960515
642,66755.8,0.65153,0.93662,1.00395,0.90712,0.90724,0.93356,0.8337,0.63823,0.95781,0.92772,0.00960393,0.00960393,0.00960393
643,66835.2,0.66914,0.96966,1.00891,0.90949,0.90608,0.93433,0.83549,0.63749,0.95764,0.92738,0.00960271,0.00960271,0.00960271
644,66914,0.66976,0.92055,1.00627,0.90948,0.90595,0.93429,0.83606,0.63743,0.95788,0.92737,0.00960149,0.00960149,0.00960149
645,66992.3,0.66856,0.9351,1.01241,0.90947,0.90588,0.93363,0.83504,0.63836,0.96551,0.92811,0.00960026,0.00960026,0.00960026
646,67070.4,0.66486,0.94652,1.00947,0.9095,0.90598,0.93366,0.83533,0.6383,0.9668,0.92787,0.00959904,0.00959904,0.00959904
647,67148.5,0.68156,0.96446,1.02352,0.9092,0.90317,0.93377,0.83543,0.63815,0.96777,0.92771,0.00959781,0.00959781,0.00959781
648,67227.3,0.67415,0.91751,1.01006,0.90943,0.9057,0.93478,0.8367,0.63746,0.96462,0.92749,0.00959658,0.00959658,0.00959658
649,67306.4,0.67431,0.9334,1.01777,0.90864,0.90558,0.93415,0.83543,0.63589,0.95701,0.92659,0.00959535,0.00959535,0.00959535
650,67385.6,0.65447,0.93689,1.00144,0.90635,0.90579,0.9336,0.83486,0.63565,0.95724,0.92658,0.00959412,0.00959412,0.00959412
651,67464.1,0.66152,0.9336,0.99926,0.9078,0.90514,0.93406,0.83558,0.63647,0.96335,0.92748,0.00959289,0.00959289,0.00959289
652,67541.4,0.66265,0.93587,1.00828,0.9088,0.90477,0.93398,0.83509,0.63655,0.96448,0.92747,0.00959165,0.00959165,0.00959165
653,67620,0.66645,0.93827,1.01204,0.90906,0.90125,0.93442,0.83553,0.63585,0.96315,0.92729,0.00959041,0.00959041,0.00959041
654,67696.9,0.68166,0.96185,1.02169,0.90909,0.90161,0.93368,0.83517,0.63556,0.96432,0.92712,0.00958917,0.00958917,0.00958917
655,67775,0.68035,0.95519,1.01322,0.90711,0.9035,0.93373,0.83501,0.6356,0.96433,0.92718,0.00958793,0.00958793,0.00958793
656,67852.7,0.67061,0.93874,1.01531,0.90709,0.90338,0.93397,0.83539,0.6343,0.95823,0.92656,0.00958669,0.00958669,0.00958669
657,67929,0.66974,0.9249,1.01148,0.90696,0.9021,0.93393,0.83561,0.63537,0.96618,0.92741,0.00958544,0.00958544,0.00958544
658,68004.8,0.68938,0.93722,1.02711,0.9088,0.89849,0.93429,0.83633,0.63491,0.96661,0.92724,0.0095842,0.0095842,0.0095842
659,68080.3,0.66318,0.93697,1.00425,0.90895,0.90014,0.93452,0.83565,0.63461,0.96658,0.92698,0.00958295,0.00958295,0.00958295
660,68155.9,0.67299,0.92848,1.01118,0.90903,0.9009,0.93482,0.83582,0.63416,0.96629,0.92675,0.0095817,0.0095817,0.0095817
661,68230.8,0.68138,0.92819,1.01153,0.90848,0.90189,0.93486,0.83578,0.63442,0.96749,0.927,0.00958044,0.00958044,0.00958044
662,68306.6,0.67104,0.98586,1.01373,0.90863,0.90249,0.93447,0.83547,0.63465,0.96701,0.92705,0.00957919,0.00957919,0.00957919
663,68382.2,0.67514,0.92207,1.01849,0.91239,0.90174,0.93469,0.83516,0.63423,0.96555,0.92678,0.00957793,0.00957793,0.00957793
664,68457.7,0.66484,0.93536,1.00957,0.91153,0.90184,0.93532,0.83628,0.63363,0.96546,0.92671,0.00957668,0.00957668,0.00957668
665,68534.8,0.6608,0.93751,0.99894,0.91393,0.90245,0.93517,0.83605,0.63307,0.96651,0.92664,0.00957542,0.00957542,0.00957542
666,68610.8,0.66265,0.92687,1.01868,0.91645,0.90271,0.93514,0.83532,0.63248,0.96556,0.92628,0.00957416,0.00957416,0.00957416
667,68687.4,0.66788,0.93389,1.01224,0.91599,0.90291,0.93513,0.83655,0.63168,0.9645,0.92599,0.00957289,0.00957289,0.00957289
668,68762.4,0.68353,0.93284,1.01329,0.91533,0.90286,0.93463,0.83609,0.63143,0.96598,0.92586,0.00957163,0.00957163,0.00957163
669,68838.4,0.66833,0.91768,1.0081,0.91483,0.90294,0.93538,0.83644,0.63073,0.96385,0.92572,0.00957036,0.00957036,0.00957036
670,68914.9,0.66947,0.95688,1.01101,0.91474,0.90303,0.93445,0.8357,0.62983,0.96376,0.92548,0.00956909,0.00956909,0.00956909
671,68991.8,0.66823,0.89732,1.00784,0.91441,0.90294,0.93533,0.83662,0.6295,0.96167,0.92534,0.00956782,0.00956782,0.00956782
672,69067.8,0.66965,0.91396,1.01095,0.91249,0.90302,0.93427,0.83502,0.62919,0.96269,0.92509,0.00956655,0.00956655,0.00956655
673,69143.6,0.66378,0.91148,1.00524,0.91147,0.9032,0.93475,0.83559,0.62907,0.96524,0.92509,0.00956528,0.00956528,0.00956528
674,69220.3,0.6696,0.94214,1.01462,0.90825,0.90332,0.93426,0.83642,0.62908,0.96742,0.9251,0.009564,0.009564,0.009564
675,69296.8,0.66044,0.93686,1.00981,0.90799,0.90342,0.93441,0.83757,0.62941,0.9659,0.92509,0.00956273,0.00956273,0.00956273
676,69373.1,0.67028,0.94888,1.00879,0.90867,0.90331,0.93422,0.8364,0.6295,0.96582,0.92513,0.00956145,0.00956145,0.00956145
677,69450.2,0.67396,0.91278,1.01914,0.90724,0.90366,0.93403,0.8361,0.62922,0.96484,0.9251,0.00956017,0.00956017,0.00956017
678,69526.4,0.67853,0.93303,1.0145,0.90721,0.90377,0.93405,0.83634,0.62937,0.96562,0.92501,0.00955888,0.00955888,0.00955888
679,69603.3,0.67558,0.9283,1.01481,0.90269,0.90403,0.93347,0.83626,0.62944,0.96599,0.92514,0.0095576,0.0095576,0.0095576
680,69681.1,0.66884,0.94156,1.01364,0.90239,0.90401,0.93322,0.83683,0.62944,0.96696,0.92523,0.00955631,0.00955631,0.00955631
681,69759.1,0.66975,0.93041,1.00586,0.90238,0.90409,0.93321,0.83661,0.62953,0.96544,0.92536,0.00955502,0.00955502,0.00955502
682,69836.1,0.67138,0.94468,1.01228,0.90263,0.90414,0.93441,0.8376,0.62994,0.96339,0.92541,0.00955373,0.00955373,0.00955373
683,69911.9,0.68361,0.97049,1.00994,0.90312,0.90418,0.93477,0.83725,0.63061,0.96659,0.92561,0.00955244,0.00955244,0.00955244
684,69989,0.67165,0.93746,1.00608,0.90327,0.90418,0.93419,0.83712,0.63099,0.9672,0.92553,0.00955115,0.00955115,0.00955115
685,70065.1,0.66702,0.92456,1.01401,0.90361,0.90398,0.93477,0.83538,0.6308,0.96804,0.92539,0.00954986,0.00954986,0.00954986
686,70141.5,0.66748,0.92344,1.00949,0.90336,0.90415,0.9343,0.83538,0.63076,0.96988,0.9253,0.00954856,0.00954856,0.00954856
687,70217.7,0.66742,0.94904,1.00559,0.90324,0.90431,0.93437,0.83464,0.63083,0.96916,0.92522,0.00954726,0.00954726,0.00954726
688,70293.4,0.66799,0.92205,1.00543,0.90359,0.9042,0.93354,0.83632,0.63166,0.96988,0.92578,0.00954596,0.00954596,0.00954596
689,70368.5,0.66745,0.90978,1.00216,0.90349,0.90414,0.9339,0.83648,0.63188,0.97207,0.9259,0.00954466,0.00954466,0.00954466
690,70444.8,0.65453,0.91517,1.00433,0.90315,0.90417,0.93391,0.83633,0.63136,0.97152,0.92584,0.00954335,0.00954335,0.00954335
691,70521,0.67637,0.93678,1.02492,0.90308,0.9041,0.93445,0.83647,0.63145,0.97087,0.92597,0.00954205,0.00954205,0.00954205
692,70596.8,0.65946,0.93637,1.00439,0.90264,0.90392,0.93416,0.83522,0.63127,0.9743,0.92592,0.00954074,0.00954074,0.00954074
693,70670.6,0.66861,0.91711,1.00015,0.90262,0.90382,0.93415,0.83496,0.63142,0.97455,0.92601,0.00953943,0.00953943,0.00953943
694,70746.1,0.66482,0.92627,1.00705,0.90235,0.9035,0.93489,0.83585,0.63108,0.9763,0.92587,0.00953812,0.00953812,0.00953812
695,70821.9,0.66415,0.92503,1.00823,0.9022,0.90383,0.93541,0.83485,0.63193,0.97672,0.92592,0.00953681,0.00953681,0.00953681
696,70897.5,0.66096,0.94063,1.0051,0.90193,0.90393,0.93432,0.83366,0.63167,0.97727,0.92581,0.00953549,0.00953549,0.00953549
697,70973.5,0.67964,0.94845,1.01442,0.90164,0.90392,0.9352,0.83543,0.63139,0.97583,0.92557,0.00953418,0.00953418,0.00953418
698,71048.9,0.6608,0.92387,1.01219,0.90122,0.90388,0.93517,0.83551,0.63197,0.97564,0.92585,0.00953286,0.00953286,0.00953286
699,71125.5,0.67107,0.92563,1.01263,0.90098,0.90375,0.93555,0.83589,0.6321,0.97483,0.92579,0.00953154,0.00953154,0.00953154
700,71201.2,0.64923,0.92834,0.99797,0.90061,0.90365,0.93513,0.83566,0.63154,0.97277,0.92548,0.00953022,0.00953022,0.00953022
701,71277.4,0.66514,0.91618,1.01259,0.89991,0.90354,0.93576,0.8362,0.63164,0.97163,0.92556,0.00952889,0.00952889,0.00952889
702,71353.1,0.6659,0.91532,1.00155,0.89937,0.90367,0.93636,0.83675,0.63195,0.96983,0.92571,0.00952757,0.00952757,0.00952757
703,71429.4,0.66035,0.96668,1.00041,0.89897,0.90363,0.93672,0.83744,0.63162,0.9699,0.92553,0.00952624,0.00952624,0.00952624
704,71506,0.66712,0.9336,1.00322,0.87489,0.93961,0.93634,0.83644,0.63154,0.96894,0.92554,0.00952491,0.00952491,0.00952491
705,71582.1,0.67103,0.91297,1.00427,0.87488,0.93961,0.93656,0.8367,0.63162,0.96921,0.92548,0.00952358,0.00952358,0.00952358
706,71660.2,0.68086,0.91766,1.00734,0.87396,0.93961,0.9365,0.83671,0.63086,0.96832,0.92486,0.00952225,0.00952225,0.00952225
707,71736.5,0.66047,0.93424,0.99073,0.87376,0.93961,0.93683,0.83725,0.63064,0.96629,0.92467,0.00952092,0.00952092,0.00952092
708,71813.3,0.66691,0.92666,1.01173,0.87324,0.93961,0.93616,0.83631,0.63075,0.96521,0.92459,0.00951958,0.00951958,0.00951958
709,71891.8,0.67304,0.93381,1.0093,0.87342,0.93961,0.93634,0.83654,0.63113,0.96641,0.92488,0.00951824,0.00951824,0.00951824
710,71968.3,0.65662,0.93566,1.00051,0.87363,0.93961,0.93683,0.83705,0.63101,0.96644,0.92491,0.0095169,0.0095169,0.0095169
711,72044.3,0.67028,0.91437,1.00717,0.87347,0.93961,0.93672,0.83689,0.63132,0.96823,0.92531,0.00951556,0.00951556,0.00951556
712,72120.1,0.68348,0.95093,1.01133,0.8741,0.93961,0.93753,0.83742,0.6311,0.96916,0.92543,0.00951422,0.00951422,0.00951422
713,72194.8,0.66178,0.91496,1.00488,0.87471,0.93961,0.93692,0.83637,0.63103,0.969,0.92577,0.00951288,0.00951288,0.00951288
714,72271.4,0.66261,0.91266,1.02362,0.874,0.93961,0.93687,0.83403,0.63123,0.96694,0.92576,0.00951153,0.00951153,0.00951153
715,72347.8,0.66085,0.91291,0.99658,0.87238,0.93961,0.93701,0.83689,0.63101,0.96845,0.92597,0.00951018,0.00951018,0.00951018
716,72423.4,0.66145,0.94372,1.00057,0.87104,0.93961,0.93683,0.8358,0.63072,0.96914,0.92593,0.00950883,0.00950883,0.00950883
717,72499.2,0.66574,0.92288,1.00476,0.8697,0.93961,0.93717,0.83578,0.63068,0.96824,0.92574,0.00950748,0.00950748,0.00950748
718,72575.8,0.65551,0.92539,1.01074,0.86944,0.93961,0.93678,0.83554,0.63036,0.96927,0.92586,0.00950613,0.00950613,0.00950613
719,72652,0.66299,0.93013,1.00912,0.86898,0.93961,0.93642,0.83551,0.63083,0.96971,0.92632,0.00950477,0.00950477,0.00950477
720,72729.2,0.6547,0.90279,1.00422,0.86864,0.93961,0.93639,0.83568,0.6314,0.9744,0.9269,0.00950341,0.00950341,0.00950341
721,72805.5,0.65375,0.91235,0.99969,0.86868,0.93961,0.93641,0.83549,0.63202,0.97539,0.92724,0.00950206,0.00950206,0.00950206
722,72881,0.65928,0.92535,0.99802,0.86888,0.93961,0.9361,0.83504,0.63254,0.97722,0.92743,0.0095007,0.0095007,0.0095007
723,72956.9,0.65368,0.93332,1.00244,0.8689,0.93961,0.9361,0.83608,0.63257,0.97749,0.92738,0.00949933,0.00949933,0.00949933
724,73031.4,0.66622,0.95441,1.01268,0.86879,0.93961,0.93684,0.83661,0.63176,0.97524,0.92689,0.00949797,0.00949797,0.00949797
725,73106.1,0.65538,0.92909,0.99609,0.86833,0.93961,0.93641,0.83673,0.63179,0.97557,0.92671,0.0094966,0.0094966,0.0094966
726,73180.5,0.64811,0.91125,0.99539,0.86818,0.93961,0.93698,0.83661,0.63177,0.97422,0.92667,0.00949524,0.00949524,0.00949524
727,73255.4,0.6679,0.90631,1.00448,0.86806,0.93961,0.93648,0.83442,0.63111,0.97153,0.92632,0.00949387,0.00949387,0.00949387
728,73332.4,0.66391,0.9076,1.01132,0.86827,0.93961,0.93647,0.83496,0.6305,0.97024,0.92612,0.0094925,0.0094925,0.0094925
729,73407.3,0.66572,0.89702,1.00951,0.868,0.93961,0.9366,0.8331,0.63,0.96912,0.92589,0.00949112,0.00949112,0.00949112
730,73481.7,0.65727,0.92984,0.99888,0.86837,0.93961,0.93624,0.83539,0.62937,0.96782,0.92558,0.00948975,0.00948975,0.00948975
731,73555.7,0.66081,0.92478,1.01179,0.8686,0.93961,0.93604,0.8349,0.62796,0.96073,0.92456,0.00948837,0.00948837,0.00948837
732,73630.7,0.66787,0.92103,1.00753,0.86881,0.93961,0.93587,0.83445,0.62768,0.96355,0.92467,0.009487,0.009487,0.009487
733,73705.6,0.66083,0.89104,1.00482,0.86902,0.93961,0.93654,0.83525,0.62736,0.96244,0.92466,0.00948562,0.00948562,0.00948562
734,73780.6,0.65264,0.91891,0.99899,0.86926,0.93897,0.93656,0.8357,0.62741,0.96143,0.92463,0.00948423,0.00948423,0.00948423
735,73855,0.67209,0.90786,1.01427,0.86923,0.93855,0.93603,0.835,0.62761,0.95897,0.92503,0.00948285,0.00948285,0.00948285
736,73928.6,0.6643,0.92286,1.00113,0.86922,0.93854,0.93685,0.83582,0.62758,0.95773,0.92522,0.00948147,0.00948147,0.00948147
737,74003.5,0.65641,0.88117,1.00086,0.86904,0.93827,0.93642,0.83481,0.6278,0.95798,0.92514,0.00948008,0.00948008,0.00948008
738,74080,0.67612,0.91528,1.01441,0.86898,0.9379,0.93608,0.83495,0.62751,0.95658,0.92523,0.00947869,0.00947869,0.00947869
739,74155.4,0.65583,0.90395,1.00073,0.8709,0.937,0.93704,0.83535,0.62729,0.95544,0.92505,0.0094773,0.0094773,0.0094773
740,74230.3,0.66884,0.92572,1.01448,0.87153,0.937,0.93708,0.83505,0.6271,0.95416,0.925,0.00947591,0.00947591,0.00947591
741,74303.3,0.65783,0.9249,1.00025,0.8734,0.937,0.93764,0.83633,0.62708,0.95117,0.92502,0.00947452,0.00947452,0.00947452
742,74377,0.65784,0.94121,1.00738,0.87557,0.937,0.93684,0.83533,0.62688,0.95161,0.92504,0.00947312,0.00947312,0.00947312
743,74450.2,0.67032,0.92204,1.01555,0.87587,0.937,0.93665,0.83434,0.62671,0.94845,0.92496,0.00947172,0.00947172,0.00947172
744,74523.5,0.65515,0.93829,1.00474,0.8793,0.937,0.93668,0.83435,0.62671,0.94704,0.92491,0.00947032,0.00947032,0.00947032
745,74597.1,0.66642,0.93337,1.00199,0.88015,0.937,0.93741,0.83418,0.62641,0.94564,0.92471,0.00946892,0.00946892,0.00946892
746,74670.4,0.66014,0.88685,0.99599,0.88172,0.937,0.93702,0.83577,0.62599,0.9436,0.9245,0.00946752,0.00946752,0.00946752
747,74743.2,0.6488,0.89307,0.99646,0.88175,0.937,0.93634,0.8349,0.62584,0.94289,0.92462,0.00946612,0.00946612,0.00946612
748,74816.7,0.66598,0.91577,1.01128,0.88197,0.937,0.93651,0.83518,0.62554,0.9425,0.92445,0.00946471,0.00946471,0.00946471
749,74889.4,0.66632,0.89305,1.00448,0.88266,0.937,0.93654,0.83404,0.62513,0.94243,0.92416,0.0094633,0.0094633,0.0094633
750,74963.3,0.66289,0.94467,1.01985,0.88327,0.937,0.93684,0.8366,0.62503,0.94261,0.92413,0.00946189,0.00946189,0.00946189
751,75037.3,0.66166,0.88203,1.00111,0.88389,0.937,0.93693,0.83504,0.62482,0.94145,0.92401,0.00946048,0.00946048,0.00946048
752,75110.4,0.66198,0.92353,1.00845,0.88435,0.937,0.93717,0.83621,0.62391,0.939,0.92329,0.00945907,0.00945907,0.00945907
753,75183.6,0.64934,0.91145,0.99105,0.88426,0.937,0.93687,0.83582,0.6238,0.93916,0.92288,0.00945765,0.00945765,0.00945765
754,75256.7,0.66257,0.89979,1.00152,0.88439,0.937,0.93726,0.83533,0.62351,0.93917,0.92259,0.00945624,0.00945624,0.00945624
755,75329.6,0.66529,0.90083,1.00699,0.88504,0.937,0.9376,0.8369,0.62358,0.94181,0.92245,0.00945482,0.00945482,0.00945482
756,75403.2,0.66516,0.90514,1.00436,0.88521,0.937,0.93765,0.83534,0.6233,0.94102,0.92212,0.0094534,0.0094534,0.0094534
757,75477.8,0.66676,0.91985,1.00401,0.88547,0.937,0.93737,0.83536,0.62289,0.9415,0.92182,0.00945198,0.00945198,0.00945198
758,75551.1,0.66012,0.8973,1.0009,0.88531,0.937,0.93766,0.83593,0.62262,0.94052,0.92175,0.00945056,0.00945056,0.00945056
759,75624.5,0.65524,0.92505,1.00112,0.88614,0.937,0.93748,0.83648,0.62283,0.94158,0.92185,0.00944913,0.00944913,0.00944913
760,75699.4,0.65544,0.92615,1.0086,0.88697,0.937,0.93738,0.83535,0.62292,0.9417,0.9219,0.0094477,0.0094477,0.0094477
761,75773.2,0.6619,0.90111,1.00715,0.88756,0.937,0.93736,0.83548,0.62261,0.94102,0.92164,0.00944628,0.00944628,0.00944628
762,75848,0.65241,0.90848,0.99945,0.88769,0.937,0.93718,0.83488,0.62269,0.9422,0.92145,0.00944485,0.00944485,0.00944485
763,75922.7,0.6685,0.93471,1.01019,0.88799,0.93687,0.9374,0.83495,0.62269,0.94226,0.92152,0.00944341,0.00944341,0.00944341
764,75997,0.65662,0.90816,0.99617,0.8878,0.93647,0.93747,0.83481,0.62263,0.94382,0.92158,0.00944198,0.00944198,0.00944198
765,76070,0.65728,0.93934,0.99487,0.88787,0.93693,0.93746,0.83504,0.6229,0.94496,0.92183,0.00944054,0.00944054,0.00944054
766,76142.9,0.66051,0.8985,1.00305,0.88798,0.93654,0.93743,0.83398,0.62242,0.94422,0.92168,0.00943911,0.00943911,0.00943911
767,76216.4,0.67455,0.92483,1.01338,0.88812,0.93636,0.93748,0.83641,0.62252,0.94363,0.92148,0.00943767,0.00943767,0.00943767
768,76289,0.663,0.91771,0.99834,0.88833,0.93665,0.93737,0.83425,0.62267,0.94374,0.92153,0.00943623,0.00943623,0.00943623
769,76361.9,0.64802,0.91464,0.98931,0.88853,0.937,0.93756,0.83563,0.62256,0.94381,0.92147,0.00943478,0.00943478,0.00943478
770,76433,0.66794,0.9026,1.02204,0.88866,0.937,0.93722,0.83555,0.62216,0.9442,0.92098,0.00943334,0.00943334,0.00943334
771,76505.7,0.66595,0.90916,1.0001,0.88866,0.937,0.93732,0.83602,0.62212,0.93921,0.92093,0.00943189,0.00943189,0.00943189
772,76579.2,0.668,0.94678,1.00261,0.8893,0.937,0.9378,0.83762,0.62186,0.93839,0.921,0.00943045,0.00943045,0.00943045
773,76652,0.67415,0.94026,1.00389,0.88919,0.937,0.93741,0.83639,0.62209,0.94027,0.92118,0.009429,0.009429,0.009429
774,76724.1,0.65299,0.8899,1.00232,0.88924,0.937,0.93714,0.83495,0.62154,0.94112,0.9209,0.00942755,0.00942755,0.00942755
775,76796.5,0.66971,0.90593,1.01113,0.88916,0.937,0.93769,0.83537,0.62145,0.94082,0.92083,0.00942609,0.00942609,0.00942609
776,76870.1,0.65045,0.87598,0.99463,0.88891,0.937,0.93797,0.83588,0.62133,0.94163,0.92089,0.00942464,0.00942464,0.00942464
777,76944.6,0.65782,0.90344,1.0058,0.88899,0.937,0.93681,0.83531,0.62167,0.94267,0.9212,0.00942318,0.00942318,0.00942318
778,77018.3,0.66749,0.91609,1.01166,0.8889,0.937,0.93686,0.83394,0.62155,0.94328,0.92072,0.00942173,0.00942173,0.00942173
779,77092.9,0.64319,0.90831,0.99025,0.88946,0.937,0.93693,0.83587,0.62088,0.94414,0.92038,0.00942027,0.00942027,0.00942027
780,77165.6,0.67163,0.93072,1.02032,0.88954,0.937,0.93677,0.83412,0.62097,0.94197,0.92029,0.0094188,0.0094188,0.0094188
781,77238.6,0.65951,0.93114,1.00186,0.89016,0.937,0.93739,0.83457,0.62079,0.94108,0.92019,0.00941734,0.00941734,0.00941734
782,77312.1,0.65873,0.87967,1.0081,0.89002,0.937,0.93678,0.83448,0.62097,0.94073,0.92013,0.00941588,0.00941588,0.00941588
783,77385.4,0.65255,0.92357,0.99991,0.89039,0.937,0.93772,0.83536,0.62077,0.94055,0.92004,0.00941441,0.00941441,0.00941441
784,77458.5,0.66055,0.90798,1.00627,0.89043,0.937,0.93707,0.83505,0.62051,0.93861,0.91981,0.00941294,0.00941294,0.00941294
785,77533.3,0.65602,0.9147,0.99851,0.89063,0.937,0.9368,0.83478,0.62031,0.93923,0.91949,0.00941147,0.00941147,0.00941147
786,77608.9,0.65291,0.89311,0.99296,0.8906,0.937,0.93682,0.83502,0.61891,0.93838,0.91775,0.00941,0.00941,0.00941
787,77684.9,0.65429,0.90352,0.99194,0.89066,0.937,0.93673,0.83422,0.61919,0.93715,0.9177,0.00940853,0.00940853,0.00940853
788,77761.7,0.65317,0.9076,1.00296,0.89072,0.937,0.9373,0.83499,0.61791,0.9426,0.91639,0.00940705,0.00940705,0.00940705
789,77837.7,0.66011,0.92895,1.0076,0.8908,0.937,0.93696,0.83435,0.61905,0.93625,0.91738,0.00940557,0.00940557,0.00940557
790,77911,0.65973,0.91234,0.99029,0.89086,0.937,0.93714,0.83472,0.61921,0.94365,0.91717,0.0094041,0.0094041,0.0094041
791,77985.2,0.67677,0.91461,1.01225,0.89068,0.937,0.93677,0.83379,0.61912,0.94152,0.91695,0.00940262,0.00940262,0.00940262
792,78059.5,0.65952,0.92433,1.0008,0.89075,0.937,0.93697,0.83472,0.61813,0.93426,0.91637,0.00940113,0.00940113,0.00940113
793,78133.8,0.65419,0.91122,1.00021,0.89109,0.937,0.93649,0.83376,0.61783,0.93375,0.916,0.00939965,0.00939965,0.00939965
794,78207.3,0.65861,0.90681,1.00171,0.89108,0.937,0.93631,0.83404,0.61725,0.93264,0.91565,0.00939816,0.00939816,0.00939816
795,78281.6,0.65843,0.92056,1.00919,0.89123,0.937,0.93617,0.83402,0.6156,0.93095,0.91399,0.00939668,0.00939668,0.00939668
796,78355.1,0.67019,0.9274,1.01428,0.89107,0.937,0.93703,0.83503,0.61499,0.93266,0.91384,0.00939519,0.00939519,0.00939519
797,78430.3,0.65131,0.91602,0.99219,0.89057,0.937,0.93647,0.83486,0.61494,0.93241,0.91381,0.0093937,0.0093937,0.0093937
798,78503.9,0.64347,0.94783,0.98905,0.89002,0.937,0.93643,0.83492,0.61462,0.93093,0.91347,0.00939221,0.00939221,0.00939221
799,78577.7,0.66262,0.91824,1.00358,0.88965,0.937,0.9367,0.83519,0.61529,0.93645,0.91378,0.00939071,0.00939071,0.00939071
800,78650,0.64539,0.90337,0.99247,0.88988,0.937,0.93669,0.83566,0.61459,0.93055,0.91349,0.00938922,0.00938922,0.00938922
801,78724.2,0.6707,0.95536,1.01526,0.88915,0.937,0.93669,0.83563,0.6151,0.94077,0.91396,0.00938772,0.00938772,0.00938772
802,78797.6,0.65134,0.94234,0.99461,0.89004,0.937,0.93618,0.83442,0.61476,0.93918,0.91392,0.00938622,0.00938622,0.00938622
803,78871,0.66557,0.91987,1.01066,0.88967,0.937,0.93716,0.83649,0.61398,0.93201,0.91356,0.00938472,0.00938472,0.00938472
804,78944.3,0.66596,0.85808,1.0071,0.88938,0.937,0.93713,0.83519,0.61416,0.93392,0.91363,0.00938322,0.00938322,0.00938322
805,79017.4,0.66687,0.93101,0.99944,0.88852,0.937,0.9372,0.83564,0.61418,0.93472,0.91356,0.00938171,0.00938171,0.00938171
806,79089,0.65734,0.92539,1.00537,0.88852,0.937,0.93706,0.83569,0.61388,0.93557,0.91342,0.0093802,0.0093802,0.0093802
807,79161.2,0.66302,0.9032,1.00915,0.8881,0.937,0.93575,0.83476,0.61416,0.93736,0.91348,0.0093787,0.0093787,0.0093787
808,79232.4,0.66479,0.95665,0.99858,0.88791,0.937,0.93383,0.8325,0.61388,0.93985,0.91344,0.00937719,0.00937719,0.00937719
809,79304.1,0.66907,0.91795,1.01792,0.88828,0.937,0.93393,0.83358,0.61399,0.9417,0.91356,0.00937568,0.00937568,0.00937568
810,79375.9,0.67379,0.90597,1.01128,0.88866,0.937,0.93373,0.83349,0.61393,0.94091,0.91385,0.00937416,0.00937416,0.00937416
811,79447,0.66149,0.90316,1.00358,0.88901,0.937,0.93411,0.83407,0.61441,0.94246,0.91397,0.00937265,0.00937265,0.00937265
812,79518.4,0.66149,0.90733,0.99748,0.88916,0.937,0.93443,0.83382,0.61473,0.94358,0.91411,0.00937113,0.00937113,0.00937113
813,79591.2,0.66089,0.90777,1.00143,0.88951,0.937,0.93427,0.83424,0.61429,0.94536,0.91412,0.00936961,0.00936961,0.00936961
814,79663.7,0.67423,0.9445,1.0058,0.88905,0.937,0.93416,0.83359,0.61437,0.94637,0.91421,0.0093681,0.0093681,0.0093681
815,79735.8,0.64644,0.88209,0.99982,0.88877,0.937,0.93726,0.83649,0.61454,0.94865,0.91435,0.00936657,0.00936657,0.00936657
816,79807.8,0.66362,0.9155,1.00939,0.88893,0.937,0.93709,0.83732,0.61344,0.94906,0.91395,0.00936505,0.00936505,0.00936505
817,79879.2,0.64928,0.89344,0.9935,0.88893,0.937,0.93741,0.83619,0.61261,0.94568,0.91359,0.00936353,0.00936353,0.00936353
818,79950.5,0.66,0.9156,0.99466,0.88915,0.937,0.9376,0.83716,0.61295,0.94896,0.91378,0.009362,0.009362,0.009362
819,80022.5,0.66512,0.90685,1.01156,0.89117,0.937,0.93762,0.83768,0.61347,0.9492,0.91405,0.00936047,0.00936047,0.00936047
820,80094.9,0.65686,0.89145,0.99995,0.89155,0.937,0.93736,0.83768,0.61334,0.95297,0.91393,0.00935894,0.00935894,0.00935894
821,80167.4,0.65866,0.89765,1.00709,0.89217,0.93673,0.93768,0.83725,0.6128,0.95125,0.91353,0.00935741,0.00935741,0.00935741
822,80240,0.65271,0.9127,0.99593,0.89266,0.935,0.93749,0.83789,0.61278,0.95178,0.91355,0.00935588,0.00935588,0.00935588
823,80313.2,0.64667,0.89095,0.99487,0.89188,0.93389,0.93768,0.83795,0.61245,0.95043,0.91343,0.00935434,0.00935434,0.00935434
824,80385.1,0.65396,0.90661,0.99408,0.89097,0.93396,0.93748,0.83763,0.61259,0.95026,0.91309,0.0093528,0.0093528,0.0093528
825,80454.9,0.66516,0.90026,1.00004,0.89229,0.93346,0.93747,0.83758,0.61246,0.94937,0.91302,0.00935127,0.00935127,0.00935127
826,80525.7,0.66254,0.92092,1.00173,0.89199,0.93371,0.93769,0.83855,0.61203,0.95042,0.91288,0.00934973,0.00934973,0.00934973
827,80596.7,0.67348,0.91691,1.00715,0.89227,0.93422,0.93773,0.83786,0.61216,0.95057,0.91299,0.00934818,0.00934818,0.00934818
828,80669.2,0.65994,0.93292,1.00714,0.89247,0.93544,0.93736,0.83739,0.61243,0.95031,0.91309,0.00934664,0.00934664,0.00934664
829,80743.1,0.65603,0.91115,1.00341,0.89213,0.937,0.93744,0.83753,0.61212,0.95081,0.9129,0.0093451,0.0093451,0.0093451
830,80819.3,0.65768,0.93525,0.99778,0.89259,0.937,0.93752,0.83912,0.61334,0.95657,0.91337,0.00934355,0.00934355,0.00934355
831,80894.4,0.65471,0.92672,1.00467,0.89288,0.937,0.93699,0.83717,0.61341,0.95682,0.9133,0.009342,0.009342,0.009342
832,80969.4,0.64338,0.89525,0.99074,0.89296,0.937,0.93693,0.83699,0.61292,0.95652,0.91324,0.00934045,0.00934045,0.00934045
833,81045,0.65843,0.8761,1.0079,0.89291,0.937,0.93771,0.83795,0.6127,0.95568,0.91317,0.0093389,0.0093389,0.0093389
834,81119.7,0.65784,0.92269,0.99897,0.8931,0.937,0.93794,0.83886,0.61256,0.95483,0.9131,0.00933734,0.00933734,0.00933734
835,81194.2,0.65212,0.8956,0.9978,0.89384,0.937,0.93775,0.83774,0.61248,0.9568,0.91331,0.00933579,0.00933579,0.00933579
836,81268.8,0.65639,0.89138,0.99259,0.8966,0.9368,0.93739,0.83788,0.61221,0.95592,0.91334,0.00933423,0.00933423,0.00933423
837,81343.3,0.66454,0.93805,1.01663,0.89634,0.93453,0.93815,0.8376,0.61225,0.95617,0.91325,0.00933267,0.00933267,0.00933267
838,81415.2,0.64935,0.89071,1.00419,0.89859,0.93656,0.93726,0.83681,0.61219,0.95314,0.91319,0.00933111,0.00933111,0.00933111
839,81486.2,0.65937,0.8931,1.0072,0.89865,0.93605,0.93742,0.83596,0.61189,0.95314,0.91312,0.00932955,0.00932955,0.00932955
840,81559.1,0.65796,0.88231,1.00209,0.89857,0.93605,0.937,0.83783,0.61198,0.95297,0.91322,0.00932799,0.00932799,0.00932799
841,81632,0.64973,0.93245,1.00055,0.89855,0.93527,0.93695,0.83753,0.61211,0.9516,0.91329,0.00932642,0.00932642,0.00932642
842,81705.2,0.65524,0.91415,0.99622,0.89767,0.9344,0.93742,0.83817,0.61234,0.95143,0.91333,0.00932485,0.00932485,0.00932485
843,81778.9,0.65079,0.88464,1.0031,0.89719,0.9344,0.93645,0.83765,0.61185,0.95063,0.91309,0.00932328,0.00932328,0.00932328
844,81852.6,0.65147,0.91718,0.9973,0.89798,0.93436,0.93665,0.83738,0.61171,0.95085,0.91303,0.00932171,0.00932171,0.00932171
845,81925.9,0.65783,0.9105,1.00045,0.89581,0.93452,0.9368,0.83744,0.61069,0.94846,0.91259,0.00932014,0.00932014,0.00932014
846,81999.7,0.64302,0.8976,0.99315,0.89571,0.93485,0.93674,0.83859,0.61025,0.94615,0.91229,0.00931857,0.00931857,0.00931857
847,82073.8,0.66624,0.90113,1.0125,0.89554,0.93446,0.93699,0.83823,0.61014,0.94525,0.91205,0.00931699,0.00931699,0.00931699
848,82147.1,0.65514,0.92456,1.00064,0.89539,0.93412,0.93626,0.83706,0.60984,0.94537,0.91184,0.00931542,0.00931542,0.00931542
849,82221.8,0.64631,0.90087,0.99321,0.89521,0.93297,0.9366,0.83965,0.60963,0.9437,0.91205,0.00931384,0.00931384,0.00931384
850,82295.9,0.65097,0.89725,0.99989,0.8954,0.93446,0.93609,0.83993,0.60917,0.94487,0.91197,0.00931226,0.00931226,0.00931226
851,82368.5,0.6643,0.89961,1.00476,0.89506,0.9344,0.93568,0.83866,0.60905,0.94453,0.91194,0.00931067,0.00931067,0.00931067
852,82441.4,0.63862,0.89645,0.98711,0.89516,0.9344,0.93313,0.83653,0.60903,0.94483,0.91192,0.00930909,0.00930909,0.00930909
853,82513.6,0.65991,0.90426,0.99458,0.89513,0.9344,0.93375,0.83672,0.6088,0.9435,0.91176,0.0093075,0.0093075,0.0093075
854,82585.6,0.65182,0.94758,1.0005,0.89507,0.93168,0.93378,0.83776,0.60815,0.94405,0.91165,0.00930592,0.00930592,0.00930592
855,82656.6,0.65014,0.90322,0.99989,0.89529,0.93174,0.93396,0.83767,0.60853,0.94509,0.91197,0.00930433,0.00930433,0.00930433
856,82728.2,0.6504,0.8908,0.98982,0.89538,0.93008,0.934,0.83757,0.60865,0.94496,0.91196,0.00930274,0.00930274,0.00930274
857,82799.4,0.65764,0.9168,0.99325,0.89569,0.93008,0.93398,0.83569,0.60839,0.94637,0.91156,0.00930114,0.00930114,0.00930114
858,82873.2,0.6481,0.87832,1.00049,0.89583,0.9299,0.93387,0.83409,0.60803,0.94554,0.91124,0.00929955,0.00929955,0.00929955
859,82946.6,0.65112,0.90202,0.99839,0.89585,0.92993,0.93426,0.83806,0.60829,0.9474,0.91117,0.00929795,0.00929795,0.00929795
860,83020.1,0.65468,0.88483,1.00909,0.89569,0.92827,0.9346,0.83751,0.60838,0.94697,0.91112,0.00929636,0.00929636,0.00929636
861,83091.6,0.66013,0.8831,1.01058,0.89997,0.92523,0.93435,0.83581,0.6086,0.94651,0.9113,0.00929476,0.00929476,0.00929476
862,83163.1,0.6553,0.89193,1.0065,0.8998,0.92471,0.93438,0.83656,0.60838,0.9464,0.91117,0.00929316,0.00929316,0.00929316
863,83232.6,0.65852,0.90575,1.00272,0.89996,0.92444,0.93451,0.83539,0.6087,0.94639,0.91126,0.00929155,0.00929155,0.00929155
864,83301.1,0.67842,0.8954,1.00885,0.90071,0.92285,0.93449,0.83637,0.60871,0.94869,0.91129,0.00928995,0.00928995,0.00928995
865,83371.3,0.66303,0.886,1.00999,0.90023,0.92265,0.93417,0.83517,0.60891,0.95012,0.91127,0.00928834,0.00928834,0.00928834
866,83442.4,0.66308,0.87736,1.00299,0.89939,0.92272,0.93401,0.83719,0.60916,0.9523,0.91145,0.00928674,0.00928674,0.00928674
867,83514,0.64694,0.88914,0.99358,0.89953,0.92256,0.93407,0.83565,0.60905,0.9525,0.91161,0.00928513,0.00928513,0.00928513
868,83586.6,0.65605,0.86565,1.00889,0.89926,0.92244,0.93413,0.83705,0.60889,0.95328,0.91147,0.00928352,0.00928352,0.00928352
869,83659.2,0.67596,0.93566,1.01804,0.89885,0.9228,0.93357,0.83628,0.60918,0.95235,0.9113,0.0092819,0.0092819,0.0092819
870,83731.6,0.64478,0.86828,0.99467,0.89881,0.92296,0.93454,0.8369,0.60942,0.95317,0.91116,0.00928029,0.00928029,0.00928029
871,83804.1,0.65408,0.93788,1.00949,0.89863,0.92303,0.93414,0.83702,0.60926,0.95501,0.91119,0.00927867,0.00927867,0.00927867
872,83875.6,0.652,0.85073,0.99408,0.89869,0.92304,0.93402,0.83753,0.60935,0.95579,0.91121,0.00927706,0.00927706,0.00927706
873,83946.3,0.65889,0.92039,0.99983,0.89926,0.92311,0.934,0.83735,0.60903,0.95754,0.91113,0.00927544,0.00927544,0.00927544
874,84017,0.6699,0.88687,1.00009,0.90102,0.92309,0.9338,0.83803,0.60907,0.95733,0.91141,0.00927382,0.00927382,0.00927382
875,84089.1,0.64708,0.90593,0.99381,0.90169,0.92302,0.93388,0.83777,0.60881,0.95848,0.91152,0.00927219,0.00927219,0.00927219
876,84160.7,0.6645,0.89832,1.00711,0.90073,0.92306,0.93402,0.83747,0.6091,0.9578,0.91168,0.00927057,0.00927057,0.00927057
877,84232.6,0.65317,0.91336,0.9996,0.902,0.92299,0.93405,0.83614,0.60865,0.95582,0.91169,0.00926894,0.00926894,0.00926894
878,84304.5,0.65118,0.88681,1.00087,0.90208,0.92286,0.93436,0.83921,0.60862,0.9543,0.91153,0.00926732,0.00926732,0.00926732
879,84376.6,0.65381,0.88328,1.00492,0.90186,0.92288,0.93356,0.83846,0.60851,0.9521,0.91155,0.00926569,0.00926569,0.00926569
880,84448.6,0.65292,0.89239,0.99675,0.90101,0.92291,0.93429,0.83983,0.60854,0.9499,0.91128,0.00926406,0.00926406,0.00926406
881,84521.7,0.65855,0.89654,0.99502,0.90028,0.92304,0.93403,0.83908,0.60818,0.9505,0.91124,0.00926242,0.00926242,0.00926242
882,84595.3,0.65054,0.87728,1.00234,0.90011,0.92293,0.93451,0.84076,0.60798,0.9494,0.91129,0.00926079,0.00926079,0.00926079
883,84667.9,0.66274,0.90271,1.00369,0.89932,0.92311,0.93446,0.84072,0.6072,0.95017,0.91113,0.00925915,0.00925915,0.00925915
884,84740.1,0.65624,0.8814,1.00105,0.89878,0.92316,0.93468,0.84061,0.6071,0.95292,0.91122,0.00925752,0.00925752,0.00925752
885,84812,0.65569,0.88867,0.99895,0.89841,0.92309,0.93487,0.84051,0.60629,0.9529,0.91054,0.00925588,0.00925588,0.00925588
886,84884.2,0.66302,0.89885,1.00956,0.89845,0.92301,0.9351,0.84031,0.6057,0.95134,0.91035,0.00925423,0.00925423,0.00925423
887,84955,0.65645,0.87725,1.00656,0.89977,0.92287,0.93459,0.83937,0.6055,0.94926,0.91031,0.00925259,0.00925259,0.00925259
888,85026.5,0.6596,0.91879,1.00069,0.9029,0.92163,0.93481,0.83852,0.60546,0.9499,0.91031,0.00925095,0.00925095,0.00925095
889,85097.6,0.65773,0.85441,0.99313,0.90336,0.92183,0.93459,0.83827,0.60513,0.94936,0.91025,0.0092493,0.0092493,0.0092493
890,85169.2,0.66056,0.89478,1.00102,0.9032,0.92214,0.9349,0.83816,0.60514,0.94961,0.91053,0.00924765,0.00924765,0.00924765
891,85239.1,0.66726,0.91832,1.01519,0.9026,0.92248,0.93499,0.83834,0.60513,0.94971,0.91041,0.00924601,0.00924601,0.00924601
892,85309.7,0.65308,0.88555,0.99906,0.90275,0.92267,0.93463,0.83791,0.60541,0.94784,0.91041,0.00924435,0.00924435,0.00924435
893,85379.6,0.64724,0.8765,0.9922,0.90351,0.9223,0.93475,0.83566,0.60583,0.94719,0.91063,0.0092427,0.0092427,0.0092427
894,85449.3,0.64031,0.89874,0.98874,0.90396,0.922,0.93492,0.83627,0.6057,0.94889,0.91057,0.00924105,0.00924105,0.00924105
895,85519.6,0.65199,0.89702,1.00135,0.90353,0.92181,0.93478,0.83743,0.6053,0.94773,0.91065,0.00923939,0.00923939,0.00923939
896,85591.3,0.66255,0.92521,1.00379,0.90405,0.92204,0.93497,0.83773,0.60486,0.9463,0.9105,0.00923774,0.00923774,0.00923774
897,85663.5,0.66397,0.90696,1.00111,0.90644,0.92209,0.93541,0.83671,0.60426,0.94531,0.91053,0.00923608,0.00923608,0.00923608
898,85735.6,0.64736,0.86323,0.98965,0.9067,0.92217,0.93542,0.83662,0.60449,0.94509,0.91057,0.00923442,0.00923442,0.00923442
899,85805.2,0.65823,0.87876,0.99761,0.90666,0.92203,0.93563,0.83768,0.60401,0.94201,0.91045,0.00923275,0.00923275,0.00923275
900,85874.9,0.6421,0.90026,0.99421,0.9059,0.92219,0.93558,0.83942,0.60364,0.94067,0.91061,0.00923109,0.00923109,0.00923109
901,85946.4,0.649,0.88507,0.99726,0.90518,0.92247,0.93569,0.84015,0.6033,0.94044,0.91055,0.00922942,0.00922942,0.00922942
902,86014.3,0.65867,0.89822,0.99673,0.90642,0.92188,0.93579,0.83992,0.60287,0.9393,0.91054,0.00922776,0.00922776,0.00922776
903,86083.3,0.65805,0.88386,0.99786,0.90647,0.92182,0.93577,0.83984,0.60245,0.93963,0.91041,0.00922609,0.00922609,0.00922609
904,86153.2,0.66015,0.88517,0.99573,0.90657,0.92152,0.93574,0.84003,0.60212,0.94015,0.91034,0.00922442,0.00922442,0.00922442
905,86222.6,0.65162,0.88553,1.00253,0.90627,0.9209,0.93576,0.83999,0.60173,0.93893,0.91006,0.00922274,0.00922274,0.00922274
906,86291.9,0.64386,0.88736,0.99192,0.9064,0.91926,0.93575,0.84038,0.60137,0.94005,0.9103,0.00922107,0.00922107,0.00922107
907,86361.6,0.65103,0.86499,0.99771,0.90635,0.91892,0.93543,0.84006,0.60154,0.94101,0.91059,0.00921939,0.00921939,0.00921939
908,86429.3,0.65584,0.90549,0.9968,0.90711,0.9178,0.93524,0.83982,0.60126,0.94112,0.91059,0.00921772,0.00921772,0.00921772
909,86496.2,0.64044,0.86826,0.99384,0.908,0.91731,0.93535,0.84014,0.60126,0.94253,0.91063,0.00921604,0.00921604,0.00921604
910,86565.5,0.66573,0.92778,1.00743,0.90802,0.917,0.93471,0.83849,0.60088,0.94228,0.91052,0.00921436,0.00921436,0.00921436
911,86636.1,0.63817,0.89128,0.98904,0.89738,0.92919,0.9355,0.83942,0.60054,0.94161,0.91055,0.00921268,0.00921268,0.00921268
912,86706.8,0.65858,0.90993,0.99626,0.89756,0.92919,0.93417,0.8375,0.60055,0.94103,0.91035,0.00921099,0.00921099,0.00921099
913,86775.9,0.65787,0.89131,1.00657,0.89744,0.92919,0.9345,0.83738,0.60041,0.93985,0.91028,0.00920931,0.00920931,0.00920931
914,86846.2,0.64831,0.85834,1.00073,0.8974,0.92919,0.93428,0.83803,0.59996,0.9409,0.91021,0.00920762,0.00920762,0.00920762
915,86919.2,0.64881,0.87606,0.99439,0.89721,0.92861,0.93453,0.83649,0.59976,0.94032,0.91023,0.00920593,0.00920593,0.00920593
916,86999.4,0.64497,0.91125,0.99279,0.89739,0.92808,0.93408,0.83613,0.59978,0.93967,0.91039,0.00920424,0.00920424,0.00920424
917,87079.4,0.64992,0.90769,0.99963,0.89749,0.92815,0.93373,0.8363,0.59936,0.93906,0.9103,0.00920255,0.00920255,0.00920255
918,87159.2,0.64505,0.89167,0.99207,0.89761,0.92732,0.93457,0.83767,0.59931,0.93655,0.91028,0.00920085,0.00920085,0.00920085
919,87239.3,0.64763,0.86155,0.99442,0.89755,0.92706,0.93368,0.8369,0.59862,0.93678,0.91004,0.00919916,0.00919916,0.00919916
920,87319.5,0.64485,0.88378,0.99368,0.8979,0.92891,0.93457,0.83746,0.59856,0.93665,0.90992,0.00919746,0.00919746,0.00919746
921,87400.4,0.64012,0.9069,0.99189,0.89786,0.92839,0.93421,0.83883,0.59812,0.93732,0.90995,0.00919576,0.00919576,0.00919576
922,87480.8,0.6479,0.91146,0.99296,0.89787,0.92838,0.93462,0.8392,0.59848,0.93728,0.91001,0.00919406,0.00919406,0.00919406
923,87561.2,0.62742,0.85247,0.98446,0.89695,0.9275,0.93444,0.8396,0.59812,0.93706,0.90987,0.00919236,0.00919236,0.00919236
924,87641,0.64938,0.89256,0.99829,0.9075,0.91647,0.93476,0.83781,0.59728,0.93548,0.90971,0.00919066,0.00919066,0.00919066
925,87720.6,0.64965,0.8808,1.00135,0.90752,0.91656,0.93457,0.8376,0.59744,0.93495,0.90975,0.00918895,0.00918895,0.00918895
926,87799.9,0.64332,0.87382,0.99802,0.90711,0.91648,0.93455,0.83791,0.59747,0.93465,0.90971,0.00918725,0.00918725,0.00918725
927,87880,0.65732,0.90078,1.00244,0.90603,0.91857,0.93452,0.83952,0.59763,0.93407,0.90986,0.00918554,0.00918554,0.00918554
928,87959.3,0.65152,0.91873,0.99337,0.90699,0.91766,0.9346,0.83782,0.59781,0.93629,0.90989,0.00918383,0.00918383,0.00918383
929,88038.5,0.66095,0.88875,0.99643,0.90727,0.91795,0.9344,0.83697,0.59774,0.93659,0.90982,0.00918212,0.00918212,0.00918212
930,88117.6,0.6451,0.89723,0.99087,0.90755,0.91818,0.93438,0.83831,0.59736,0.93701,0.90969,0.0091804,0.0091804,0.0091804
931,88198.2,0.64262,0.86739,0.98778,0.90731,0.91813,0.93432,0.83908,0.59704,0.93485,0.90977,0.00917869,0.00917869,0.00917869
932,88277.7,0.64252,0.90418,0.99181,0.90794,0.91738,0.93456,0.83915,0.597,0.93439,0.9098,0.00917697,0.00917697,0.00917697
933,88358,0.64441,0.88874,0.99115,0.90758,0.91714,0.93455,0.839,0.59672,0.93407,0.90972,0.00917525,0.00917525,0.00917525
934,88438.4,0.63552,0.86504,0.98308,0.90765,0.91688,0.93497,0.83927,0.59643,0.93396,0.90977,0.00917353,0.00917353,0.00917353
935,88518,0.64022,0.88329,0.99071,0.90737,0.91742,0.93503,0.83936,0.59638,0.93411,0.90971,0.00917181,0.00917181,0.00917181
936,88597.3,0.64023,0.88753,0.98805,0.90731,0.91732,0.93505,0.8372,0.59579,0.93461,0.90957,0.00917009,0.00917009,0.00917009
937,88677.4,0.6381,0.88974,0.98809,0.90723,0.91682,0.93487,0.83896,0.59549,0.93587,0.90956,0.00916836,0.00916836,0.00916836
938,88757.5,0.6526,0.89334,1.00403,0.90661,0.91732,0.93466,0.83892,0.59587,0.93965,0.90958,0.00916664,0.00916664,0.00916664
939,88837.5,0.66521,0.908,1.00274,0.89332,0.93273,0.93488,0.83716,0.59569,0.94098,0.90939,0.00916491,0.00916491,0.00916491
940,88917.4,0.65228,0.86882,0.99006,0.89313,0.93189,0.93443,0.83862,0.59516,0.93936,0.90922,0.00916318,0.00916318,0.00916318
941,88996.1,0.64494,0.85757,0.99433,0.89303,0.93141,0.93475,0.83891,0.59491,0.93947,0.90924,0.00916145,0.00916145,0.00916145
942,89075.5,0.65799,0.88462,1.0054,0.89301,0.93147,0.93447,0.83876,0.59482,0.93925,0.90914,0.00915972,0.00915972,0.00915972
943,89155.3,0.64725,0.86834,0.99432,0.89297,0.9311,0.9346,0.83958,0.59417,0.93991,0.90908,0.00915798,0.00915798,0.00915798
944,89235.7,0.64468,0.8889,0.99101,0.89306,0.93134,0.93382,0.83848,0.59449,0.93962,0.90917,0.00915625,0.00915625,0.00915625
945,89315.8,0.65122,0.88136,0.99228,0.89305,0.93127,0.93373,0.83847,0.59416,0.94048,0.90932,0.00915451,0.00915451,0.00915451
946,89395.4,0.64389,0.88652,0.98669,0.89291,0.93167,0.93336,0.83836,0.59451,0.93921,0.90965,0.00915277,0.00915277,0.00915277
947,89474.8,0.65021,0.87311,1.0022,0.89334,0.92919,0.93396,0.83901,0.59475,0.93967,0.91004,0.00915103,0.00915103,0.00915103
948,89555.1,0.6461,0.87268,0.99244,0.89926,0.92546,0.93344,0.83813,0.59404,0.94018,0.91002,0.00914929,0.00914929,0.00914929
949,89635.3,0.63825,0.862,0.99678,0.89908,0.92641,0.93354,0.83707,0.59443,0.94319,0.9101,0.00914754,0.00914754,0.00914754
950,89714.8,0.64445,0.87362,0.99539,0.8988,0.92613,0.9328,0.83606,0.59447,0.94498,0.91002,0.0091458,0.0091458,0.0091458
951,89795,0.64114,0.91669,0.99806,0.89872,0.92609,0.9333,0.83676,0.59443,0.946,0.90987,0.00914405,0.00914405,0.00914405
952,89874.9,0.64759,0.89798,0.99574,0.89865,0.92673,0.93313,0.83582,0.59433,0.94617,0.90995,0.0091423,0.0091423,0.0091423
953,89954,0.64584,0.87975,1.00288,0.8986,0.92677,0.93354,0.83648,0.59448,0.94782,0.91012,0.00914055,0.00914055,0.00914055
954,90033.4,0.63496,0.88855,0.98234,0.89833,0.92633,0.93398,0.8364,0.59458,0.94791,0.91031,0.0091388,0.0091388,0.0091388
955,90113.2,0.65447,0.88106,0.99839,0.8977,0.92571,0.93309,0.83593,0.59452,0.94815,0.91036,0.00913704,0.00913704,0.00913704
956,90193.5,0.65884,0.89913,0.99191,0.89545,0.92563,0.93385,0.83592,0.59479,0.94836,0.91051,0.00913529,0.00913529,0.00913529
957,90272.9,0.65588,0.88872,0.99708,0.89524,0.92587,0.93315,0.83591,0.59452,0.9478,0.91047,0.00913353,0.00913353,0.00913353
958,90353.1,0.64824,0.90413,1.00517,0.89531,0.92561,0.93316,0.83556,0.5947,0.94871,0.9106,0.00913177,0.00913177,0.00913177
959,90433.2,0.64587,0.88256,0.99534,0.89515,0.92482,0.9328,0.83514,0.59492,0.94819,0.9108,0.00913001,0.00913001,0.00913001
960,90513.1,0.6518,0.87315,0.9922,0.89512,0.92459,0.93326,0.83451,0.59425,0.94885,0.9103,0.00912825,0.00912825,0.00912825
961,90593.5,0.64614,0.88965,1.00068,0.89609,0.92397,0.93294,0.83413,0.59435,0.94769,0.91055,0.00912649,0.00912649,0.00912649
962,90673.2,0.6492,0.90061,1.00628,0.89618,0.92329,0.93207,0.83337,0.59447,0.94871,0.9106,0.00912472,0.00912472,0.00912472
963,90753.3,0.658,0.91454,1.00053,0.89608,0.92335,0.9331,0.8342,0.59391,0.94964,0.91036,0.00912295,0.00912295,0.00912295
964,90833.1,0.63991,0.87968,0.98856,0.89646,0.92514,0.93197,0.83338,0.59349,0.94918,0.91038,0.00912119,0.00912119,0.00912119
965,90913.1,0.64817,0.87457,0.98906,0.89605,0.92524,0.93243,0.83403,0.59316,0.94912,0.9103,0.00911942,0.00911942,0.00911942
966,90993.2,0.64155,0.86705,0.99185,0.89594,0.9263,0.932,0.83287,0.59232,0.94516,0.90996,0.00911764,0.00911764,0.00911764
967,91072.7,0.64489,0.89782,0.99084,0.89482,0.92919,0.9322,0.83339,0.59341,0.94213,0.91096,0.00911587,0.00911587,0.00911587
968,91152.8,0.65418,0.88486,1.00002,0.8948,0.92919,0.93242,0.83344,0.59328,0.9428,0.91099,0.0091141,0.0091141,0.0091141
969,91233.1,0.65085,0.88422,0.99513,0.89405,0.92919,0.93242,0.83435,0.59373,0.94648,0.91132,0.00911232,0.00911232,0.00911232
970,91313.1,0.63096,0.86856,0.99079,0.89342,0.92919,0.93237,0.83425,0.59385,0.94587,0.91139,0.00911054,0.00911054,0.00911054
971,91393.8,0.6488,0.86924,0.98976,0.8934,0.92909,0.93204,0.83369,0.59364,0.94493,0.91134,0.00910876,0.00910876,0.00910876
972,91475.1,0.6482,0.88084,0.99565,0.89324,0.92831,0.93245,0.83392,0.59359,0.94604,0.91142,0.00910698,0.00910698,0.00910698
973,91555.7,0.64806,0.91436,1.00094,0.89323,0.92838,0.93192,0.83245,0.59412,0.94741,0.91196,0.0091052,0.0091052,0.0091052
974,91636.7,0.64881,0.87613,1.00209,0.89183,0.92919,0.93207,0.83298,0.59293,0.94412,0.91146,0.00910341,0.00910341,0.00910341
975,91717,0.64397,0.87704,0.99897,0.89178,0.92919,0.93194,0.8333,0.59354,0.94561,0.91175,0.00910163,0.00910163,0.00910163
976,91797.1,0.65623,0.88952,0.99778,0.89144,0.92919,0.93169,0.83272,0.59366,0.94633,0.91185,0.00909984,0.00909984,0.00909984
977,91877.2,0.65273,0.8862,1.00418,0.89142,0.92939,0.93188,0.83296,0.59321,0.94592,0.9116,0.00909805,0.00909805,0.00909805
978,91957.3,0.64172,0.88594,0.98989,0.89139,0.92921,0.93205,0.83314,0.59346,0.94422,0.91131,0.00909626,0.00909626,0.00909626
979,92036.6,0.63915,0.86218,0.98988,0.89144,0.92919,0.93206,0.83322,0.59347,0.94405,0.91162,0.00909447,0.00909447,0.00909447
980,92116.8,0.63933,0.89443,0.98536,0.89117,0.92919,0.93173,0.833,0.59322,0.94311,0.91135,0.00909267,0.00909267,0.00909267
981,92196.6,0.63827,0.87326,0.98507,0.89183,0.92919,0.93169,0.83347,0.59337,0.94335,0.9115,0.00909088,0.00909088,0.00909088
982,92277.4,0.66127,0.88275,1.00001,0.8923,0.92919,0.93163,0.83414,0.59363,0.94166,0.91165,0.00908908,0.00908908,0.00908908
