epoch,time,train/box_loss,train/cls_loss,train/dfl_loss,metrics/precision(B),metrics/recall(B),metrics/mAP50(B),metrics/mAP50-95(B),val/box_loss,val/cls_loss,val/dfl_loss,lr/pg0,lr/pg1,lr/pg2
1,159.309,1.26972,9.12756,1.46167,0.67028,0.76477,0.7722,0.53861,1.16414,2.94712,1.2957,0.00331691,0.00331691,0.00331691
2,284.588,1.14292,4.1834,1.32566,0.78769,0.74075,0.77386,0.55127,1.25452,2.64074,1.3798,0.00665025,0.00665025,0.00665025
3,406.754,1.30979,3.29377,1.43961,0.67082,0.67394,0.69216,0.44027,1.36431,7.26332,1.51134,0.00998358,0.00998358,0.00998358
4,529.721,1.39859,3.15758,1.51806,0.64724,0.71774,0.78271,0.48603,1.50537,3.35018,1.59413,0.00999999,0.00999999,0.00999999
5,652.524,1.32114,2.95768,1.4612,0.79192,0.8039,0.83341,0.56347,1.25605,3.42595,1.41948,0.00999998,0.00999998,0.00999998
6,773.925,1.21552,2.67495,1.40107,0.7829,0.80025,0.84281,0.59652,1.13799,2.21522,1.27497,0.00999998,0.00999998,0.00999998
7,895.983,1.17473,2.55563,1.368,0.7859,0.83065,0.82771,0.58367,1.13987,2.05756,1.26955,0.00999996,0.00999996,0.00999996
8,1018.67,1.1516,2.48449,1.35103,0.75798,0.83551,0.8236,0.60258,1.15474,2.13316,1.24839,0.00999995,0.00999995,0.00999995
9,1141.9,1.12446,2.37172,1.32491,0.83328,0.76633,0.85766,0.6086,1.14576,2.13502,1.26511,0.00999994,0.00999994,0.00999994
10,1264.87,1.11769,2.31094,1.32917,0.83705,0.81792,0.86403,0.61385,1.22754,2.10588,1.2898,0.00999992,0.00999992,0.00999992
11,1386.72,1.09486,2.30215,1.29973,0.85249,0.83268,0.86688,0.63242,1.10556,1.85223,1.21521,0.0099999,0.0099999,0.0099999
12,1509.01,1.07076,2.23607,1.28737,0.80825,0.87796,0.87058,0.65209,1.01706,1.81452,1.18092,0.00999988,0.00999988,0.00999988
13,1631.27,1.06514,2.18505,1.28549,0.86564,0.79833,0.86094,0.63711,1.04359,1.8048,1.18512,0.00999986,0.00999986,0.00999986
14,1754.22,1.04822,2.1322,1.28851,0.85589,0.79864,0.85879,0.62283,1.14555,1.83535,1.22855,0.00999983,0.00999983,0.00999983
15,1876.4,1.03379,2.12212,1.25267,0.82406,0.84287,0.87655,0.66745,0.9608,1.77286,1.12939,0.00999981,0.00999981,0.00999981
16,1998.97,1.01915,2.0557,1.25279,0.84911,0.84353,0.87453,0.68735,0.96239,1.62233,1.1194,0.00999978,0.00999978,0.00999978
17,2121.22,1.02373,2.03392,1.24409,0.82345,0.85241,0.8608,0.63243,1.04817,1.69675,1.17181,0.00999975,0.00999975,0.00999975
18,2243.14,1.00741,2.06684,1.24758,0.85934,0.85808,0.88655,0.67896,0.97019,1.65192,1.14203,0.00999972,0.00999972,0.00999972
19,2366.04,0.99812,2.04706,1.23886,0.85491,0.83268,0.88262,0.68788,0.91882,1.61531,1.10439,0.00999968,0.00999968,0.00999968
20,2487.9,0.99079,1.96356,1.24036,0.82804,0.8781,0.87738,0.69638,0.94227,1.71864,1.14797,0.00999965,0.00999965,0.00999965
21,2611.29,0.97326,1.9796,1.22313,0.82463,0.88582,0.85584,0.63764,1.03291,1.62417,1.16491,0.00999961,0.00999961,0.00999961
22,2733.71,0.98672,1.93581,1.23406,0.87706,0.81952,0.87701,0.6723,1.0296,1.67844,1.15353,0.00999957,0.00999957,0.00999957
23,2859.12,0.96626,1.93149,1.2067,0.84537,0.83251,0.86713,0.68524,1.02741,1.65404,1.13401,0.00999953,0.00999953,0.00999953
24,2982.17,0.989,1.93033,1.23305,0.80684,0.89485,0.8777,0.68431,0.9675,1.67916,1.13132,0.00999948,0.00999948,0.00999948
25,3105.08,0.96894,1.89033,1.2197,0.83043,0.89539,0.88991,0.69991,0.91089,1.49265,1.08918,0.00999944,0.00999944,0.00999944
26,3229.33,0.94275,1.85108,1.21297,0.8253,0.88056,0.88031,0.68542,0.93904,1.59216,1.10344,0.00999939,0.00999939,0.00999939
27,3351.87,0.94963,1.86362,1.20072,0.86538,0.8498,0.89816,0.70597,0.94652,1.59723,1.11988,0.00999934,0.00999934,0.00999934
28,3474.68,0.92314,1.86872,1.18565,0.83499,0.87061,0.88556,0.69486,0.91189,1.57456,1.07915,0.00999929,0.00999929,0.00999929
29,3597.67,0.93592,1.90516,1.19607,0.86217,0.84355,0.87196,0.67507,0.94864,1.63844,1.14957,0.00999923,0.00999923,0.00999923
30,3718.94,0.94924,1.84658,1.20579,0.86956,0.8753,0.8889,0.71022,0.93474,1.56758,1.10518,0.00999918,0.00999918,0.00999918
31,3839.99,0.94549,1.78767,1.20858,0.86352,0.8633,0.88863,0.69385,0.95253,1.50771,1.09372,0.00999912,0.00999912,0.00999912
32,3962.25,0.92696,1.80732,1.18487,0.84486,0.87545,0.87801,0.7135,0.86854,1.51106,1.06907,0.00999906,0.00999906,0.00999906
33,4084.23,0.93234,1.79932,1.1963,0.84161,0.88645,0.89685,0.71135,0.91764,1.51926,1.0852,0.009999,0.009999,0.009999
34,4207.43,0.91416,1.7388,1.18458,0.85307,0.90303,0.89688,0.67849,1.00647,1.538,1.1204,0.00999894,0.00999894,0.00999894
35,4329.03,0.91068,1.75202,1.17788,0.8555,0.8593,0.8932,0.71858,0.915,1.46428,1.07969,0.00999887,0.00999887,0.00999887
36,4450.47,0.91706,1.76589,1.18393,0.85586,0.88045,0.89334,0.70935,0.90745,1.52093,1.07532,0.0099988,0.0099988,0.0099988
37,4574,0.92013,1.765,1.17795,0.84753,0.88278,0.88877,0.67322,0.99666,1.47038,1.12782,0.00999873,0.00999873,0.00999873
38,4694.86,0.91187,1.7337,1.17666,0.86591,0.84567,0.87994,0.72313,0.82477,1.46237,1.04125,0.00999866,0.00999866,0.00999866
39,4816.35,0.90843,1.79093,1.17366,0.8516,0.87408,0.88077,0.7174,0.88157,1.46033,1.07758,0.00999859,0.00999859,0.00999859
40,4938.24,0.88774,1.69418,1.16184,0.84421,0.86412,0.876,0.70683,0.85578,1.58633,1.06007,0.00999851,0.00999851,0.00999851
41,5060.69,0.90916,1.6988,1.17924,0.86799,0.89143,0.89577,0.71778,0.88259,1.48862,1.08081,0.00999844,0.00999844,0.00999844
42,5182.64,0.88966,1.68725,1.15298,0.85483,0.91425,0.90082,0.74812,0.83855,1.38122,1.04669,0.00999836,0.00999836,0.00999836
43,5304.23,0.90345,1.71244,1.17085,0.87378,0.88798,0.88561,0.7211,0.86914,1.42283,1.0527,0.00999828,0.00999828,0.00999828
44,5425.39,0.89093,1.64927,1.1581,0.88927,0.85922,0.89166,0.72121,0.86067,1.47552,1.08389,0.00999819,0.00999819,0.00999819
45,5548.27,0.9068,1.70309,1.16585,0.87261,0.85268,0.88943,0.72475,0.84672,1.46577,1.04336,0.00999811,0.00999811,0.00999811
46,5669.81,0.88034,1.66641,1.16208,0.85526,0.86477,0.8898,0.71689,0.8736,1.43532,1.06147,0.00999802,0.00999802,0.00999802
47,5792.4,0.89636,1.69834,1.16635,0.86726,0.88193,0.91065,0.73976,0.84188,1.38869,1.05822,0.00999793,0.00999793,0.00999793
48,5915.85,0.88952,1.67949,1.16551,0.84701,0.89549,0.90025,0.74259,0.81477,1.40671,1.03032,0.00999784,0.00999784,0.00999784
49,6037.38,0.8649,1.62463,1.14472,0.85228,0.90057,0.90511,0.75097,0.83343,1.37572,1.05557,0.00999775,0.00999775,0.00999775
50,6160.17,0.86957,1.61496,1.15488,0.86709,0.87499,0.89575,0.72316,0.87751,1.43315,1.06737,0.00999765,0.00999765,0.00999765
51,6284.12,0.88489,1.6443,1.15874,0.84935,0.87776,0.90155,0.7305,0.8745,1.50226,1.06402,0.00999756,0.00999756,0.00999756
52,6404.62,0.87155,1.64052,1.14511,0.88333,0.88913,0.90427,0.73986,0.86398,1.3222,1.05895,0.00999746,0.00999746,0.00999746
53,6524.94,0.86265,1.59595,1.14943,0.87245,0.88846,0.89693,0.75067,0.8115,1.35108,1.02828,0.00999736,0.00999736,0.00999736
54,6647.58,0.84924,1.60892,1.13757,0.85977,0.88233,0.90195,0.74094,0.80286,1.41978,1.03347,0.00999726,0.00999726,0.00999726
55,6768.71,0.86775,1.66253,1.13959,0.88431,0.86477,0.90071,0.76039,0.77609,1.38965,1.01655,0.00999715,0.00999715,0.00999715
56,6890.04,0.87501,1.61858,1.14898,0.86593,0.87417,0.90051,0.75092,0.8258,1.38051,1.0345,0.00999704,0.00999704,0.00999704
57,7013.17,0.85427,1.58485,1.137,0.8607,0.88216,0.89735,0.74808,0.77795,1.41837,1.02013,0.00999694,0.00999694,0.00999694
58,7135.64,0.86414,1.58682,1.14451,0.86761,0.88663,0.89903,0.74452,0.80266,1.32188,1.02696,0.00999683,0.00999683,0.00999683
59,7256.3,0.85449,1.5356,1.13607,0.88444,0.87014,0.90222,0.74849,0.81309,1.35907,1.02574,0.00999671,0.00999671,0.00999671
60,7376.88,0.85352,1.5517,1.1368,0.87889,0.86986,0.90203,0.75603,0.80401,1.38277,1.03459,0.0099966,0.0099966,0.0099966
61,7497.71,0.87192,1.61666,1.14843,0.87407,0.84526,0.90037,0.74834,0.81705,1.41395,1.02446,0.00999648,0.00999648,0.00999648
62,7619.36,0.86445,1.59284,1.15348,0.85495,0.89109,0.90248,0.75037,0.84456,1.4208,1.05309,0.00999636,0.00999636,0.00999636
63,7741.55,0.86457,1.5805,1.15138,0.89821,0.8702,0.9029,0.73962,0.84603,1.43269,1.04217,0.00999624,0.00999624,0.00999624
64,7863.12,0.85529,1.53677,1.14888,0.88723,0.88981,0.90736,0.76024,0.78184,1.30907,1.01034,0.00999612,0.00999612,0.00999612
65,7983.3,0.84788,1.57633,1.13534,0.89151,0.85357,0.90576,0.75845,0.82562,1.39423,1.02072,0.009996,0.009996,0.009996
66,8105.47,0.84866,1.64645,1.13917,0.86624,0.8807,0.90895,0.74974,0.82041,1.35921,1.02616,0.00999587,0.00999587,0.00999587
67,8226.64,0.84526,1.57516,1.12893,0.85382,0.91248,0.91618,0.75884,0.81242,1.30967,1.01681,0.00999574,0.00999574,0.00999574
68,8345.36,0.84112,1.52531,1.12682,0.87618,0.89622,0.9101,0.76089,0.78075,1.31748,1.01018,0.00999561,0.00999561,0.00999561
69,8465.69,0.84242,1.53149,1.13631,0.8723,0.89602,0.909,0.75004,0.80654,1.33458,1.02236,0.00999548,0.00999548,0.00999548
70,8585.45,0.83659,1.54452,1.1276,0.85813,0.9049,0.90981,0.76401,0.7905,1.29179,1.02081,0.00999535,0.00999535,0.00999535
71,8707.38,0.8346,1.53171,1.12461,0.87504,0.90178,0.91424,0.76526,0.7829,1.28802,1.01148,0.00999521,0.00999521,0.00999521
72,8827.26,0.84716,1.53537,1.13914,0.87277,0.88688,0.90822,0.74518,0.80138,1.28913,1.00802,0.00999508,0.00999508,0.00999508
73,8946.14,0.83529,1.53819,1.13367,0.88098,0.87086,0.91011,0.76394,0.80219,1.29735,1.02027,0.00999494,0.00999494,0.00999494
74,9066.7,0.81097,1.49202,1.10103,0.85031,0.88135,0.90463,0.75878,0.7836,1.33109,1.00924,0.00999479,0.00999479,0.00999479
75,9188.93,0.8438,1.47849,1.1396,0.8541,0.9029,0.91075,0.76693,0.78602,1.27834,1.02299,0.00999465,0.00999465,0.00999465
76,9307.97,0.82275,1.4891,1.11907,0.83493,0.91082,0.90816,0.76,0.78684,1.30689,1.01481,0.0099945,0.0099945,0.0099945
77,9428.37,0.83343,1.51026,1.12151,0.86282,0.87204,0.90359,0.76258,0.76893,1.29099,0.99331,0.00999436,0.00999436,0.00999436
78,9546.48,0.83239,1.50142,1.12603,0.88278,0.8618,0.91045,0.76686,0.79051,1.34216,1.01873,0.00999421,0.00999421,0.00999421
79,9666.42,0.83293,1.50971,1.12908,0.84659,0.90062,0.91365,0.76215,0.78194,1.27035,1.01057,0.00999406,0.00999406,0.00999406
80,9787.81,0.81705,1.47116,1.11898,0.86318,0.88469,0.91004,0.768,0.77427,1.2774,1.00467,0.0099939,0.0099939,0.0099939
81,9908.89,0.83851,1.49537,1.12877,0.87985,0.87024,0.90728,0.76273,0.77104,1.25441,0.99745,0.00999375,0.00999375,0.00999375
82,10031,0.82338,1.50496,1.11939,0.88818,0.8601,0.89596,0.75692,0.75641,1.27151,0.99075,0.00999359,0.00999359,0.00999359
83,10154.4,0.84765,1.46322,1.13342,0.85916,0.88488,0.90256,0.77046,0.73061,1.2487,0.98427,0.00999343,0.00999343,0.00999343
84,10277.6,0.82683,1.46692,1.11773,0.89296,0.87673,0.90752,0.76826,0.74947,1.22273,0.98621,0.00999327,0.00999327,0.00999327
85,10399.3,0.84052,1.52755,1.1352,0.88483,0.87256,0.90925,0.77212,0.75306,1.25823,0.99234,0.00999311,0.00999311,0.00999311
86,10521.5,0.81198,1.49433,1.10171,0.86038,0.90061,0.90495,0.75992,0.76469,1.27904,1.00281,0.00999294,0.00999294,0.00999294
87,10642.8,0.82928,1.47056,1.12558,0.87127,0.88879,0.90932,0.75664,0.78532,1.25488,1.0098,0.00999278,0.00999278,0.00999278
88,10764.4,0.82638,1.4234,1.11169,0.89901,0.88862,0.90827,0.76793,0.75994,1.27233,0.99804,0.00999261,0.00999261,0.00999261
89,10887.2,0.83122,1.45065,1.12152,0.9017,0.87267,0.90331,0.76437,0.76766,1.24887,1.00091,0.00999244,0.00999244,0.00999244
90,11008.6,0.81911,1.48585,1.13171,0.88081,0.88056,0.9056,0.75805,0.76943,1.2587,1.00297,0.00999226,0.00999226,0.00999226
91,11130.5,0.81533,1.44805,1.11138,0.88826,0.88129,0.90766,0.75648,0.78515,1.27305,1.00755,0.00999209,0.00999209,0.00999209
92,11251.5,0.81502,1.48157,1.11257,0.90058,0.88477,0.91116,0.76456,0.78167,1.25012,1.01261,0.00999191,0.00999191,0.00999191
93,11374.9,0.80979,1.44117,1.10109,0.85733,0.91119,0.91167,0.77546,0.75684,1.21837,0.99925,0.00999173,0.00999173,0.00999173
94,11495.8,0.80582,1.43616,1.10319,0.86023,0.90968,0.90682,0.77019,0.74543,1.20274,0.99248,0.00999155,0.00999155,0.00999155
95,11617.8,0.82304,1.42052,1.11827,0.88258,0.87852,0.91258,0.76823,0.76585,1.22247,0.9985,0.00999137,0.00999137,0.00999137
96,11739.7,0.81942,1.42139,1.10351,0.89403,0.8729,0.91301,0.77425,0.74935,1.2167,0.98939,0.00999118,0.00999118,0.00999118
97,11866.4,0.79617,1.42397,1.09175,0.89347,0.87667,0.91638,0.77081,0.75912,1.24985,0.99392,0.009991,0.009991,0.009991
98,11988.3,0.81641,1.43978,1.10712,0.88832,0.87341,0.91206,0.76805,0.76088,1.23516,0.991,0.00999081,0.00999081,0.00999081
99,12110.5,0.8061,1.43336,1.11551,0.88549,0.86706,0.91048,0.77405,0.74043,1.242,0.98192,0.00999062,0.00999062,0.00999062
100,12231.8,0.79299,1.38416,1.09819,0.88877,0.87827,0.91053,0.77619,0.74569,1.23312,0.98765,0.00999043,0.00999043,0.00999043
101,12351.7,0.80727,1.40464,1.10583,0.89352,0.85175,0.91162,0.77792,0.74029,1.21115,0.98223,0.00999023,0.00999023,0.00999023
102,12472.4,0.80652,1.42719,1.10168,0.89435,0.8649,0.91344,0.77462,0.74397,1.19931,0.98709,0.00999004,0.00999004,0.00999004
103,12592.6,0.79718,1.36763,1.10787,0.89489,0.87404,0.91429,0.76913,0.7577,1.22143,0.99166,0.00998984,0.00998984,0.00998984
104,12712.7,0.81117,1.42462,1.10712,0.88655,0.86723,0.91192,0.76922,0.75421,1.22701,0.9878,0.00998964,0.00998964,0.00998964
105,12833.4,0.82047,1.49268,1.12346,0.89085,0.86753,0.91125,0.76892,0.75326,1.22372,0.98653,0.00998944,0.00998944,0.00998944
106,12952.1,0.79504,1.38183,1.09416,0.89301,0.86723,0.91006,0.77263,0.75622,1.2093,0.98657,0.00998923,0.00998923,0.00998923
107,13072.1,0.80613,1.40228,1.10311,0.89624,0.88068,0.91212,0.77452,0.7458,1.20023,0.98382,0.00998903,0.00998903,0.00998903
108,13193.9,0.81001,1.44618,1.11081,0.8952,0.88862,0.91281,0.77629,0.75572,1.22056,0.98793,0.00998882,0.00998882,0.00998882
109,13315.2,0.79796,1.36864,1.08599,0.89858,0.88426,0.91369,0.779,0.74566,1.19233,0.97883,0.00998861,0.00998861,0.00998861
110,13439,0.80002,1.4042,1.10329,0.9,0.88862,0.91505,0.77884,0.74644,1.18341,0.98263,0.0099884,0.0099884,0.0099884
111,13561.4,0.80698,1.37258,1.10155,0.8945,0.89389,0.917,0.78255,0.73611,1.1848,0.97802,0.00998818,0.00998818,0.00998818
112,13684.5,0.79392,1.40112,1.08937,0.88992,0.89192,0.92008,0.7833,0.74223,1.20146,0.97938,0.00998797,0.00998797,0.00998797
113,13804.5,0.81613,1.40142,1.10987,0.87676,0.89683,0.91983,0.78541,0.74511,1.21406,0.97938,0.00998775,0.00998775,0.00998775
114,13924.4,0.79718,1.35986,1.10059,0.87748,0.89921,0.91976,0.78386,0.7318,1.18662,0.97277,0.00998753,0.00998753,0.00998753
115,14045.5,0.80167,1.37811,1.09473,0.87927,0.90464,0.91821,0.79056,0.72471,1.1684,0.96882,0.00998731,0.00998731,0.00998731
116,14165.3,0.79462,1.35158,1.09585,0.88028,0.89849,0.91939,0.79284,0.71948,1.1666,0.9648,0.00998708,0.00998708,0.00998708
117,14285.6,0.81042,1.40747,1.10771,0.8896,0.88532,0.91761,0.78956,0.72561,1.1663,0.96964,0.00998686,0.00998686,0.00998686
118,14407.2,0.80638,1.35466,1.10019,0.88051,0.89613,0.91571,0.79506,0.72239,1.17253,0.96977,0.00998663,0.00998663,0.00998663
119,14526.6,0.78964,1.37006,1.09175,0.88141,0.90275,0.91822,0.79172,0.7232,1.17351,0.97275,0.0099864,0.0099864,0.0099864
120,14646.3,0.79365,1.33424,1.10077,0.88427,0.90162,0.91958,0.78848,0.72798,1.16048,0.97539,0.00998617,0.00998617,0.00998617
121,14766.7,0.79896,1.37263,1.10606,0.89836,0.88582,0.92174,0.79135,0.73125,1.15983,0.97749,0.00998594,0.00998594,0.00998594
122,14886.3,0.7881,1.38279,1.09109,0.88604,0.8984,0.92009,0.79409,0.72798,1.16999,0.97814,0.0099857,0.0099857,0.0099857
123,15006,0.78466,1.34957,1.09791,0.88263,0.90441,0.91994,0.79781,0.72505,1.16735,0.97757,0.00998546,0.00998546,0.00998546
124,15125.9,0.78493,1.33303,1.08812,0.87754,0.90078,0.91923,0.79588,0.71744,1.15422,0.97407,0.00998522,0.00998522,0.00998522
125,15245.8,0.80538,1.35094,1.09357,0.87964,0.89536,0.91589,0.79164,0.72294,1.16004,0.97504,0.00998498,0.00998498,0.00998498
126,15363.8,0.80109,1.37661,1.11134,0.88035,0.89367,0.91626,0.79286,0.71727,1.15193,0.97158,0.00998474,0.00998474,0.00998474
127,15484.6,0.77756,1.31612,1.08226,0.88425,0.89333,0.91639,0.7906,0.71681,1.13683,0.97073,0.0099845,0.0099845,0.0099845
128,15603.8,0.78016,1.34973,1.09106,0.88608,0.8937,0.91553,0.78937,0.72082,1.15107,0.97322,0.00998425,0.00998425,0.00998425
129,15723.9,0.79329,1.37225,1.09563,0.89208,0.89077,0.91498,0.78931,0.72335,1.13889,0.97251,0.009984,0.009984,0.009984
130,15843.6,0.78552,1.29981,1.08941,0.89448,0.88793,0.91511,0.78909,0.72425,1.14053,0.97308,0.00998375,0.00998375,0.00998375
131,15962.5,0.7828,1.31558,1.09317,0.8918,0.89313,0.91315,0.78538,0.72498,1.14429,0.97292,0.0099835,0.0099835,0.0099835
132,16082.3,0.79429,1.34595,1.10173,0.89013,0.89311,0.9122,0.7846,0.72204,1.15492,0.96958,0.00998324,0.00998324,0.00998324
133,16201.1,0.78831,1.34243,1.09438,0.88857,0.89098,0.91573,0.78825,0.71625,1.14513,0.96613,0.00998298,0.00998298,0.00998298
134,16319.7,0.78981,1.30913,1.09597,0.88562,0.89164,0.91621,0.78794,0.71017,1.133,0.96206,0.00998273,0.00998273,0.00998273
135,16439.2,0.76356,1.34,1.07315,0.88448,0.89454,0.91668,0.79193,0.70601,1.12167,0.96002,0.00998247,0.00998247,0.00998247
136,16559.5,0.78762,1.33523,1.09167,0.8992,0.89126,0.91799,0.78961,0.70582,1.11154,0.95932,0.0099822,0.0099822,0.0099822
137,16680.6,0.78132,1.33409,1.09096,0.89665,0.89126,0.91888,0.79255,0.70244,1.10513,0.95874,0.00998194,0.00998194,0.00998194
138,16799.3,0.78851,1.32442,1.10367,0.89962,0.88935,0.91982,0.79477,0.70025,1.10057,0.95734,0.00998167,0.00998167,0.00998167
139,16918.1,0.78576,1.29144,1.09356,0.90242,0.88618,0.91944,0.79558,0.69886,1.10345,0.95708,0.0099814,0.0099814,0.0099814
140,17038.3,0.76908,1.28719,1.07347,0.90367,0.8857,0.91881,0.7939,0.69927,1.1,0.95829,0.00998113,0.00998113,0.00998113
141,17157.8,0.78286,1.30957,1.0914,0.90424,0.88512,0.91915,0.79434,0.69633,1.09225,0.95743,0.00998086,0.00998086,0.00998086
142,17277.7,0.78196,1.29501,1.09184,0.9042,0.8845,0.9197,0.79717,0.69464,1.08718,0.95683,0.00998059,0.00998059,0.00998059
143,17397.6,0.79253,1.32877,1.09923,0.89848,0.88485,0.91957,0.79591,0.69339,1.0854,0.95597,0.00998031,0.00998031,0.00998031
144,17518.2,0.76869,1.31189,1.07914,0.88838,0.89652,0.9191,0.79524,0.69314,1.08841,0.95625,0.00998003,0.00998003,0.00998003
145,17639.6,0.79518,1.30046,1.1047,0.89847,0.88783,0.91924,0.79546,0.69363,1.09063,0.95668,0.00997975,0.00997975,0.00997975
146,17760.1,0.78125,1.28811,1.088,0.89389,0.89072,0.91882,0.79635,0.69341,1.10063,0.95617,0.00997947,0.00997947,0.00997947
147,17880.7,0.78472,1.29236,1.09309,0.89385,0.89108,0.91771,0.79545,0.69489,1.11138,0.95734,0.00997919,0.00997919,0.00997919
148,17999.9,0.77109,1.28312,1.09653,0.89628,0.89518,0.91757,0.79798,0.69387,1.10651,0.95663,0.0099789,0.0099789,0.0099789
149,18118.4,0.78762,1.29939,1.09878,0.89428,0.89676,0.9171,0.79505,0.69319,1.10134,0.9558,0.00997861,0.00997861,0.00997861
150,18237.8,0.77519,1.27263,1.08307,0.88807,0.90178,0.91841,0.79707,0.692,1.10256,0.95597,0.00997832,0.00997832,0.00997832
151,18356.8,0.79032,1.33345,1.08811,0.89313,0.90335,0.91855,0.79774,0.69247,1.1095,0.95645,0.00997803,0.00997803,0.00997803
152,18475.5,0.77444,1.29872,1.07641,0.89342,0.90333,0.91843,0.79658,0.69337,1.11361,0.95624,0.00997774,0.00997774,0.00997774
153,18594.8,0.77481,1.29293,1.07353,0.89374,0.90231,0.91872,0.7957,0.69379,1.11388,0.95634,0.00997744,0.00997744,0.00997744
154,18712.7,0.77597,1.30291,1.08457,0.89148,0.9058,0.92055,0.79847,0.69399,1.11738,0.95665,0.00997714,0.00997714,0.00997714
155,18833.2,0.7726,1.27188,1.08666,0.88967,0.90441,0.91994,0.79913,0.69415,1.11644,0.95646,0.00997685,0.00997685,0.00997685
156,18952.9,0.78098,1.28273,1.08613,0.89178,0.90441,0.92022,0.7979,0.6938,1.11313,0.95633,0.00997654,0.00997654,0.00997654
157,19073.8,0.78245,1.31071,1.08847,0.88949,0.90566,0.91959,0.79738,0.69463,1.1108,0.9566,0.00997624,0.00997624,0.00997624
158,19193.9,0.80746,1.32436,1.10005,0.89261,0.90406,0.9196,0.79554,0.69403,1.10811,0.95588,0.00997594,0.00997594,0.00997594
159,19315.4,0.77322,1.3041,1.0866,0.89297,0.90321,0.91932,0.79363,0.69565,1.10712,0.95675,0.00997563,0.00997563,0.00997563
160,19435.6,0.78218,1.24567,1.09296,0.89251,0.90357,0.91925,0.79353,0.69696,1.1024,0.95757,0.00997532,0.00997532,0.00997532
161,19555.3,0.77204,1.25775,1.08109,0.89237,0.90367,0.91954,0.7954,0.69805,1.10257,0.958,0.00997501,0.00997501,0.00997501
162,19674.2,0.76981,1.28477,1.08688,0.89217,0.9033,0.9198,0.79564,0.69939,1.10267,0.96004,0.00997469,0.00997469,0.00997469
163,19794.7,0.76637,1.25829,1.08833,0.89669,0.89846,0.91966,0.79633,0.69807,1.09907,0.95925,0.00997438,0.00997438,0.00997438
164,19914.4,0.76744,1.24408,1.08499,0.89804,0.8986,0.91958,0.79538,0.69733,1.09373,0.95898,0.00997406,0.00997406,0.00997406
165,20033.6,0.75933,1.26946,1.07684,0.89774,0.89842,0.91962,0.79667,0.69575,1.08927,0.95797,0.00997374,0.00997374,0.00997374
166,20153.3,0.76915,1.24315,1.07729,0.89777,0.89878,0.91984,0.79767,0.69501,1.08868,0.95743,0.00997342,0.00997342,0.00997342
167,20274.6,0.76217,1.23677,1.07805,0.89776,0.89872,0.91938,0.79654,0.69466,1.0865,0.95685,0.0099731,0.0099731,0.0099731
168,20398.6,0.76333,1.28698,1.07652,0.89788,0.89968,0.92049,0.79909,0.69424,1.08657,0.95572,0.00997277,0.00997277,0.00997277
169,20519.8,0.76511,1.226,1.08161,0.87881,0.92342,0.91992,0.79627,0.69544,1.08532,0.95573,0.00997245,0.00997245,0.00997245
170,20637.7,0.76394,1.29171,1.08774,0.88068,0.92313,0.9199,0.79699,0.69488,1.08601,0.95536,0.00997212,0.00997212,0.00997212
171,20755.6,0.75498,1.23147,1.07783,0.8821,0.92301,0.9189,0.79516,0.69488,1.08292,0.95478,0.00997179,0.00997179,0.00997179
172,20874.3,0.75556,1.31561,1.07846,0.88609,0.91703,0.91914,0.79516,0.69467,1.08075,0.95461,0.00997146,0.00997146,0.00997146
173,20992.8,0.76805,1.21423,1.07311,0.88578,0.91633,0.91953,0.79616,0.69479,1.07817,0.95497,0.00997112,0.00997112,0.00997112
174,21110.8,0.77084,1.26884,1.07368,0.88412,0.91511,0.91918,0.79539,0.69461,1.07762,0.95482,0.00997079,0.00997079,0.00997079
175,21227.7,0.76429,1.24374,1.08432,0.88388,0.91511,0.91986,0.79677,0.69439,1.07535,0.95481,0.00997045,0.00997045,0.00997045
176,21347.3,0.75236,1.21006,1.08178,0.8889,0.91511,0.9201,0.79691,0.69409,1.07257,0.95476,0.00997011,0.00997011,0.00997011
177,21465,0.77499,1.26844,1.09015,0.89084,0.91742,0.92023,0.79708,0.69344,1.07106,0.95455,0.00996976,0.00996976,0.00996976
178,21582.5,0.76746,1.25796,1.08128,0.89074,0.91774,0.92109,0.79849,0.69382,1.06911,0.95494,0.00996942,0.00996942,0.00996942
179,21704.1,0.75521,1.2494,1.0709,0.89031,0.91743,0.92096,0.79794,0.69337,1.0662,0.9543,0.00996907,0.00996907,0.00996907
180,21824.2,0.75253,1.21402,1.06926,0.88819,0.91774,0.92038,0.79693,0.69373,1.0659,0.95499,0.00996873,0.00996873,0.00996873
181,21943.1,0.77684,1.24017,1.08952,0.88805,0.91666,0.92045,0.79766,0.69257,1.06419,0.95498,0.00996838,0.00996838,0.00996838
182,22062.3,0.77256,1.23928,1.0767,0.88906,0.91511,0.92087,0.79842,0.69199,1.06253,0.95494,0.00996802,0.00996802,0.00996802
183,22177,0.76229,1.20835,1.07489,0.89516,0.91511,0.92149,0.79861,0.69238,1.06374,0.95532,0.00996767,0.00996767,0.00996767
184,22290.7,0.77195,1.22667,1.08928,0.89607,0.9137,0.92088,0.79832,0.69189,1.06295,0.95504,0.00996731,0.00996731,0.00996731
185,22405,0.77237,1.24756,1.07349,0.89627,0.91269,0.92094,0.79821,0.69208,1.06419,0.95549,0.00996696,0.00996696,0.00996696
186,22519.5,0.77041,1.23247,1.0879,0.89667,0.91494,0.9209,0.79832,0.69245,1.06518,0.95608,0.0099666,0.0099666,0.0099666
187,22633.9,0.7594,1.17285,1.06956,0.89802,0.91511,0.92125,0.79924,0.69299,1.06831,0.95641,0.00996624,0.00996624,0.00996624
188,22748.4,0.75861,1.21012,1.07154,0.88993,0.91511,0.92176,0.79867,0.69282,1.07014,0.95633,0.00996587,0.00996587,0.00996587
189,22865.3,0.76066,1.20599,1.07909,0.89044,0.91511,0.92104,0.79842,0.6928,1.06886,0.95654,0.00996551,0.00996551,0.00996551
190,22981.5,0.76268,1.2561,1.07026,0.89259,0.91769,0.92177,0.79801,0.69334,1.06854,0.95697,0.00996514,0.00996514,0.00996514
191,23096.6,0.77081,1.246,1.07752,0.89244,0.91774,0.92224,0.79893,0.69314,1.06826,0.95711,0.00996477,0.00996477,0.00996477
192,23211.9,0.75193,1.18966,1.07849,0.89112,0.91774,0.9221,0.79852,0.6931,1.06867,0.95709,0.0099644,0.0099644,0.0099644
193,23325.1,0.76048,1.18244,1.07949,0.89138,0.91774,0.92221,0.79893,0.69257,1.06716,0.95707,0.00996402,0.00996402,0.00996402
194,23441.9,0.75753,1.19512,1.07001,0.8915,0.91774,0.92237,0.79928,0.69276,1.06519,0.95733,0.00996365,0.00996365,0.00996365
195,23559.5,0.74608,1.19646,1.0639,0.89669,0.91511,0.92234,0.79857,0.69314,1.06611,0.95795,0.00996327,0.00996327,0.00996327
196,23676.7,0.76714,1.21609,1.08917,0.89529,0.91511,0.92118,0.79818,0.6931,1.0653,0.95806,0.00996289,0.00996289,0.00996289
197,23793.7,0.75063,1.21174,1.06971,0.89137,0.91774,0.92217,0.79996,0.69262,1.06235,0.95747,0.00996251,0.00996251,0.00996251
198,23910.4,0.7566,1.18503,1.0673,0.8927,0.91774,0.92216,0.79905,0.69269,1.06606,0.9577,0.00996213,0.00996213,0.00996213
199,24026.6,0.74413,1.18697,1.06964,0.89085,0.91774,0.92236,0.79971,0.69241,1.06299,0.95753,0.00996174,0.00996174,0.00996174
200,24142.6,0.75405,1.17685,1.07948,0.89219,0.91774,0.92208,0.80029,0.69224,1.06272,0.95725,0.00996136,0.00996136,0.00996136
201,24256.4,0.75009,1.19637,1.05722,0.89185,0.91774,0.92211,0.79987,0.6918,1.05944,0.95731,0.00996097,0.00996097,0.00996097
202,24369.8,0.78126,1.22119,1.07695,0.89165,0.91774,0.92272,0.79988,0.6913,1.05651,0.95699,0.00996058,0.00996058,0.00996058
203,24484.4,0.75525,1.18446,1.07427,0.89167,0.91774,0.92273,0.79921,0.69107,1.0574,0.95707,0.00996018,0.00996018,0.00996018
204,24598.7,0.75741,1.19266,1.07764,0.89155,0.91774,0.92298,0.80027,0.69108,1.05686,0.95712,0.00995979,0.00995979,0.00995979
205,24714.2,0.77225,1.19976,1.09098,0.89243,0.91774,0.92255,0.80044,0.69148,1.05647,0.95722,0.00995939,0.00995939,0.00995939
206,24827.8,0.7508,1.19422,1.062,0.89269,0.91774,0.92279,0.80097,0.69112,1.05763,0.95724,0.00995899,0.00995899,0.00995899
207,24941.4,0.75663,1.18217,1.07411,0.89275,0.91774,0.92299,0.80212,0.69076,1.05528,0.95694,0.00995859,0.00995859,0.00995859
208,25055.3,0.75646,1.24113,1.06808,0.89252,0.91774,0.92303,0.80217,0.69092,1.05494,0.95707,0.00995819,0.00995819,0.00995819
209,25170.4,0.74894,1.14646,1.07894,0.89207,0.91774,0.92315,0.80216,0.69049,1.0542,0.95706,0.00995779,0.00995779,0.00995779
210,25285.5,0.75644,1.17204,1.06772,0.89349,0.91774,0.92294,0.8014,0.69037,1.05496,0.95701,0.00995738,0.00995738,0.00995738
211,25400.9,0.76428,1.17691,1.08043,0.89289,0.91774,0.92339,0.80279,0.69027,1.05536,0.95683,0.00995697,0.00995697,0.00995697
212,25514.6,0.75242,1.18346,1.06803,0.8935,0.91774,0.9237,0.8032,0.69095,1.05727,0.95731,0.00995656,0.00995656,0.00995656
213,25629.8,0.74017,1.1707,1.06103,0.89376,0.91774,0.9236,0.80308,0.6906,1.05733,0.95729,0.00995615,0.00995615,0.00995615
214,25745.8,0.74688,1.21062,1.07217,0.89366,0.91774,0.92383,0.80354,0.69125,1.05787,0.95798,0.00995574,0.00995574,0.00995574
215,25859.4,0.76247,1.22933,1.06934,0.89348,0.91774,0.92376,0.80333,0.69059,1.05549,0.95747,0.00995532,0.00995532,0.00995532
216,25971.9,0.75426,1.19367,1.0741,0.89024,0.91774,0.9235,0.80299,0.69039,1.05477,0.9575,0.0099549,0.0099549,0.0099549
217,26084.9,0.74662,1.16413,1.06667,0.89356,0.91901,0.92371,0.80244,0.6903,1.05436,0.95737,0.00995448,0.00995448,0.00995448
218,26198.7,0.74608,1.16099,1.0659,0.89354,0.91936,0.92407,0.80354,0.68982,1.05286,0.95723,0.00995406,0.00995406,0.00995406
219,26308.4,0.73362,1.15928,1.05596,0.89142,0.91981,0.92358,0.80288,0.68997,1.0537,0.95734,0.00995364,0.00995364,0.00995364
220,26418.9,0.73905,1.1135,1.06803,0.89144,0.92231,0.92411,0.80425,0.68921,1.05194,0.95708,0.00995321,0.00995321,0.00995321
221,26525.4,0.75007,1.17759,1.06194,0.88898,0.92301,0.92402,0.80389,0.68882,1.05152,0.95656,0.00995278,0.00995278,0.00995278
222,26630.8,0.75289,1.14272,1.06563,0.88721,0.92305,0.92382,0.8038,0.6889,1.05089,0.95659,0.00995235,0.00995235,0.00995235
223,26735.5,0.75951,1.19135,1.06317,0.88728,0.92394,0.92391,0.80375,0.6881,1.0498,0.95639,0.00995192,0.00995192,0.00995192
224,26841.6,0.73509,1.14912,1.05511,0.88728,0.92449,0.92417,0.80417,0.68814,1.04805,0.95658,0.00995149,0.00995149,0.00995149
225,26946.8,0.7334,1.13241,1.05687,0.8853,0.92301,0.92487,0.80553,0.68853,1.04798,0.95691,0.00995105,0.00995105,0.00995105
226,27051.6,0.74648,1.22432,1.06273,0.88506,0.92564,0.92446,0.80296,0.68849,1.04703,0.95689,0.00995062,0.00995062,0.00995062
227,27155.7,0.74548,1.13555,1.06327,0.88512,0.92564,0.92483,0.80568,0.68818,1.04601,0.95699,0.00995018,0.00995018,0.00995018
228,27260,0.74347,1.1543,1.06135,0.8851,0.92564,0.92491,0.80445,0.68831,1.04462,0.95734,0.00994974,0.00994974,0.00994974
229,27368.1,0.74613,1.11081,1.06779,0.88663,0.92564,0.92514,0.80479,0.68809,1.04424,0.95734,0.00994929,0.00994929,0.00994929
230,27475.3,0.75128,1.15179,1.06002,0.88684,0.92564,0.92511,0.80495,0.68824,1.04519,0.9575,0.00994885,0.00994885,0.00994885
231,27581.9,0.76503,1.18017,1.07666,0.88712,0.92564,0.92539,0.80542,0.68843,1.04294,0.95777,0.0099484,0.0099484,0.0099484
232,27689.8,0.75112,1.13625,1.06255,0.88495,0.92564,0.92526,0.80605,0.68832,1.0428,0.95778,0.00994795,0.00994795,0.00994795
233,27795.6,0.7502,1.18067,1.05515,0.89364,0.92037,0.92545,0.80617,0.68805,1.04157,0.95781,0.0099475,0.0099475,0.0099475
234,27903.5,0.74324,1.17205,1.05659,0.8918,0.92037,0.92624,0.80612,0.6876,1.03986,0.95752,0.00994705,0.00994705,0.00994705
235,28010.1,0.73804,1.11504,1.05567,0.89099,0.92037,0.92626,0.80834,0.68787,1.0387,0.95792,0.00994659,0.00994659,0.00994659
236,28115.6,0.74624,1.17717,1.06566,0.88609,0.92564,0.92652,0.80963,0.68738,1.03549,0.95777,0.00994614,0.00994614,0.00994614
237,28223.8,0.75602,1.15532,1.07244,0.88619,0.92564,0.92617,0.80935,0.68767,1.03537,0.95779,0.00994568,0.00994568,0.00994568
238,28331.1,0.75005,1.16409,1.06652,0.88573,0.92564,0.9265,0.81037,0.68796,1.03561,0.95783,0.00994522,0.00994522,0.00994522
239,28436.1,0.77378,1.19981,1.08385,0.88598,0.92564,0.92635,0.8074,0.68776,1.03419,0.95744,0.00994476,0.00994476,0.00994476
240,28540.6,0.74164,1.17981,1.05838,0.88592,0.9262,0.92658,0.80834,0.68821,1.0326,0.95767,0.00994429,0.00994429,0.00994429
241,28646.1,0.75499,1.12908,1.06848,0.88607,0.92626,0.9266,0.81071,0.68832,1.03267,0.95761,0.00994383,0.00994383,0.00994383
242,28750.4,0.74992,1.13974,1.06046,0.88346,0.93005,0.92666,0.81102,0.68768,1.03276,0.95727,0.00994336,0.00994336,0.00994336
243,28856.5,0.72756,1.12843,1.05767,0.88248,0.9309,0.92635,0.80819,0.68767,1.03076,0.95713,0.00994289,0.00994289,0.00994289
244,28960.9,0.72784,1.13179,1.05854,0.88202,0.9309,0.92699,0.81281,0.68747,1.02924,0.95708,0.00994242,0.00994242,0.00994242
245,29066.3,0.74239,1.17242,1.06799,0.88306,0.9309,0.92698,0.80963,0.68728,1.02895,0.95706,0.00994194,0.00994194,0.00994194
246,29170.4,0.7344,1.11341,1.05272,0.88609,0.926,0.92668,0.81005,0.68736,1.02801,0.9573,0.00994147,0.00994147,0.00994147
247,29274.8,0.75576,1.14406,1.07558,0.88592,0.92591,0.92649,0.81082,0.68697,1.02778,0.95681,0.00994099,0.00994099,0.00994099
248,29378.6,0.73179,1.09412,1.05882,0.88591,0.92578,0.9266,0.81093,0.68702,1.02763,0.95674,0.00994051,0.00994051,0.00994051
249,29482.2,0.73958,1.14836,1.06508,0.88594,0.92587,0.92695,0.81217,0.68719,1.02857,0.95694,0.00994003,0.00994003,0.00994003
250,29586.8,0.72868,1.09549,1.05632,0.88594,0.92579,0.92667,0.81141,0.68711,1.02686,0.95647,0.00993954,0.00993954,0.00993954
251,29691.8,0.73636,1.1302,1.058,0.88584,0.9254,0.92673,0.80908,0.68712,1.02574,0.9566,0.00993906,0.00993906,0.00993906
252,29796,0.74498,1.10043,1.05495,0.88588,0.92594,0.92657,0.81061,0.68742,1.02643,0.95689,0.00993857,0.00993857,0.00993857
253,29900.4,0.74018,1.11651,1.06204,0.8857,0.9264,0.9266,0.80944,0.68721,1.02606,0.9567,0.00993808,0.00993808,0.00993808
254,30004.5,0.72321,1.12343,1.05024,0.88563,0.9258,0.92674,0.81033,0.68715,1.02542,0.95663,0.00993759,0.00993759,0.00993759
255,30109.1,0.72652,1.12057,1.06209,0.88559,0.92486,0.92635,0.81016,0.68712,1.02471,0.95658,0.0099371,0.0099371,0.0099371
256,30213.9,0.7397,1.10667,1.06479,0.88569,0.92442,0.92659,0.8103,0.68686,1.0257,0.95619,0.0099366,0.0099366,0.0099366
257,30318.7,0.73009,1.09433,1.05853,0.88557,0.9237,0.92633,0.8113,0.68672,1.02466,0.95604,0.0099361,0.0099361,0.0099361
258,30423.7,0.73597,1.18404,1.04528,0.88957,0.92037,0.92626,0.81055,0.68671,1.02498,0.95627,0.0099356,0.0099356,0.0099356
259,30528.7,0.73889,1.14451,1.0612,0.89058,0.92037,0.92673,0.81095,0.68614,1.02338,0.95598,0.0099351,0.0099351,0.0099351
260,30634.4,0.74592,1.08067,1.06357,0.89069,0.92037,0.92663,0.81061,0.68632,1.02195,0.95578,0.0099346,0.0099346,0.0099346
261,30738.9,0.74768,1.14965,1.06639,0.89082,0.92037,0.92718,0.81144,0.68605,1.02103,0.95569,0.0099341,0.0099341,0.0099341
262,30843.3,0.73598,1.0977,1.05727,0.8909,0.92037,0.92677,0.8114,0.68587,1.01866,0.95522,0.00993359,0.00993359,0.00993359
263,30948.6,0.734,1.21604,1.05282,0.89101,0.92037,0.92746,0.81207,0.68572,1.01667,0.95512,0.00993308,0.00993308,0.00993308
264,31052.9,0.73408,1.11032,1.05003,0.89309,0.92242,0.92657,0.81225,0.68553,1.01619,0.95499,0.00993257,0.00993257,0.00993257
265,31158.2,0.73888,1.13408,1.05699,0.89135,0.92037,0.92714,0.8111,0.68518,1.01334,0.95463,0.00993206,0.00993206,0.00993206
266,31262.2,0.74469,1.10842,1.06104,0.89145,0.92037,0.92721,0.81183,0.68506,1.0145,0.95473,0.00993154,0.00993154,0.00993154
267,31367.7,0.74091,1.16257,1.05452,0.89136,0.92037,0.92725,0.81081,0.68476,1.01419,0.9549,0.00993103,0.00993103,0.00993103
268,31471.7,0.73331,1.12432,1.05609,0.89291,0.91987,0.92753,0.81157,0.68521,1.01447,0.95473,0.00993051,0.00993051,0.00993051
269,31575.4,0.71941,1.1035,1.04803,0.89354,0.9205,0.92744,0.81226,0.68522,1.0155,0.95502,0.00992999,0.00992999,0.00992999
270,31679.2,0.74894,1.15753,1.06403,0.89362,0.92122,0.92693,0.81036,0.68516,1.01564,0.95512,0.00992946,0.00992946,0.00992946
271,31783.6,0.73581,1.1029,1.06252,0.8936,0.92103,0.92664,0.81041,0.68523,1.01778,0.95536,0.00992894,0.00992894,0.00992894
272,31887,0.7291,1.08698,1.04071,0.89356,0.92073,0.92677,0.81027,0.68518,1.01661,0.95516,0.00992841,0.00992841,0.00992841
273,31990.5,0.7438,1.09366,1.05713,0.8935,0.92017,0.92673,0.81065,0.68518,1.01847,0.95537,0.00992789,0.00992789,0.00992789
274,32094,0.72178,1.09795,1.04887,0.89345,0.91978,0.92711,0.81202,0.6853,1.01857,0.95504,0.00992736,0.00992736,0.00992736
275,32198.8,0.741,1.1334,1.06282,0.8914,0.92301,0.92728,0.81137,0.68484,1.01779,0.95492,0.00992682,0.00992682,0.00992682
276,32303.3,0.72413,1.07345,1.06342,0.89088,0.92301,0.92715,0.81078,0.68441,1.01808,0.95468,0.00992629,0.00992629,0.00992629
277,32405.7,0.7372,1.09523,1.06147,0.89765,0.91908,0.92785,0.81185,0.68451,1.01614,0.95476,0.00992576,0.00992576,0.00992576
278,32509.1,0.74031,1.14711,1.05617,0.89545,0.91865,0.92752,0.81241,0.68456,1.01403,0.95484,0.00992522,0.00992522,0.00992522
279,32611.8,0.6986,1.07586,1.03028,0.89544,0.91857,0.92759,0.81101,0.68485,1.01375,0.95555,0.00992468,0.00992468,0.00992468
280,32717.4,0.71445,1.05458,1.03135,0.89324,0.91794,0.92711,0.81143,0.68434,1.01478,0.95551,0.00992414,0.00992414,0.00992414
281,32821.1,0.73205,1.10445,1.06191,0.89325,0.91791,0.92733,0.81249,0.68419,1.01385,0.9559,0.00992359,0.00992359,0.00992359
282,32925.1,0.73648,1.10853,1.05211,0.89326,0.91804,0.92676,0.8129,0.68396,1.01436,0.95572,0.00992305,0.00992305,0.00992305
283,33027.9,0.74242,1.09914,1.06301,0.89317,0.9172,0.92722,0.81459,0.6833,1.01498,0.95539,0.0099225,0.0099225,0.0099225
284,33132.2,0.7488,1.11727,1.07185,0.89321,0.91761,0.92569,0.8129,0.68266,1.01407,0.955,0.00992195,0.00992195,0.00992195
285,33236.2,0.72181,1.08734,1.05166,0.89323,0.91775,0.92697,0.81409,0.68211,1.01353,0.95464,0.0099214,0.0099214,0.0099214
286,33339.7,0.73434,1.10079,1.05486,0.89309,0.9166,0.927,0.81292,0.68181,1.01423,0.95428,0.00992085,0.00992085,0.00992085
287,33443.9,0.72417,1.07819,1.05507,0.89302,0.91613,0.92629,0.8151,0.68118,1.01204,0.95385,0.00992029,0.00992029,0.00992029
288,33547,0.72593,1.1053,1.0551,0.89314,0.91713,0.92636,0.81429,0.68133,1.00949,0.95379,0.00991974,0.00991974,0.00991974
289,33652.1,0.72533,1.11823,1.04553,0.88433,0.92353,0.92648,0.81496,0.68158,1.00776,0.954,0.00991918,0.00991918,0.00991918
290,33756.2,0.72371,1.11389,1.04512,0.88459,0.92426,0.92748,0.8159,0.68123,1.00632,0.95406,0.00991862,0.00991862,0.00991862
291,33860.7,0.72734,1.10301,1.05398,0.8866,0.92379,0.92701,0.81462,0.68085,1.0053,0.95389,0.00991805,0.00991805,0.00991805
292,33964.5,0.73721,1.09393,1.06414,0.88878,0.92458,0.92671,0.81485,0.68045,1.00371,0.95343,0.00991749,0.00991749,0.00991749
293,34069.4,0.72897,1.08652,1.07001,0.88675,0.92555,0.92642,0.8145,0.68038,1.00305,0.95341,0.00991692,0.00991692,0.00991692
294,34174.3,0.73005,1.1272,1.04783,0.88689,0.92671,0.92722,0.81685,0.67997,1.00116,0.95326,0.00991635,0.00991635,0.00991635
295,34279,0.72177,1.07369,1.04384,0.88674,0.92624,0.92665,0.81735,0.67979,0.99926,0.95318,0.00991578,0.00991578,0.00991578
296,34382.3,0.73317,1.10732,1.05106,0.88351,0.92827,0.92733,0.81679,0.67924,0.99686,0.95295,0.00991521,0.00991521,0.00991521
297,34486.1,0.70903,1.08594,1.03701,0.88654,0.92736,0.92717,0.81718,0.67911,0.99474,0.95303,0.00991464,0.00991464,0.00991464
298,34588.5,0.7217,1.11021,1.04892,0.89119,0.92564,0.92708,0.81706,0.67872,0.99375,0.95307,0.00991406,0.00991406,0.00991406
299,34693.2,0.70649,1.05621,1.03016,0.88662,0.92564,0.9266,0.81652,0.67845,0.99253,0.95283,0.00991348,0.00991348,0.00991348
300,34794.7,0.72255,1.10512,1.04399,0.89352,0.92061,0.92751,0.81654,0.67838,0.99126,0.95288,0.0099129,0.0099129,0.0099129
301,34895.8,0.73377,1.10945,1.05711,0.89569,0.9214,0.92764,0.81668,0.67811,0.99034,0.95278,0.00991232,0.00991232,0.00991232
302,34997.8,0.7291,1.07866,1.04362,0.89539,0.92122,0.92782,0.81709,0.67774,0.99133,0.95242,0.00991174,0.00991174,0.00991174
303,35098.2,0.72923,1.10012,1.04569,0.89518,0.92116,0.92738,0.81677,0.67792,0.98885,0.95258,0.00991115,0.00991115,0.00991115
304,35200.1,0.74582,1.11289,1.05683,0.89516,0.92211,0.92786,0.81792,0.67774,0.98607,0.95261,0.00991056,0.00991056,0.00991056
305,35301.8,0.72207,1.09035,1.04062,0.89513,0.92231,0.92781,0.81898,0.67715,0.98568,0.95216,0.00990998,0.00990998,0.00990998
306,35404.1,0.72945,1.05741,1.05256,0.89546,0.92156,0.92763,0.81819,0.677,0.98495,0.95216,0.00990938,0.00990938,0.00990938
307,35506.2,0.72062,1.08178,1.02966,0.89522,0.9218,0.92796,0.81932,0.67635,0.98388,0.95158,0.00990879,0.00990879,0.00990879
308,35607,0.72398,1.09214,1.05087,0.89518,0.92177,0.92818,0.81823,0.67653,0.98159,0.95163,0.0099082,0.0099082,0.0099082
309,35707.5,0.73586,1.10049,1.06622,0.89501,0.92166,0.92792,0.81853,0.67659,0.98011,0.95154,0.0099076,0.0099076,0.0099076
310,35806.7,0.71996,1.14612,1.03781,0.89472,0.92157,0.92749,0.81774,0.67611,0.97837,0.95122,0.009907,0.009907,0.009907
311,35906.6,0.72835,1.08863,1.05591,0.8946,0.92153,0.92853,0.82034,0.67595,0.97644,0.95088,0.0099064,0.0099064,0.0099064
312,36007.9,0.71635,1.05655,1.04276,0.89506,0.92021,0.92884,0.81938,0.67556,0.97504,0.95072,0.0099058,0.0099058,0.0099058
313,36109.1,0.71934,1.07654,1.03899,0.89501,0.9199,0.93098,0.82025,0.67539,0.97469,0.95038,0.00990519,0.00990519,0.00990519
314,36209.6,0.71462,1.03023,1.04438,0.89417,0.92287,0.93018,0.81912,0.67596,0.97522,0.95084,0.00990458,0.00990458,0.00990458
315,36310.3,0.71642,1.05797,1.0474,0.89406,0.92368,0.93097,0.8204,0.67604,0.97428,0.95081,0.00990397,0.00990397,0.00990397
316,36410.6,0.74381,1.11781,1.05707,0.89419,0.92433,0.9312,0.82099,0.67586,0.9735,0.95104,0.00990336,0.00990336,0.00990336
317,36509.8,0.7163,1.04268,1.03833,0.89425,0.92502,0.93021,0.81886,0.67581,0.97351,0.95098,0.00990275,0.00990275,0.00990275
318,36608.5,0.72119,1.06784,1.04085,0.89443,0.92543,0.93037,0.81998,0.67594,0.97402,0.95108,0.00990214,0.00990214,0.00990214
319,36707.7,0.72943,1.0633,1.04834,0.89427,0.92564,0.93052,0.81991,0.67619,0.97229,0.95079,0.00990152,0.00990152,0.00990152
320,36807.6,0.71071,1.04698,1.04078,0.89392,0.92564,0.93064,0.82019,0.67594,0.97315,0.95067,0.0099009,0.0099009,0.0099009
321,36906,0.71764,1.07965,1.04334,0.89425,0.92564,0.93056,0.81987,0.67584,0.97187,0.95034,0.00990028,0.00990028,0.00990028
322,37005.9,0.72464,1.06022,1.04485,0.89481,0.92557,0.92985,0.8194,0.67623,0.97359,0.95022,0.00989966,0.00989966,0.00989966
323,37104.1,0.72705,1.0792,1.04915,0.89483,0.92564,0.93021,0.8199,0.67561,0.97207,0.94998,0.00989904,0.00989904,0.00989904
324,37203.8,0.72685,1.0856,1.04476,0.89298,0.92343,0.92882,0.81903,0.67539,0.97143,0.94996,0.00989841,0.00989841,0.00989841
325,37302.7,0.721,1.01942,1.04555,0.89296,0.92331,0.9287,0.81913,0.67514,0.9714,0.94973,0.00989778,0.00989778,0.00989778
326,37400.4,0.72006,1.0586,1.04684,0.89401,0.92301,0.92945,0.82008,0.67452,0.96939,0.94936,0.00989715,0.00989715,0.00989715
327,37498.9,0.70581,1.05038,1.03648,0.89512,0.92397,0.92909,0.81932,0.67459,0.96946,0.94918,0.00989652,0.00989652,0.00989652
328,37597.4,0.70769,1.0557,1.03159,0.89519,0.92394,0.92908,0.81977,0.67435,0.96865,0.94904,0.00989589,0.00989589,0.00989589
329,37695.5,0.70546,1.09857,1.03171,0.89541,0.92517,0.92926,0.82083,0.67451,0.96701,0.9491,0.00989525,0.00989525,0.00989525
330,37794.2,0.70828,1.04433,1.03151,0.8949,0.92564,0.92938,0.81955,0.67403,0.96522,0.94904,0.00989461,0.00989461,0.00989461
331,37892.8,0.73236,1.05759,1.03986,0.89519,0.92564,0.92909,0.81977,0.67438,0.96643,0.94901,0.00989398,0.00989398,0.00989398
332,37992.6,0.72523,1.04693,1.04067,0.89577,0.92564,0.9292,0.82098,0.67399,0.96377,0.94887,0.00989333,0.00989333,0.00989333
333,38092.6,0.71793,1.12702,1.04788,0.89633,0.92564,0.92861,0.81935,0.67375,0.96484,0.94876,0.00989269,0.00989269,0.00989269
334,38191.4,0.71364,1.09014,1.0479,0.89694,0.92564,0.92885,0.82016,0.67393,0.96443,0.94871,0.00989205,0.00989205,0.00989205
335,38290.6,0.73129,1.11474,1.0444,0.89705,0.92564,0.9292,0.82104,0.67361,0.96411,0.94862,0.0098914,0.0098914,0.0098914
336,38389.5,0.72045,1.06639,1.05048,0.89734,0.92564,0.92925,0.82072,0.67384,0.96301,0.94858,0.00989075,0.00989075,0.00989075
337,38488.1,0.71295,1.0266,1.04325,0.89741,0.92564,0.92867,0.82014,0.67326,0.96297,0.94842,0.0098901,0.0098901,0.0098901
338,38586.3,0.72162,1.1152,1.0477,0.8972,0.92564,0.92904,0.82012,0.67335,0.96116,0.94846,0.00988945,0.00988945,0.00988945
339,38685.9,0.71923,1.05424,1.03529,0.89791,0.92564,0.92896,0.82061,0.67322,0.96062,0.94845,0.00988879,0.00988879,0.00988879
340,38785.5,0.71847,1.05207,1.04912,0.89779,0.92564,0.92896,0.82044,0.67398,0.95985,0.94867,0.00988814,0.00988814,0.00988814
341,38886.1,0.71942,1.04953,1.04814,0.89791,0.92564,0.92899,0.82011,0.67394,0.95883,0.9486,0.00988748,0.00988748,0.00988748
342,38986.2,0.73064,1.07526,1.04957,0.89992,0.92564,0.92951,0.82067,0.67431,0.95673,0.9487,0.00988682,0.00988682,0.00988682
343,39084.9,0.7266,1.05463,1.04074,0.8998,0.92564,0.9297,0.82128,0.67392,0.95501,0.94871,0.00988615,0.00988615,0.00988615
344,39181.9,0.72217,1.06327,1.04249,0.89947,0.92564,0.92945,0.82038,0.67309,0.95321,0.94867,0.00988549,0.00988549,0.00988549
345,39279.1,0.71513,1.05055,1.04343,0.89927,0.92564,0.92956,0.82177,0.67307,0.95308,0.94864,0.00988482,0.00988482,0.00988482
346,39374.6,0.73354,1.06849,1.0585,0.89913,0.92564,0.92975,0.82145,0.67322,0.95365,0.9488,0.00988416,0.00988416,0.00988416
347,39468.9,0.71557,1.06966,1.04344,0.89696,0.92564,0.92904,0.82087,0.67393,0.95271,0.94921,0.00988349,0.00988349,0.00988349
348,39563.6,0.71299,1.07326,1.03633,0.8972,0.92564,0.92935,0.82107,0.67345,0.95186,0.94897,0.00988281,0.00988281,0.00988281
349,39659.5,0.72567,1.04919,1.03752,0.89967,0.92564,0.92959,0.82116,0.67323,0.95097,0.94897,0.00988214,0.00988214,0.00988214
350,39754.2,0.71997,1.04374,1.04847,0.89959,0.92545,0.92999,0.82134,0.67297,0.95261,0.94892,0.00988147,0.00988147,0.00988147
351,39848.3,0.70521,1.03385,1.03491,0.89995,0.92301,0.9299,0.82082,0.67317,0.952,0.94899,0.00988079,0.00988079,0.00988079
352,39943.1,0.71188,1.04454,1.03927,0.90053,0.92301,0.92996,0.82006,0.67359,0.95047,0.94919,0.00988011,0.00988011,0.00988011
353,40038.7,0.71912,1.02133,1.04141,0.89876,0.92301,0.9299,0.82044,0.67386,0.94922,0.94961,0.00987943,0.00987943,0.00987943
354,40135.9,0.71589,1.05322,1.04487,0.89914,0.92301,0.92939,0.82042,0.67385,0.94935,0.9501,0.00987874,0.00987874,0.00987874
355,40233.7,0.7142,1.05294,1.04135,0.90039,0.92301,0.92952,0.8207,0.67406,0.9476,0.95028,0.00987806,0.00987806,0.00987806
356,40328.4,0.70048,1.03959,1.03437,0.90047,0.92301,0.92952,0.82053,0.67382,0.95035,0.95017,0.00987737,0.00987737,0.00987737
357,40422.9,0.71427,1.061,1.04603,0.90261,0.92301,0.93,0.82146,0.6736,0.94932,0.95006,0.00987668,0.00987668,0.00987668
358,40517.7,0.72123,1.02933,1.03612,0.90304,0.92301,0.92994,0.82159,0.67364,0.94804,0.95011,0.00987599,0.00987599,0.00987599
359,40612.5,0.71459,1.06223,1.04818,0.90356,0.92037,0.93017,0.8218,0.67323,0.94711,0.95003,0.0098753,0.0098753,0.0098753
360,40707.8,0.72219,1.0543,1.04752,0.90357,0.92301,0.93046,0.82197,0.67302,0.94654,0.94999,0.0098746,0.0098746,0.0098746
361,40802.6,0.71802,1.05498,1.04292,0.90592,0.92298,0.92968,0.82131,0.67279,0.94626,0.95001,0.00987391,0.00987391,0.00987391
362,40898.4,0.73161,1.09913,1.04663,0.90324,0.92301,0.93021,0.82095,0.6723,0.94675,0.94992,0.00987321,0.00987321,0.00987321
363,40994,0.71879,1.07562,1.03984,0.90564,0.92301,0.9307,0.82185,0.67241,0.94684,0.94999,0.00987251,0.00987251,0.00987251
364,41091.3,0.70726,1.01024,1.0278,0.90519,0.92301,0.93075,0.82185,0.672,0.94879,0.94973,0.00987181,0.00987181,0.00987181
365,41188.2,0.69874,1.00214,1.01995,0.90195,0.92301,0.93044,0.82169,0.67188,0.94996,0.94991,0.0098711,0.0098711,0.0098711
366,41282.9,0.71395,1.03583,1.03083,0.9012,0.92301,0.92971,0.82054,0.67179,0.94923,0.94981,0.0098704,0.0098704,0.0098704
367,41376.8,0.70919,1.04283,1.03629,0.90104,0.92301,0.93086,0.82142,0.67155,0.95049,0.94982,0.00986969,0.00986969,0.00986969
368,41473.2,0.7188,1.06456,1.04864,0.90099,0.92301,0.93103,0.8212,0.67104,0.95144,0.94973,0.00986898,0.00986898,0.00986898
369,41569.1,0.71859,1.06437,1.04248,0.90229,0.92301,0.93097,0.82098,0.6708,0.95045,0.94953,0.00986827,0.00986827,0.00986827
370,41663.9,0.72084,1.06887,1.03853,0.90206,0.92301,0.93058,0.82158,0.67084,0.95006,0.94966,0.00986755,0.00986755,0.00986755
371,41758.5,0.71369,1.01199,1.03363,0.90135,0.92301,0.9307,0.82123,0.67055,0.94871,0.94959,0.00986684,0.00986684,0.00986684
372,41853.5,0.71931,1.06133,1.03627,0.90139,0.92301,0.93084,0.8218,0.67051,0.9477,0.94965,0.00986612,0.00986612,0.00986612
373,41947.8,0.72387,1.08313,1.0412,0.90113,0.92301,0.93072,0.82204,0.67056,0.94837,0.94977,0.0098654,0.0098654,0.0098654
374,42041.6,0.71964,1.0685,1.04455,0.9011,0.92301,0.93113,0.8227,0.67027,0.94644,0.94957,0.00986468,0.00986468,0.00986468
375,42136.8,0.72487,1.10593,1.04236,0.9024,0.92301,0.93115,0.82204,0.67008,0.94613,0.94945,0.00986396,0.00986396,0.00986396
376,42231.6,0.71592,1.04292,1.04409,0.90268,0.92301,0.9315,0.82294,0.66999,0.94611,0.94953,0.00986323,0.00986323,0.00986323
377,42326.8,0.7022,1.04987,1.03536,0.90319,0.92301,0.93083,0.82225,0.66981,0.94636,0.94951,0.0098625,0.0098625,0.0098625
378,42421.5,0.72375,1.07802,1.05067,0.90394,0.92301,0.9306,0.82226,0.66939,0.94991,0.94955,0.00986178,0.00986178,0.00986178
379,42517.4,0.70943,1.02225,1.03277,0.90447,0.92301,0.93069,0.82214,0.66901,0.94795,0.94952,0.00986104,0.00986104,0.00986104
380,42613.8,0.70274,1.04449,1.03409,0.90457,0.92301,0.93116,0.82248,0.66957,0.94867,0.95025,0.00986031,0.00986031,0.00986031
381,42707.9,0.70725,1.01647,1.04266,0.9047,0.92301,0.93141,0.82288,0.66938,0.9493,0.95047,0.00985958,0.00985958,0.00985958
382,42802.9,0.72096,1.01859,1.0517,0.90442,0.92301,0.93102,0.82235,0.66936,0.9505,0.95068,0.00985884,0.00985884,0.00985884
383,42899.7,0.72232,1.05494,1.04107,0.90445,0.92301,0.9308,0.82212,0.66921,0.95081,0.95113,0.0098581,0.0098581,0.0098581
384,42995,0.72548,1.024,1.03932,0.90566,0.92301,0.93111,0.82208,0.66985,0.94933,0.95165,0.00985736,0.00985736,0.00985736
385,43089.3,0.70907,1.03177,1.03697,0.90615,0.92301,0.93075,0.82143,0.66984,0.94918,0.95178,0.00985662,0.00985662,0.00985662
386,43184.2,0.70813,1.0152,1.03262,0.9062,0.92301,0.93103,0.82203,0.66983,0.95031,0.95176,0.00985588,0.00985588,0.00985588
387,43278.5,0.70114,0.99299,1.02286,0.90582,0.92301,0.93072,0.82172,0.66991,0.94965,0.95175,0.00985513,0.00985513,0.00985513
388,43372.8,0.71831,1.02888,1.03702,0.90421,0.92301,0.93118,0.82119,0.66983,0.94948,0.95183,0.00985438,0.00985438,0.00985438
389,43467.8,0.71271,1.07296,1.03235,0.90788,0.92171,0.93084,0.82038,0.66987,0.9512,0.95203,0.00985363,0.00985363,0.00985363
390,43562.5,0.7008,1.02181,1.03237,0.90792,0.92037,0.93108,0.82187,0.67019,0.95214,0.9523,0.00985288,0.00985288,0.00985288
391,43657.5,0.71259,1.05327,1.04122,0.9079,0.92301,0.93118,0.82041,0.67003,0.95214,0.95247,0.00985213,0.00985213,0.00985213
392,43752.8,0.71045,1.02103,1.04035,0.90899,0.92301,0.93159,0.8212,0.66994,0.95244,0.9526,0.00985137,0.00985137,0.00985137
393,43847.1,0.69866,1.04688,1.02449,0.91143,0.92301,0.93155,0.82191,0.66932,0.95227,0.95257,0.00985061,0.00985061,0.00985061
394,43942.4,0.70753,1.02572,1.03512,0.91194,0.92301,0.9317,0.82164,0.66934,0.95277,0.95282,0.00984985,0.00984985,0.00984985
395,44036.9,0.7065,1.06391,1.03834,0.91503,0.92293,0.93152,0.82253,0.66975,0.95099,0.95298,0.00984909,0.00984909,0.00984909
396,44131,0.71157,1.035,1.05019,0.91388,0.92301,0.93161,0.82266,0.6691,0.95062,0.95285,0.00984833,0.00984833,0.00984833
397,44225.8,0.7202,1.02899,1.04895,0.91255,0.92301,0.93081,0.82188,0.66901,0.94936,0.9527,0.00984757,0.00984757,0.00984757
398,44319.7,0.7006,0.98301,1.0247,0.9125,0.92054,0.93194,0.82316,0.66853,0.94997,0.95247,0.0098468,0.0098468,0.0098468
399,44413.7,0.70146,1.03802,1.03495,0.91279,0.92301,0.93211,0.82347,0.66794,0.9488,0.95221,0.00984603,0.00984603,0.00984603
400,44509.2,0.70844,0.99582,1.03361,0.91273,0.92192,0.93176,0.82351,0.66688,0.94881,0.95176,0.00984526,0.00984526,0.00984526
401,44604.2,0.71246,1.0344,1.03736,0.91246,0.92301,0.93154,0.82187,0.66673,0.94832,0.95167,0.00984449,0.00984449,0.00984449
402,44699.1,0.70088,1.07269,1.03476,0.91226,0.92301,0.93173,0.8206,0.66636,0.94707,0.95112,0.00984371,0.00984371,0.00984371
403,44794.8,0.71149,1.04492,1.04579,0.91248,0.92236,0.93065,0.81969,0.66559,0.94535,0.95088,0.00984294,0.00984294,0.00984294
404,44889.7,0.70696,1.01213,1.0242,0.91018,0.92236,0.9312,0.8206,0.66521,0.94571,0.9509,0.00984216,0.00984216,0.00984216
405,44985.1,0.71116,0.99464,1.03036,0.91029,0.92269,0.93106,0.82064,0.66471,0.94416,0.95044,0.00984138,0.00984138,0.00984138
406,45079.8,0.71103,0.99717,1.03696,0.91036,0.92271,0.93052,0.82153,0.66452,0.94444,0.95059,0.0098406,0.0098406,0.0098406
407,45176.5,0.70314,1.03242,1.02389,0.91048,0.9229,0.93063,0.82072,0.66431,0.94414,0.95051,0.00983981,0.00983981,0.00983981
408,45272.7,0.70907,1.00595,1.04238,0.91052,0.92267,0.93041,0.82183,0.66447,0.94519,0.95051,0.00983903,0.00983903,0.00983903
409,45369.6,0.70417,1.0201,1.04361,0.9087,0.92037,0.93023,0.82164,0.66395,0.94482,0.95028,0.00983824,0.00983824,0.00983824
410,45466.9,0.73003,1.04748,1.05028,0.90875,0.92037,0.93026,0.82118,0.66329,0.94454,0.94997,0.00983745,0.00983745,0.00983745
411,45564,0.7059,0.99457,1.0324,0.90899,0.92037,0.93037,0.82087,0.66291,0.9452,0.94963,0.00983666,0.00983666,0.00983666
412,45661,0.70964,0.99572,1.03396,0.90844,0.92037,0.9305,0.82149,0.66259,0.94448,0.94922,0.00983586,0.00983586,0.00983586
413,45755.4,0.70075,1.03319,1.0269,0.90898,0.92037,0.93115,0.82125,0.66283,0.9422,0.94943,0.00983507,0.00983507,0.00983507
414,45851.1,0.69851,0.98617,1.03629,0.90947,0.92037,0.93182,0.82241,0.66269,0.94231,0.94922,0.00983427,0.00983427,0.00983427
415,45946.4,0.71089,1.03065,1.03833,0.90949,0.92037,0.93196,0.82326,0.66238,0.94269,0.94918,0.00983347,0.00983347,0.00983347
416,46041.7,0.7114,1.00265,1.04302,0.90991,0.92037,0.93203,0.8228,0.66268,0.94332,0.94925,0.00983267,0.00983267,0.00983267
417,46137.2,0.71176,1.03641,1.03712,0.90798,0.92037,0.93247,0.82378,0.66283,0.94295,0.94954,0.00983187,0.00983187,0.00983187
418,46232.8,0.69794,1.02752,1.02507,0.90672,0.92037,0.93154,0.82367,0.66267,0.94244,0.94947,0.00983106,0.00983106,0.00983106
419,46327.6,0.71699,1.00805,1.04061,0.90548,0.92037,0.93161,0.82332,0.66235,0.93914,0.94908,0.00983026,0.00983026,0.00983026
420,46421.7,0.70853,1.0205,1.0325,0.90606,0.92037,0.93189,0.82402,0.66235,0.9375,0.94887,0.00982945,0.00982945,0.00982945
421,46517.5,0.71256,1.02326,1.0407,0.90658,0.92037,0.93193,0.82337,0.66251,0.93847,0.94896,0.00982864,0.00982864,0.00982864
422,46612.6,0.71026,1.08008,1.03497,0.90659,0.92037,0.9319,0.8224,0.6616,0.93782,0.94837,0.00982783,0.00982783,0.00982783
423,46708.2,0.70022,1.0211,1.02488,0.90718,0.92037,0.93167,0.82227,0.66148,0.93988,0.9482,0.00982701,0.00982701,0.00982701
424,46803.1,0.70694,1.03028,1.03385,0.91386,0.92037,0.93257,0.82478,0.66156,0.93818,0.94815,0.0098262,0.0098262,0.0098262
425,46897.8,0.6915,1.00738,1.01423,0.91384,0.92037,0.93233,0.82362,0.66134,0.93877,0.94839,0.00982538,0.00982538,0.00982538
426,46992,0.70245,1.01789,1.03151,0.91404,0.92037,0.93262,0.82491,0.66181,0.93829,0.94861,0.00982456,0.00982456,0.00982456
427,47086.1,0.70022,1.02684,1.02382,0.91398,0.92037,0.93276,0.82566,0.6615,0.93901,0.94839,0.00982374,0.00982374,0.00982374
428,47182.8,0.7116,1.03416,1.03116,0.914,0.92037,0.93277,0.8249,0.66109,0.93984,0.94812,0.00982291,0.00982291,0.00982291
429,47277.6,0.69722,1.0083,1.02668,0.91336,0.92037,0.93274,0.82535,0.6602,0.94099,0.94706,0.00982209,0.00982209,0.00982209
430,47372.2,0.70267,1.02386,1.03046,0.9143,0.92037,0.93287,0.82545,0.66041,0.93957,0.94718,0.00982126,0.00982126,0.00982126
431,47466.4,0.7034,0.9981,1.03554,0.91075,0.92301,0.93274,0.8251,0.66026,0.93984,0.94704,0.00982043,0.00982043,0.00982043
432,47561.5,0.69379,0.98835,1.02861,0.91076,0.92301,0.93255,0.82508,0.66067,0.94074,0.94734,0.0098196,0.0098196,0.0098196
433,47655.6,0.69618,1.00961,1.02796,0.91061,0.92301,0.93245,0.82526,0.66077,0.94106,0.94756,0.00981877,0.00981877,0.00981877
434,47750.9,0.70172,0.99547,1.03788,0.91081,0.92301,0.93263,0.82437,0.66107,0.94159,0.9478,0.00981793,0.00981793,0.00981793
435,47847.9,0.69648,1.00631,1.0237,0.90859,0.92301,0.93195,0.82736,0.66131,0.93994,0.94831,0.0098171,0.0098171,0.0098171
436,47945.6,0.69475,1.01454,1.03941,0.91087,0.92301,0.93261,0.82798,0.6609,0.94028,0.94826,0.00981626,0.00981626,0.00981626
437,48039.7,0.70363,1.00722,1.04781,0.91195,0.92301,0.93237,0.82612,0.66128,0.94187,0.94778,0.00981542,0.00981542,0.00981542
438,48134.1,0.69434,1.01057,1.0248,0.90948,0.92301,0.93166,0.827,0.66108,0.94265,0.94783,0.00981458,0.00981458,0.00981458
439,48229.2,0.70349,1.01109,1.0323,0.91038,0.92301,0.93211,0.8255,0.66099,0.94254,0.94791,0.00981373,0.00981373,0.00981373
440,48323.7,0.69483,0.9974,1.03516,0.91109,0.92301,0.93201,0.82518,0.66086,0.94213,0.94783,0.00981288,0.00981288,0.00981288
441,48418.1,0.69442,1.01139,1.02035,0.91208,0.92187,0.93165,0.82484,0.66103,0.94027,0.9477,0.00981204,0.00981204,0.00981204
442,48511.9,0.69989,1.01252,1.02816,0.91213,0.92216,0.93246,0.82475,0.66116,0.94091,0.94767,0.00981119,0.00981119,0.00981119
443,48605.9,0.69336,0.99388,1.02179,0.91237,0.92241,0.93134,0.82339,0.66054,0.94268,0.94753,0.00981034,0.00981034,0.00981034
444,48700,0.69643,1.0193,1.0326,0.91233,0.92241,0.93214,0.82449,0.661,0.94056,0.94774,0.00980948,0.00980948,0.00980948
445,48795.6,0.70054,1.01325,1.02132,0.91273,0.92228,0.93109,0.82411,0.66251,0.9463,0.94932,0.00980863,0.00980863,0.00980863
446,48890,0.6834,0.99653,1.01193,0.91296,0.92215,0.93114,0.82515,0.66241,0.94639,0.94941,0.00980777,0.00980777,0.00980777
447,48985.8,0.70149,1.03637,1.02369,0.91371,0.92192,0.93175,0.82616,0.66268,0.94508,0.94924,0.00980691,0.00980691,0.00980691
448,49080.1,0.6902,1.02895,1.02413,0.91417,0.92187,0.93172,0.82567,0.66281,0.94454,0.94965,0.00980605,0.00980605,0.00980605
449,49175.4,0.69776,1.02359,1.03438,0.91524,0.9211,0.93258,0.82476,0.66247,0.94269,0.9495,0.00980519,0.00980519,0.00980519
450,49270.5,0.72284,1.00985,1.05035,0.91458,0.92086,0.9321,0.8264,0.66305,0.94352,0.94966,0.00980432,0.00980432,0.00980432
451,49366,0.68804,0.96881,1.02023,0.91306,0.92064,0.93244,0.82668,0.66341,0.94384,0.94977,0.00980345,0.00980345,0.00980345
452,49460.7,0.68938,0.9856,1.01881,0.91015,0.92142,0.93121,0.82508,0.66348,0.94425,0.94987,0.00980259,0.00980259,0.00980259
453,49554.9,0.70576,1.00121,1.02444,0.91036,0.92117,0.93232,0.82679,0.66367,0.94323,0.95014,0.00980171,0.00980171,0.00980171
454,49649.5,0.69473,0.99077,1.03213,0.91022,0.92096,0.93225,0.82679,0.66422,0.94288,0.95013,0.00980084,0.00980084,0.00980084
455,49744.3,0.67827,1.00788,1.02169,0.91026,0.92099,0.93202,0.82499,0.6643,0.94175,0.95007,0.00979997,0.00979997,0.00979997
456,49837.8,0.69755,1.00429,1.02891,0.9123,0.92096,0.9326,0.82736,0.66371,0.94021,0.94989,0.00979909,0.00979909,0.00979909
457,49933.9,0.68438,0.97359,1.0178,0.91256,0.92079,0.93259,0.82728,0.66353,0.93934,0.94961,0.00979821,0.00979821,0.00979821
458,50029.4,0.72188,1.03977,1.05533,0.90878,0.92079,0.93252,0.8262,0.66301,0.94029,0.94939,0.00979733,0.00979733,0.00979733
459,50125,0.69735,0.97226,1.02596,0.90874,0.92079,0.93266,0.82678,0.66269,0.94007,0.94925,0.00979645,0.00979645,0.00979645
460,50220.1,0.70245,0.99583,1.03073,0.9088,0.92066,0.93246,0.82833,0.66229,0.94085,0.94913,0.00979557,0.00979557,0.00979557
461,50315.6,0.69491,0.97902,1.0289,0.90882,0.91987,0.93239,0.8272,0.66171,0.93889,0.9486,0.00979468,0.00979468,0.00979468
462,50411.1,0.69495,0.98376,1.02978,0.90866,0.9185,0.93249,0.82831,0.66152,0.93998,0.94835,0.0097938,0.0097938,0.0097938
463,50507.1,0.70307,1.01261,1.02955,0.90895,0.92116,0.93242,0.82736,0.66057,0.93893,0.94805,0.00979291,0.00979291,0.00979291
464,50602.1,0.6997,0.99994,1.01923,0.90894,0.9212,0.93247,0.82797,0.66004,0.93762,0.94788,0.00979202,0.00979202,0.00979202
465,50696.8,0.70079,0.98874,1.02682,0.90873,0.91915,0.93273,0.82848,0.65832,0.93785,0.94601,0.00979112,0.00979112,0.00979112
466,50792.8,0.71632,1.0261,1.0359,0.90891,0.921,0.93252,0.82854,0.65883,0.93773,0.94625,0.00979023,0.00979023,0.00979023
467,50888.6,0.7138,1.02622,1.04693,0.90652,0.91982,0.93245,0.82787,0.65903,0.93823,0.94632,0.00978933,0.00978933,0.00978933
468,50983.9,0.69528,0.9981,1.02836,0.90667,0.92101,0.93257,0.82785,0.65902,0.93701,0.94617,0.00978843,0.00978843,0.00978843
469,51077.1,0.68963,1.0183,1.01555,0.90661,0.92051,0.93256,0.82761,0.65917,0.9352,0.94587,0.00978753,0.00978753,0.00978753
470,51168.1,0.69445,1.01021,1.02373,0.90825,0.9184,0.93266,0.82745,0.65975,0.93581,0.94629,0.00978663,0.00978663,0.00978663
471,51259.4,0.69334,1.07371,1.01889,0.90898,0.91837,0.93263,0.82785,0.65963,0.9364,0.94636,0.00978572,0.00978572,0.00978572
472,51350.4,0.6888,0.97441,1.02932,0.90667,0.921,0.93268,0.82848,0.65951,0.93527,0.94609,0.00978482,0.00978482,0.00978482
473,51441.1,0.69573,0.98586,1.01961,0.9066,0.92027,0.93223,0.82819,0.65947,0.93549,0.94601,0.00978391,0.00978391,0.00978391
474,51531.9,0.68293,0.97499,1.01109,0.90672,0.92119,0.93256,0.82864,0.65896,0.93555,0.946,0.009783,0.009783,0.009783
475,51622.7,0.68799,0.96487,1.01288,0.90671,0.92105,0.93252,0.82845,0.65886,0.9371,0.94582,0.00978209,0.00978209,0.00978209
476,51713.9,0.71559,1.01411,1.04415,0.90616,0.91554,0.93306,0.82946,0.65882,0.93622,0.94576,0.00978118,0.00978118,0.00978118
477,51805.3,0.69003,0.99171,1.0156,0.90633,0.91785,0.93227,0.82795,0.65896,0.93702,0.94581,0.00978026,0.00978026,0.00978026
478,51896.2,0.68359,0.96607,1.026,0.9086,0.91797,0.93275,0.82861,0.65823,0.93406,0.94534,0.00977934,0.00977934,0.00977934
479,51987,0.68421,0.98204,1.02084,0.90677,0.92162,0.93277,0.829,0.65856,0.9349,0.9456,0.00977842,0.00977842,0.00977842
480,52078.4,0.68191,0.98094,1.01076,0.9017,0.92799,0.93282,0.82882,0.65867,0.9348,0.9458,0.0097775,0.0097775,0.0097775
481,52169.6,0.68925,0.98003,1.02719,0.90678,0.92163,0.93295,0.8298,0.65889,0.93598,0.94601,0.00977658,0.00977658,0.00977658
482,52261.3,0.69877,1.01035,1.02182,0.90677,0.92157,0.93258,0.83039,0.65863,0.93563,0.94591,0.00977565,0.00977565,0.00977565
483,52354.9,0.70988,1.00914,1.0294,0.9067,0.92094,0.93282,0.82883,0.65821,0.93485,0.94601,0.00977473,0.00977473,0.00977473
484,52447.6,0.69079,0.95116,1.02439,0.90472,0.92458,0.93269,0.83022,0.65809,0.93651,0.94592,0.0097738,0.0097738,0.0097738
485,52539.9,0.69541,0.98494,1.02301,0.90641,0.92105,0.93234,0.82886,0.65846,0.93526,0.94598,0.00977287,0.00977287,0.00977287
486,52630.8,0.69118,1.03774,1.03054,0.90829,0.92051,0.93215,0.82872,0.65802,0.93713,0.94565,0.00977194,0.00977194,0.00977194
487,52723.3,0.68051,0.96015,1.02468,0.90685,0.92106,0.93202,0.82833,0.65789,0.93853,0.94563,0.009771,0.009771,0.009771
488,52816.4,0.69699,1.02445,1.02329,0.90257,0.92351,0.93209,0.82879,0.65698,0.93615,0.94514,0.00977007,0.00977007,0.00977007
489,52909.1,0.69234,0.97698,1.03279,0.90276,0.92515,0.93313,0.8302,0.65649,0.9357,0.94483,0.00976913,0.00976913,0.00976913
490,53000,0.7118,1.00321,1.02511,0.9028,0.92546,0.93275,0.82933,0.6555,0.93355,0.94434,0.00976819,0.00976819,0.00976819
491,53091.1,0.69875,1.05078,1.01507,0.90267,0.92426,0.93337,0.82942,0.65525,0.93271,0.9441,0.00976725,0.00976725,0.00976725
492,53181.8,0.70299,0.98101,1.02448,0.90291,0.92379,0.93327,0.82997,0.65629,0.93356,0.94596,0.0097663,0.0097663,0.0097663
493,53272.4,0.70219,0.96251,1.02817,0.90303,0.92383,0.93325,0.82991,0.65637,0.93421,0.94614,0.00976536,0.00976536,0.00976536
494,53363.8,0.6946,0.96589,1.02254,0.90883,0.91712,0.93298,0.82917,0.65453,0.93599,0.94412,0.00976441,0.00976441,0.00976441
495,53455,0.69719,0.98841,1.02439,0.91084,0.91691,0.93369,0.82955,0.65466,0.93563,0.94406,0.00976346,0.00976346,0.00976346
496,53546.2,0.695,0.95377,1.02044,0.90952,0.91679,0.93325,0.82821,0.65429,0.93494,0.94375,0.00976251,0.00976251,0.00976251
497,53635.8,0.69596,0.99011,1.02169,0.90923,0.91667,0.93311,0.8291,0.65462,0.93409,0.94391,0.00976156,0.00976156,0.00976156
498,53725.5,0.70255,0.98037,1.0237,0.90919,0.91657,0.93321,0.82699,0.65472,0.93616,0.94427,0.0097606,0.0097606,0.0097606
499,53813.8,0.68813,1.00286,1.02315,0.90974,0.91645,0.93256,0.82776,0.65421,0.93709,0.94432,0.00975965,0.00975965,0.00975965
500,53900.4,0.69419,0.98392,1.02157,0.90073,0.92591,0.93315,0.82876,0.65364,0.93281,0.94412,0.00975869,0.00975869,0.00975869
501,53986,0.70326,0.98976,1.02484,0.91084,0.91611,0.93392,0.82809,0.65471,0.9311,0.94595,0.00975773,0.00975773,0.00975773
502,54072.7,0.69352,0.97474,1.02055,0.90975,0.91878,0.93357,0.82966,0.65364,0.93101,0.94555,0.00975677,0.00975677,0.00975677
503,54160.6,0.68401,0.96899,1.02304,0.89903,0.92942,0.93382,0.83112,0.65383,0.93004,0.94571,0.0097558,0.0097558,0.0097558
504,54249,0.69366,1.01646,1.01694,0.89889,0.92804,0.93309,0.82927,0.6532,0.92851,0.94572,0.00975484,0.00975484,0.00975484
505,54335.5,0.70546,0.96794,1.03279,0.89894,0.92844,0.93305,0.82965,0.65143,0.92704,0.94371,0.00975387,0.00975387,0.00975387
506,54423.8,0.6859,0.94921,1.01999,0.89758,0.93472,0.9329,0.82786,0.65265,0.92625,0.94546,0.0097529,0.0097529,0.0097529
507,54510.9,0.69595,0.98968,1.02859,0.90707,0.91494,0.93304,0.82791,0.65221,0.92539,0.94537,0.00975193,0.00975193,0.00975193
508,54598,0.69349,0.99153,1.02093,0.90755,0.91494,0.93293,0.82767,0.65148,0.92459,0.94515,0.00975096,0.00975096,0.00975096
509,54685.1,0.67468,0.95863,1.02159,0.90837,0.91494,0.93302,0.82899,0.65129,0.92359,0.94544,0.00974998,0.00974998,0.00974998
510,54772.9,0.70114,0.98111,1.03246,0.90938,0.91494,0.93322,0.82834,0.65024,0.92275,0.94387,0.009749,0.009749,0.009749
511,54862,0.68571,0.95813,1.02142,0.90772,0.91494,0.93236,0.83012,0.64962,0.9229,0.94375,0.00974803,0.00974803,0.00974803
512,54949.6,0.68077,0.98592,1.01585,0.9078,0.91494,0.93247,0.82818,0.64906,0.92239,0.9434,0.00974705,0.00974705,0.00974705
513,55037,0.70753,1.06465,1.03584,0.90813,0.91494,0.93313,0.82839,0.64853,0.92252,0.94311,0.00974606,0.00974606,0.00974606
514,55124.4,0.69075,1.09014,1.0296,0.90748,0.91494,0.9332,0.82853,0.64845,0.9227,0.94314,0.00974508,0.00974508,0.00974508
515,55211.4,0.69909,0.98266,1.0312,0.90743,0.91494,0.93367,0.82896,0.64806,0.92237,0.94308,0.00974409,0.00974409,0.00974409
516,55298.5,0.70035,1.00996,1.0283,0.89143,0.92911,0.9327,0.82743,0.64794,0.92255,0.94307,0.0097431,0.0097431,0.0097431
517,55386.3,0.6921,0.97286,1.02502,0.90535,0.91494,0.9328,0.832,0.64756,0.92393,0.94286,0.00974211,0.00974211,0.00974211
518,55473.3,0.68573,0.99718,1.01943,0.90514,0.91494,0.93311,0.83051,0.64728,0.922,0.94262,0.00974112,0.00974112,0.00974112
519,55562.6,0.69203,0.99843,1.03052,0.90417,0.91494,0.93373,0.83279,0.64738,0.92168,0.94259,0.00974013,0.00974013,0.00974013
520,55651.3,0.66304,0.93526,1.00741,0.89184,0.92748,0.93341,0.83287,0.64713,0.9224,0.94253,0.00973913,0.00973913,0.00973913
521,55738.6,0.69086,0.96115,1.02132,0.88949,0.93336,0.93324,0.83215,0.64758,0.92281,0.94242,0.00973814,0.00973814,0.00973814
522,55826.6,0.68206,0.94851,1.01072,0.89585,0.92547,0.93275,0.83047,0.6469,0.92096,0.94196,0.00973714,0.00973714,0.00973714
523,55919.3,0.69039,0.95108,1.02314,0.89402,0.92547,0.93269,0.83138,0.64722,0.92191,0.9419,0.00973614,0.00973614,0.00973614
524,56006.1,0.68728,0.9704,1.02084,0.89372,0.92547,0.93221,0.831,0.64703,0.92065,0.94166,0.00973513,0.00973513,0.00973513
525,56093,0.68203,0.97486,1.01654,0.89387,0.92547,0.93378,0.83157,0.64679,0.92027,0.94153,0.00973413,0.00973413,0.00973413
526,56182.7,0.70187,0.97911,1.01818,0.89382,0.92547,0.93225,0.82932,0.64684,0.91899,0.94135,0.00973312,0.00973312,0.00973312
527,56269.5,0.69251,1.00285,1.0201,0.89376,0.92547,0.93367,0.83069,0.6475,0.9192,0.94155,0.00973211,0.00973211,0.00973211
528,56356.6,0.69279,0.9618,1.02104,0.89389,0.92566,0.93242,0.8294,0.64759,0.91739,0.94172,0.0097311,0.0097311,0.0097311
529,56446,0.68379,1.00962,1.02965,0.89626,0.92547,0.93291,0.83051,0.64781,0.91758,0.942,0.00973009,0.00973009,0.00973009
530,56534.1,0.6977,0.95728,1.02117,0.89563,0.92547,0.93389,0.8308,0.6493,0.91967,0.9435,0.00972908,0.00972908,0.00972908
531,56622.7,0.68281,0.95545,1.0166,0.90062,0.92547,0.9333,0.83169,0.64873,0.91763,0.94336,0.00972806,0.00972806,0.00972806
532,56712,0.67504,0.99634,1.01888,0.90591,0.92456,0.93344,0.83175,0.6486,0.91551,0.94306,0.00972704,0.00972704,0.00972704
533,56801.9,0.68668,0.96512,1.02296,0.90163,0.92547,0.93324,0.83114,0.6483,0.91615,0.9429,0.00972603,0.00972603,0.00972603
534,56891.5,0.68987,0.95993,1.02233,0.90079,0.9259,0.93314,0.83142,0.64852,0.91731,0.94278,0.009725,0.009725,0.009725
535,56981,0.69261,0.96373,1.01701,0.90301,0.92547,0.9321,0.83095,0.64702,0.91702,0.94103,0.00972398,0.00972398,0.00972398
536,57070,0.70037,0.9987,1.03597,0.90406,0.92547,0.93219,0.83167,0.64644,0.91546,0.94086,0.00972296,0.00972296,0.00972296
537,57156.9,0.67634,0.95383,1.01062,0.90647,0.92547,0.93319,0.83103,0.64735,0.91453,0.94233,0.00972193,0.00972193,0.00972193
538,57243.9,0.6909,0.94828,1.02154,0.90732,0.92547,0.934,0.83181,0.64749,0.91633,0.94242,0.0097209,0.0097209,0.0097209
539,57331.1,0.6896,0.99725,1.02054,0.90265,0.92547,0.93362,0.83115,0.64739,0.9153,0.94217,0.00971987,0.00971987,0.00971987
540,57418.3,0.68068,0.99601,1.02443,0.90152,0.92547,0.93353,0.83286,0.6459,0.91558,0.94079,0.00971884,0.00971884,0.00971884
541,57504.5,0.68183,0.94065,1.02029,0.90024,0.92547,0.93205,0.83067,0.64582,0.91614,0.94057,0.0097178,0.0097178,0.0097178
542,57590.6,0.67959,0.94133,1.01952,0.9011,0.92547,0.93253,0.83128,0.64525,0.91438,0.94031,0.00971677,0.00971677,0.00971677
543,57677.7,0.70072,0.97179,1.02228,0.90036,0.92547,0.93325,0.83118,0.64531,0.91433,0.94036,0.00971573,0.00971573,0.00971573
544,57763.6,0.68445,0.9523,1.0171,0.90111,0.92547,0.93265,0.83053,0.64499,0.91423,0.94012,0.00971469,0.00971469,0.00971469
545,57850.1,0.68005,0.97135,1.01358,0.90035,0.92547,0.93199,0.82974,0.64432,0.91358,0.93984,0.00971365,0.00971365,0.00971365
546,57936.8,0.68214,0.95544,1.01298,0.90082,0.92547,0.9327,0.83069,0.64413,0.91418,0.93968,0.0097126,0.0097126,0.0097126
547,58024.1,0.67416,0.95767,1.01392,0.90204,0.92547,0.93418,0.83335,0.64408,0.91618,0.93964,0.00971156,0.00971156,0.00971156
548,58111.9,0.67574,0.94956,1.01025,0.90221,0.92547,0.9329,0.83105,0.64384,0.91558,0.93972,0.00971051,0.00971051,0.00971051
549,58198.8,0.69656,0.97344,1.01575,0.90213,0.92547,0.93265,0.83121,0.64382,0.91596,0.93946,0.00970946,0.00970946,0.00970946
550,58288.2,0.68077,0.97549,1.02665,0.90345,0.92262,0.93215,0.83026,0.64345,0.91737,0.93925,0.00970841,0.00970841,0.00970841
551,58378.1,0.68992,0.97109,1.01797,0.9034,0.92053,0.93356,0.832,0.64397,0.91658,0.9395,0.00970736,0.00970736,0.00970736
552,58467.2,0.70274,0.96442,1.02739,0.90345,0.92042,0.93243,0.83091,0.64439,0.91769,0.93967,0.00970631,0.00970631,0.00970631
553,58557,0.67015,0.97415,1.00853,0.90256,0.9202,0.93251,0.83087,0.64649,0.91852,0.94196,0.00970525,0.00970525,0.00970525
554,58646.5,0.68037,0.9462,1.0102,0.90329,0.9202,0.93138,0.82957,0.64695,0.91916,0.94195,0.00970419,0.00970419,0.00970419
555,58736.6,0.68736,0.97928,1.02533,0.90229,0.9202,0.93361,0.83298,0.64585,0.91839,0.9402,0.00970313,0.00970313,0.00970313
556,58826.4,0.69321,0.96094,1.01669,0.89593,0.93073,0.93166,0.83025,0.64575,0.91747,0.94035,0.00970207,0.00970207,0.00970207
557,58915.7,0.69906,0.98869,1.03188,0.89601,0.93073,0.93292,0.83201,0.64596,0.91827,0.9405,0.00970101,0.00970101,0.00970101
558,59005.8,0.69504,0.95805,1.02297,0.89523,0.93073,0.93321,0.83272,0.64621,0.91928,0.94052,0.00969994,0.00969994,0.00969994
559,59095.7,0.69449,0.98115,1.01328,0.89405,0.93073,0.93322,0.83269,0.64643,0.92025,0.94082,0.00969887,0.00969887,0.00969887
560,59185.1,0.69747,0.9653,1.02188,0.89352,0.93073,0.93277,0.83209,0.64612,0.91794,0.94052,0.0096978,0.0096978,0.0096978
561,59274.9,0.68322,1.01077,1.0154,0.89302,0.93073,0.9319,0.83119,0.64605,0.91821,0.94057,0.00969673,0.00969673,0.00969673
562,59364.9,0.67904,0.94548,1.01391,0.89289,0.93073,0.93185,0.83118,0.64588,0.91855,0.94045,0.00969566,0.00969566,0.00969566
563,59456,0.68262,0.97792,1.02278,0.89323,0.93073,0.93249,0.83219,0.64543,0.91857,0.94018,0.00969459,0.00969459,0.00969459
564,59543.2,0.67946,0.9619,1.01768,0.89387,0.93073,0.93202,0.83196,0.64534,0.9183,0.94008,0.00969351,0.00969351,0.00969351
565,59631.4,0.68916,0.96929,1.02834,0.89384,0.93073,0.93182,0.83168,0.64544,0.91895,0.94009,0.00969243,0.00969243,0.00969243
566,59719.6,0.68018,0.9466,1.01488,0.8901,0.93104,0.93187,0.83174,0.64536,0.92126,0.94,0.00969135,0.00969135,0.00969135
567,59807.3,0.67323,0.95509,1.00937,0.90824,0.91231,0.93199,0.83198,0.64568,0.92108,0.94004,0.00969027,0.00969027,0.00969027
568,59894.8,0.68696,0.96192,1.02572,0.88994,0.93089,0.9335,0.83425,0.64588,0.92318,0.94015,0.00968918,0.00968918,0.00968918
569,59983.1,0.67755,0.92697,1.00671,0.90848,0.91231,0.93341,0.83412,0.6461,0.92296,0.9402,0.0096881,0.0096881,0.0096881
570,60072.6,0.68616,0.95436,1.02029,0.90831,0.91231,0.93194,0.83267,0.64592,0.92466,0.94014,0.00968701,0.00968701,0.00968701
571,60162.5,0.69114,0.95792,1.01865,0.90761,0.91231,0.93156,0.83209,0.64581,0.92479,0.94026,0.00968592,0.00968592,0.00968592
572,60251.7,0.67526,0.99034,1.01081,0.90733,0.91231,0.93265,0.83385,0.64608,0.92485,0.94032,0.00968483,0.00968483,0.00968483
573,60340.7,0.68787,0.97708,1.01787,0.89215,0.93326,0.93199,0.83367,0.64621,0.92548,0.94046,0.00968374,0.00968374,0.00968374
574,60430,0.67197,0.9698,1.00687,0.88997,0.93336,0.93233,0.83294,0.6466,0.92535,0.94078,0.00968264,0.00968264,0.00968264
575,60519.2,0.69381,0.98647,1.02426,0.90795,0.91231,0.93245,0.83317,0.64715,0.92666,0.94137,0.00968155,0.00968155,0.00968155
576,60609.8,0.68958,1.0517,1.02265,0.9077,0.91231,0.93294,0.83392,0.64721,0.92729,0.94183,0.00968045,0.00968045,0.00968045
577,60699.8,0.6925,0.99091,1.01949,0.91277,0.91231,0.93287,0.83425,0.64766,0.92624,0.94192,0.00967935,0.00967935,0.00967935
578,60789.7,0.65983,0.94104,0.99951,0.91221,0.91231,0.93204,0.83321,0.64781,0.92724,0.94186,0.00967825,0.00967825,0.00967825
579,60879.3,0.68562,0.98974,1.02629,0.8908,0.93336,0.93318,0.834,0.64717,0.92643,0.94153,0.00967714,0.00967714,0.00967714
580,60968.6,0.68776,0.98199,1.01639,0.89149,0.93311,0.93198,0.83325,0.64671,0.92735,0.94113,0.00967604,0.00967604,0.00967604
581,61058.3,0.67,0.93504,1.01707,0.89149,0.93249,0.93293,0.83407,0.64725,0.92793,0.94138,0.00967493,0.00967493,0.00967493
582,61147.7,0.69794,0.96043,1.02334,0.88937,0.93225,0.93236,0.83424,0.64768,0.92861,0.94177,0.00967382,0.00967382,0.00967382
583,61236.6,0.67551,0.95369,1.01753,0.88938,0.93243,0.93127,0.83231,0.64836,0.9295,0.9423,0.00967271,0.00967271,0.00967271
584,61326.8,0.68037,0.97061,1.01873,0.88933,0.93294,0.9315,0.83438,0.64863,0.93072,0.94253,0.00967159,0.00967159,0.00967159
585,61417.9,0.68832,0.98656,1.01119,0.88921,0.93311,0.93177,0.83357,0.64902,0.92934,0.94253,0.00967048,0.00967048,0.00967048
586,61508.4,0.67386,0.91607,1.00988,0.88886,0.9336,0.93157,0.83232,0.64921,0.92982,0.94271,0.00966936,0.00966936,0.00966936
587,61598.2,0.68338,0.93944,1.02097,0.88879,0.93336,0.93167,0.83291,0.64946,0.92861,0.9429,0.00966824,0.00966824,0.00966824
588,61685.6,0.6744,0.96776,1.01306,0.88892,0.93303,0.9316,0.83278,0.64992,0.93105,0.9431,0.00966712,0.00966712,0.00966712
589,61775.2,0.68578,0.99105,1.02154,0.88879,0.93295,0.93173,0.83294,0.64968,0.92934,0.94303,0.009666,0.009666,0.009666
590,61865.1,0.69144,0.98156,1.01851,0.88879,0.93262,0.93171,0.83355,0.64986,0.92812,0.94319,0.00966488,0.00966488,0.00966488
591,61955.8,0.69359,0.95056,1.01547,0.88902,0.93174,0.93161,0.83291,0.64978,0.92831,0.94311,0.00966375,0.00966375,0.00966375
592,62045.7,0.67572,0.92038,1.00881,0.88922,0.93102,0.93145,0.83315,0.64972,0.92744,0.94276,0.00966262,0.00966262,0.00966262
593,62136.4,0.68765,0.97373,1.02325,0.88922,0.93047,0.93143,0.83419,0.65023,0.92841,0.94308,0.00966149,0.00966149,0.00966149
594,62226.1,0.68173,0.96904,1.01566,0.91316,0.90472,0.93204,0.83468,0.65013,0.92643,0.94297,0.00966036,0.00966036,0.00966036
595,62314.2,0.67512,0.93843,1.00606,0.9133,0.90441,0.93247,0.8356,0.6502,0.92312,0.94276,0.00965923,0.00965923,0.00965923
596,62401.8,0.67724,0.95221,1.00934,0.91381,0.90705,0.93164,0.83335,0.6501,0.9231,0.94271,0.0096581,0.0096581,0.0096581
597,62489.7,0.696,0.96458,1.02737,0.91433,0.90705,0.93164,0.83567,0.6502,0.92198,0.94275,0.00965696,0.00965696,0.00965696
598,62579,0.67336,0.92368,1.00818,0.91545,0.90705,0.9317,0.83545,0.65054,0.92207,0.94274,0.00965582,0.00965582,0.00965582
599,62665.6,0.68921,0.97864,1.02018,0.91816,0.90676,0.93186,0.83385,0.64995,0.91908,0.94236,0.00965468,0.00965468,0.00965468
600,62750.5,0.69307,0.96453,1.02539,0.91811,0.90617,0.93135,0.83221,0.64992,0.92273,0.94213,0.00965354,0.00965354,0.00965354
601,62834.5,0.68305,0.99427,1.01878,0.91811,0.90596,0.93146,0.83203,0.64994,0.92297,0.94213,0.00965239,0.00965239,0.00965239
602,62920,0.68631,0.97417,1.0197,0.91808,0.90599,0.93151,0.83219,0.6501,0.92441,0.94209,0.00965125,0.00965125,0.00965125
603,63006.1,0.65757,0.93502,1.00094,0.91798,0.90524,0.93164,0.83283,0.65015,0.92452,0.94226,0.0096501,0.0096501,0.0096501
604,63091.8,0.68047,1.04502,1.02345,0.91799,0.90534,0.93174,0.83348,0.64988,0.91966,0.94217,0.00964895,0.00964895,0.00964895
605,63177.6,0.67703,0.97458,1.02218,0.9179,0.9045,0.93136,0.83238,0.65009,0.9184,0.94213,0.0096478,0.0096478,0.0096478
606,63263.3,0.68239,0.9767,1.01846,0.9156,0.90441,0.93104,0.83411,0.65065,0.91776,0.94235,0.00964665,0.00964665,0.00964665
607,63347.4,0.68436,0.9587,1.0185,0.9181,0.90669,0.93118,0.83286,0.65257,0.91808,0.94461,0.00964549,0.00964549,0.00964549
608,63432,0.66904,0.94329,1.00254,0.91756,0.90705,0.93079,0.83222,0.65222,0.91582,0.94455,0.00964433,0.00964433,0.00964433
609,63516.5,0.67913,0.95576,1.01542,0.91622,0.90705,0.9318,0.83221,0.65257,0.91492,0.94459,0.00964318,0.00964318,0.00964318
610,63600.2,0.67785,0.96008,1.01912,0.91651,0.90705,0.93112,0.83281,0.65262,0.91473,0.94465,0.00964202,0.00964202,0.00964202
611,63684.8,0.67774,0.92664,1.00084,0.91659,0.90705,0.93058,0.83173,0.65181,0.91825,0.94312,0.00964085,0.00964085,0.00964085
612,63768.8,0.67194,0.93123,1.00903,0.91911,0.90705,0.93069,0.83073,0.65164,0.91656,0.94328,0.00963969,0.00963969,0.00963969
613,63853,0.69747,0.94687,1.01938,0.92152,0.90705,0.93319,0.83245,0.65138,0.91552,0.94339,0.00963852,0.00963852,0.00963852
614,63937.6,0.66966,0.96855,1.01228,0.91886,0.90705,0.93246,0.83242,0.65073,0.91296,0.94278,0.00963736,0.00963736,0.00963736
615,64021.3,0.66615,0.96457,1.00149,0.91877,0.90705,0.93246,0.83273,0.65087,0.91209,0.94281,0.00963619,0.00963619,0.00963619
616,64105.3,0.67904,0.96344,1.01045,0.92052,0.90861,0.93254,0.83237,0.65087,0.9119,0.94278,0.00963502,0.00963502,0.00963502
617,64190.3,0.68242,0.96568,1.01083,0.92045,0.90852,0.93275,0.83263,0.65056,0.91163,0.94262,0.00963384,0.00963384,0.00963384
618,64275.2,0.687,0.93372,1.01892,0.91872,0.90705,0.93282,0.83287,0.65093,0.91317,0.94267,0.00963267,0.00963267,0.00963267
619,64359.5,0.67265,0.94429,1.0162,0.92036,0.90883,0.93321,0.83332,0.65251,0.9151,0.94439,0.00963149,0.00963149,0.00963149
620,64445,0.67369,0.95092,1.00498,0.9223,0.90705,0.93226,0.83239,0.65213,0.91496,0.94419,0.00963031,0.00963031,0.00963031
621,64529.9,0.68086,0.96238,1.01828,0.91817,0.90705,0.93345,0.83424,0.65174,0.91512,0.94396,0.00962913,0.00962913,0.00962913
622,64615.5,0.68359,0.99336,1.02348,0.91777,0.90705,0.93244,0.83314,0.65175,0.91661,0.94388,0.00962795,0.00962795,0.00962795
623,64702.1,0.6764,0.94381,1.01337,0.91731,0.90968,0.93343,0.83467,0.65173,0.91717,0.94386,0.00962677,0.00962677,0.00962677
624,64787.5,0.67279,0.90201,1.00417,0.92312,0.90627,0.93312,0.83298,0.65127,0.91624,0.94395,0.00962558,0.00962558,0.00962558
625,64874.2,0.67572,0.97539,1.01259,0.92316,0.90648,0.93453,0.83469,0.65099,0.91498,0.94411,0.00962439,0.00962439,0.00962439
626,64957.6,0.66803,0.92445,1.00687,0.92315,0.9061,0.9346,0.83381,0.65062,0.91431,0.94423,0.0096232,0.0096232,0.0096232
627,65041.8,0.6782,0.92645,1.01137,0.92318,0.90621,0.93451,0.83399,0.65059,0.91502,0.94423,0.00962201,0.00962201,0.00962201
628,65126.1,0.67982,0.92584,1.01167,0.92323,0.9072,0.93444,0.83357,0.65078,0.91766,0.94438,0.00962082,0.00962082,0.00962082
629,65210.4,0.66336,0.91781,0.99701,0.92336,0.90832,0.9346,0.83447,0.6505,0.9163,0.94393,0.00961962,0.00961962,0.00961962
630,65296.5,0.66808,0.90715,1.01487,0.92334,0.90968,0.93501,0.83476,0.65099,0.9177,0.94444,0.00961843,0.00961843,0.00961843
631,65382.8,0.68407,0.96809,1.01303,0.91511,0.90968,0.93496,0.83588,0.65093,0.91628,0.94465,0.00961723,0.00961723,0.00961723
632,65466.9,0.66656,0.94744,1.00897,0.91336,0.90968,0.93585,0.837,0.65126,0.91447,0.94489,0.00961603,0.00961603,0.00961603
633,65550.8,0.6742,0.96016,1.01059,0.9129,0.90968,0.93534,0.83642,0.65088,0.91067,0.94458,0.00961483,0.00961483,0.00961483
634,65632.5,0.6534,0.93903,1.00116,0.92258,0.90968,0.93576,0.83539,0.6513,0.91122,0.94482,0.00961362,0.00961362,0.00961362
635,65712.7,0.68674,0.96482,1.02189,0.92254,0.90968,0.93614,0.83599,0.65067,0.91074,0.9443,0.00961242,0.00961242,0.00961242
636,65792.8,0.68907,0.96094,1.01932,0.92248,0.90968,0.93574,0.83584,0.65107,0.91147,0.94489,0.00961121,0.00961121,0.00961121
637,65871.7,0.68734,0.96604,1.02222,0.91927,0.90968,0.93547,0.83615,0.65094,0.91238,0.94497,0.00961,0.00961,0.00961
638,65950.5,0.67448,0.9334,1.0086,0.9192,0.90968,0.93598,0.83711,0.65103,0.91152,0.94505,0.00960879,0.00960879,0.00960879
639,66032.1,0.6757,0.90686,1.01204,0.91377,0.91084,0.93494,0.83633,0.65142,0.9139,0.94515,0.00960758,0.00960758,0.00960758
640,66111.7,0.66827,0.94466,1.00832,0.9138,0.91117,0.9354,0.83667,0.65164,0.91268,0.94518,0.00960636,0.00960636,0.00960636
641,66191.4,0.67226,1.02981,1.01906,0.91385,0.91135,0.93542,0.83663,0.65147,0.91154,0.94541,0.00960515,0.00960515,0.00960515
642,66270,0.68628,0.95985,1.0193,0.91755,0.90968,0.93566,0.83684,0.65147,0.91206,0.94542,0.00960393,0.00960393,0.00960393
643,66347.4,0.68181,0.95067,1.02008,0.91381,0.91109,0.93562,0.83699,0.65112,0.91022,0.94538,0.00960271,0.00960271,0.00960271
644,66425.5,0.67815,0.95956,1.01383,0.91375,0.91107,0.93563,0.83671,0.65101,0.91065,0.94521,0.00960149,0.00960149,0.00960149
645,66502.8,0.6713,0.92065,1.01335,0.91373,0.91079,0.93525,0.83603,0.6508,0.90994,0.9451,0.00960026,0.00960026,0.00960026
646,66579.4,0.68291,0.93496,1.01177,0.91379,0.91104,0.93592,0.83648,0.65063,0.90887,0.94534,0.00959904,0.00959904,0.00959904
647,66656.6,0.68715,0.95135,1.02438,0.91398,0.90968,0.93584,0.83628,0.65087,0.9081,0.94545,0.00959781,0.00959781,0.00959781
648,66733.8,0.68051,0.92336,1.01625,0.92179,0.90968,0.93438,0.83498,0.65094,0.90789,0.94547,0.00959658,0.00959658,0.00959658
649,66811.8,0.67564,0.93692,1.01597,0.92097,0.90968,0.93531,0.83598,0.65079,0.90706,0.94503,0.00959535,0.00959535,0.00959535
650,66889,0.67707,0.94592,1.00889,0.9209,0.90968,0.93521,0.83577,0.65054,0.90642,0.94486,0.00959412,0.00959412,0.00959412
651,66966,0.68612,0.96084,1.01809,0.92063,0.90968,0.93562,0.83608,0.65022,0.90728,0.94463,0.00959289,0.00959289,0.00959289
652,67043.1,0.67635,1.05002,1.00417,0.92047,0.90968,0.93488,0.83517,0.64955,0.9068,0.94439,0.00959165,0.00959165,0.00959165
653,67120.7,0.66932,0.97218,1.00467,0.92031,0.90968,0.93595,0.83613,0.64893,0.90691,0.94436,0.00959041,0.00959041,0.00959041
654,67197.7,0.68184,0.9362,1.01269,0.92278,0.90968,0.9365,0.83729,0.64869,0.90735,0.94434,0.00958917,0.00958917,0.00958917
655,67275.9,0.66898,0.95985,1.01179,0.92285,0.90968,0.93642,0.83766,0.64864,0.90891,0.94439,0.00958793,0.00958793,0.00958793
656,67353.4,0.6786,0.93725,1.02289,0.92287,0.90968,0.93668,0.83749,0.64807,0.90587,0.94421,0.00958669,0.00958669,0.00958669
657,67431.3,0.66134,0.95681,1.00143,0.92314,0.90968,0.93621,0.83514,0.64909,0.91319,0.94488,0.00958544,0.00958544,0.00958544
658,67509.3,0.66877,0.96272,1.0093,0.92406,0.91045,0.93597,0.83486,0.64878,0.91116,0.94486,0.0095842,0.0095842,0.0095842
659,67586.7,0.67543,0.93194,1.01168,0.92417,0.91032,0.93602,0.83534,0.64833,0.91233,0.94494,0.00958295,0.00958295,0.00958295
660,67664.1,0.68337,0.93854,1.01432,0.92425,0.91023,0.93638,0.83492,0.64815,0.9137,0.94503,0.0095817,0.0095817,0.0095817
661,67741.5,0.662,0.97759,1.00577,0.92424,0.91027,0.93642,0.83465,0.64777,0.9131,0.94481,0.00958044,0.00958044,0.00958044
662,67818.6,0.66423,0.94286,1.00355,0.92425,0.91007,0.93624,0.83383,0.64742,0.91465,0.94486,0.00957919,0.00957919,0.00957919
663,67896.3,0.68386,0.9464,1.01649,0.9243,0.90985,0.936,0.83561,0.64675,0.91429,0.94459,0.00957793,0.00957793,0.00957793
664,67971.6,0.66763,0.94194,1.0061,0.92437,0.90929,0.9363,0.83398,0.64671,0.91429,0.94455,0.00957668,0.00957668,0.00957668
665,68046.9,0.67944,0.94438,1.01127,0.92426,0.90705,0.93605,0.83358,0.64623,0.91442,0.94397,0.00957542,0.00957542,0.00957542
666,68122,0.67335,0.91545,1.01663,0.92449,0.90705,0.93644,0.83365,0.64605,0.91413,0.94393,0.00957416,0.00957416,0.00957416
667,68196.5,0.67038,0.91283,1.0011,0.92471,0.90705,0.93661,0.83389,0.64579,0.91406,0.94384,0.00957289,0.00957289,0.00957289
668,68271.7,0.67633,0.92431,1.01068,0.92487,0.90705,0.93656,0.83463,0.64561,0.91585,0.94375,0.00957163,0.00957163,0.00957163
669,68346.6,0.66157,0.95299,1.00331,0.9253,0.90705,0.93583,0.83356,0.64525,0.91387,0.94339,0.00957036,0.00957036,0.00957036
670,68422.7,0.67814,0.9616,1.01607,0.92677,0.90852,0.93662,0.83488,0.6446,0.91347,0.94302,0.00956909,0.00956909,0.00956909
671,68499,0.6629,0.93192,1.00731,0.92709,0.90882,0.9366,0.83487,0.64434,0.91249,0.94288,0.00956782,0.00956782,0.00956782
672,68575.5,0.66564,0.92375,1.00697,0.92681,0.90738,0.93666,0.83548,0.64381,0.91197,0.94245,0.00956655,0.00956655,0.00956655
673,68652.5,0.67194,0.92813,1.01017,0.92676,0.90577,0.93712,0.83726,0.64355,0.91142,0.9426,0.00956528,0.00956528,0.00956528
674,68727.6,0.67269,0.95039,1.01214,0.92744,0.90441,0.93725,0.83687,0.64281,0.90723,0.94238,0.009564,0.009564,0.009564
675,68803.8,0.66722,0.94872,1.00537,0.92779,0.90441,0.9371,0.83706,0.64273,0.90641,0.94222,0.00956273,0.00956273,0.00956273
676,68880.7,0.68522,0.95747,1.01341,0.93229,0.90705,0.93793,0.83747,0.64272,0.90709,0.94212,0.00956145,0.00956145,0.00956145
677,68957.4,0.67635,0.93793,1.00872,0.93309,0.90688,0.93802,0.83795,0.64212,0.90512,0.94193,0.00956017,0.00956017,0.00956017
678,69035,0.68638,0.98073,1.0092,0.93304,0.90705,0.93812,0.83801,0.64176,0.90372,0.94155,0.00955888,0.00955888,0.00955888
679,69111,0.6695,0.9496,1.00622,0.93375,0.90699,0.93812,0.8377,0.64121,0.90306,0.94115,0.0095576,0.0095576,0.0095576
680,69186.8,0.675,0.94551,1.01294,0.93408,0.90688,0.93785,0.83844,0.64117,0.90141,0.94111,0.00955631,0.00955631,0.00955631
681,69264.7,0.68446,0.93722,1.01345,0.93447,0.90705,0.93774,0.83656,0.64056,0.8999,0.94062,0.00955502,0.00955502,0.00955502
682,69341.1,0.66222,0.94063,1.00141,0.93506,0.90649,0.93751,0.83692,0.64068,0.90097,0.94036,0.00955373,0.00955373,0.00955373
683,69419,0.66664,0.9142,1.0024,0.9352,0.90656,0.93759,0.83797,0.64057,0.89962,0.94008,0.00955244,0.00955244,0.00955244
684,69496,0.67887,0.95363,1.00097,0.93515,0.90682,0.93753,0.83817,0.64047,0.89839,0.94016,0.00955115,0.00955115,0.00955115
685,69573.3,0.67773,0.94748,1.01475,0.93505,0.90683,0.93771,0.83849,0.64114,0.89958,0.94011,0.00954986,0.00954986,0.00954986
686,69648.4,0.67553,0.9245,1.00924,0.93536,0.90656,0.93753,0.83872,0.6408,0.90081,0.93982,0.00954856,0.00954856,0.00954856
687,69723.6,0.67741,0.92376,1.02088,0.93536,0.90656,0.93787,0.83773,0.64118,0.90029,0.94006,0.00954726,0.00954726,0.00954726
688,69799.5,0.67745,0.96918,1.01691,0.93515,0.90654,0.93811,0.83865,0.64075,0.89884,0.93976,0.00954596,0.00954596,0.00954596
689,69875.2,0.67591,0.96671,1.01039,0.93496,0.90756,0.93794,0.83841,0.64067,0.8987,0.93945,0.00954466,0.00954466,0.00954466
690,69950.1,0.67101,0.91651,1.0246,0.9342,0.90705,0.9379,0.83858,0.64045,0.89721,0.93921,0.00954335,0.00954335,0.00954335
691,70025.2,0.6585,0.9104,1.00135,0.93679,0.90705,0.93743,0.83792,0.64,0.89801,0.93916,0.00954205,0.00954205,0.00954205
692,70098.9,0.68245,0.94121,1.01569,0.9373,0.90705,0.93747,0.83734,0.6401,0.89764,0.93913,0.00954074,0.00954074,0.00954074
693,70173.5,0.67522,0.95713,1.01394,0.93745,0.90705,0.93731,0.83715,0.63874,0.89499,0.9373,0.00953943,0.00953943,0.00953943
694,70248.8,0.67037,0.92344,0.9966,0.93561,0.90705,0.93736,0.83695,0.63827,0.8934,0.93717,0.00953812,0.00953812,0.00953812
695,70324.8,0.68009,0.91298,1.01124,0.93514,0.90705,0.93705,0.83645,0.6382,0.89287,0.93713,0.00953681,0.00953681,0.00953681
696,70399.5,0.67539,0.96478,1.009,0.93303,0.90705,0.93768,0.83719,0.63856,0.89182,0.93722,0.00953549,0.00953549,0.00953549
697,70474.5,0.66961,0.92261,1.002,0.93366,0.90705,0.93746,0.83712,0.63854,0.8913,0.93719,0.00953418,0.00953418,0.00953418
698,70549.4,0.68331,0.96377,1.01448,0.93378,0.90705,0.93735,0.83642,0.63893,0.89293,0.93737,0.00953286,0.00953286,0.00953286
699,70624.1,0.6777,0.98631,1.0125,0.93591,0.90705,0.93748,0.83686,0.63888,0.89059,0.93736,0.00953154,0.00953154,0.00953154
700,70698.6,0.67344,0.91495,1.01318,0.93658,0.90705,0.93632,0.83533,0.63845,0.89209,0.93735,0.00953022,0.00953022,0.00953022
701,70773.5,0.65395,0.94046,0.99571,0.93663,0.90705,0.93615,0.83528,0.63876,0.89166,0.93735,0.00952889,0.00952889,0.00952889
702,70847.6,0.67102,0.92703,1.01354,0.93739,0.90705,0.93718,0.83663,0.63841,0.89137,0.937,0.00952757,0.00952757,0.00952757
703,70924,0.67235,0.9537,1.01392,0.93791,0.90705,0.93763,0.83703,0.63823,0.89014,0.93689,0.00952624,0.00952624,0.00952624
704,70998.6,0.6588,0.9183,0.99655,0.93769,0.9047,0.93671,0.83574,0.63825,0.89006,0.93663,0.00952491,0.00952491,0.00952491
705,71072.9,0.67701,0.94038,1.01528,0.93689,0.90441,0.93763,0.83667,0.63816,0.8886,0.93666,0.00952358,0.00952358,0.00952358
706,71146.4,0.68514,0.92773,1.01344,0.92278,0.90705,0.93661,0.8358,0.63791,0.89105,0.93642,0.00952225,0.00952225,0.00952225
707,71220.3,0.68233,0.9579,1.02006,0.92403,0.90968,0.93722,0.8365,0.63775,0.89205,0.93633,0.00952092,0.00952092,0.00952092
708,71294.5,0.67843,0.95236,1.01652,0.92388,0.90968,0.93555,0.83517,0.63766,0.89312,0.93624,0.00951958,0.00951958,0.00951958
709,71370,0.67014,0.92636,1.0054,0.91823,0.91264,0.93678,0.83636,0.63769,0.89339,0.93607,0.00951824,0.00951824,0.00951824
710,71445.4,0.67587,0.91404,1.00438,0.91854,0.9124,0.93623,0.83594,0.63761,0.89342,0.93604,0.0095169,0.0095169,0.0095169
711,71521.4,0.6688,0.93169,1.01042,0.91963,0.91231,0.93567,0.83519,0.63735,0.89354,0.93607,0.00951556,0.00951556,0.00951556
712,71596.3,0.68717,0.94414,1.01992,0.92671,0.90968,0.93631,0.8351,0.63754,0.89185,0.9364,0.00951422,0.00951422,0.00951422
713,71672.7,0.67862,0.91115,1.00797,0.92719,0.90944,0.9364,0.83509,0.63774,0.89249,0.93652,0.00951288,0.00951288,0.00951288
714,71745.8,0.67673,0.93378,1.02035,0.92795,0.91014,0.93628,0.83529,0.63758,0.89092,0.9364,0.00951153,0.00951153,0.00951153
715,71818.9,0.67326,0.91931,1.00945,0.92813,0.90977,0.9361,0.83516,0.63758,0.88907,0.93642,0.00951018,0.00951018,0.00951018
716,71892.6,0.66078,0.88445,1.00402,0.9288,0.90976,0.93583,0.83451,0.63731,0.88922,0.93618,0.00950883,0.00950883,0.00950883
717,71965.2,0.67108,0.93497,1.00773,0.929,0.91085,0.93595,0.83545,0.63708,0.8895,0.9358,0.00950748,0.00950748,0.00950748
718,72038.6,0.67222,0.939,1.0149,0.92905,0.91231,0.93612,0.83629,0.63652,0.8917,0.93557,0.00950613,0.00950613,0.00950613
719,72112.7,0.66004,0.90249,0.99952,0.92849,0.91231,0.93584,0.83477,0.63619,0.89206,0.93531,0.00950477,0.00950477,0.00950477
720,72185.4,0.67121,0.91101,1.00801,0.9275,0.91231,0.93578,0.83419,0.63577,0.89063,0.93521,0.00950341,0.00950341,0.00950341
721,72258.8,0.68305,0.91845,1.01689,0.92759,0.91231,0.93542,0.83497,0.6356,0.89223,0.93525,0.00950206,0.00950206,0.00950206
722,72332.3,0.67071,0.93744,1.01526,0.92751,0.91231,0.93571,0.83472,0.63559,0.89068,0.93534,0.0095007,0.0095007,0.0095007
723,72405.6,0.67468,0.95676,1.00213,0.92675,0.91451,0.93452,0.83273,0.63594,0.89139,0.93539,0.00949933,0.00949933,0.00949933
724,72478.4,0.67977,0.93955,1.02288,0.92454,0.91231,0.93485,0.83375,0.63581,0.89084,0.93559,0.00949797,0.00949797,0.00949797
725,72551.6,0.67532,0.90716,1.01611,0.92316,0.91494,0.93617,0.83681,0.63542,0.89013,0.93542,0.0094966,0.0094966,0.0094966
726,72625.6,0.67271,0.9712,1.01225,0.92353,0.91494,0.93555,0.83463,0.63525,0.89071,0.93505,0.00949524,0.00949524,0.00949524
727,72702.9,0.67084,0.91547,1.00695,0.92433,0.91494,0.93471,0.83493,0.63491,0.89078,0.93493,0.00949387,0.00949387,0.00949387
728,72777.9,0.6872,0.93161,1.0182,0.92445,0.91488,0.93514,0.83435,0.63424,0.88912,0.93479,0.0094925,0.0094925,0.0094925
729,72851.9,0.67365,0.91836,1.0114,0.92536,0.91494,0.93507,0.83388,0.63379,0.88968,0.93451,0.00949112,0.00949112,0.00949112
730,72927.4,0.66131,0.90702,1.00305,0.9254,0.91307,0.93468,0.83364,0.63325,0.89107,0.93427,0.00948975,0.00948975,0.00948975
731,73002,0.66933,0.92542,1.01503,0.92517,0.91311,0.93534,0.83439,0.6332,0.89369,0.93404,0.00948837,0.00948837,0.00948837
732,73076.7,0.67934,0.92583,1.01767,0.92481,0.91289,0.93527,0.83551,0.63314,0.89297,0.93387,0.009487,0.009487,0.009487
733,73150.7,0.68017,0.95741,1.01965,0.92465,0.91282,0.93522,0.83459,0.63255,0.89536,0.93348,0.00948562,0.00948562,0.00948562
734,73225.5,0.67691,0.949,1.01606,0.92478,0.91284,0.93551,0.83413,0.63231,0.89578,0.93329,0.00948423,0.00948423,0.00948423
735,73298.3,0.6768,0.91132,1.00168,0.92531,0.91286,0.93581,0.83447,0.63232,0.89771,0.93332,0.00948285,0.00948285,0.00948285
736,73371.7,0.67415,0.97215,1.02083,0.92688,0.91279,0.93587,0.83682,0.63229,0.89714,0.93313,0.00948147,0.00948147,0.00948147
737,73445.4,0.66939,0.92888,1.00454,0.92753,0.9132,0.93533,0.83542,0.6315,0.89601,0.93269,0.00948008,0.00948008,0.00948008
738,73518.7,0.66842,0.93139,1.00519,0.92562,0.91309,0.93563,0.83419,0.63139,0.8963,0.9326,0.00947869,0.00947869,0.00947869
739,73592.4,0.66706,0.91525,1.01139,0.92548,0.91314,0.9355,0.83643,0.63123,0.89677,0.93242,0.0094773,0.0094773,0.0094773
740,73667,0.66409,0.91158,0.99695,0.92496,0.913,0.9359,0.8359,0.63086,0.89747,0.93235,0.00947591,0.00947591,0.00947591
741,73739.8,0.67056,0.90572,1.00828,0.92462,0.91263,0.93534,0.83425,0.63089,0.89832,0.93246,0.00947452,0.00947452,0.00947452
742,73813.6,0.67082,0.91323,1.00695,0.92486,0.91249,0.93645,0.83685,0.63088,0.89938,0.93243,0.00947312,0.00947312,0.00947312
743,73886.6,0.66461,0.93754,1.00576,0.92489,0.91225,0.93653,0.83743,0.6305,0.89856,0.93231,0.00947172,0.00947172,0.00947172
744,73961.6,0.65305,0.9258,0.99425,0.92568,0.91239,0.93676,0.83673,0.63005,0.9005,0.93201,0.00947032,0.00947032,0.00947032
745,74038.5,0.66879,0.97573,1.00946,0.92576,0.91229,0.93639,0.83652,0.62951,0.90138,0.93163,0.00946892,0.00946892,0.00946892
746,74111.2,0.68988,0.94778,1.02231,0.92543,0.90946,0.93601,0.83611,0.62911,0.90158,0.93126,0.00946752,0.00946752,0.00946752
747,74183.9,0.65212,0.91578,0.99705,0.92655,0.90697,0.93621,0.83645,0.62834,0.90283,0.93067,0.00946612,0.00946612,0.00946612
748,74256.4,0.65731,0.90985,0.99655,0.92621,0.90703,0.93592,0.83624,0.62769,0.90238,0.93038,0.00946471,0.00946471,0.00946471
749,74328.4,0.65442,0.90637,1.0057,0.92478,0.90626,0.93639,0.83646,0.62731,0.90381,0.93018,0.0094633,0.0094633,0.0094633
750,74399.8,0.66172,0.92902,0.99892,0.92464,0.90481,0.93598,0.83612,0.62743,0.902,0.93013,0.00946189,0.00946189,0.00946189
751,74472.3,0.66956,0.89837,1.01242,0.92509,0.90725,0.93632,0.83692,0.62603,0.90015,0.92959,0.00946048,0.00946048,0.00946048
752,74545.4,0.66769,0.90826,1.0058,0.9249,0.90777,0.9361,0.8368,0.62576,0.90212,0.92954,0.00945907,0.00945907,0.00945907
753,74617.7,0.66893,0.94322,1.02029,0.92548,0.9078,0.93582,0.83644,0.62532,0.9005,0.92941,0.00945765,0.00945765,0.00945765
754,74691.5,0.65518,0.87192,0.99849,0.92595,0.90795,0.93632,0.83679,0.62515,0.90178,0.92932,0.00945624,0.00945624,0.00945624
755,74764,0.65477,0.90994,1.00566,0.92613,0.90774,0.93759,0.83778,0.62441,0.90279,0.92903,0.00945482,0.00945482,0.00945482
756,74838.2,0.67124,0.93713,1.02064,0.92632,0.90747,0.93617,0.83635,0.62424,0.90285,0.92879,0.0094534,0.0094534,0.0094534
757,74910.8,0.65696,0.91603,0.99792,0.92627,0.90711,0.93649,0.83621,0.62414,0.90407,0.92861,0.00945198,0.00945198,0.00945198
758,74984.1,0.6511,0.90747,0.98954,0.92888,0.90703,0.93607,0.83656,0.62374,0.90285,0.9285,0.00945056,0.00945056,0.00945056
759,75056.5,0.66739,0.91745,1.00926,0.92971,0.90777,0.93585,0.83604,0.62325,0.90248,0.92817,0.00944913,0.00944913,0.00944913
760,75132,0.66832,0.90384,1.00765,0.93029,0.90684,0.9357,0.83623,0.62276,0.90299,0.92774,0.0094477,0.0094477,0.0094477
761,75204.1,0.66436,0.92716,1.00428,0.93223,0.90874,0.93589,0.8365,0.62187,0.90183,0.92716,0.00944628,0.00944628,0.00944628
762,75277.3,0.66012,0.94509,1.00601,0.93223,0.90865,0.93569,0.83625,0.6214,0.90055,0.92691,0.00944485,0.00944485,0.00944485
763,75350,0.66872,0.88421,1.0104,0.93212,0.9076,0.93742,0.83826,0.62108,0.89917,0.92701,0.00944341,0.00944341,0.00944341
764,75422.4,0.67954,0.93152,1.02403,0.93215,0.90765,0.93561,0.83584,0.62058,0.89774,0.92696,0.00944198,0.00944198,0.00944198
765,75495.5,0.66481,0.93757,1.00426,0.93243,0.9071,0.93613,0.83737,0.6205,0.89723,0.9269,0.00944054,0.00944054,0.00944054
766,75567.1,0.66279,0.91285,1.00433,0.93208,0.90707,0.93541,0.83682,0.62037,0.89849,0.92718,0.00943911,0.00943911,0.00943911
767,75638.9,0.67098,0.92919,1.00794,0.93218,0.90688,0.93553,0.83612,0.61936,0.89838,0.92663,0.00943767,0.00943767,0.00943767
768,75710.9,0.66168,0.92508,1.00601,0.93473,0.90917,0.93643,0.83765,0.61909,0.8981,0.9263,0.00943623,0.00943623,0.00943623
769,75782.3,0.65424,1.01827,0.99708,0.93239,0.90936,0.93675,0.83885,0.61903,0.89662,0.92604,0.00943478,0.00943478,0.00943478
770,75854.7,0.66295,0.9271,1.00454,0.9294,0.90981,0.93501,0.83666,0.61914,0.89719,0.92601,0.00943334,0.00943334,0.00943334
771,75927.8,0.66708,0.94332,1.00709,0.92889,0.91027,0.93623,0.83884,0.61947,0.89602,0.92621,0.00943189,0.00943189,0.00943189
772,75999.5,0.65964,0.9019,1.0017,0.92908,0.91021,0.93507,0.83685,0.61931,0.89456,0.92595,0.00943045,0.00943045,0.00943045
773,76071,0.65916,0.88285,1.0014,0.92972,0.91054,0.9354,0.83867,0.61901,0.89306,0.92589,0.009429,0.009429,0.009429
774,76143.2,0.67404,0.88701,1.01583,0.92972,0.91076,0.93527,0.83749,0.61922,0.89479,0.92621,0.00942755,0.00942755,0.00942755
775,76215.1,0.66577,0.93701,1.01533,0.92969,0.91142,0.93564,0.83843,0.61917,0.89353,0.92641,0.00942609,0.00942609,0.00942609
776,76287.9,0.65105,0.89259,0.99738,0.92908,0.91123,0.93482,0.83665,0.6192,0.89404,0.92662,0.00942464,0.00942464,0.00942464
777,76360.2,0.66542,0.9143,1.0028,0.93091,0.90754,0.93498,0.83744,0.61904,0.89049,0.92656,0.00942318,0.00942318,0.00942318
778,76430.9,0.66615,0.91564,1.00345,0.93077,0.90891,0.93477,0.83724,0.61894,0.89073,0.92673,0.00942173,0.00942173,0.00942173
779,76503.7,0.6629,0.9059,1.0013,0.93169,0.90969,0.9356,0.83856,0.62105,0.89393,0.92848,0.00942027,0.00942027,0.00942027
780,76575.6,0.66445,0.8761,0.99953,0.93111,0.90968,0.93507,0.83719,0.6208,0.89373,0.9287,0.0094188,0.0094188,0.0094188
781,76648.6,0.64791,0.90708,0.98665,0.93421,0.90705,0.93506,0.83646,0.62075,0.89202,0.92865,0.00941734,0.00941734,0.00941734
782,76721,0.68109,0.91767,1.00851,0.93552,0.90705,0.93578,0.83723,0.62051,0.89251,0.9285,0.00941588,0.00941588,0.00941588
783,76792.7,0.655,0.92771,1.00457,0.93644,0.90769,0.93531,0.83651,0.61994,0.89366,0.92839,0.00941441,0.00941441,0.00941441
784,76864.7,0.66632,0.90012,1.01315,0.93663,0.90968,0.93526,0.83621,0.61966,0.89337,0.92847,0.00941294,0.00941294,0.00941294
785,76936.2,0.65842,0.9038,1.00446,0.93641,0.90524,0.93511,0.83643,0.61978,0.8938,0.92847,0.00941147,0.00941147,0.00941147
786,77009.1,0.64946,0.91258,0.99741,0.93586,0.90705,0.93531,0.83584,0.61938,0.89344,0.92845,0.00941,0.00941,0.00941
787,77082.8,0.66071,0.90607,1.00231,0.93463,0.90705,0.93557,0.8361,0.61899,0.89284,0.92834,0.00940853,0.00940853,0.00940853
788,77155.2,0.64911,0.90923,0.98942,0.93465,0.90705,0.93526,0.83553,0.61914,0.8926,0.92838,0.00940705,0.00940705,0.00940705
789,77228.7,0.67346,0.96801,1.01432,0.93479,0.90705,0.93577,0.83579,0.61904,0.89178,0.92847,0.00940557,0.00940557,0.00940557
790,77299.7,0.65791,0.9108,1.00004,0.93482,0.90705,0.93513,0.83572,0.6185,0.89084,0.92853,0.0094041,0.0094041,0.0094041
791,77371.6,0.65091,0.9199,1.00728,0.9324,0.90705,0.93434,0.83502,0.61855,0.89195,0.92865,0.00940262,0.00940262,0.00940262
792,77443,0.67586,0.97899,1.01461,0.93243,0.90705,0.93462,0.83546,0.61894,0.8908,0.92908,0.00940113,0.00940113,0.00940113
793,77516,0.65739,0.92596,1.00114,0.93217,0.90705,0.93427,0.83507,0.61903,0.89059,0.92898,0.00939965,0.00939965,0.00939965
794,77590.1,0.66452,0.93415,1.00485,0.93189,0.90705,0.93616,0.83672,0.61908,0.8905,0.92875,0.00939816,0.00939816,0.00939816
795,77665.2,0.66976,0.89413,1.00954,0.92965,0.90705,0.93486,0.83393,0.61941,0.89352,0.92908,0.00939668,0.00939668,0.00939668
796,77740.6,0.66007,0.96441,1.00234,0.92917,0.90727,0.93622,0.83539,0.6191,0.89211,0.92866,0.00939519,0.00939519,0.00939519
797,77815.2,0.66407,0.91698,1.00931,0.92904,0.90778,0.93451,0.83411,0.61935,0.89364,0.92861,0.0093937,0.0093937,0.0093937
798,77887.8,0.66533,0.93181,1.00542,0.92903,0.90777,0.93532,0.8351,0.61986,0.89351,0.92879,0.00939221,0.00939221,0.00939221
799,77960.5,0.64743,0.87985,0.9957,0.93044,0.90705,0.93566,0.83483,0.61996,0.89505,0.92885,0.00939071,0.00939071,0.00939071
800,78032.5,0.65403,0.88045,0.99675,0.93027,0.90705,0.93463,0.83376,0.61967,0.89486,0.9288,0.00938922,0.00938922,0.00938922
801,78105.9,0.66542,0.93073,1.00244,0.93041,0.90705,0.93467,0.83445,0.6197,0.89572,0.92869,0.00938772,0.00938772,0.00938772
802,78178,0.64835,0.87533,1.00287,0.92822,0.90705,0.93467,0.83318,0.61972,0.89421,0.92879,0.00938622,0.00938622,0.00938622
803,78249.5,0.65728,0.93584,0.99736,0.92864,0.90705,0.93525,0.83417,0.62049,0.89371,0.92903,0.00938472,0.00938472,0.00938472
804,78322.2,0.66701,0.91915,1.01297,0.92891,0.90705,0.93407,0.83269,0.62076,0.89298,0.9293,0.00938322,0.00938322,0.00938322
805,78396.3,0.66303,0.92052,1.0053,0.93066,0.90705,0.93514,0.83366,0.62107,0.89337,0.92936,0.00938171,0.00938171,0.00938171
806,78468.9,0.65855,0.93084,1.00675,0.93172,0.90705,0.93435,0.83302,0.62215,0.894,0.93087,0.0093802,0.0093802,0.0093802
807,78542.7,0.65973,0.91873,1.00159,0.93178,0.90705,0.93421,0.83236,0.62235,0.89496,0.93068,0.0093787,0.0093787,0.0093787
808,78616,0.66177,0.88467,1.00562,0.933,0.90705,0.93394,0.83266,0.62218,0.89736,0.93047,0.00937719,0.00937719,0.00937719
809,78688.6,0.68087,0.91185,1.02071,0.93467,0.90705,0.93396,0.83229,0.62189,0.89877,0.93039,0.00937568,0.00937568,0.00937568
810,78761.4,0.66525,0.93,1.00619,0.93762,0.90705,0.93479,0.8324,0.62099,0.89702,0.92992,0.00937416,0.00937416,0.00937416
811,78834.6,0.6708,0.90942,1.00118,0.93775,0.90705,0.93423,0.83184,0.62062,0.89417,0.92885,0.00937265,0.00937265,0.00937265
812,78907.7,0.65648,0.89766,1.0059,0.9372,0.90705,0.93504,0.83367,0.62101,0.896,0.92962,0.00937113,0.00937113,0.00937113
813,78979.7,0.66611,0.9089,1.01125,0.93632,0.90705,0.93457,0.83297,0.62068,0.89512,0.92882,0.00936961,0.00936961,0.00936961
814,79050.5,0.66533,0.89529,1.0072,0.93631,0.90705,0.93377,0.83123,0.62028,0.89402,0.92864,0.0093681,0.0093681,0.0093681
815,79120.9,0.64974,0.88581,0.99291,0.93612,0.90705,0.93385,0.8321,0.62105,0.89258,0.92886,0.00936657,0.00936657,0.00936657
816,79191.5,0.6644,0.89158,1.00232,0.93841,0.90705,0.93377,0.83145,0.62136,0.89454,0.92917,0.00936505,0.00936505,0.00936505
817,79263.1,0.6735,0.90424,1.01813,0.93808,0.90705,0.93302,0.82753,0.62218,0.89588,0.92967,0.00936353,0.00936353,0.00936353
818,79335,0.66413,0.91011,1.00551,0.93571,0.90705,0.93276,0.82942,0.62214,0.89511,0.92967,0.009362,0.009362,0.009362
819,79407.4,0.65191,0.89535,0.99877,0.93729,0.90705,0.93362,0.82974,0.62241,0.89308,0.92965,0.00936047,0.00936047,0.00936047
820,79478.3,0.65249,0.92423,1.00421,0.93815,0.90705,0.93341,0.8298,0.62194,0.89323,0.92941,0.00935894,0.00935894,0.00935894
821,79551.3,0.65101,0.92022,0.99394,0.93799,0.90441,0.93292,0.82972,0.62181,0.89251,0.92954,0.00935741,0.00935741,0.00935741
822,79624.1,0.64369,0.90695,0.98884,0.93531,0.90441,0.93341,0.83068,0.622,0.89091,0.92983,0.00935588,0.00935588,0.00935588
823,79696.2,0.66275,0.92113,1.00304,0.93447,0.90441,0.93399,0.83152,0.62189,0.89154,0.93018,0.00935434,0.00935434,0.00935434
824,79768.6,0.6574,0.9303,1.00117,0.93656,0.90441,0.93313,0.83097,0.62191,0.89207,0.93015,0.0093528,0.0093528,0.0093528
825,79838.9,0.66618,0.89846,1.0161,0.93771,0.90441,0.93384,0.83143,0.6216,0.89242,0.9294,0.00935127,0.00935127,0.00935127
826,79909.7,0.67324,0.91215,1.00354,0.93534,0.90441,0.93464,0.83237,0.62177,0.8927,0.92966,0.00934973,0.00934973,0.00934973
827,79981,0.65122,0.86105,0.98672,0.93461,0.90441,0.93466,0.8317,0.62196,0.89265,0.92959,0.00934818,0.00934818,0.00934818
828,80052.9,0.65821,0.89051,1.00276,0.93438,0.90441,0.93382,0.83117,0.62211,0.89345,0.92969,0.00934664,0.00934664,0.00934664
829,80123.7,0.66589,0.93069,1.00241,0.93327,0.90441,0.93466,0.83307,0.62226,0.8931,0.92966,0.0093451,0.0093451,0.0093451
830,80194.6,0.66902,0.94539,1.01057,0.93454,0.90441,0.93441,0.8335,0.62212,0.8957,0.92928,0.00934355,0.00934355,0.00934355
831,80265.8,0.66426,0.89336,0.99822,0.90534,0.93427,0.93403,0.83285,0.62286,0.89745,0.93016,0.009342,0.009342,0.009342
832,80337.6,0.65012,0.90671,0.99072,0.93324,0.90441,0.93313,0.83078,0.62293,0.89825,0.93022,0.00934045,0.00934045,0.00934045
833,80408,0.64767,0.92417,0.99061,0.9051,0.93434,0.93407,0.83074,0.6227,0.89912,0.9301,0.0093389,0.0093389,0.0093389
834,80477.3,0.65536,0.91582,0.99028,0.90512,0.93443,0.93417,0.8319,0.62252,0.89793,0.9297,0.00933734,0.00933734,0.00933734
835,80550.4,0.66506,0.92753,1.00584,0.90568,0.93419,0.93312,0.83048,0.62237,0.89697,0.92915,0.00933579,0.00933579,0.00933579
836,80624.2,0.64981,0.94243,1.00445,0.9065,0.93385,0.93398,0.83071,0.6224,0.8976,0.92907,0.00933423,0.00933423,0.00933423
837,80697.7,0.66203,0.92556,1.00322,0.90657,0.93396,0.93358,0.82976,0.62255,0.89727,0.92903,0.00933267,0.00933267,0.00933267
838,80772.4,0.67092,0.91339,1.00216,0.9066,0.93419,0.93385,0.83031,0.62246,0.89832,0.92894,0.00933111,0.00933111,0.00933111
839,80846.8,0.66645,0.91303,1.00192,0.90655,0.93426,0.93349,0.83,0.62285,0.89862,0.92924,0.00932955,0.00932955,0.00932955
840,80921.3,0.67552,0.91577,1.00979,0.90657,0.9346,0.93259,0.8276,0.623,0.89919,0.92969,0.00932799,0.00932799,0.00932799
841,80995.4,0.66243,0.9149,0.99992,0.90667,0.93484,0.93276,0.82836,0.62368,0.8992,0.9307,0.00932642,0.00932642,0.00932642
842,81069.6,0.65618,0.89143,0.99727,0.90679,0.93507,0.93201,0.82733,0.62315,0.89948,0.93031,0.00932485,0.00932485,0.00932485
843,81143.4,0.6647,0.9608,1.00076,0.90678,0.93543,0.93281,0.82797,0.62299,0.90003,0.93001,0.00932328,0.00932328,0.00932328
844,81216.7,0.66719,0.91152,1.00459,0.9076,0.93591,0.93297,0.82756,0.62277,0.89883,0.92973,0.00932171,0.00932171,0.00932171
845,81290.2,0.65016,0.88218,0.98903,0.90751,0.93616,0.93284,0.82752,0.62223,0.8978,0.92855,0.00932014,0.00932014,0.00932014
846,81363.2,0.66517,0.86317,0.99571,0.90666,0.93616,0.93328,0.8296,0.62219,0.89796,0.92836,0.00931857,0.00931857,0.00931857
847,81434.5,0.6617,0.92446,1.01017,0.90609,0.93616,0.93337,0.82857,0.62296,0.89943,0.92855,0.00931699,0.00931699,0.00931699
848,81504,0.65904,0.8925,0.99829,0.90545,0.93616,0.93176,0.8257,0.6228,0.89985,0.92857,0.00931542,0.00931542,0.00931542
849,81574.8,0.6636,0.91849,0.99692,0.90467,0.93616,0.93162,0.8257,0.62283,0.90028,0.92843,0.00931384,0.00931384,0.00931384
850,81646.5,0.65656,0.88859,1.00516,0.90447,0.93616,0.93163,0.8255,0.62339,0.90177,0.92868,0.00931226,0.00931226,0.00931226
851,81718.6,0.65662,0.94969,0.99774,0.90459,0.93616,0.93222,0.82715,0.62323,0.90117,0.92869,0.00931067,0.00931067,0.00931067
852,81791,0.64505,0.9078,0.99249,0.90508,0.93616,0.93227,0.82832,0.62312,0.9013,0.92863,0.00930909,0.00930909,0.00930909
853,81863.4,0.68008,0.92993,1.00695,0.9042,0.93616,0.93229,0.82822,0.62339,0.90317,0.92882,0.0093075,0.0093075,0.0093075
854,81935.6,0.64979,0.92059,1.00042,0.90412,0.93616,0.93292,0.82897,0.62307,0.9006,0.9287,0.00930592,0.00930592,0.00930592
855,82007.5,0.6671,0.98046,1.01142,0.90395,0.93616,0.93209,0.82819,0.62312,0.9015,0.92894,0.00930433,0.00930433,0.00930433
856,82080.6,0.6557,0.89487,0.99449,0.90401,0.93616,0.93301,0.829,0.62317,0.90416,0.92902,0.00930274,0.00930274,0.00930274
857,82151.7,0.66149,0.90399,1.00425,0.90416,0.93616,0.93192,0.82835,0.62323,0.90777,0.92922,0.00930114,0.00930114,0.00930114
858,82223.8,0.65927,0.88473,1.00782,0.90497,0.93616,0.93113,0.82708,0.62377,0.9125,0.92952,0.00929955,0.00929955,0.00929955
859,82293.6,0.65164,0.87519,0.99598,0.90531,0.93616,0.93111,0.82891,0.62368,0.91488,0.92953,0.00929795,0.00929795,0.00929795
860,82365.5,0.65033,0.89819,0.99469,0.90575,0.93616,0.93192,0.83057,0.62316,0.91307,0.92897,0.00929636,0.00929636,0.00929636
861,82436.5,0.66309,0.93506,1.00456,0.90572,0.93301,0.93035,0.82829,0.62319,0.91447,0.92916,0.00929476,0.00929476,0.00929476
862,82505.7,0.64783,0.88253,0.99987,0.90333,0.93616,0.93107,0.82962,0.62316,0.91402,0.92903,0.00929316,0.00929316,0.00929316
863,82575.1,0.66423,0.93185,0.99362,0.9037,0.93616,0.93,0.82672,0.62312,0.91555,0.92892,0.00929155,0.00929155,0.00929155
864,82644.2,0.66042,0.90941,0.99924,0.90238,0.93616,0.93034,0.82947,0.62257,0.91568,0.9287,0.00928995,0.00928995,0.00928995
865,82714.2,0.66731,0.9283,1.00616,0.90203,0.93616,0.93119,0.82904,0.62269,0.91631,0.92853,0.00928834,0.00928834,0.00928834
866,82782.9,0.65753,0.91626,0.99947,0.90211,0.93616,0.93008,0.82864,0.62251,0.91604,0.92867,0.00928674,0.00928674,0.00928674
867,82852.3,0.65855,0.90757,0.9972,0.90504,0.93258,0.9312,0.83064,0.62283,0.91532,0.92868,0.00928513,0.00928513,0.00928513
868,82922.8,0.6566,0.92556,0.99931,0.90515,0.93148,0.92982,0.82745,0.6222,0.91501,0.92815,0.00928352,0.00928352,0.00928352
869,82992.3,0.64956,0.93232,0.99187,0.90523,0.93051,0.92992,0.82775,0.62172,0.91614,0.92819,0.0092819,0.0092819,0.0092819
