epoch,time,train/box_loss,train/cls_loss,train/dfl_loss,metrics/precision(B),metrics/recall(B),metrics/mAP50(B),metrics/mAP50-95(B),val/box_loss,val/cls_loss,val/dfl_loss,lr/pg0,lr/pg1,lr/pg2
1,76.7553,1.19618,7.11533,1.44736,0.6275,0.82964,0.79824,0.56233,1.15764,3.44367,1.37352,0.00330827,0.00330827,0.00330827
2,132.25,1.01444,3.76251,1.2537,0.76327,0.84408,0.83165,0.61969,1.04663,2.4161,1.23367,0.0066416,0.0066416,0.0066416
3,187.507,1.0767,2.79831,1.31068,0.64514,0.8345,0.76269,0.53205,1.18568,9.71217,1.52711,0.00997493,0.00997493,0.00997493
4,243.271,1.17478,2.59712,1.39369,0.59456,0.82093,0.777,0.53108,1.1313,8.97197,1.36118,0.00999999,0.00999999,0.00999999
5,299.036,1.12871,2.35018,1.37211,0.76208,0.82332,0.83422,0.57695,1.20713,3.63768,1.39004,0.00999998,0.00999998,0.00999998
6,354.45,1.12709,2.25161,1.35379,0.76705,0.83242,0.84427,0.5864,1.16021,2.55702,1.28801,0.00999998,0.00999998,0.00999998
7,408.613,1.04382,2.06973,1.28892,0.82719,0.88566,0.87703,0.65742,1.01659,2.24822,1.18343,0.00999996,0.00999996,0.00999996
8,461.111,1.0183,1.95953,1.26813,0.79054,0.86647,0.87452,0.65184,1.04449,2.41852,1.19459,0.00999995,0.00999995,0.00999995
9,512.986,0.98827,1.91084,1.25408,0.79264,0.90853,0.8625,0.65703,0.9435,2.25336,1.15034,0.00999994,0.00999994,0.00999994
10,565.548,0.96654,1.80546,1.22442,0.83163,0.82074,0.86648,0.66579,0.95271,1.70133,1.12907,0.00999992,0.00999992,0.00999992
11,617.222,0.94218,1.73288,1.21875,0.81804,0.89263,0.88395,0.61336,1.16015,1.86151,1.27381,0.0099999,0.0099999,0.0099999
12,669.53,0.96465,1.75501,1.23542,0.86802,0.84602,0.88872,0.68163,0.95016,1.60198,1.13524,0.00999988,0.00999988,0.00999988
13,721.37,0.92996,1.7022,1.21259,0.86391,0.87231,0.90083,0.69378,0.94707,1.49731,1.11881,0.00999986,0.00999986,0.00999986
14,773.626,0.91712,1.702,1.21037,0.83812,0.89854,0.88255,0.66236,1.05292,1.61482,1.19818,0.00999983,0.00999983,0.00999983
15,824.653,0.92087,1.65912,1.20324,0.83834,0.89425,0.8935,0.68087,0.97083,1.57576,1.12955,0.00999981,0.00999981,0.00999981
16,876.938,0.88762,1.6054,1.17859,0.80394,0.88527,0.8598,0.69766,0.8827,1.55218,1.09746,0.00999978,0.00999978,0.00999978
17,928.688,0.89809,1.56273,1.19273,0.81411,0.83363,0.84542,0.68111,0.90343,1.64629,1.09694,0.00999975,0.00999975,0.00999975
18,980.387,0.88141,1.60366,1.17372,0.8271,0.89132,0.88457,0.69016,0.93353,1.50967,1.12008,0.00999972,0.00999972,0.00999972
19,1030.82,0.88491,1.56917,1.17469,0.82558,0.92343,0.88315,0.6889,0.95987,1.47516,1.12738,0.00999968,0.00999968,0.00999968
20,1081.01,0.85774,1.55605,1.15603,0.86108,0.89109,0.89756,0.70162,0.91862,1.41767,1.09505,0.00999965,0.00999965,0.00999965
21,1132.81,0.8494,1.49349,1.13898,0.84103,0.89914,0.88846,0.71888,0.84405,1.37223,1.06684,0.00999961,0.00999961,0.00999961
22,1183.94,0.8676,1.53768,1.16402,0.83377,0.9191,0.88403,0.71486,0.88547,1.42726,1.0816,0.00999957,0.00999957,0.00999957
23,1233.5,0.84437,1.4745,1.1498,0.85868,0.88818,0.89522,0.72189,0.84171,1.41025,1.05976,0.00999953,0.00999953,0.00999953
24,1284.31,0.85508,1.52891,1.15497,0.85658,0.8674,0.88113,0.68654,0.88742,1.42475,1.08573,0.00999948,0.00999948,0.00999948
25,1335.98,0.84133,1.47906,1.15253,0.8644,0.86449,0.87792,0.70321,0.86962,1.47161,1.0575,0.00999944,0.00999944,0.00999944
26,1388.45,0.83094,1.44482,1.14645,0.84138,0.91953,0.90413,0.73853,0.81229,1.34117,1.03687,0.00999939,0.00999939,0.00999939
27,1440.35,0.80948,1.43121,1.12482,0.89008,0.87348,0.90114,0.71487,0.90092,1.40535,1.0733,0.00999934,0.00999934,0.00999934
28,1492.33,0.83599,1.43698,1.14095,0.86146,0.8998,0.91254,0.74218,0.84821,1.35461,1.04601,0.00999929,0.00999929,0.00999929
29,1543.06,0.83801,1.50171,1.15683,0.84903,0.88891,0.90553,0.74108,0.82749,1.34183,1.04979,0.00999923,0.00999923,0.00999923
30,1593.78,0.8097,1.41626,1.12279,0.85728,0.90831,0.89433,0.72722,0.83222,1.31432,1.04418,0.00999918,0.00999918,0.00999918
31,1644.16,0.81205,1.4183,1.12794,0.86833,0.88314,0.89645,0.74303,0.79913,1.4021,1.02628,0.00999912,0.00999912,0.00999912
32,1695.19,0.80886,1.39208,1.12409,0.82369,0.92016,0.89559,0.73013,0.83767,1.39931,1.03814,0.00999906,0.00999906,0.00999906
33,1746.82,0.81466,1.379,1.12016,0.88291,0.87332,0.9122,0.73639,0.87996,1.31226,1.05295,0.009999,0.009999,0.009999
34,1797.75,0.80306,1.34278,1.12452,0.88213,0.86149,0.90725,0.74803,0.80494,1.30526,1.02936,0.00999894,0.00999894,0.00999894
35,1849.96,0.80117,1.31473,1.11333,0.86811,0.87675,0.90325,0.74469,0.81652,1.39264,1.03959,0.00999887,0.00999887,0.00999887
36,1901.38,0.78345,1.37237,1.11017,0.86222,0.89881,0.9045,0.73184,0.8296,1.30637,1.04006,0.0099988,0.0099988,0.0099988
37,1952.61,0.79751,1.36668,1.10642,0.86127,0.90582,0.91195,0.73657,0.84709,1.29134,1.0582,0.00999873,0.00999873,0.00999873
38,2003.67,0.79319,1.31894,1.11125,0.86753,0.88518,0.90649,0.73108,0.85355,1.33338,1.07183,0.00999866,0.00999866,0.00999866
39,2054.32,0.79766,1.32623,1.1141,0.86683,0.89275,0.90656,0.74338,0.82474,1.30797,1.03296,0.00999859,0.00999859,0.00999859
40,2105.4,0.78535,1.28839,1.10823,0.88274,0.8597,0.88888,0.73762,0.79331,1.34713,1.02883,0.00999851,0.00999851,0.00999851
41,2154.49,0.77597,1.27688,1.09763,0.87288,0.87905,0.8954,0.72319,0.87635,1.28317,1.06582,0.00999844,0.00999844,0.00999844
42,2201.44,0.77516,1.27078,1.09997,0.86258,0.87896,0.90157,0.75001,0.78235,1.42458,1.0174,0.00999836,0.00999836,0.00999836
43,2250.36,0.76428,1.28795,1.0858,0.84619,0.88864,0.8924,0.72137,0.82408,1.33771,1.04685,0.00999828,0.00999828,0.00999828
44,2296.87,0.76678,1.25332,1.09041,0.90461,0.86184,0.91584,0.74169,0.82196,1.30563,1.0396,0.00999819,0.00999819,0.00999819
45,2347.04,0.7704,1.26849,1.09818,0.87421,0.9031,0.91687,0.74823,0.81138,1.24361,1.03095,0.00999811,0.00999811,0.00999811
46,2398.1,0.75722,1.29339,1.08909,0.86518,0.9378,0.91604,0.75569,0.79382,1.24369,1.02709,0.00999802,0.00999802,0.00999802
47,2449.98,0.78705,1.25192,1.10527,0.89506,0.86147,0.90233,0.74262,0.79756,1.29687,1.0218,0.00999793,0.00999793,0.00999793
48,2502.04,0.76883,1.25701,1.09237,0.85718,0.9245,0.92288,0.76543,0.78027,1.22258,1.01664,0.00999784,0.00999784,0.00999784
49,2552.45,0.74527,1.33415,1.08933,0.86519,0.91412,0.91026,0.75025,0.80866,1.2287,1.03516,0.00999775,0.00999775,0.00999775
50,2603.14,0.74488,1.21554,1.0804,0.8718,0.91182,0.91059,0.74339,0.80545,1.23709,1.02313,0.00999765,0.00999765,0.00999765
51,2653.98,0.74924,1.23188,1.07742,0.8823,0.9064,0.92565,0.75773,0.81808,1.18626,1.02257,0.00999756,0.00999756,0.00999756
52,2703.95,0.7596,1.22822,1.08107,0.85051,0.88895,0.90417,0.74576,0.80598,1.27541,1.02549,0.00999746,0.00999746,0.00999746
53,2753.79,0.73899,1.23476,1.07407,0.87509,0.8913,0.91309,0.75674,0.78316,1.18485,1.01065,0.00999736,0.00999736,0.00999736
54,2803.24,0.76151,1.21212,1.08929,0.88637,0.89857,0.91369,0.76029,0.79408,1.22844,1.01989,0.00999726,0.00999726,0.00999726
55,2853.25,0.76096,1.23763,1.08734,0.85696,0.91534,0.92059,0.7651,0.78041,1.21062,1.00516,0.00999715,0.00999715,0.00999715
56,2902.93,0.74859,1.21653,1.0845,0.88441,0.89438,0.9208,0.76595,0.79031,1.2034,1.01346,0.00999704,0.00999704,0.00999704
57,2952.34,0.74925,1.22551,1.08859,0.86609,0.90011,0.91546,0.7583,0.79655,1.24893,1.02267,0.00999694,0.00999694,0.00999694
58,3001.39,0.7396,1.19036,1.07051,0.88442,0.90168,0.9115,0.74036,0.80336,1.22767,1.01732,0.00999683,0.00999683,0.00999683
59,3049.3,0.73459,1.18302,1.08075,0.89905,0.89729,0.92969,0.77317,0.7891,1.18019,1.02054,0.00999671,0.00999671,0.00999671
60,3097.35,0.7414,1.25239,1.07435,0.87704,0.90778,0.92545,0.76767,0.7969,1.17034,1.01344,0.0099966,0.0099966,0.0099966
61,3145.31,0.73492,1.17704,1.06759,0.89019,0.90391,0.90438,0.75313,0.79947,1.27241,1.03013,0.00999648,0.00999648,0.00999648
62,3193.94,0.73009,1.18956,1.06622,0.8744,0.90936,0.91674,0.75244,0.79252,1.20477,1.01548,0.00999636,0.00999636,0.00999636
63,3241.01,0.7203,1.18003,1.05867,0.89059,0.88605,0.92465,0.76274,0.79079,1.1389,1.01361,0.00999624,0.00999624,0.00999624
64,3288.92,0.72421,1.17594,1.06504,0.8433,0.90216,0.91275,0.76096,0.76504,1.18959,0.9995,0.00999612,0.00999612,0.00999612
65,3336.9,0.74041,1.2007,1.07639,0.85358,0.89569,0.91805,0.76355,0.77439,1.24907,0.99862,0.009996,0.009996,0.009996
66,3385.58,0.73317,1.16988,1.07452,0.90656,0.88864,0.91812,0.76486,0.78091,1.18751,1.00425,0.00999587,0.00999587,0.00999587
67,3434.08,0.72573,1.15172,1.07039,0.90411,0.85405,0.9231,0.77684,0.77827,1.20687,0.99731,0.00999574,0.00999574,0.00999574
68,3482.44,0.72564,1.17673,1.07562,0.86941,0.91209,0.91805,0.77512,0.75232,1.122,1.00173,0.00999561,0.00999561,0.00999561
69,3530.74,0.71365,1.12955,1.05775,0.83714,0.89531,0.91966,0.76588,0.79107,1.29111,1.00937,0.00999548,0.00999548,0.00999548
70,3579.02,0.72852,1.16605,1.05835,0.90372,0.88162,0.91718,0.77237,0.76044,1.16653,0.99375,0.00999535,0.00999535,0.00999535
71,3627.62,0.72975,1.18759,1.07895,0.88668,0.87647,0.91997,0.7759,0.78015,1.20937,1.0098,0.00999521,0.00999521,0.00999521
72,3679.69,0.72077,1.15011,1.0716,0.8894,0.9031,0.91557,0.7646,0.76244,1.14837,0.99985,0.00999508,0.00999508,0.00999508
73,3728.81,0.72147,1.16057,1.05717,0.85336,0.94354,0.92439,0.77381,0.75196,1.1296,0.99638,0.00999494,0.00999494,0.00999494
74,3777.19,0.72301,1.13266,1.05715,0.84662,0.93348,0.91805,0.77372,0.74784,1.18206,0.9955,0.00999479,0.00999479,0.00999479
75,3826.61,0.72813,1.22186,1.07898,0.88857,0.87017,0.9076,0.76679,0.74429,1.2469,0.98508,0.00999465,0.00999465,0.00999465
76,3876.2,0.71151,1.11387,1.06398,0.90502,0.88232,0.92784,0.78138,0.76841,1.12634,1.00008,0.0099945,0.0099945,0.0099945
77,3925.52,0.70409,1.12187,1.05468,0.8999,0.89233,0.9233,0.7872,0.72533,1.12942,0.98503,0.00999436,0.00999436,0.00999436
78,3975.17,0.70173,1.10643,1.0564,0.8854,0.89687,0.91543,0.76882,0.75599,1.18313,1.00967,0.00999421,0.00999421,0.00999421
79,4023.16,0.72558,1.1649,1.05947,0.87248,0.90097,0.90914,0.76759,0.73353,1.1537,0.98351,0.00999406,0.00999406,0.00999406
80,4071.64,0.72328,1.11349,1.06442,0.89629,0.88132,0.93029,0.77246,0.76273,1.14168,1.00473,0.0099939,0.0099939,0.0099939
81,4119.27,0.71026,1.12515,1.05215,0.89744,0.88472,0.92328,0.77564,0.73599,1.14853,0.98482,0.00999375,0.00999375,0.00999375
82,4167.38,0.69723,1.07957,1.04704,0.88944,0.91262,0.91427,0.76979,0.73395,1.11947,0.99393,0.00999359,0.00999359,0.00999359
83,4215.99,0.70779,1.09851,1.04914,0.89378,0.90243,0.92012,0.77154,0.74665,1.10972,0.98564,0.00999343,0.00999343,0.00999343
84,4263.98,0.73962,1.14531,1.07693,0.88108,0.89716,0.91604,0.77727,0.72101,1.10215,0.97301,0.00999327,0.00999327,0.00999327
85,4313.8,0.70861,1.09422,1.05904,0.88325,0.90818,0.92049,0.77098,0.73281,1.12416,0.9826,0.00999311,0.00999311,0.00999311
86,4363.41,0.70195,1.13246,1.05686,0.87802,0.89386,0.90877,0.76519,0.74406,1.17602,0.99358,0.00999294,0.00999294,0.00999294
87,4412.9,0.69991,1.0908,1.04559,0.8642,0.90788,0.91181,0.76826,0.75202,1.10268,0.98621,0.00999278,0.00999278,0.00999278
88,4462.62,0.69039,1.08645,1.03915,0.86449,0.92604,0.92474,0.78567,0.72198,1.07781,0.97142,0.00999261,0.00999261,0.00999261
89,4512.2,0.69127,1.07599,1.04064,0.87323,0.88723,0.92357,0.77081,0.76822,1.1215,0.98201,0.00999244,0.00999244,0.00999244
90,4561.11,0.70038,1.09128,1.04422,0.9003,0.90752,0.92569,0.78644,0.72469,1.07237,0.97169,0.00999226,0.00999226,0.00999226
91,4609.6,0.69064,1.07554,1.04273,0.90445,0.90263,0.91184,0.76265,0.74657,1.11787,0.97705,0.00999209,0.00999209,0.00999209
92,4658.32,0.69994,1.07516,1.05429,0.89219,0.87481,0.92169,0.78214,0.70442,1.04755,0.96118,0.00999191,0.00999191,0.00999191
93,4706.81,0.6944,1.0838,1.04442,0.89615,0.89186,0.91601,0.78226,0.71951,1.12312,0.97102,0.00999173,0.00999173,0.00999173
94,4755.79,0.70841,1.0903,1.0563,0.9076,0.89791,0.91938,0.77201,0.75328,1.0984,0.99519,0.00999155,0.00999155,0.00999155
95,4805.45,0.6946,1.0746,1.0459,0.9006,0.87634,0.91578,0.76975,0.74192,1.1334,0.98774,0.00999137,0.00999137,0.00999137
96,4855.74,0.67966,1.0462,1.03427,0.88894,0.90347,0.91845,0.78477,0.7133,1.12371,0.96855,0.00999118,0.00999118,0.00999118
97,4904.81,0.6877,1.03843,1.04263,0.90097,0.90167,0.90808,0.77235,0.71595,1.12445,0.97369,0.009991,0.009991,0.009991
98,4953.27,0.69717,1.10545,1.04394,0.90919,0.88241,0.91011,0.77616,0.72167,1.12908,0.98148,0.00999081,0.00999081,0.00999081
99,5001.44,0.68693,1.06786,1.04378,0.88762,0.88855,0.91284,0.77672,0.73421,1.12899,0.98793,0.00999062,0.00999062,0.00999062
100,5048.9,0.68343,1.04908,1.035,0.89165,0.87705,0.91959,0.78571,0.71421,1.11554,0.97311,0.00999043,0.00999043,0.00999043
101,5096.44,0.6934,1.05674,1.04503,0.89728,0.89697,0.9299,0.78814,0.72904,1.06714,0.98379,0.00999023,0.00999023,0.00999023
102,5144.99,0.69168,1.04586,1.03577,0.90434,0.88538,0.91985,0.77178,0.72353,1.11152,0.97564,0.00999004,0.00999004,0.00999004
103,5192.57,0.67101,1.03286,1.02876,0.91512,0.89438,0.9208,0.78003,0.70154,1.09189,0.97043,0.00998984,0.00998984,0.00998984
104,5240.47,0.68729,1.04884,1.03802,0.90603,0.88825,0.91827,0.78174,0.71337,1.13907,0.97539,0.00998964,0.00998964,0.00998964
105,5289.7,0.69309,1.04623,1.0367,0.89383,0.91764,0.93188,0.79854,0.6969,1.11107,0.96953,0.00998944,0.00998944,0.00998944
106,5338.55,0.67875,1.06347,1.04068,0.90998,0.87727,0.93159,0.80014,0.70614,1.10357,0.9702,0.00998923,0.00998923,0.00998923
107,5386.63,0.68582,1.04221,1.03495,0.89288,0.91724,0.9207,0.77647,0.71479,1.09568,0.97009,0.00998903,0.00998903,0.00998903
108,5435.89,0.66278,1.04665,1.02349,0.91061,0.89127,0.9237,0.78443,0.72895,1.11057,0.97693,0.00998882,0.00998882,0.00998882
109,5484.76,0.69103,1.03962,1.05712,0.87768,0.88863,0.92526,0.78354,0.72264,1.11035,0.98019,0.00998861,0.00998861,0.00998861
110,5533.74,0.69316,1.02169,1.05702,0.88145,0.90601,0.9294,0.7875,0.73218,1.09484,0.98168,0.0099884,0.0099884,0.0099884
111,5583.16,0.66526,1.00963,1.02224,0.88125,0.87267,0.92494,0.79396,0.71696,1.11524,0.97243,0.00998818,0.00998818,0.00998818
112,5632.6,0.68165,1.03301,1.03796,0.89413,0.88934,0.93269,0.79503,0.71604,1.06857,0.96899,0.00998797,0.00998797,0.00998797
113,5682.09,0.67233,1.01682,1.02194,0.90329,0.88934,0.92861,0.79555,0.69268,1.06407,0.9586,0.00998775,0.00998775,0.00998775
114,5730.77,0.69685,1.08066,1.04111,0.91321,0.90058,0.91772,0.7839,0.70447,1.0704,0.96308,0.00998753,0.00998753,0.00998753
115,5779.63,0.67565,1.03406,1.02925,0.89187,0.91607,0.91965,0.78664,0.70508,1.08294,0.96124,0.00998731,0.00998731,0.00998731
116,5828.26,0.67416,1.0426,1.03784,0.89279,0.89758,0.92636,0.78992,0.71464,1.08219,0.96517,0.00998708,0.00998708,0.00998708
117,5877.66,0.67994,1.04073,1.04443,0.91574,0.88971,0.92391,0.79474,0.68854,1.06151,0.95367,0.00998686,0.00998686,0.00998686
118,5927.17,0.67862,1.04699,1.03699,0.91513,0.88536,0.92725,0.79784,0.70572,1.08424,0.96377,0.00998663,0.00998663,0.00998663
119,5975.86,0.66015,1.06879,1.01893,0.90941,0.88643,0.92865,0.80124,0.68977,1.06791,0.95454,0.0099864,0.0099864,0.0099864
120,6025.61,0.6756,1.00628,1.03133,0.88579,0.90742,0.92173,0.78948,0.69428,1.05131,0.95856,0.00998617,0.00998617,0.00998617
121,6074.69,0.68386,1.0175,1.0433,0.90995,0.86943,0.92041,0.7863,0.70037,1.07877,0.96098,0.00998594,0.00998594,0.00998594
122,6122.07,0.66828,1.01335,1.02807,0.89206,0.88643,0.92399,0.78241,0.70944,1.0595,0.9634,0.0099857,0.0099857,0.0099857
123,6169.86,0.66875,0.9922,1.02941,0.90019,0.88353,0.92293,0.79214,0.69594,1.06381,0.95667,0.00998546,0.00998546,0.00998546
124,6217.73,0.67158,1.00695,1.04418,0.90727,0.88884,0.9232,0.78964,0.69787,1.06243,0.9596,0.00998522,0.00998522,0.00998522
125,6266.72,0.67774,1.01057,1.04104,0.88139,0.92306,0.91603,0.78209,0.71507,1.0786,0.97185,0.00998498,0.00998498,0.00998498
126,6316.45,0.66061,0.99326,1.02004,0.87072,0.90804,0.92214,0.78939,0.70104,1.04119,0.96419,0.00998474,0.00998474,0.00998474
127,6364.52,0.65231,0.94951,1.01423,0.87241,0.91356,0.91834,0.78318,0.70795,1.06942,0.96416,0.0099845,0.0099845,0.0099845
128,6412.45,0.66013,0.95402,1.02317,0.88969,0.89547,0.92535,0.79008,0.71938,1.05758,0.97459,0.00998425,0.00998425,0.00998425
129,6460.33,0.66362,1.00727,1.02493,0.87434,0.91409,0.92251,0.79169,0.71341,1.07158,0.96693,0.009984,0.009984,0.009984
130,6508.7,0.64983,1.07633,1.01052,0.90423,0.91473,0.9276,0.80144,0.70727,1.06468,0.96477,0.00998375,0.00998375,0.00998375
131,6557.83,0.66984,1.01713,1.02651,0.89094,0.90669,0.92622,0.79483,0.70255,1.04013,0.96233,0.0099835,0.0099835,0.0099835
132,6607.09,0.65484,0.99887,1.01259,0.90131,0.90058,0.93062,0.79929,0.70043,1.03613,0.96315,0.00998324,0.00998324,0.00998324
133,6656.81,0.66253,0.9668,1.02425,0.8993,0.902,0.93262,0.80474,0.69089,1.0329,0.96138,0.00998298,0.00998298,0.00998298
134,6706.82,0.66127,0.9693,1.02161,0.89635,0.90344,0.92701,0.79335,0.71304,1.03334,0.97219,0.00998273,0.00998273,0.00998273
135,6755.98,0.66119,1.00863,1.03478,0.90432,0.90267,0.93497,0.80046,0.69833,0.96632,0.96006,0.00998247,0.00998247,0.00998247
136,6804.96,0.65436,0.97233,1.02509,0.89674,0.91182,0.93718,0.8075,0.68921,0.9771,0.95338,0.0099822,0.0099822,0.0099822
137,6853.87,0.65617,0.96891,1.03082,0.89875,0.90891,0.92727,0.79846,0.70339,1.00347,0.96203,0.00998194,0.00998194,0.00998194
138,6903.64,0.657,0.98353,1.02485,0.90619,0.89973,0.93067,0.80494,0.69888,1.01899,0.96092,0.00998167,0.00998167,0.00998167
139,6953.01,0.66033,0.98567,1.03339,0.89566,0.91182,0.92953,0.80587,0.69303,1.0316,0.96239,0.0099814,0.0099814,0.0099814
140,7002.51,0.6642,1.03562,1.03035,0.8784,0.93136,0.9351,0.80687,0.68901,1.03592,0.95872,0.00998113,0.00998113,0.00998113
141,7051.31,0.66392,0.95843,1.01421,0.87889,0.90983,0.92383,0.79711,0.68609,1.06279,0.95562,0.00998086,0.00998086,0.00998086
142,7100.28,0.66231,0.94472,1.01507,0.89025,0.8988,0.92173,0.80262,0.67038,1.03787,0.94745,0.00998059,0.00998059,0.00998059
143,7148.88,0.67195,0.95084,1.02376,0.89982,0.89184,0.92596,0.80183,0.67616,1.06249,0.94934,0.00998031,0.00998031,0.00998031
144,7198.11,0.65036,0.9413,1.01749,0.90981,0.8853,0.92185,0.79848,0.68183,1.05824,0.9519,0.00998003,0.00998003,0.00998003
145,7247.81,0.6469,0.97076,1.02777,0.88878,0.91182,0.92231,0.79644,0.68258,1.0437,0.95245,0.00997975,0.00997975,0.00997975
146,7297.11,0.6549,0.95483,1.01794,0.90733,0.89568,0.92817,0.79976,0.68449,1.03735,0.95103,0.00997947,0.00997947,0.00997947
147,7345.88,0.65615,0.98839,1.02701,0.89893,0.90058,0.93462,0.80687,0.67945,1.02224,0.9455,0.00997919,0.00997919,0.00997919
148,7394.49,0.67687,0.96547,1.03361,0.88795,0.91611,0.93283,0.80417,0.68559,1.01965,0.94755,0.0099789,0.0099789,0.0099789
149,7444.17,0.6531,0.9743,1.02009,0.90033,0.91007,0.93177,0.80677,0.68149,1.0281,0.94701,0.00997861,0.00997861,0.00997861
150,7491.82,0.64182,0.94249,1.00805,0.89169,0.90678,0.93524,0.81098,0.67816,1.02739,0.94748,0.00997832,0.00997832,0.00997832
151,7540.19,0.643,0.90287,1.00483,0.88977,0.9163,0.93284,0.80711,0.68042,1.00935,0.9451,0.00997803,0.00997803,0.00997803
152,7588.62,0.63678,0.93207,1.01358,0.88473,0.92842,0.93829,0.80847,0.6898,0.98944,0.94945,0.00997774,0.00997774,0.00997774
153,7638.11,0.67471,0.98333,1.02958,0.87971,0.93178,0.94006,0.81188,0.69341,0.98513,0.95491,0.00997744,0.00997744,0.00997744
154,7688.44,0.65173,0.95129,1.00567,0.89016,0.90922,0.94114,0.812,0.68656,0.9871,0.95106,0.00997714,0.00997714,0.00997714
155,7736.75,0.64244,0.94129,1.01632,0.89638,0.89806,0.93683,0.81103,0.68007,0.97732,0.94937,0.00997685,0.00997685,0.00997685
156,7785.47,0.67941,0.94708,1.04464,0.89307,0.89975,0.93569,0.81276,0.67481,0.98564,0.94591,0.00997654,0.00997654,0.00997654
157,7834.04,0.64318,0.94034,1.0181,0.889,0.90645,0.93194,0.81273,0.67415,1.00322,0.94825,0.00997624,0.00997624,0.00997624
158,7882.35,0.63414,0.92331,1.004,0.88469,0.9058,0.93282,0.81246,0.67269,1.00125,0.94784,0.00997594,0.00997594,0.00997594
159,7929.65,0.64684,0.92953,1.01918,0.87048,0.92334,0.93707,0.81515,0.66614,0.98458,0.94328,0.00997563,0.00997563,0.00997563
160,7978.18,0.66239,0.94303,1.02588,0.87558,0.92564,0.93842,0.8122,0.66791,0.98174,0.94288,0.00997532,0.00997532,0.00997532
161,8026.22,0.64835,0.92855,1.00618,0.88365,0.91387,0.9375,0.81316,0.67125,0.97321,0.94078,0.00997501,0.00997501,0.00997501
162,8073.75,0.65085,0.92414,1.01191,0.88288,0.9093,0.93872,0.81678,0.67097,0.98641,0.94207,0.00997469,0.00997469,0.00997469
163,8121.3,0.64593,0.93552,1.01774,0.87232,0.93135,0.93923,0.81555,0.67469,0.99041,0.94376,0.00997438,0.00997438,0.00997438
164,8167.93,0.63257,0.92685,1.01088,0.88796,0.90378,0.93585,0.80811,0.67725,1.01414,0.94513,0.00997406,0.00997406,0.00997406
165,8214.74,0.63755,0.94782,1.01121,0.89321,0.91221,0.93134,0.80673,0.6733,1.0117,0.94379,0.00997374,0.00997374,0.00997374
166,8262.44,0.64134,0.945,1.00979,0.89449,0.91764,0.93079,0.80692,0.67375,1.00834,0.93983,0.00997342,0.00997342,0.00997342
167,8311.1,0.63901,0.91933,1.00224,0.8762,0.93394,0.93288,0.80988,0.66955,0.99806,0.93992,0.0099731,0.0099731,0.0099731
168,8359.15,0.65212,0.93911,1.02126,0.87267,0.9405,0.93623,0.81406,0.67256,0.9871,0.94266,0.00997277,0.00997277,0.00997277
169,8407.76,0.63637,0.89987,1.00751,0.87287,0.9409,0.93872,0.81621,0.67441,0.97743,0.94047,0.00997245,0.00997245,0.00997245
170,8456.46,0.63145,0.99224,1.00144,0.86366,0.94944,0.93778,0.81487,0.66772,0.98475,0.93735,0.00997212,0.00997212,0.00997212
171,8505.61,0.6482,0.94335,1.01352,0.90212,0.9064,0.9364,0.8161,0.66157,0.99383,0.93585,0.00997179,0.00997179,0.00997179
172,8554.87,0.63997,0.92618,1.00252,0.90822,0.90349,0.93558,0.81524,0.66041,1.00336,0.93579,0.00997146,0.00997146,0.00997146
173,8604.5,0.6309,0.98682,0.99979,0.90464,0.89477,0.93649,0.81369,0.66543,1.01072,0.93937,0.00997112,0.00997112,0.00997112
174,8653.35,0.63955,0.90802,1.00424,0.90499,0.89365,0.93541,0.81446,0.66021,0.99955,0.93477,0.00997079,0.00997079,0.00997079
175,8701.92,0.6456,0.92406,1.01085,0.90378,0.89048,0.93631,0.8199,0.65763,0.99038,0.93348,0.00997045,0.00997045,0.00997045
176,8752.15,0.62221,0.90916,0.99685,0.88737,0.90142,0.93922,0.82091,0.65716,0.98131,0.932,0.00997011,0.00997011,0.00997011
177,8801.22,0.62671,0.89351,1.00061,0.90819,0.89065,0.94142,0.82128,0.66038,0.97401,0.93409,0.00996976,0.00996976,0.00996976
178,8850.55,0.6323,0.91411,0.9991,0.86037,0.94884,0.93975,0.82285,0.6648,0.986,0.93631,0.00996942,0.00996942,0.00996942
179,8900,0.63487,0.92394,1.01181,0.86098,0.94884,0.93761,0.82348,0.66702,0.97896,0.9382,0.00996907,0.00996907,0.00996907
180,8949.34,0.63997,0.90842,1.0051,0.86231,0.94884,0.93741,0.82196,0.66452,0.96712,0.9371,0.00996873,0.00996873,0.00996873
181,8999.28,0.64335,0.90532,1.00718,0.88385,0.92537,0.93511,0.82058,0.66409,0.95483,0.93642,0.00996838,0.00996838,0.00996838
182,9047.93,0.63955,0.91002,1.00894,0.91195,0.88895,0.93224,0.81586,0.66474,0.9516,0.93655,0.00996802,0.00996802,0.00996802
183,9096.74,0.61924,0.90018,0.99522,0.9123,0.89281,0.93302,0.81468,0.66197,0.94359,0.9357,0.00996767,0.00996767,0.00996767
184,9146.33,0.63151,0.91808,1.00148,0.90872,0.90058,0.93518,0.81675,0.66055,0.93942,0.93363,0.00996731,0.00996731,0.00996731
185,9195.72,0.62568,0.91744,1.00563,0.92266,0.90404,0.93416,0.8131,0.65995,0.94096,0.93443,0.00996696,0.00996696,0.00996696
186,9245.26,0.6387,0.92011,1.00549,0.92035,0.9001,0.93293,0.81023,0.66199,0.95758,0.93651,0.0099666,0.0099666,0.0099666
187,9293.67,0.62386,1.00768,0.99649,0.92165,0.90396,0.93343,0.80989,0.66045,0.96101,0.93709,0.00996624,0.00996624,0.00996624
188,9342.29,0.63291,0.88292,0.99973,0.91278,0.90772,0.93367,0.80752,0.66175,0.96631,0.93793,0.00996587,0.00996587,0.00996587
189,9391.15,0.63858,0.93805,1.02025,0.91075,0.91633,0.93277,0.80511,0.66203,0.9683,0.93852,0.00996551,0.00996551,0.00996551
190,9439.66,0.6393,0.94037,1.00685,0.89593,0.92955,0.93291,0.80749,0.66752,0.9725,0.94071,0.00996514,0.00996514,0.00996514
191,9488.19,0.63963,0.89301,1.00926,0.90143,0.92888,0.93533,0.80994,0.66785,0.97609,0.94077,0.00996477,0.00996477,0.00996477
192,9536.67,0.63298,0.90748,1.01436,0.90057,0.92888,0.93586,0.81276,0.662,0.96032,0.93862,0.0099644,0.0099644,0.0099644
193,9585.83,0.63038,0.88849,1.00591,0.90115,0.92955,0.93524,0.81221,0.66044,0.95598,0.93995,0.00996402,0.00996402,0.00996402
194,9634.67,0.62155,0.87799,1.00436,0.9011,0.92134,0.93579,0.81258,0.65871,0.96089,0.93964,0.00996365,0.00996365,0.00996365
195,9683.14,0.62987,0.94717,1.00326,0.89963,0.92695,0.93556,0.81654,0.65945,0.96376,0.94037,0.00996327,0.00996327,0.00996327
196,9732.64,0.64191,0.91311,1.01371,0.91008,0.91257,0.93573,0.81328,0.66325,0.97223,0.94244,0.00996289,0.00996289,0.00996289
197,9779.95,0.65674,0.95784,1.02231,0.90868,0.91647,0.93364,0.81071,0.6609,0.97708,0.94109,0.00996251,0.00996251,0.00996251
198,9828.56,0.62463,0.88154,1.00231,0.88706,0.93896,0.93566,0.81312,0.65804,0.98016,0.93986,0.00996213,0.00996213,0.00996213
199,9876.73,0.62552,0.90204,1.00175,0.8831,0.93897,0.9343,0.81355,0.65314,0.98092,0.93641,0.00996174,0.00996174,0.00996174
200,9925.03,0.62682,0.93474,1.01019,0.88622,0.94069,0.93159,0.812,0.65462,0.98645,0.93683,0.00996136,0.00996136,0.00996136
201,9973.6,0.63513,0.88596,1.00599,0.8847,0.93632,0.93385,0.81236,0.6562,0.98502,0.93895,0.00996097,0.00996097,0.00996097
202,10023.4,0.63556,0.90417,1.00358,0.88461,0.93374,0.93571,0.81433,0.6563,0.98941,0.93911,0.00996058,0.00996058,0.00996058
203,10073.7,0.6355,0.87733,1.00638,0.91161,0.90089,0.93182,0.80881,0.65735,1.00327,0.93961,0.00996018,0.00996018,0.00996018
204,10123.8,0.62629,0.87331,1.00201,0.9101,0.90601,0.93282,0.81063,0.65789,1.00417,0.93879,0.00995979,0.00995979,0.00995979
205,10173.3,0.62965,0.86869,0.99912,0.90991,0.91182,0.92907,0.80808,0.65772,1.00346,0.93776,0.00995939,0.00995939,0.00995939
206,10222.9,0.61891,0.88275,0.99596,0.91213,0.91071,0.92677,0.80653,0.65465,0.99575,0.93293,0.00995899,0.00995899,0.00995899
207,10272.5,0.62489,0.86806,0.99372,0.90992,0.90985,0.9266,0.80752,0.65522,0.99678,0.93216,0.00995859,0.00995859,0.00995859
208,10320.8,0.63015,0.88726,0.99876,0.90689,0.90941,0.92735,0.80931,0.65649,0.99853,0.93421,0.00995819,0.00995819,0.00995819
209,10368.9,0.62906,0.87123,1.0034,0.90687,0.90914,0.93055,0.81058,0.65636,0.99148,0.93311,0.00995779,0.00995779,0.00995779
210,10417.8,0.61538,0.86014,0.98714,0.89438,0.92312,0.92991,0.81228,0.65499,0.98546,0.93178,0.00995738,0.00995738,0.00995738
211,10467,0.61588,0.89105,0.9981,0.90959,0.90781,0.92853,0.80887,0.65411,0.98781,0.93122,0.00995697,0.00995697,0.00995697
212,10515.4,0.61332,0.84126,0.99119,0.90953,0.9075,0.92843,0.81055,0.65491,1.00052,0.93456,0.00995656,0.00995656,0.00995656
213,10564.6,0.62505,0.8792,0.99699,0.90715,0.90773,0.93039,0.81112,0.65416,0.99801,0.93394,0.00995615,0.00995615,0.00995615
214,10614.3,0.61989,0.91015,1.00081,0.90349,0.91437,0.93111,0.81262,0.65236,0.99278,0.93326,0.00995574,0.00995574,0.00995574
215,10664,0.63642,0.88094,1.01448,0.90338,0.91857,0.93113,0.81269,0.65336,0.99054,0.93438,0.00995532,0.00995532,0.00995532
216,10712.5,0.63359,0.87676,1.0043,0.90383,0.91757,0.93055,0.8121,0.65343,0.98879,0.93466,0.0099549,0.0099549,0.0099549
217,10761.1,0.61661,0.84334,0.98973,0.90467,0.91764,0.93159,0.81229,0.65211,0.98972,0.93387,0.00995448,0.00995448,0.00995448
218,10809.5,0.61358,0.88201,1.00078,0.90414,0.91668,0.93183,0.81366,0.65106,0.98239,0.93337,0.00995406,0.00995406,0.00995406
219,10857.2,0.62884,0.88704,1.00064,0.90181,0.91539,0.9331,0.81451,0.65116,0.98236,0.93511,0.00995364,0.00995364,0.00995364
220,10905.6,0.61477,0.88772,0.98388,0.87441,0.94721,0.93207,0.81429,0.65046,0.98033,0.93505,0.00995321,0.00995321,0.00995321
221,10954.5,0.61634,0.91875,0.9859,0.8785,0.94412,0.93315,0.81819,0.65108,0.97621,0.93537,0.00995278,0.00995278,0.00995278
222,11003.5,0.6263,0.86505,1.0061,0.87964,0.94392,0.93438,0.8189,0.65217,0.97764,0.93574,0.00995235,0.00995235,0.00995235
223,11052.3,0.61863,0.8661,1.00296,0.87773,0.94445,0.93368,0.81741,0.65288,0.97825,0.93579,0.00995192,0.00995192,0.00995192
224,11100.3,0.63225,0.88922,1.00835,0.88012,0.94518,0.93295,0.8172,0.65174,0.9754,0.93514,0.00995149,0.00995149,0.00995149
225,11149.3,0.6136,0.93772,0.98362,0.88048,0.94593,0.93378,0.8183,0.65149,0.97619,0.93439,0.00995105,0.00995105,0.00995105
226,11198.3,0.62215,0.86571,0.9904,0.88074,0.94593,0.9343,0.81834,0.65063,0.98079,0.93352,0.00995062,0.00995062,0.00995062
227,11246.9,0.60295,0.85779,0.98247,0.87173,0.94593,0.93492,0.81791,0.65144,0.98654,0.93347,0.00995018,0.00995018,0.00995018
228,11295.3,0.62432,0.95702,1.00747,0.9053,0.91456,0.9343,0.81761,0.65072,0.98358,0.93327,0.00994974,0.00994974,0.00994974
229,11343.5,0.6078,0.84909,0.9856,0.90236,0.91629,0.93551,0.81673,0.64976,0.98021,0.93255,0.00994929,0.00994929,0.00994929
230,11391.2,0.61069,0.8633,0.98738,0.90231,0.91853,0.93649,0.8184,0.64582,0.95865,0.92895,0.00994885,0.00994885,0.00994885
231,11440.6,0.61804,0.86661,1.00327,0.90448,0.92032,0.93592,0.81785,0.64569,0.95587,0.9286,0.0099484,0.0099484,0.0099484
232,11491.1,0.60995,0.86811,0.99434,0.89891,0.92826,0.9364,0.81872,0.64595,0.95648,0.92889,0.00994795,0.00994795,0.00994795
233,11539.9,0.60644,0.84241,0.98788,0.8997,0.92957,0.93723,0.81983,0.64584,0.95824,0.92909,0.0099475,0.0099475,0.0099475
234,11588.7,0.61198,0.84047,0.99481,0.90206,0.93178,0.93703,0.81999,0.64476,0.95775,0.92875,0.00994705,0.00994705,0.00994705
235,11636.9,0.60515,0.83356,0.98662,0.90136,0.93178,0.93651,0.81994,0.64489,0.95802,0.92922,0.00994659,0.00994659,0.00994659
236,11685.1,0.62088,0.84833,0.99653,0.90103,0.93178,0.93613,0.81967,0.64479,0.95098,0.92947,0.00994614,0.00994614,0.00994614
237,11733.1,0.62947,0.86755,1.00028,0.89843,0.93334,0.93672,0.82043,0.6444,0.94876,0.92925,0.00994568,0.00994568,0.00994568
238,11780.4,0.59979,0.82812,0.98276,0.90241,0.93103,0.93754,0.82121,0.64498,0.95105,0.92976,0.00994522,0.00994522,0.00994522
239,11826.3,0.61352,0.89153,0.9944,0.90245,0.93102,0.93807,0.82031,0.64591,0.94978,0.93078,0.00994476,0.00994476,0.00994476
240,11874.1,0.63012,0.8435,1.00441,0.90005,0.92917,0.93781,0.82134,0.64612,0.94756,0.93047,0.00994429,0.00994429,0.00994429
241,11921.5,0.60513,0.82649,0.98129,0.9035,0.92345,0.93798,0.82149,0.64605,0.94599,0.92996,0.00994383,0.00994383,0.00994383
242,11969.4,0.619,0.85807,0.99164,0.90212,0.92345,0.93823,0.82111,0.64693,0.94832,0.93018,0.00994336,0.00994336,0.00994336
243,12017.9,0.60704,0.85283,0.97994,0.90393,0.92345,0.93801,0.82095,0.65127,0.96872,0.93294,0.00994289,0.00994289,0.00994289
244,12066.6,0.61052,0.86137,0.99075,0.90299,0.92345,0.9385,0.8212,0.65201,0.96908,0.93345,0.00994242,0.00994242,0.00994242
245,12115,0.61392,0.86504,0.98767,0.90313,0.92345,0.94017,0.82197,0.65237,0.96834,0.93329,0.00994194,0.00994194,0.00994194
246,12162.4,0.62591,0.84977,1.0077,0.9039,0.92345,0.93996,0.82161,0.65197,0.96737,0.93266,0.00994147,0.00994147,0.00994147
247,12210.5,0.61012,0.85446,0.98947,0.90402,0.92345,0.94046,0.82351,0.65068,0.96318,0.93192,0.00994099,0.00994099,0.00994099
248,12258.6,0.62862,0.87465,1.00697,0.90435,0.92285,0.93961,0.82302,0.64849,0.96265,0.93002,0.00994051,0.00994051,0.00994051
249,12306.7,0.62087,0.84465,0.99385,0.90448,0.92244,0.93949,0.82289,0.64806,0.96293,0.92984,0.00994003,0.00994003,0.00994003
250,12355.2,0.60278,0.85335,0.97971,0.90443,0.92349,0.93903,0.82174,0.6476,0.96494,0.92955,0.00993954,0.00993954,0.00993954
251,12404.1,0.61265,0.84529,0.99576,0.9011,0.92295,0.93918,0.82222,0.64773,0.96414,0.92954,0.00993906,0.00993906,0.00993906
252,12454.7,0.60916,0.83323,0.99291,0.90254,0.91531,0.93845,0.82137,0.64749,0.96474,0.92941,0.00993857,0.00993857,0.00993857
253,12503.8,0.61082,0.86476,0.98896,0.90282,0.91512,0.93807,0.82068,0.64755,0.96629,0.92955,0.00993808,0.00993808,0.00993808
254,12552.3,0.60098,0.86273,0.99632,0.90329,0.91512,0.93718,0.8216,0.64768,0.96438,0.92966,0.00993759,0.00993759,0.00993759
255,12600.7,0.6069,0.83896,0.98726,0.90285,0.91512,0.93675,0.82125,0.64719,0.96453,0.9295,0.0099371,0.0099371,0.0099371
256,12648.3,0.61173,0.83826,1.00319,0.90488,0.91512,0.93726,0.82081,0.6467,0.96329,0.92951,0.0099366,0.0099366,0.0099366
257,12697.4,0.62023,0.84662,1.00063,0.90514,0.91512,0.93711,0.82143,0.64785,0.96731,0.93015,0.0099361,0.0099361,0.0099361
258,12746.4,0.60175,0.85167,0.99209,0.90639,0.91824,0.93817,0.8233,0.64838,0.96616,0.92998,0.0099356,0.0099356,0.0099356
259,12795,0.61567,0.84597,1.00641,0.90672,0.91823,0.93759,0.82299,0.64863,0.9661,0.92999,0.0099351,0.0099351,0.0099351
260,12843.4,0.61353,0.82577,0.98519,0.90682,0.91803,0.93801,0.82143,0.64872,0.96817,0.92992,0.0099346,0.0099346,0.0099346
261,12891.5,0.61558,0.82792,0.99283,0.90897,0.92092,0.93783,0.82084,0.64847,0.96962,0.9299,0.0099341,0.0099341,0.0099341
262,12940.6,0.61589,0.84231,0.99518,0.90568,0.92122,0.93778,0.82186,0.64852,0.96988,0.92993,0.00993359,0.00993359,0.00993359
263,12989.1,0.61827,0.81944,0.98313,0.90553,0.92136,0.93784,0.82144,0.64845,0.96752,0.93007,0.00993308,0.00993308,0.00993308
264,13037.3,0.59812,0.85775,0.97747,0.90593,0.92154,0.93809,0.82129,0.64789,0.96742,0.92972,0.00993257,0.00993257,0.00993257
265,13085.6,0.60854,0.8215,0.99474,0.90684,0.92146,0.93771,0.82158,0.64785,0.96738,0.92946,0.00993206,0.00993206,0.00993206
266,13133.2,0.60223,0.83067,0.98261,0.90794,0.91464,0.93706,0.82025,0.64761,0.96445,0.9293,0.00993154,0.00993154,0.00993154
267,13180.7,0.60636,0.88411,0.9799,0.9081,0.91405,0.93703,0.8197,0.64754,0.96384,0.92915,0.00993103,0.00993103,0.00993103
268,13227.4,0.60612,0.8429,0.99385,0.9075,0.91221,0.937,0.82125,0.64724,0.96103,0.92888,0.00993051,0.00993051,0.00993051
269,13276,0.60527,0.81869,0.98798,0.90884,0.91221,0.93675,0.81952,0.6466,0.96138,0.92839,0.00992999,0.00992999,0.00992999
270,13322.5,0.60665,0.93182,0.98691,0.90596,0.91221,0.93671,0.81903,0.64658,0.96141,0.92818,0.00992946,0.00992946,0.00992946
271,13370,0.62594,0.84719,1.01486,0.9063,0.91221,0.93704,0.81843,0.64644,0.96387,0.92783,0.00992894,0.00992894,0.00992894
272,13417.2,0.60988,0.83027,0.98468,0.90689,0.91221,0.9364,0.81937,0.64605,0.96127,0.92746,0.00992841,0.00992841,0.00992841
273,13465,0.59808,0.83992,0.97983,0.90835,0.91162,0.93658,0.82132,0.64576,0.96237,0.92744,0.00992789,0.00992789,0.00992789
274,13511.4,0.60567,0.80882,0.99439,0.90821,0.90965,0.93628,0.81977,0.64569,0.96182,0.92722,0.00992736,0.00992736,0.00992736
275,13559.8,0.59154,0.80482,0.97312,0.90765,0.91512,0.93718,0.82296,0.64395,0.96357,0.92616,0.00992682,0.00992682,0.00992682
276,13607,0.60181,0.85376,0.98849,0.90714,0.91512,0.93741,0.82248,0.64405,0.96327,0.92607,0.00992629,0.00992629,0.00992629
277,13654.4,0.59877,0.83856,0.97615,0.90404,0.92108,0.93791,0.82505,0.64427,0.96344,0.92647,0.00992576,0.00992576,0.00992576
278,13702,0.602,0.82893,0.98884,0.90396,0.92106,0.93774,0.82324,0.64517,0.96384,0.92723,0.00992522,0.00992522,0.00992522
279,13750,0.61111,0.88765,0.99391,0.90394,0.92118,0.93717,0.82256,0.64583,0.96257,0.92731,0.00992468,0.00992468,0.00992468
280,13798,0.59088,0.80799,0.97157,0.90606,0.92122,0.9377,0.82471,0.64601,0.96537,0.9275,0.00992414,0.00992414,0.00992414
281,13845,0.60983,0.79017,0.98219,0.906,0.92133,0.93775,0.82368,0.64513,0.9602,0.92685,0.00992359,0.00992359,0.00992359
282,13892.1,0.60792,0.8197,0.98809,0.90602,0.9213,0.93894,0.8239,0.64512,0.95917,0.92696,0.00992305,0.00992305,0.00992305
283,13939.1,0.59987,0.82107,0.98702,0.90651,0.92118,0.93869,0.8238,0.64476,0.95986,0.92686,0.0099225,0.0099225,0.0099225
284,13985.4,0.60033,0.81605,0.98261,0.91027,0.91753,0.93846,0.82446,0.6443,0.95967,0.92659,0.00992195,0.00992195,0.00992195
285,14031.9,0.60635,0.82095,0.98936,0.90855,0.91758,0.93813,0.82439,0.64412,0.96022,0.92689,0.0099214,0.0099214,0.0099214
286,14079.1,0.59653,0.81366,0.98045,0.90615,0.92097,0.93865,0.82493,0.64324,0.96007,0.92613,0.00992085,0.00992085,0.00992085
287,14125.6,0.59781,0.82357,0.97891,0.90887,0.91988,0.93878,0.82533,0.64264,0.96016,0.92576,0.00992029,0.00992029,0.00992029
288,14172,0.60059,0.84292,0.97718,0.9083,0.92056,0.93892,0.82514,0.64322,0.96025,0.92615,0.00991974,0.00991974,0.00991974
289,14219.5,0.5949,0.80606,0.9785,0.90414,0.92052,0.93853,0.82642,0.64282,0.96009,0.92552,0.00991918,0.00991918,0.00991918
290,14266.6,0.61327,0.80101,0.98069,0.9064,0.92048,0.93806,0.82472,0.64223,0.95964,0.92526,0.00991862,0.00991862,0.00991862
291,14314.7,0.59356,0.81426,0.97192,0.90641,0.92042,0.93878,0.82492,0.64154,0.95918,0.92459,0.00991805,0.00991805,0.00991805
292,14362.2,0.60523,0.80689,0.98232,0.90626,0.92051,0.93858,0.82541,0.64099,0.95724,0.92427,0.00991749,0.00991749,0.00991749
293,14409.1,0.5934,0.83514,0.9887,0.90351,0.92066,0.93842,0.82563,0.6408,0.9556,0.92441,0.00991692,0.00991692,0.00991692
294,14456.7,0.60125,0.80637,0.98344,0.9034,0.92068,0.93775,0.82362,0.64009,0.95463,0.92404,0.00991635,0.00991635,0.00991635
295,14503.9,0.59556,0.78563,0.97265,0.90339,0.92069,0.93812,0.8239,0.63935,0.95483,0.92348,0.00991578,0.00991578,0.00991578
296,14551.1,0.59234,0.8063,0.98259,0.90317,0.92074,0.93814,0.82321,0.63859,0.95356,0.923,0.00991521,0.00991521,0.00991521
297,14598.5,0.60531,0.80903,0.98988,0.90295,0.92072,0.93828,0.82231,0.63839,0.95605,0.9227,0.00991464,0.00991464,0.00991464
298,14645.5,0.58836,0.80437,0.97758,0.90307,0.92072,0.93793,0.8223,0.63818,0.95654,0.92266,0.00991406,0.00991406,0.00991406
299,14692.1,0.59827,0.85162,0.98018,0.90309,0.92075,0.93848,0.82325,0.63716,0.95377,0.92205,0.00991348,0.00991348,0.00991348
300,14739.5,0.62681,0.8414,1.00332,0.90337,0.92057,0.9388,0.82415,0.63726,0.95239,0.92221,0.0099129,0.0099129,0.0099129
301,14787.1,0.60313,0.7969,0.9893,0.9035,0.92041,0.93847,0.82552,0.63721,0.95552,0.92205,0.00991232,0.00991232,0.00991232
302,14834.6,0.59719,0.81846,0.97918,0.90328,0.92048,0.93868,0.82597,0.63739,0.9559,0.92226,0.00991174,0.00991174,0.00991174
303,14882.8,0.59836,0.79972,0.98372,0.90358,0.9204,0.93875,0.82613,0.63756,0.95621,0.92251,0.00991115,0.00991115,0.00991115
304,14928.3,0.60333,0.81036,0.97762,0.90323,0.92053,0.93881,0.82553,0.63733,0.95743,0.92229,0.00991056,0.00991056,0.00991056
305,14974.2,0.59945,0.8327,0.98741,0.90253,0.92076,0.9386,0.82579,0.63689,0.95852,0.92218,0.00990998,0.00990998,0.00990998
306,15021,0.59449,0.80721,0.9877,0.90248,0.92086,0.93936,0.82666,0.63696,0.9573,0.92217,0.00990938,0.00990938,0.00990938
307,15067.1,0.6018,0.81373,0.97808,0.9024,0.92088,0.93884,0.82516,0.63762,0.95759,0.92263,0.00990879,0.00990879,0.00990879
308,15113.4,0.58685,0.80812,0.97881,0.90244,0.92089,0.93923,0.82514,0.63779,0.95644,0.92306,0.0099082,0.0099082,0.0099082
309,15159.9,0.59969,0.79806,0.98029,0.90266,0.92085,0.93926,0.82589,0.63862,0.95786,0.92338,0.0099076,0.0099076,0.0099076
310,15206.1,0.61692,0.84964,1.00362,0.90268,0.92092,0.9391,0.82538,0.63857,0.95726,0.92344,0.009907,0.009907,0.009907
311,15253.2,0.59519,0.80575,0.97919,0.90255,0.92097,0.93924,0.82662,0.63839,0.95898,0.92358,0.0099064,0.0099064,0.0099064
312,15300.4,0.58319,0.79402,0.96752,0.9026,0.92096,0.93941,0.8268,0.63802,0.95855,0.92325,0.0099058,0.0099058,0.0099058
313,15348.5,0.61265,0.80377,1.00021,0.90245,0.92094,0.9396,0.82741,0.63805,0.96001,0.92315,0.00990519,0.00990519,0.00990519
314,15396.2,0.59594,0.79995,0.9757,0.90253,0.92092,0.93901,0.8261,0.63814,0.96029,0.92301,0.00990458,0.00990458,0.00990458
315,15444,0.59522,0.83864,0.98343,0.90252,0.92094,0.9398,0.82718,0.63783,0.95825,0.92283,0.00990397,0.00990397,0.00990397
316,15491.9,0.5876,0.77704,0.97754,0.90275,0.92099,0.93942,0.82683,0.63756,0.95717,0.92263,0.00990336,0.00990336,0.00990336
317,15539.8,0.59828,0.79613,0.98379,0.90294,0.92101,0.93923,0.82721,0.63784,0.9564,0.92261,0.00990275,0.00990275,0.00990275
318,15586.9,0.60142,0.79325,0.98407,0.90283,0.92109,0.93923,0.82719,0.6379,0.95549,0.92268,0.00990214,0.00990214,0.00990214
319,15633.4,0.59133,0.80306,0.97129,0.90323,0.92108,0.93888,0.82658,0.6379,0.95411,0.92264,0.00990152,0.00990152,0.00990152
320,15681.1,0.58997,0.7944,0.98105,0.90397,0.92103,0.93892,0.8269,0.63816,0.9536,0.92247,0.0099009,0.0099009,0.0099009
321,15726.6,0.58061,0.80283,0.96632,0.90423,0.92025,0.93899,0.82579,0.63759,0.95334,0.92248,0.00990028,0.00990028,0.00990028
322,15773.7,0.603,0.82935,0.98007,0.90328,0.91802,0.93889,0.82518,0.63731,0.95346,0.92252,0.00989966,0.00989966,0.00989966
323,15820.6,0.58058,0.77876,0.97342,0.9033,0.91797,0.93907,0.82577,0.63717,0.95345,0.92245,0.00989904,0.00989904,0.00989904
324,15867.1,0.58771,0.78109,0.97819,0.90339,0.91797,0.93889,0.82584,0.63715,0.95256,0.92269,0.00989841,0.00989841,0.00989841
325,15912.9,0.58459,0.78094,0.97132,0.91119,0.90811,0.93905,0.82733,0.63653,0.95217,0.92252,0.00989778,0.00989778,0.00989778
326,15958.6,0.58066,0.77608,0.96901,0.91076,0.90813,0.93881,0.82681,0.63652,0.95199,0.92257,0.00989715,0.00989715,0.00989715
327,16005.5,0.59122,0.80364,0.98101,0.91066,0.90811,0.93891,0.82456,0.63643,0.95077,0.9225,0.00989652,0.00989652,0.00989652
328,16054.9,0.59511,0.78941,0.97955,0.90971,0.90814,0.93911,0.82766,0.6363,0.95153,0.9225,0.00989589,0.00989589,0.00989589
329,16101.9,0.58886,0.7981,0.97086,0.91044,0.90816,0.9391,0.82828,0.63576,0.95087,0.92223,0.00989525,0.00989525,0.00989525
330,16148.6,0.60119,0.79929,0.98716,0.91225,0.9064,0.93857,0.82614,0.63552,0.95057,0.9222,0.00989461,0.00989461,0.00989461
331,16193.8,0.59157,0.80271,0.98177,0.91246,0.9064,0.93877,0.8274,0.6355,0.95116,0.92221,0.00989398,0.00989398,0.00989398
332,16239.3,0.58839,0.828,0.97561,0.91279,0.9064,0.93918,0.82653,0.63545,0.95067,0.9221,0.00989333,0.00989333,0.00989333
333,16285.4,0.59215,0.77826,0.97418,0.91327,0.9064,0.93875,0.82615,0.63597,0.94883,0.92204,0.00989269,0.00989269,0.00989269
334,16331.6,0.58202,0.80071,0.96993,0.91291,0.9064,0.93934,0.82661,0.63541,0.94777,0.92184,0.00989205,0.00989205,0.00989205
335,16378.4,0.58569,0.84573,0.96975,0.91231,0.9064,0.93964,0.82685,0.63565,0.94754,0.922,0.0098914,0.0098914,0.0098914
336,16426,0.58472,0.80023,0.97334,0.9132,0.9073,0.93964,0.82684,0.63534,0.94727,0.92196,0.00989075,0.00989075,0.00989075
337,16472.2,0.59048,0.7838,0.97819,0.9132,0.90736,0.93922,0.82701,0.63522,0.94796,0.92196,0.0098901,0.0098901,0.0098901
338,16518.3,0.57657,0.7791,0.96173,0.9132,0.90768,0.93924,0.82707,0.6355,0.95033,0.9223,0.00988945,0.00988945,0.00988945
339,16565.3,0.58748,0.76749,0.97541,0.91323,0.90796,0.93855,0.82754,0.63492,0.95138,0.92194,0.00988879,0.00988879,0.00988879
340,16612.8,0.59542,0.77646,0.98267,0.91325,0.90805,0.93831,0.82664,0.63478,0.95191,0.922,0.00988814,0.00988814,0.00988814
341,16659,0.60194,0.80358,0.98057,0.9133,0.90911,0.93787,0.82632,0.63463,0.95276,0.92248,0.00988748,0.00988748,0.00988748
342,16705.1,0.59733,0.77586,0.9844,0.91334,0.90957,0.9377,0.82681,0.63426,0.95174,0.92222,0.00988682,0.00988682,0.00988682
343,16751,0.58453,0.77902,0.96185,0.91332,0.90986,0.93859,0.82743,0.63405,0.95046,0.9221,0.00988615,0.00988615,0.00988615
344,16797,0.59073,0.77858,0.97044,0.91276,0.9093,0.93848,0.82813,0.63396,0.95032,0.92172,0.00988549,0.00988549,0.00988549
345,16842.8,0.60005,0.81007,0.98059,0.91264,0.9093,0.93835,0.82741,0.63407,0.95166,0.92166,0.00988482,0.00988482,0.00988482
346,16888.3,0.58476,0.78916,0.96667,0.91257,0.9093,0.93891,0.82685,0.63427,0.95252,0.9216,0.00988416,0.00988416,0.00988416
347,16933.4,0.6009,0.79413,0.9836,0.9127,0.9093,0.93809,0.82546,0.63432,0.95195,0.92175,0.00988349,0.00988349,0.00988349
348,16978.8,0.59229,0.7947,0.97366,0.91263,0.9093,0.93807,0.82693,0.63462,0.95171,0.92187,0.00988281,0.00988281,0.00988281
349,17024.8,0.59147,0.79198,0.97683,0.91235,0.9093,0.93875,0.82683,0.63469,0.95003,0.92173,0.00988214,0.00988214,0.00988214
350,17071.4,0.58999,0.78313,0.97635,0.91221,0.9093,0.93993,0.82902,0.63472,0.95033,0.92184,0.00988147,0.00988147,0.00988147
351,17118.2,0.59047,0.79273,0.98278,0.91203,0.9093,0.93978,0.82875,0.63457,0.95123,0.92184,0.00988079,0.00988079,0.00988079
352,17164.6,0.58244,0.79192,0.97169,0.91197,0.9093,0.94018,0.82836,0.63411,0.95021,0.92194,0.00988011,0.00988011,0.00988011
353,17210.6,0.60057,0.80522,0.99126,0.91199,0.9093,0.93873,0.82653,0.63455,0.95019,0.922,0.00987943,0.00987943,0.00987943
354,17256.5,0.59706,0.80325,0.97854,0.912,0.9093,0.94015,0.82896,0.63433,0.95095,0.92206,0.00987874,0.00987874,0.00987874
355,17302.3,0.58338,0.77951,0.97397,0.912,0.9093,0.9401,0.83014,0.63379,0.94956,0.92191,0.00987806,0.00987806,0.00987806
356,17348.6,0.60205,0.80925,1.00314,0.91202,0.9093,0.94057,0.82876,0.63397,0.95092,0.92201,0.00987737,0.00987737,0.00987737
357,17394.5,0.58319,0.76411,0.98117,0.91203,0.9093,0.94011,0.82795,0.63418,0.95005,0.92218,0.00987668,0.00987668,0.00987668
358,17440.3,0.58458,0.79637,0.97305,0.91201,0.9093,0.93921,0.8272,0.63434,0.94859,0.9223,0.00987599,0.00987599,0.00987599
359,17487.4,0.59065,0.84341,0.97541,0.91191,0.9093,0.93974,0.82864,0.63463,0.94821,0.9225,0.0098753,0.0098753,0.0098753
360,17533.9,0.59104,0.81986,0.98389,0.91321,0.9093,0.94022,0.8298,0.63508,0.95088,0.92293,0.0098746,0.0098746,0.0098746
361,17580.4,0.59608,0.78939,0.98221,0.91174,0.9093,0.93988,0.82868,0.63494,0.95074,0.92288,0.00987391,0.00987391,0.00987391
362,17626.7,0.60173,0.79059,0.99402,0.91192,0.9093,0.94069,0.83008,0.63526,0.9512,0.92322,0.00987321,0.00987321,0.00987321
363,17672.5,0.57083,0.84305,0.96048,0.91132,0.9093,0.94054,0.8297,0.63542,0.95148,0.92333,0.00987251,0.00987251,0.00987251
364,17718.6,0.58991,0.78713,0.97004,0.9113,0.90955,0.94007,0.8293,0.63524,0.95085,0.92326,0.00987181,0.00987181,0.00987181
365,17763.8,0.59474,0.78455,0.98251,0.91124,0.90949,0.94009,0.82984,0.63532,0.94977,0.92343,0.0098711,0.0098711,0.0098711
366,17808.6,0.5891,0.79101,0.96778,0.9112,0.90955,0.94078,0.8285,0.63542,0.95078,0.92344,0.0098704,0.0098704,0.0098704
367,17853.4,0.58503,0.79445,0.97357,0.91123,0.90966,0.94115,0.82991,0.63585,0.94846,0.92381,0.00986969,0.00986969,0.00986969
368,17899,0.59428,0.86646,0.98071,0.91119,0.90947,0.9399,0.82793,0.63576,0.94668,0.92375,0.00986898,0.00986898,0.00986898
369,17946.5,0.58634,0.79414,0.97573,0.91117,0.9094,0.94016,0.82735,0.63165,0.92909,0.92053,0.00986827,0.00986827,0.00986827
370,17993.7,0.57935,0.81297,0.96976,0.91119,0.90948,0.94056,0.82749,0.63142,0.92733,0.92047,0.00986755,0.00986755,0.00986755
371,18040.2,0.59306,0.78928,0.98316,0.91116,0.90954,0.93993,0.82797,0.63175,0.92752,0.92051,0.00986684,0.00986684,0.00986684
372,18086,0.58789,0.78272,0.97519,0.91116,0.90948,0.94038,0.82922,0.63193,0.92693,0.92066,0.00986612,0.00986612,0.00986612
373,18132.4,0.58322,0.78179,0.96716,0.91115,0.9097,0.94007,0.82695,0.63225,0.92828,0.9209,0.0098654,0.0098654,0.0098654
374,18179.5,0.57547,0.88921,0.96594,0.91115,0.91003,0.94041,0.82885,0.63205,0.92611,0.92083,0.00986468,0.00986468,0.00986468
375,18226.6,0.58761,0.7876,0.97007,0.91119,0.90985,0.94055,0.82863,0.6319,0.92637,0.92082,0.00986396,0.00986396,0.00986396
376,18273.1,0.58532,0.76404,0.97002,0.91121,0.90996,0.94007,0.82847,0.63233,0.92447,0.92101,0.00986323,0.00986323,0.00986323
377,18319.9,0.58521,0.7677,0.96729,0.91125,0.91008,0.9397,0.82809,0.63202,0.92486,0.92086,0.0098625,0.0098625,0.0098625
378,18366.2,0.58762,0.79671,0.96896,0.91123,0.90983,0.94035,0.82905,0.63188,0.926,0.92095,0.00986178,0.00986178,0.00986178
379,18412.9,0.58493,0.76431,0.97876,0.91126,0.91007,0.9406,0.82819,0.632,0.92619,0.92113,0.00986104,0.00986104,0.00986104
380,18459.6,0.5837,0.90595,0.96628,0.9113,0.9101,0.93968,0.82746,0.63198,0.92787,0.92137,0.00986031,0.00986031,0.00986031
381,18504.7,0.57513,0.74937,0.96684,0.91132,0.91014,0.93952,0.82725,0.63197,0.92802,0.92142,0.00985958,0.00985958,0.00985958
382,18550.3,0.5806,0.77817,0.97528,0.91139,0.91044,0.93943,0.82832,0.63176,0.92761,0.92156,0.00985884,0.00985884,0.00985884
383,18594.7,0.56465,0.75843,0.95904,0.91143,0.91053,0.93926,0.82788,0.63153,0.92793,0.92138,0.0098581,0.0098581,0.0098581
384,18640.1,0.57668,0.78023,0.97157,0.91149,0.91081,0.93929,0.82777,0.63204,0.92939,0.9217,0.00985736,0.00985736,0.00985736
385,18685.8,0.5817,0.75938,0.97544,0.91149,0.91069,0.9394,0.82769,0.63206,0.92952,0.92175,0.00985662,0.00985662,0.00985662
386,18732.4,0.57467,0.7625,0.96243,0.91148,0.91083,0.9397,0.82869,0.63201,0.93027,0.92185,0.00985588,0.00985588,0.00985588
387,18779,0.59507,0.82127,0.9807,0.91149,0.91079,0.93899,0.82777,0.63179,0.93123,0.92165,0.00985513,0.00985513,0.00985513
388,18826.5,0.59176,0.7706,0.98543,0.91151,0.91079,0.9391,0.82715,0.63187,0.93307,0.92171,0.00985438,0.00985438,0.00985438
389,18871.8,0.57594,0.7809,0.97664,0.91283,0.91223,0.93889,0.8282,0.63179,0.93216,0.92165,0.00985363,0.00985363,0.00985363
390,18918.2,0.59044,0.7924,0.97861,0.91282,0.91206,0.93916,0.82807,0.63182,0.93193,0.92158,0.00985288,0.00985288,0.00985288
391,18964.2,0.57613,0.79309,0.96846,0.91155,0.91061,0.93904,0.82901,0.63162,0.93118,0.92153,0.00985213,0.00985213,0.00985213
392,19010.1,0.57591,0.76125,0.96698,0.91155,0.91066,0.9398,0.82873,0.6315,0.93224,0.92145,0.00985137,0.00985137,0.00985137
393,19054.6,0.57739,0.75459,0.96563,0.91155,0.91046,0.93886,0.82782,0.63142,0.93194,0.92113,0.00985061,0.00985061,0.00985061
394,19099,0.5883,0.76053,0.9726,0.91151,0.91026,0.93813,0.82711,0.63164,0.93122,0.92119,0.00984985,0.00984985,0.00984985
395,19144.3,0.58009,0.75689,0.96591,0.9115,0.91034,0.93838,0.82753,0.63167,0.93247,0.92127,0.00984909,0.00984909,0.00984909
396,19188,0.59068,0.79674,0.97729,0.91151,0.91063,0.93866,0.82775,0.63141,0.93191,0.92122,0.00984833,0.00984833,0.00984833
397,19233.5,0.5682,0.7799,0.95991,0.91149,0.91059,0.93879,0.82768,0.63154,0.93189,0.9211,0.00984757,0.00984757,0.00984757
398,19279,0.57902,0.77708,0.96234,0.91147,0.9106,0.93777,0.82658,0.63182,0.93082,0.92122,0.0098468,0.0098468,0.0098468
399,19324.6,0.5767,0.7756,0.96916,0.91144,0.91038,0.93792,0.82646,0.63166,0.93082,0.92132,0.00984603,0.00984603,0.00984603
400,19370.8,0.57517,0.7722,0.95931,0.91141,0.90993,0.93837,0.82757,0.63177,0.92971,0.92132,0.00984526,0.00984526,0.00984526
401,19416.4,0.57141,0.7859,0.95625,0.91134,0.90936,0.93822,0.82759,0.63155,0.92957,0.9212,0.00984449,0.00984449,0.00984449
402,19462.6,0.57454,0.79456,0.96926,0.91422,0.9093,0.93886,0.82793,0.63134,0.92944,0.92131,0.00984371,0.00984371,0.00984371
403,19508.1,0.58149,0.76742,0.96453,0.91431,0.9093,0.93751,0.82841,0.6312,0.92777,0.92108,0.00984294,0.00984294,0.00984294
404,19553.3,0.57412,0.76932,0.96523,0.91443,0.9093,0.93781,0.82859,0.63097,0.92581,0.92137,0.00984216,0.00984216,0.00984216
405,19598.3,0.57536,0.7757,0.96879,0.91463,0.9093,0.93796,0.82764,0.63118,0.92573,0.92161,0.00984138,0.00984138,0.00984138
406,19643.5,0.58494,0.77234,0.96792,0.91462,0.9093,0.93782,0.82707,0.63116,0.92665,0.92156,0.0098406,0.0098406,0.0098406
407,19688.5,0.58422,0.78733,0.97117,0.91398,0.9093,0.93871,0.83007,0.63103,0.92632,0.92129,0.00983981,0.00983981,0.00983981
408,19734.1,0.58161,0.78589,0.9686,0.91385,0.9093,0.93921,0.8305,0.63136,0.92629,0.92157,0.00983903,0.00983903,0.00983903
409,19779.7,0.57661,0.79679,0.96825,0.91399,0.9093,0.93877,0.83099,0.63129,0.92722,0.9212,0.00983824,0.00983824,0.00983824
410,19825.4,0.58673,0.80195,0.97467,0.91366,0.9093,0.93832,0.83007,0.63112,0.92748,0.92117,0.00983745,0.00983745,0.00983745
411,19870.3,0.58182,0.76676,0.9654,0.91367,0.9093,0.93931,0.83089,0.63123,0.92776,0.92109,0.00983666,0.00983666,0.00983666
412,19916.6,0.57142,0.78487,0.96863,0.91382,0.9093,0.93804,0.82959,0.63086,0.9276,0.92096,0.00983586,0.00983586,0.00983586
413,19963,0.57908,0.88971,0.96675,0.91398,0.9093,0.93818,0.82983,0.62997,0.92475,0.9203,0.00983507,0.00983507,0.00983507
414,20009.3,0.57125,0.77928,0.97558,0.91393,0.9093,0.93817,0.82978,0.62955,0.92651,0.91992,0.00983427,0.00983427,0.00983427
415,20056.9,0.58044,0.76777,0.97564,0.91405,0.9093,0.93828,0.82983,0.62904,0.92629,0.9197,0.00983347,0.00983347,0.00983347
416,20103.2,0.5734,0.78806,0.96062,0.91399,0.9093,0.93901,0.83006,0.62903,0.92727,0.91989,0.00983267,0.00983267,0.00983267
417,20148.8,0.58049,0.77571,0.96647,0.91452,0.9093,0.93889,0.83027,0.62875,0.92612,0.9197,0.00983187,0.00983187,0.00983187
418,20194.8,0.58557,0.76994,0.97476,0.91436,0.9093,0.9387,0.83054,0.62858,0.92479,0.91954,0.00983106,0.00983106,0.00983106
419,20240.2,0.59808,0.76688,0.98058,0.91403,0.9093,0.93937,0.83079,0.62786,0.92308,0.91902,0.00983026,0.00983026,0.00983026
420,20284.8,0.57317,0.75409,0.96772,0.91409,0.9093,0.9378,0.82835,0.62763,0.9216,0.91901,0.00982945,0.00982945,0.00982945
421,20329.8,0.58797,0.7751,0.97405,0.91395,0.9093,0.9379,0.82941,0.62721,0.92407,0.91878,0.00982864,0.00982864,0.00982864
422,20376.1,0.57344,0.76299,0.96389,0.91363,0.9093,0.9383,0.82914,0.62718,0.92438,0.91866,0.00982783,0.00982783,0.00982783
423,20421.9,0.57778,0.77317,0.9657,0.91342,0.9093,0.93857,0.8298,0.6272,0.92494,0.91883,0.00982701,0.00982701,0.00982701
424,20468,0.57338,0.7634,0.95797,0.91327,0.90931,0.93864,0.82884,0.62713,0.92755,0.91889,0.0098262,0.0098262,0.0098262
425,20515.5,0.58564,0.78115,0.98028,0.91321,0.9095,0.93789,0.82923,0.62703,0.9259,0.91894,0.00982538,0.00982538,0.00982538
426,20561.4,0.56883,0.81641,0.96371,0.91549,0.9093,0.93853,0.83027,0.6276,0.92808,0.91937,0.00982456,0.00982456,0.00982456
427,20608.4,0.56879,0.75678,0.97358,0.91295,0.9064,0.93868,0.83073,0.62763,0.92823,0.91948,0.00982374,0.00982374,0.00982374
428,20654.9,0.5863,0.76428,0.96793,0.91294,0.90865,0.93906,0.83102,0.62817,0.93335,0.9197,0.00982291,0.00982291,0.00982291
429,20701,0.5755,0.775,0.97372,0.91292,0.90887,0.93894,0.83072,0.63074,0.94363,0.92201,0.00982209,0.00982209,0.00982209
430,20746.9,0.57585,0.80965,0.96386,0.9128,0.90866,0.93855,0.82995,0.63056,0.94309,0.922,0.00982126,0.00982126,0.00982126
431,20792.5,0.56208,0.73125,0.96831,0.91275,0.90822,0.93872,0.82964,0.6305,0.94241,0.92198,0.00982043,0.00982043,0.00982043
432,20838.4,0.58849,0.77488,0.97508,0.91268,0.90803,0.93851,0.82959,0.631,0.94266,0.92215,0.0098196,0.0098196,0.0098196
433,20884.5,0.56414,0.73562,0.95301,0.91267,0.90794,0.93821,0.82997,0.63084,0.94206,0.92215,0.00981877,0.00981877,0.00981877
434,20930.9,0.59086,0.7768,0.97421,0.91268,0.90755,0.93873,0.83019,0.63099,0.94447,0.92234,0.00981793,0.00981793,0.00981793
435,20975.8,0.56204,0.75793,0.95449,0.91274,0.90859,0.93836,0.82983,0.63149,0.94717,0.92267,0.0098171,0.0098171,0.0098171
436,21020.7,0.57727,0.78068,0.96617,0.91275,0.90844,0.93878,0.82916,0.63131,0.94836,0.92267,0.00981626,0.00981626,0.00981626
437,21065.9,0.57431,0.76228,0.96926,0.91274,0.90834,0.93805,0.82904,0.63095,0.94495,0.92212,0.00981542,0.00981542,0.00981542
438,21111.7,0.56318,0.739,0.95379,0.91273,0.90828,0.93874,0.83072,0.63119,0.94641,0.92242,0.00981458,0.00981458,0.00981458
439,21156.6,0.57814,0.76752,0.9691,0.91279,0.9084,0.9381,0.82963,0.63131,0.94808,0.9226,0.00981373,0.00981373,0.00981373
440,21201.2,0.57279,0.81742,0.96506,0.91281,0.90834,0.93846,0.82945,0.63166,0.94909,0.92298,0.00981288,0.00981288,0.00981288
441,21246.3,0.56559,0.74315,0.96054,0.91281,0.9084,0.93849,0.82925,0.63247,0.95157,0.92368,0.00981204,0.00981204,0.00981204
442,21292.2,0.5649,0.74387,0.96065,0.91279,0.90846,0.93821,0.82966,0.63287,0.95314,0.9243,0.00981119,0.00981119,0.00981119
443,21337.8,0.57455,0.76749,0.96574,0.91276,0.90853,0.93834,0.82873,0.63265,0.95297,0.92425,0.00981034,0.00981034,0.00981034
444,21383,0.56549,0.88199,0.95436,0.9128,0.9086,0.93832,0.82946,0.6325,0.95207,0.9245,0.00980948,0.00980948,0.00980948
445,21428.2,0.57966,0.7602,0.96126,0.91285,0.90868,0.93763,0.82835,0.63208,0.95196,0.92401,0.00980863,0.00980863,0.00980863
446,21473.7,0.60278,0.85382,1.0038,0.91284,0.90855,0.93824,0.82986,0.63183,0.9508,0.92406,0.00980777,0.00980777,0.00980777
447,21519.3,0.57868,0.7717,0.97687,0.91286,0.90824,0.93855,0.82947,0.63203,0.95129,0.92435,0.00980691,0.00980691,0.00980691
448,21564.2,0.57093,0.74401,0.95622,0.91291,0.90815,0.93826,0.83082,0.63246,0.95045,0.92458,0.00980605,0.00980605,0.00980605
449,21609,0.57185,0.74097,0.9635,0.91291,0.90812,0.93802,0.83051,0.63244,0.95081,0.92465,0.00980519,0.00980519,0.00980519
450,21654,0.577,0.80579,0.9663,0.91298,0.90804,0.93863,0.8309,0.63285,0.95255,0.92494,0.00980432,0.00980432,0.00980432
451,21698.2,0.57343,0.75294,0.96247,0.91305,0.90809,0.93848,0.83069,0.63268,0.95256,0.92505,0.00980345,0.00980345,0.00980345
452,21742.8,0.57164,0.76023,0.97053,0.91312,0.90806,0.93816,0.83002,0.63326,0.95316,0.92536,0.00980259,0.00980259,0.00980259
453,21787.1,0.57526,0.75192,0.96291,0.91309,0.90819,0.93852,0.83,0.63426,0.95458,0.92593,0.00980171,0.00980171,0.00980171
454,21832.1,0.5791,0.76256,0.96583,0.91313,0.90812,0.93794,0.8307,0.63458,0.95574,0.92614,0.00980084,0.00980084,0.00980084
455,21878.1,0.56748,0.77216,0.96139,0.9131,0.90906,0.93907,0.83115,0.63488,0.95691,0.92629,0.00979997,0.00979997,0.00979997
456,21924.4,0.56377,0.74124,0.95486,0.90949,0.91512,0.93809,0.82991,0.63463,0.95316,0.92634,0.00979909,0.00979909,0.00979909
457,21969.8,0.58059,0.7696,0.96836,0.90946,0.91512,0.93828,0.82999,0.63452,0.95454,0.92606,0.00979821,0.00979821,0.00979821
458,22015.1,0.558,0.81123,0.94839,0.91053,0.91257,0.938,0.82997,0.63367,0.95108,0.92572,0.00979733,0.00979733,0.00979733
459,22059.9,0.57083,0.7316,0.96299,0.9106,0.91371,0.93733,0.82906,0.63388,0.95011,0.92571,0.00979645,0.00979645,0.00979645
460,22106.8,0.57412,0.84012,0.96578,0.91065,0.91464,0.9377,0.82996,0.63355,0.94836,0.92569,0.00979557,0.00979557,0.00979557
461,22153.6,0.56846,0.73539,0.96061,0.91074,0.91501,0.93743,0.82986,0.63356,0.9472,0.92577,0.00979468,0.00979468,0.00979468
462,22198.5,0.57612,0.75696,0.97399,0.91066,0.91512,0.93801,0.82981,0.63343,0.94689,0.92592,0.0097938,0.0097938,0.0097938
463,22244.1,0.56419,0.75909,0.95231,0.91062,0.91512,0.93676,0.82953,0.63337,0.94721,0.92591,0.00979291,0.00979291,0.00979291
464,22290.6,0.59126,0.8344,1.00301,0.9105,0.91512,0.93734,0.83031,0.63332,0.94743,0.92604,0.00979202,0.00979202,0.00979202
465,22336.6,0.57196,0.74783,0.95677,0.91053,0.91512,0.93758,0.83064,0.63321,0.9464,0.92653,0.00979112,0.00979112,0.00979112
466,22383.1,0.57134,0.7542,0.96494,0.91073,0.91491,0.93732,0.82912,0.63326,0.94628,0.92644,0.00979023,0.00979023,0.00979023
467,22430.1,0.56299,0.75836,0.95998,0.91064,0.91512,0.93738,0.82984,0.63282,0.94323,0.92621,0.00978933,0.00978933,0.00978933
468,22477,0.55991,0.74065,0.95949,0.90949,0.91512,0.93708,0.82914,0.63332,0.94357,0.92631,0.00978843,0.00978843,0.00978843
469,22522.9,0.57611,0.74122,0.96487,0.90969,0.91512,0.93624,0.82953,0.63348,0.944,0.92659,0.00978753,0.00978753,0.00978753
470,22570.5,0.57492,0.76477,0.97739,0.90967,0.91512,0.93654,0.82956,0.63405,0.94361,0.92747,0.00978663,0.00978663,0.00978663
471,22617.9,0.56122,0.73852,0.97158,0.90981,0.91512,0.93654,0.82857,0.6347,0.94455,0.92783,0.00978572,0.00978572,0.00978572
472,22664.4,0.57512,0.74339,0.96983,0.90998,0.91512,0.93692,0.82967,0.63468,0.9433,0.92804,0.00978482,0.00978482,0.00978482
473,22709,0.57275,0.75458,0.96232,0.91017,0.91512,0.93782,0.82984,0.63497,0.94166,0.9281,0.00978391,0.00978391,0.00978391
474,22751.6,0.56986,0.78217,0.97453,0.91026,0.91512,0.93707,0.83015,0.63479,0.94089,0.92796,0.009783,0.009783,0.009783
475,22797.9,0.57023,0.77318,0.96361,0.91018,0.91512,0.9373,0.83071,0.63454,0.94234,0.92812,0.00978209,0.00978209,0.00978209
476,22842.4,0.5826,0.77074,0.98544,0.91059,0.91544,0.93655,0.83054,0.63477,0.94178,0.92833,0.00978118,0.00978118,0.00978118
477,22888,0.57125,0.76536,0.96453,0.91042,0.91512,0.9363,0.82928,0.63472,0.94007,0.92826,0.00978026,0.00978026,0.00978026
478,22933.7,0.57225,0.74651,0.96469,0.91053,0.9151,0.9364,0.83043,0.63525,0.94152,0.92856,0.00977934,0.00977934,0.00977934
479,22979.1,0.56463,0.76796,0.95622,0.91052,0.91501,0.93664,0.83136,0.6355,0.94753,0.92908,0.00977842,0.00977842,0.00977842
480,23024.5,0.5695,0.86776,0.96185,0.91055,0.9151,0.93617,0.83093,0.63562,0.94784,0.92901,0.0097775,0.0097775,0.0097775
481,23070.2,0.55962,0.7528,0.95266,0.91054,0.91509,0.93597,0.83008,0.63582,0.95123,0.92909,0.00977658,0.00977658,0.00977658
482,23116.3,0.57079,0.7479,0.95502,0.91052,0.91512,0.93629,0.83103,0.63617,0.95088,0.92935,0.00977565,0.00977565,0.00977565
483,23161.2,0.55839,0.74544,0.97286,0.9106,0.91516,0.9362,0.83116,0.63614,0.95292,0.92942,0.00977473,0.00977473,0.00977473
484,23206.5,0.55719,0.74454,0.95113,0.91066,0.91507,0.9362,0.83123,0.63596,0.95154,0.92924,0.0097738,0.0097738,0.0097738
485,23251.6,0.56267,0.78696,0.95681,0.91069,0.91491,0.93621,0.83078,0.63632,0.95138,0.92939,0.00977287,0.00977287,0.00977287
486,23296,0.57688,0.75973,0.96671,0.91067,0.91485,0.93585,0.83094,0.63607,0.95048,0.92916,0.00977194,0.00977194,0.00977194
487,23339.3,0.56026,0.73642,0.95045,0.91068,0.91473,0.93716,0.83192,0.63575,0.94986,0.9289,0.009771,0.009771,0.009771
488,23382.3,0.57318,0.74407,0.96314,0.9107,0.91457,0.93597,0.83115,0.63532,0.9498,0.92846,0.00977007,0.00977007,0.00977007
489,23425.1,0.56801,0.76397,0.95519,0.91069,0.9146,0.93677,0.8319,0.63568,0.94783,0.92817,0.00976913,0.00976913,0.00976913
490,23470.8,0.56253,0.72014,0.9497,0.91075,0.91444,0.93609,0.82979,0.63554,0.9482,0.92816,0.00976819,0.00976819,0.00976819
491,23516.3,0.55749,0.75375,0.96104,0.91076,0.91429,0.9362,0.82992,0.63564,0.94827,0.9282,0.00976725,0.00976725,0.00976725
492,23562.2,0.55552,0.76331,0.94827,0.91526,0.9093,0.93607,0.82832,0.63536,0.94804,0.92803,0.0097663,0.0097663,0.0097663
493,23608.1,0.57377,0.75445,0.97205,0.91639,0.91072,0.93573,0.82771,0.63489,0.94809,0.92784,0.00976536,0.00976536,0.00976536
494,23654.4,0.56628,0.76169,0.96215,0.9164,0.91106,0.93589,0.82839,0.63447,0.94725,0.92764,0.00976441,0.00976441,0.00976441
495,23701.1,0.55385,0.74736,0.94997,0.91635,0.90963,0.9363,0.8279,0.63407,0.9467,0.92736,0.00976346,0.00976346,0.00976346
496,23747.9,0.56524,0.75145,0.96112,0.91634,0.90976,0.93677,0.82835,0.63377,0.94492,0.92719,0.00976251,0.00976251,0.00976251
497,23794.6,0.56686,0.87243,0.96985,0.91638,0.91013,0.93707,0.82842,0.63359,0.94491,0.92693,0.00976156,0.00976156,0.00976156
498,23840.5,0.56857,0.75105,0.95835,0.91641,0.91122,0.93741,0.82883,0.63328,0.94715,0.92679,0.0097606,0.0097606,0.0097606
499,23887.7,0.56296,0.73944,0.95899,0.91629,0.90982,0.93615,0.82815,0.6334,0.9434,0.92653,0.00975965,0.00975965,0.00975965
500,23934.6,0.56353,0.73558,0.95869,0.91626,0.90966,0.93607,0.82822,0.6332,0.94368,0.92645,0.00975869,0.00975869,0.00975869
501,23980,0.56103,0.74223,0.94999,0.91625,0.90978,0.93619,0.82828,0.63582,0.95313,0.92851,0.00975773,0.00975773,0.00975773
502,24025.2,0.55832,0.71503,0.94798,0.91622,0.90988,0.93656,0.82857,0.63493,0.95199,0.92772,0.00975677,0.00975677,0.00975677
503,24071.3,0.56396,0.74348,0.95697,0.91618,0.91003,0.9364,0.82942,0.63499,0.95165,0.92738,0.0097558,0.0097558,0.0097558
504,24117,0.56276,0.73848,0.96254,0.91618,0.91028,0.93588,0.82923,0.63201,0.94378,0.92537,0.00975484,0.00975484,0.00975484
505,24162.3,0.56733,0.72407,0.95737,0.91355,0.90895,0.93582,0.82877,0.63217,0.94441,0.9253,0.00975387,0.00975387,0.00975387
506,24208.9,0.56386,0.73058,0.94968,0.91345,0.90852,0.93519,0.82787,0.6324,0.9433,0.92582,0.0097529,0.0097529,0.0097529
507,24255.5,0.56129,0.72555,0.95259,0.91357,0.91065,0.93528,0.82706,0.63248,0.94357,0.9258,0.00975193,0.00975193,0.00975193
508,24301.9,0.58486,0.73609,0.97401,0.91357,0.91062,0.93567,0.82967,0.63234,0.94389,0.92527,0.00975096,0.00975096,0.00975096
509,24348.3,0.5579,0.73626,0.95531,0.91346,0.90995,0.93595,0.82909,0.63201,0.94253,0.92542,0.00974998,0.00974998,0.00974998
510,24392.7,0.55991,0.75828,0.9542,0.91334,0.90919,0.93611,0.831,0.63169,0.94238,0.92499,0.009749,0.009749,0.009749
511,24437.2,0.57523,0.79016,0.97362,0.91331,0.9088,0.93601,0.82959,0.63183,0.94305,0.92517,0.00974803,0.00974803,0.00974803
512,24483.3,0.55636,0.73726,0.95152,0.91337,0.90891,0.93627,0.82933,0.63172,0.94338,0.92518,0.00974705,0.00974705,0.00974705
513,24529.2,0.55574,0.72252,0.95329,0.91097,0.90933,0.93587,0.82879,0.63144,0.94297,0.9251,0.00974606,0.00974606,0.00974606
514,24575.9,0.55823,0.71644,0.95327,0.91094,0.9093,0.93566,0.82868,0.63114,0.94184,0.925,0.00974508,0.00974508,0.00974508
515,24622.3,0.5756,0.77041,0.96202,0.91019,0.9093,0.93605,0.82973,0.63118,0.94135,0.92496,0.00974409,0.00974409,0.00974409
516,24669.3,0.56989,0.75807,0.96637,0.90982,0.9093,0.93656,0.83015,0.63125,0.94578,0.92516,0.0097431,0.0097431,0.0097431
517,24717.1,0.55329,0.73151,0.95848,0.90929,0.9093,0.93682,0.83065,0.63083,0.94664,0.92508,0.00974211,0.00974211,0.00974211
518,24763.5,0.55402,0.75825,0.9498,0.90905,0.9093,0.93711,0.82939,0.6309,0.94791,0.92506,0.00974112,0.00974112,0.00974112
519,24810.4,0.56347,0.77165,0.95246,0.91123,0.91221,0.93707,0.82974,0.63069,0.94602,0.92522,0.00974013,0.00974013,0.00974013
520,24858.6,0.55014,0.72518,0.9465,0.91047,0.91221,0.93694,0.83072,0.6305,0.94677,0.92524,0.00973913,0.00973913,0.00973913
521,24906.8,0.56679,0.74538,0.9586,0.91032,0.91221,0.93699,0.82833,0.63029,0.94691,0.92506,0.00973814,0.00973814,0.00973814
522,24954.5,0.5666,0.74922,0.96603,0.91094,0.91221,0.93752,0.82996,0.63055,0.94659,0.92503,0.00973714,0.00973714,0.00973714
523,25002.3,0.55582,0.72234,0.95346,0.91118,0.91221,0.93702,0.82936,0.63108,0.9488,0.92529,0.00973614,0.00973614,0.00973614
524,25049.8,0.55906,0.7189,0.94867,0.91102,0.91221,0.93751,0.82921,0.63085,0.94949,0.92509,0.00973513,0.00973513,0.00973513
525,25096.4,0.58017,0.70988,0.96197,0.91104,0.91221,0.93689,0.82829,0.63066,0.9501,0.92513,0.00973413,0.00973413,0.00973413
526,25142.9,0.56697,0.7996,0.95659,0.91111,0.91221,0.9376,0.83267,0.6305,0.95172,0.92511,0.00973312,0.00973312,0.00973312
527,25191.1,0.55855,0.74149,0.95303,0.91102,0.91221,0.93809,0.82934,0.63018,0.95073,0.9249,0.00973211,0.00973211,0.00973211
528,25238.4,0.55816,0.73706,0.95823,0.91098,0.91221,0.93751,0.82938,0.62991,0.94781,0.92473,0.0097311,0.0097311,0.0097311
529,25285,0.56428,0.73693,0.96407,0.91117,0.91221,0.93746,0.82987,0.62971,0.94739,0.92464,0.00973009,0.00973009,0.00973009
530,25332,0.55742,0.7417,0.94683,0.9112,0.91221,0.93832,0.83093,0.62944,0.94744,0.92465,0.00972908,0.00972908,0.00972908
531,25380,0.5695,0.73428,0.96676,0.91131,0.91221,0.93754,0.83027,0.62937,0.94615,0.92458,0.00972806,0.00972806,0.00972806
532,25425.9,0.56901,0.75134,0.95713,0.91178,0.91221,0.93728,0.82924,0.62929,0.94545,0.92458,0.00972704,0.00972704,0.00972704
533,25469.9,0.5534,0.73152,0.949,0.91207,0.91221,0.93758,0.83024,0.62966,0.94481,0.92474,0.00972603,0.00972603,0.00972603
534,25513.3,0.57136,0.72434,0.96209,0.91193,0.91221,0.93739,0.83022,0.62995,0.94527,0.92496,0.009725,0.009725,0.009725
535,25557.7,0.57602,0.82232,0.96551,0.91289,0.91221,0.93789,0.83048,0.62959,0.94482,0.92482,0.00972398,0.00972398,0.00972398
536,25603.6,0.56553,0.7585,0.96191,0.9115,0.91221,0.93733,0.82981,0.62958,0.94434,0.92469,0.00972296,0.00972296,0.00972296
537,25649,0.55903,0.73562,0.95867,0.91147,0.91221,0.9372,0.83106,0.62949,0.94454,0.92465,0.00972193,0.00972193,0.00972193
538,25693.6,0.57134,0.80872,0.96351,0.91139,0.91221,0.93769,0.83189,0.62919,0.94459,0.92448,0.0097209,0.0097209,0.0097209
539,25737.6,0.56823,0.72543,0.96276,0.91146,0.9118,0.93778,0.83152,0.62906,0.94684,0.92432,0.00971987,0.00971987,0.00971987
540,25782.2,0.56164,0.74555,0.96171,0.91152,0.91219,0.93795,0.83265,0.62835,0.94773,0.92407,0.00971884,0.00971884,0.00971884
541,25827.9,0.56628,0.74321,0.9681,0.91152,0.912,0.93822,0.83112,0.6282,0.94874,0.92389,0.0097178,0.0097178,0.0097178
542,25874.6,0.5587,0.73924,0.96199,0.91151,0.91152,0.93745,0.83053,0.62812,0.94926,0.92396,0.00971677,0.00971677,0.00971677
543,25921.1,0.55921,0.75619,0.95115,0.91147,0.9112,0.93744,0.83048,0.62814,0.94935,0.92401,0.00971573,0.00971573,0.00971573
544,25967.4,0.56162,0.74327,0.95934,0.91151,0.91109,0.93736,0.8303,0.6283,0.94901,0.92414,0.00971469,0.00971469,0.00971469
545,26013.5,0.55904,0.71455,0.94968,0.91142,0.91075,0.93763,0.8299,0.62837,0.94858,0.92429,0.00971365,0.00971365,0.00971365
546,26058.2,0.56609,0.72413,0.96277,0.91152,0.91095,0.93804,0.83048,0.62851,0.94949,0.9244,0.0097126,0.0097126,0.0097126
547,26103.2,0.55312,0.73159,0.95196,0.91328,0.91221,0.9381,0.83064,0.62929,0.95757,0.92502,0.00971156,0.00971156,0.00971156
548,26148,0.56114,0.74865,0.95638,0.91365,0.91221,0.93792,0.83038,0.6291,0.95447,0.92504,0.00971051,0.00971051,0.00971051
549,26194.7,0.56123,0.72899,0.96105,0.91347,0.91221,0.93807,0.83049,0.62891,0.95498,0.92486,0.00970946,0.00970946,0.00970946
550,26241.2,0.56183,0.75253,0.95871,0.91341,0.91221,0.93848,0.83098,0.6288,0.95446,0.92479,0.00970841,0.00970841,0.00970841
551,26287.5,0.56063,0.70846,0.95177,0.91352,0.91221,0.93782,0.83026,0.62905,0.95632,0.92502,0.00970736,0.00970736,0.00970736
552,26333.6,0.5639,0.76801,0.96339,0.91379,0.91221,0.93794,0.83074,0.6291,0.95715,0.92509,0.00970631,0.00970631,0.00970631
553,26380.6,0.55473,0.72539,0.94872,0.91391,0.91221,0.93755,0.83258,0.62903,0.95683,0.92512,0.00970525,0.00970525,0.00970525
554,26426.8,0.56301,0.84144,0.9545,0.91394,0.91221,0.93719,0.82967,0.62884,0.95694,0.925,0.00970419,0.00970419,0.00970419
555,26473,0.55971,0.71958,0.95284,0.91422,0.91221,0.93741,0.82842,0.62873,0.95874,0.92513,0.00970313,0.00970313,0.00970313
556,26519.2,0.56188,0.7368,0.95493,0.91425,0.91221,0.93804,0.83156,0.6288,0.95794,0.92528,0.00970207,0.00970207,0.00970207
557,26564.7,0.56322,0.72384,0.95538,0.91424,0.91221,0.9377,0.83064,0.6282,0.95674,0.92497,0.00970101,0.00970101,0.00970101
558,26610.4,0.56258,0.73001,0.94839,0.9143,0.91221,0.93795,0.83218,0.62819,0.95806,0.925,0.00969994,0.00969994,0.00969994
559,26654.2,0.56452,0.8282,0.95486,0.91423,0.91163,0.93779,0.83232,0.62539,0.94505,0.92296,0.00969887,0.00969887,0.00969887
560,26700.3,0.55215,0.7568,0.9515,0.91427,0.91141,0.93828,0.83321,0.62533,0.95102,0.92323,0.0096978,0.0096978,0.0096978
561,26746.1,0.55403,0.70738,0.94198,0.91432,0.91115,0.93836,0.83115,0.62508,0.95065,0.92312,0.00969673,0.00969673,0.00969673
562,26792,0.55896,0.77112,0.96084,0.91432,0.91099,0.93757,0.83009,0.625,0.95141,0.92298,0.00969566,0.00969566,0.00969566
563,26839.3,0.56597,0.74179,0.96523,0.91432,0.91045,0.93809,0.83275,0.62499,0.95243,0.92312,0.00969459,0.00969459,0.00969459
564,26887.3,0.56536,0.74317,0.96192,0.91425,0.91039,0.93767,0.82888,0.62507,0.95056,0.92306,0.00969351,0.00969351,0.00969351
565,26933.3,0.55273,0.73931,0.95506,0.91435,0.91048,0.93792,0.83176,0.62499,0.94994,0.92301,0.00969243,0.00969243,0.00969243
566,26978.6,0.54423,0.72756,0.94344,0.91433,0.91034,0.93783,0.83185,0.62508,0.95092,0.92316,0.00969135,0.00969135,0.00969135
567,27023.3,0.55756,0.74386,0.94864,0.91435,0.91011,0.93787,0.83131,0.62464,0.94939,0.92291,0.00969027,0.00969027,0.00969027
568,27069.8,0.561,0.72862,0.94652,0.91367,0.9093,0.93814,0.83185,0.62481,0.95117,0.92296,0.00968918,0.00968918,0.00968918
569,27115.1,0.5505,0.70749,0.94332,0.91367,0.9093,0.93752,0.83159,0.62442,0.95132,0.9228,0.0096881,0.0096881,0.0096881
570,27158.5,0.55992,0.73049,0.95392,0.91417,0.9093,0.93782,0.83261,0.62412,0.95045,0.92269,0.00968701,0.00968701,0.00968701
571,27205.1,0.56652,0.71795,0.95387,0.91396,0.9093,0.93756,0.83383,0.62395,0.94973,0.92273,0.00968592,0.00968592,0.00968592
572,27250.8,0.56005,0.76604,0.956,0.91407,0.9093,0.9382,0.83413,0.6238,0.94905,0.92265,0.00968483,0.00968483,0.00968483
573,27298,0.55255,0.73209,0.94179,0.91671,0.90906,0.93802,0.83147,0.62409,0.94979,0.92284,0.00968374,0.00968374,0.00968374
574,27345.5,0.5463,0.75875,0.94536,0.9167,0.90867,0.93836,0.83288,0.62437,0.95078,0.92312,0.00968264,0.00968264,0.00968264
575,27391.8,0.55276,0.71202,0.94625,0.91673,0.90888,0.93754,0.83335,0.62447,0.94971,0.92334,0.00968155,0.00968155,0.00968155
576,27438.2,0.56666,0.73919,0.9593,0.91671,0.90901,0.93804,0.83161,0.6241,0.95014,0.92332,0.00968045,0.00968045,0.00968045
577,27482.8,0.56988,0.83713,0.96367,0.91664,0.9089,0.93803,0.8333,0.62412,0.95003,0.9234,0.00967935,0.00967935,0.00967935
578,27527.1,0.55138,0.72975,0.95208,0.9166,0.9093,0.9383,0.83375,0.62404,0.94822,0.92333,0.00967825,0.00967825,0.00967825
579,27571.3,0.56221,0.75168,0.95837,0.91604,0.9093,0.93801,0.83115,0.62425,0.95115,0.92383,0.00967714,0.00967714,0.00967714
580,27618.3,0.569,0.72811,0.96462,0.91493,0.9093,0.93828,0.83375,0.62408,0.95122,0.9239,0.00967604,0.00967604,0.00967604
581,27664.9,0.5681,0.71803,0.95972,0.91515,0.9093,0.93784,0.8321,0.62387,0.95201,0.92379,0.00967493,0.00967493,0.00967493
582,27711.3,0.55241,0.73653,0.94996,0.91499,0.9093,0.93813,0.83252,0.62379,0.94927,0.92381,0.00967382,0.00967382,0.00967382
583,27758.5,0.56185,0.71393,0.95498,0.91447,0.9093,0.9382,0.83315,0.62374,0.9498,0.92414,0.00967271,0.00967271,0.00967271
584,27805.4,0.568,0.83955,0.95656,0.9153,0.9093,0.93749,0.83264,0.62361,0.95124,0.92428,0.00967159,0.00967159,0.00967159
585,27852.1,0.55039,0.72208,0.9523,0.91452,0.9093,0.93749,0.83238,0.62333,0.95028,0.92427,0.00967048,0.00967048,0.00967048
586,27898.7,0.55622,0.73022,0.95067,0.9084,0.91512,0.93747,0.8323,0.62333,0.95039,0.92439,0.00966936,0.00966936,0.00966936
587,27947.1,0.55111,0.77535,0.94698,0.90844,0.91512,0.93805,0.83177,0.62275,0.94921,0.92419,0.00966824,0.00966824,0.00966824
588,27992.9,0.55878,0.73848,0.95541,0.90848,0.91512,0.93774,0.8329,0.62268,0.94922,0.9242,0.00966712,0.00966712,0.00966712
589,28040.9,0.56334,0.73343,0.95407,0.90856,0.91512,0.93946,0.83391,0.62265,0.94858,0.92421,0.009666,0.009666,0.009666
590,28088.2,0.5742,0.75054,0.96974,0.9086,0.91512,0.93969,0.83391,0.62233,0.94757,0.92413,0.00966488,0.00966488,0.00966488
591,28135.4,0.56193,0.71262,0.95001,0.90847,0.91512,0.93918,0.83236,0.62233,0.94774,0.92419,0.00966375,0.00966375,0.00966375
592,28183.7,0.56377,0.76292,0.97385,0.90861,0.91512,0.93899,0.83401,0.62218,0.94879,0.92429,0.00966262,0.00966262,0.00966262
593,28232.5,0.56671,0.76447,0.95999,0.90865,0.91512,0.93858,0.83318,0.62171,0.94622,0.92393,0.00966149,0.00966149,0.00966149
594,28281.6,0.59956,0.80271,1.00526,0.90868,0.91512,0.9391,0.83249,0.62136,0.94009,0.92379,0.00966036,0.00966036,0.00966036
595,28330.8,0.5587,0.79828,0.94777,0.90868,0.91512,0.93898,0.83329,0.62134,0.93907,0.92389,0.00965923,0.00965923,0.00965923
596,28377.9,0.55608,0.72355,0.94859,0.90869,0.91512,0.93918,0.8324,0.62154,0.94059,0.92404,0.0096581,0.0096581,0.0096581
597,28425,0.55916,0.72053,0.95868,0.90872,0.91512,0.93914,0.8327,0.62109,0.9401,0.92397,0.00965696,0.00965696,0.00965696
598,28470.9,0.57234,0.73366,0.97086,0.90867,0.91512,0.93933,0.8346,0.62126,0.94217,0.9241,0.00965582,0.00965582,0.00965582
599,28518.1,0.55734,0.74933,0.96045,0.90754,0.91512,0.93909,0.83159,0.6208,0.94033,0.924,0.00965468,0.00965468,0.00965468
600,28567.2,0.55044,0.73903,0.94836,0.90768,0.91512,0.93887,0.83248,0.62101,0.94377,0.92414,0.00965354,0.00965354,0.00965354
601,28615.8,0.55671,0.71585,0.94745,0.90771,0.91512,0.93864,0.83172,0.62278,0.94953,0.92595,0.00965239,0.00965239,0.00965239
602,28663.1,0.55819,0.74687,0.96048,0.90771,0.91512,0.93854,0.8312,0.623,0.95091,0.92623,0.00965125,0.00965125,0.00965125
603,28710.9,0.56047,0.72298,0.95301,0.90758,0.91512,0.93854,0.8313,0.62273,0.94795,0.9262,0.0096501,0.0096501,0.0096501
604,28759.2,0.55787,0.72122,0.95618,0.90756,0.91597,0.93884,0.83246,0.6229,0.94745,0.92624,0.00964895,0.00964895,0.00964895
605,28807.6,0.5692,0.74468,0.97825,0.90769,0.9168,0.93853,0.83105,0.62242,0.94681,0.92603,0.0096478,0.0096478,0.0096478
606,28856.8,0.55369,0.74851,0.94806,0.90757,0.91552,0.93861,0.83138,0.62235,0.94644,0.9262,0.00964665,0.00964665,0.00964665
607,28905.8,0.5689,0.73638,0.95921,0.90758,0.91513,0.9385,0.83173,0.62188,0.94797,0.92608,0.00964549,0.00964549,0.00964549
608,28953.9,0.5538,0.71852,0.94931,0.90838,0.91802,0.93875,0.83157,0.62083,0.94141,0.92523,0.00964433,0.00964433,0.00964433
609,29002.5,0.54789,0.7395,0.94576,0.90801,0.91809,0.93866,0.83209,0.62038,0.94164,0.92507,0.00964318,0.00964318,0.00964318
610,29050.6,0.55548,0.70503,0.94847,0.90815,0.91802,0.93872,0.83396,0.6201,0.94155,0.92485,0.00964202,0.00964202,0.00964202
611,29099.2,0.56422,0.73056,0.95768,0.90855,0.91802,0.93882,0.83204,0.6199,0.93928,0.92473,0.00964085,0.00964085,0.00964085
612,29147.7,0.55641,0.72204,0.94406,0.90864,0.91802,0.93924,0.83172,0.62001,0.94103,0.9247,0.00963969,0.00963969,0.00963969
613,29196.5,0.56414,0.73371,0.95337,0.90872,0.91802,0.93874,0.83283,0.61976,0.93866,0.9244,0.00963852,0.00963852,0.00963852
614,29244.7,0.55034,0.84555,0.9504,0.90865,0.91802,0.93881,0.8307,0.6198,0.94061,0.92455,0.00963736,0.00963736,0.00963736
615,29292.9,0.5691,0.72357,0.95844,0.90851,0.91802,0.93878,0.83126,0.61954,0.93883,0.92422,0.00963619,0.00963619,0.00963619
616,29341.5,0.5493,0.69383,0.94553,0.90833,0.91802,0.93876,0.83111,0.61936,0.93975,0.92397,0.00963502,0.00963502,0.00963502
617,29390.2,0.56418,0.715,0.96329,0.90817,0.91812,0.93858,0.83173,0.61932,0.93914,0.92396,0.00963384,0.00963384,0.00963384
618,29439.3,0.56739,0.7477,0.96239,0.90814,0.91848,0.93847,0.83151,0.61869,0.93818,0.92345,0.00963267,0.00963267,0.00963267
619,29487,0.55251,0.72774,0.94661,0.90812,0.91844,0.93861,0.83144,0.61824,0.93741,0.9234,0.00963149,0.00963149,0.00963149
620,29533.9,0.56248,0.74708,0.96264,0.90902,0.91802,0.93897,0.83178,0.61821,0.9391,0.92326,0.00963031,0.00963031,0.00963031
621,29581.2,0.55282,0.72458,0.94696,0.91062,0.91796,0.93918,0.83267,0.61795,0.93829,0.92302,0.00962913,0.00962913,0.00962913
622,29627.9,0.55122,0.72932,0.94733,0.91065,0.91777,0.9388,0.83299,0.61834,0.93948,0.92337,0.00962795,0.00962795,0.00962795
623,29672.5,0.55505,0.69736,0.94946,0.91072,0.9176,0.93878,0.83231,0.61845,0.94041,0.92358,0.00962677,0.00962677,0.00962677
624,29717.5,0.56776,0.77869,0.9679,0.90828,0.91512,0.93872,0.83262,0.61861,0.9404,0.92324,0.00962558,0.00962558,0.00962558
625,29764.2,0.54108,0.73184,0.93983,0.90799,0.91512,0.93846,0.83172,0.61839,0.93774,0.92302,0.00962439,0.00962439,0.00962439
626,29811.6,0.54617,0.72714,0.95321,0.90806,0.91627,0.93885,0.83265,0.61851,0.93853,0.92292,0.0096232,0.0096232,0.0096232
627,29857.9,0.56083,0.73603,0.95966,0.90814,0.91695,0.93863,0.83282,0.6181,0.93723,0.92233,0.00962201,0.00962201,0.00962201
628,29904.7,0.54482,0.73452,0.94313,0.90804,0.91819,0.93866,0.83333,0.61813,0.93765,0.92251,0.00962082,0.00962082,0.00962082
629,29950.1,0.55052,0.71279,0.9501,0.90804,0.91861,0.93825,0.83324,0.61741,0.93397,0.92167,0.00961962,0.00961962,0.00961962
630,29997.8,0.54213,0.70247,0.9428,0.9079,0.91889,0.93854,0.83332,0.61729,0.93386,0.92159,0.00961843,0.00961843,0.00961843
631,30044.5,0.54563,0.72379,0.95204,0.90772,0.91938,0.93857,0.8345,0.61723,0.93481,0.92162,0.00961723,0.00961723,0.00961723
632,30091,0.5502,0.72831,0.95074,0.90779,0.91964,0.9389,0.83465,0.6167,0.93342,0.92118,0.00961603,0.00961603,0.00961603
633,30138,0.55207,0.72182,0.95497,0.9123,0.9145,0.93829,0.83464,0.61677,0.9324,0.92119,0.00961483,0.00961483,0.00961483
634,30185,0.552,0.72574,0.94945,0.90782,0.91972,0.93848,0.83389,0.61684,0.93379,0.92122,0.00961362,0.00961362,0.00961362
635,30231.7,0.55863,0.71869,0.95932,0.90778,0.91986,0.93832,0.83455,0.61673,0.93224,0.92089,0.00961242,0.00961242,0.00961242
636,30279.1,0.55061,0.72148,0.95401,0.90763,0.92002,0.93884,0.83434,0.61643,0.93189,0.92068,0.00961121,0.00961121,0.00961121
637,30324.5,0.54951,0.70136,0.95405,0.90764,0.9199,0.93905,0.83485,0.61639,0.93094,0.92086,0.00961,0.00961,0.00961
638,30372,0.55592,0.7402,0.94754,0.90756,0.92005,0.93869,0.83324,0.61628,0.92975,0.92054,0.00960879,0.00960879,0.00960879
639,30419.2,0.55554,0.72683,0.95823,0.9075,0.91999,0.93906,0.83394,0.61602,0.92829,0.92027,0.00960758,0.00960758,0.00960758
640,30466.6,0.55975,0.74823,0.95673,0.90744,0.91991,0.9379,0.83178,0.61585,0.92547,0.92017,0.00960636,0.00960636,0.00960636
641,30514.9,0.54843,0.72428,0.9481,0.90753,0.91981,0.93821,0.83217,0.61592,0.92486,0.92028,0.00960515,0.00960515,0.00960515
642,30562.8,0.53958,0.70385,0.94606,0.9077,0.91973,0.93819,0.83261,0.61652,0.92523,0.92071,0.00960393,0.00960393,0.00960393
643,30610.6,0.54965,0.71182,0.95494,0.90789,0.91964,0.93772,0.83196,0.61608,0.92387,0.92042,0.00960271,0.00960271,0.00960271
644,30658.6,0.5459,0.69735,0.94928,0.9117,0.91512,0.93811,0.83223,0.61537,0.9191,0.9201,0.00960149,0.00960149,0.00960149
645,30707.1,0.56229,0.75827,0.95937,0.91069,0.91512,0.93827,0.83346,0.61517,0.91725,0.92009,0.00960026,0.00960026,0.00960026
646,30755,0.54976,0.71385,0.94494,0.91106,0.91512,0.93801,0.835,0.61461,0.91825,0.9196,0.00959904,0.00959904,0.00959904
647,30803.2,0.53793,0.69776,0.93221,0.91272,0.91742,0.93811,0.83373,0.6149,0.9186,0.91975,0.00959781,0.00959781,0.00959781
648,30851.1,0.54689,0.68804,0.93985,0.91274,0.9176,0.93796,0.83449,0.61376,0.91805,0.91934,0.00959658,0.00959658,0.00959658
649,30898.4,0.55226,0.70046,0.94047,0.9127,0.91757,0.93819,0.83473,0.61352,0.91866,0.91933,0.00959535,0.00959535,0.00959535
650,30945.8,0.54908,0.71212,0.94458,0.90933,0.91955,0.93794,0.83428,0.61341,0.91854,0.91919,0.00959412,0.00959412,0.00959412
651,30993,0.54812,0.74605,0.94401,0.91074,0.91512,0.9381,0.83257,0.6131,0.91663,0.91933,0.00959289,0.00959289,0.00959289
652,31040.4,0.55528,0.72757,0.95127,0.90942,0.9195,0.93804,0.83287,0.61295,0.91438,0.91922,0.00959165,0.00959165,0.00959165
653,31087,0.54743,0.69648,0.93908,0.90925,0.91955,0.93812,0.83217,0.61291,0.91312,0.91922,0.00959041,0.00959041,0.00959041
654,31136.6,0.55101,0.85181,0.94461,0.90921,0.91952,0.93816,0.832,0.61274,0.91331,0.91929,0.00958917,0.00958917,0.00958917
655,31185.2,0.55832,0.74413,0.95684,0.91276,0.91785,0.93774,0.83129,0.61239,0.91409,0.9193,0.00958793,0.00958793,0.00958793
656,31230.4,0.54141,0.80465,0.94262,0.91093,0.91512,0.93909,0.83214,0.61287,0.91549,0.91955,0.00958669,0.00958669,0.00958669
657,31278.7,0.54686,0.70092,0.94543,0.90907,0.91958,0.93863,0.83173,0.61282,0.91481,0.91936,0.00958544,0.00958544,0.00958544
658,31328.1,0.54712,0.71166,0.94785,0.90894,0.91958,0.93912,0.83181,0.61247,0.91531,0.91938,0.0095842,0.0095842,0.0095842
659,31377.6,0.54395,0.69702,0.94817,0.90886,0.91948,0.93865,0.83161,0.61261,0.91615,0.91923,0.00958295,0.00958295,0.00958295
660,31426.8,0.55152,0.70504,0.94394,0.90863,0.9195,0.93893,0.83442,0.61279,0.91577,0.91942,0.0095817,0.0095817,0.0095817
661,31475.1,0.55053,0.71797,0.95253,0.90837,0.91945,0.93878,0.83014,0.61263,0.91337,0.91951,0.00958044,0.00958044,0.00958044
662,31521.3,0.54604,0.74838,0.94353,0.90821,0.91945,0.93871,0.83114,0.61274,0.91487,0.91988,0.00957919,0.00957919,0.00957919
663,31568.4,0.56244,0.72218,0.95068,0.90805,0.91943,0.93867,0.83143,0.61256,0.91458,0.91998,0.00957793,0.00957793,0.00957793
664,31616.1,0.54784,0.69494,0.95193,0.91289,0.91512,0.93856,0.83165,0.61255,0.91609,0.91993,0.00957668,0.00957668,0.00957668
665,31663.2,0.5394,0.72911,0.94996,0.91297,0.91508,0.93837,0.83271,0.61245,0.91684,0.91995,0.00957542,0.00957542,0.00957542
666,31712.3,0.5582,0.72524,0.95869,0.91317,0.91512,0.93839,0.83467,0.61218,0.91453,0.91998,0.00957416,0.00957416,0.00957416
667,31759.8,0.55556,0.72763,0.95007,0.91317,0.91512,0.93857,0.83422,0.61202,0.91458,0.91955,0.00957289,0.00957289,0.00957289
668,31808.7,0.56118,0.73713,0.95908,0.91313,0.91512,0.93825,0.83442,0.61227,0.91558,0.91988,0.00957163,0.00957163,0.00957163
669,31856.7,0.54499,0.69848,0.95052,0.91315,0.91512,0.93883,0.83492,0.61181,0.92185,0.92003,0.00957036,0.00957036,0.00957036
670,31906.5,0.57425,0.71364,0.95836,0.91322,0.91512,0.93904,0.83535,0.61156,0.92226,0.91975,0.00956909,0.00956909,0.00956909
671,31955,0.5484,0.71375,0.94081,0.91305,0.91512,0.93924,0.8356,0.61159,0.92193,0.92002,0.00956782,0.00956782,0.00956782
672,32002.9,0.55803,0.71948,0.9506,0.91294,0.91512,0.93923,0.83596,0.61124,0.92208,0.92004,0.00956655,0.00956655,0.00956655
673,32051.1,0.55136,0.74962,0.95061,0.91265,0.91512,0.93896,0.83517,0.6116,0.92422,0.92033,0.00956528,0.00956528,0.00956528
674,32099.8,0.5531,0.7128,0.94455,0.9124,0.91512,0.93864,0.83396,0.61159,0.9215,0.9201,0.009564,0.009564,0.009564
675,32148.7,0.55775,0.70405,0.94751,0.91225,0.91512,0.93894,0.83414,0.61181,0.9233,0.92023,0.00956273,0.00956273,0.00956273
676,32198.9,0.55555,0.78678,0.95119,0.91236,0.91512,0.93892,0.8355,0.61165,0.92225,0.92004,0.00956145,0.00956145,0.00956145
677,32248.2,0.55926,0.72819,0.94848,0.91229,0.91512,0.93913,0.83378,0.61149,0.92348,0.9201,0.00956017,0.00956017,0.00956017
678,32297.8,0.54278,0.70889,0.95057,0.91231,0.91512,0.93937,0.83364,0.61136,0.92318,0.91994,0.00955888,0.00955888,0.00955888
679,32347.6,0.54381,0.69604,0.9474,0.91229,0.91512,0.93952,0.83411,0.61099,0.92105,0.91971,0.0095576,0.0095576,0.0095576
680,32396.6,0.54331,0.75907,0.95196,0.91245,0.91512,0.93963,0.83389,0.61069,0.92167,0.91971,0.00955631,0.00955631,0.00955631
681,32445.4,0.53897,0.69027,0.9501,0.91246,0.91512,0.93943,0.83552,0.61051,0.92151,0.91954,0.00955502,0.00955502,0.00955502
682,32494,0.53686,0.6865,0.94008,0.91238,0.91512,0.9392,0.8343,0.61061,0.92044,0.91961,0.00955373,0.00955373,0.00955373
683,32543,0.5484,0.70604,0.95,0.91226,0.91512,0.93981,0.83463,0.61038,0.92078,0.91948,0.00955244,0.00955244,0.00955244
684,32591.2,0.54865,0.70343,0.95159,0.91222,0.91512,0.93958,0.83625,0.61049,0.9196,0.91963,0.00955115,0.00955115,0.00955115
685,32639.6,0.5548,0.76586,0.95283,0.91218,0.91512,0.9402,0.83621,0.61041,0.91834,0.91941,0.00954986,0.00954986,0.00954986
686,32687.2,0.54428,0.70474,0.94565,0.9121,0.91512,0.93993,0.83779,0.61011,0.91717,0.91921,0.00954856,0.00954856,0.00954856
687,32736.4,0.55198,0.68916,0.94476,0.91204,0.91512,0.94007,0.83809,0.61023,0.91622,0.91908,0.00954726,0.00954726,0.00954726
688,32784.8,0.54177,0.73093,0.95144,0.91209,0.91512,0.94043,0.83817,0.60999,0.91481,0.91919,0.00954596,0.00954596,0.00954596
689,32832.3,0.54103,0.75647,0.93344,0.91205,0.91512,0.94016,0.83674,0.61004,0.91568,0.91928,0.00954466,0.00954466,0.00954466
690,32881.4,0.53693,0.69418,0.94176,0.9119,0.91512,0.94033,0.83645,0.60964,0.91407,0.91922,0.00954335,0.00954335,0.00954335
691,32930.2,0.55006,0.72469,0.95184,0.91205,0.91512,0.93956,0.83515,0.6097,0.91421,0.91923,0.00954205,0.00954205,0.00954205
692,32979.2,0.5527,0.71241,0.94198,0.9121,0.91512,0.94027,0.83727,0.6098,0.91186,0.91924,0.00954074,0.00954074,0.00954074
693,33027.5,0.53956,0.70939,0.94678,0.91223,0.91512,0.93967,0.8358,0.60992,0.91185,0.91945,0.00953943,0.00953943,0.00953943
694,33075.8,0.55837,0.71592,0.94927,0.9122,0.91512,0.94004,0.83386,0.60972,0.91063,0.91943,0.00953812,0.00953812,0.00953812
695,33125.5,0.54529,0.71556,0.9474,0.91222,0.91512,0.93998,0.83345,0.60953,0.9111,0.91935,0.00953681,0.00953681,0.00953681
696,33176.6,0.57612,0.76196,0.97189,0.91223,0.91512,0.93977,0.83367,0.60972,0.90954,0.91956,0.00953549,0.00953549,0.00953549
697,33225.8,0.55902,0.7099,0.95901,0.91244,0.91512,0.94008,0.83253,0.60967,0.90929,0.91961,0.00953418,0.00953418,0.00953418
698,33275.6,0.55851,0.69475,0.95582,0.91267,0.91512,0.94074,0.83197,0.60948,0.90814,0.9194,0.00953286,0.00953286,0.00953286
699,33325.6,0.55386,0.7671,0.96181,0.91279,0.91512,0.94092,0.83287,0.60944,0.90755,0.91951,0.00953154,0.00953154,0.00953154
700,33374.8,0.55738,0.69781,0.96312,0.91284,0.91512,0.94082,0.83264,0.60941,0.90705,0.91958,0.00953022,0.00953022,0.00953022
701,33425.8,0.55901,0.69387,0.95268,0.91294,0.91512,0.94111,0.83303,0.60922,0.90594,0.91975,0.00952889,0.00952889,0.00952889
702,33475,0.56402,0.72375,0.95965,0.91292,0.91512,0.94116,0.83273,0.60884,0.90423,0.91961,0.00952757,0.00952757,0.00952757
703,33525,0.54955,0.71552,0.95251,0.91282,0.91512,0.94117,0.83372,0.60893,0.90307,0.91965,0.00952624,0.00952624,0.00952624
704,33575.1,0.54066,0.70024,0.94035,0.91278,0.91512,0.94147,0.83573,0.60922,0.90203,0.91969,0.00952491,0.00952491,0.00952491
705,33624.7,0.53594,0.68282,0.93434,0.91328,0.91512,0.94129,0.83334,0.60911,0.90245,0.91961,0.00952358,0.00952358,0.00952358
706,33673.6,0.53889,0.69764,0.94953,0.91322,0.91512,0.94118,0.83358,0.60859,0.90196,0.91948,0.00952225,0.00952225,0.00952225
707,33723.2,0.55095,0.69124,0.94184,0.91318,0.91512,0.94083,0.83361,0.60863,0.90238,0.9195,0.00952092,0.00952092,0.00952092
708,33773.3,0.54457,0.71132,0.94712,0.91314,0.91512,0.94087,0.83443,0.60841,0.90245,0.91926,0.00951958,0.00951958,0.00951958
709,33823.8,0.53509,0.6955,0.94404,0.91321,0.91512,0.94071,0.83376,0.60777,0.90207,0.91899,0.00951824,0.00951824,0.00951824
710,33873.9,0.54522,0.69196,0.94311,0.91328,0.91512,0.94091,0.83408,0.60765,0.90308,0.91909,0.0095169,0.0095169,0.0095169
711,33923.7,0.54945,0.72378,0.94941,0.91326,0.91512,0.94094,0.83418,0.60781,0.90278,0.91913,0.00951556,0.00951556,0.00951556
712,33974,0.54219,0.7013,0.94711,0.91333,0.91512,0.94111,0.83476,0.60775,0.90309,0.91926,0.00951422,0.00951422,0.00951422
713,34025.5,0.56266,0.70957,0.96347,0.91354,0.91512,0.94126,0.83602,0.60792,0.90458,0.91938,0.00951288,0.00951288,0.00951288
714,34077.5,0.55619,0.72285,0.95384,0.91359,0.91558,0.9406,0.83515,0.60752,0.89625,0.91915,0.00951153,0.00951153,0.00951153
715,34130.3,0.54565,0.71416,0.94469,0.91344,0.91543,0.94093,0.83541,0.60768,0.89724,0.91928,0.00951018,0.00951018,0.00951018
716,34182.7,0.54611,0.79407,0.93753,0.9133,0.91506,0.94088,0.83556,0.60753,0.8939,0.91909,0.00950883,0.00950883,0.00950883
717,34236,0.55561,0.7247,0.95339,0.91323,0.91459,0.94085,0.83573,0.60651,0.89096,0.91844,0.00950748,0.00950748,0.00950748
718,34289.7,0.54996,0.71058,0.94313,0.91309,0.9142,0.94105,0.83565,0.60631,0.88897,0.9184,0.00950613,0.00950613,0.00950613
719,34343.6,0.5617,0.71231,0.96602,0.91306,0.91382,0.94088,0.83529,0.60657,0.88934,0.9185,0.00950477,0.00950477,0.00950477
720,34397.1,0.55169,0.71144,0.94535,0.91305,0.91346,0.94102,0.83507,0.60618,0.88832,0.9183,0.00950341,0.00950341,0.00950341
721,34450.6,0.52951,0.71521,0.93445,0.91313,0.91329,0.94099,0.83525,0.60576,0.88819,0.91817,0.00950206,0.00950206,0.00950206
722,34503.8,0.5359,0.69254,0.93325,0.91308,0.91331,0.93998,0.8342,0.60596,0.88882,0.9183,0.0095007,0.0095007,0.0095007
723,34557.1,0.55613,0.71297,0.96015,0.91296,0.91339,0.94109,0.83692,0.60593,0.88941,0.91833,0.00949933,0.00949933,0.00949933
724,34610.7,0.54491,0.70331,0.94702,0.9129,0.91331,0.94109,0.83716,0.60655,0.89276,0.91915,0.00949797,0.00949797,0.00949797
725,34664.4,0.54102,0.72451,0.94259,0.91289,0.91327,0.94123,0.83525,0.60645,0.89382,0.91887,0.0094966,0.0094966,0.0094966
726,34717.8,0.54248,0.69769,0.9388,0.91287,0.91324,0.94119,0.83744,0.60633,0.89423,0.91886,0.00949524,0.00949524,0.00949524
727,34770.6,0.54259,0.69316,0.94622,0.91289,0.913,0.94154,0.8382,0.60641,0.89408,0.91879,0.00949387,0.00949387,0.00949387
728,34823.9,0.53883,0.68889,0.93484,0.91284,0.91284,0.94146,0.83772,0.60613,0.89535,0.91871,0.0094925,0.0094925,0.0094925
729,34876.8,0.54763,0.69876,0.9473,0.91037,0.9128,0.94111,0.83733,0.60592,0.89247,0.91859,0.00949112,0.00949112,0.00949112
730,34930.2,0.55195,0.70642,0.94778,0.91286,0.91264,0.94125,0.83743,0.60582,0.89197,0.91858,0.00948975,0.00948975,0.00948975
731,34983.4,0.54908,0.70262,0.95065,0.91038,0.91243,0.94097,0.83724,0.6061,0.89245,0.91878,0.00948837,0.00948837,0.00948837
732,35037.2,0.54907,0.71151,0.95064,0.9104,0.91225,0.94103,0.83796,0.60605,0.89293,0.91888,0.009487,0.009487,0.009487
733,35090.6,0.54521,0.70256,0.94675,0.91037,0.91225,0.94133,0.83773,0.60594,0.89403,0.91877,0.00948562,0.00948562,0.00948562
734,35144.1,0.5523,0.72902,0.95128,0.91036,0.91236,0.94136,0.83758,0.60529,0.89397,0.91841,0.00948423,0.00948423,0.00948423
735,35197.7,0.54455,0.69468,0.95017,0.91036,0.91248,0.94035,0.83707,0.60538,0.89506,0.91849,0.00948285,0.00948285,0.00948285
736,35251,0.54682,0.70637,0.94977,0.91038,0.91263,0.94107,0.83796,0.60535,0.89387,0.91844,0.00948147,0.00948147,0.00948147
737,35304.5,0.55057,0.70079,0.94975,0.91326,0.90713,0.9403,0.83697,0.60542,0.89328,0.91845,0.00948008,0.00948008,0.00948008
738,35357.3,0.54625,0.69603,0.95382,0.91339,0.90716,0.94015,0.83705,0.60495,0.89313,0.91837,0.00947869,0.00947869,0.00947869
739,35410.6,0.54617,0.71073,0.94593,0.91342,0.90707,0.94113,0.83851,0.6053,0.89483,0.91878,0.0094773,0.0094773,0.0094773
740,35464.3,0.55113,0.69858,0.95358,0.91351,0.90709,0.94087,0.83709,0.60552,0.89455,0.91853,0.00947591,0.00947591,0.00947591
741,35517.6,0.54967,0.71475,0.94803,0.91352,0.90712,0.94075,0.83782,0.60542,0.89474,0.91875,0.00947452,0.00947452,0.00947452
742,35571.4,0.54804,0.72054,0.94586,0.91365,0.90723,0.94133,0.83882,0.60548,0.89718,0.91872,0.00947312,0.00947312,0.00947312
743,35625.1,0.54854,0.70976,0.95736,0.91371,0.90746,0.94132,0.83817,0.60575,0.89793,0.91883,0.00947172,0.00947172,0.00947172
744,35679.2,0.54181,0.70606,0.94787,0.91377,0.90778,0.9414,0.8384,0.60576,0.89631,0.91891,0.00947032,0.00947032,0.00947032
745,35733,0.55446,0.69394,0.95548,0.91386,0.90848,0.94123,0.83854,0.60525,0.89729,0.91873,0.00946892,0.00946892,0.00946892
746,35786.7,0.55351,0.72226,0.95267,0.91395,0.90884,0.94109,0.83817,0.60512,0.89638,0.91867,0.00946752,0.00946752,0.00946752
747,35840.2,0.5402,0.71928,0.94236,0.91407,0.90925,0.9411,0.8385,0.60428,0.89714,0.91818,0.00946612,0.00946612,0.00946612
748,35896.2,0.54133,0.73352,0.94511,0.91396,0.9093,0.94073,0.83782,0.60407,0.89579,0.91812,0.00946471,0.00946471,0.00946471
749,35949.5,0.54016,0.68112,0.93477,0.91405,0.9093,0.94105,0.8387,0.60396,0.89371,0.91804,0.0094633,0.0094633,0.0094633
750,36003.5,0.54221,0.68888,0.95076,0.91395,0.9093,0.94103,0.83837,0.60379,0.89344,0.91786,0.00946189,0.00946189,0.00946189
751,36056.8,0.54139,0.69409,0.94109,0.91396,0.9093,0.94109,0.83852,0.60364,0.89404,0.91782,0.00946048,0.00946048,0.00946048
752,36110.6,0.55404,0.69757,0.94908,0.91381,0.9093,0.9413,0.83841,0.60334,0.8935,0.91777,0.00945907,0.00945907,0.00945907
753,36164.1,0.5476,0.74021,0.9405,0.91375,0.9093,0.94105,0.83801,0.60294,0.89316,0.91767,0.00945765,0.00945765,0.00945765
754,36217.5,0.55111,0.72306,0.95026,0.91374,0.9093,0.94125,0.83786,0.60306,0.89435,0.91785,0.00945624,0.00945624,0.00945624
755,36270.6,0.54394,0.69154,0.94813,0.91376,0.9093,0.94121,0.8379,0.60309,0.89345,0.91788,0.00945482,0.00945482,0.00945482
756,36323.9,0.54988,0.7125,0.94094,0.9137,0.9093,0.94129,0.83797,0.60306,0.89354,0.91783,0.0094534,0.0094534,0.0094534
757,36377.7,0.56323,0.74171,0.95694,0.91434,0.9093,0.942,0.84036,0.60324,0.8944,0.91786,0.00945198,0.00945198,0.00945198
758,36431.5,0.54679,0.7117,0.95082,0.91455,0.9093,0.94137,0.83782,0.6032,0.89452,0.91795,0.00945056,0.00945056,0.00945056
759,36485.3,0.54969,0.81366,0.94352,0.91476,0.9093,0.94109,0.83778,0.60326,0.89624,0.91795,0.00944913,0.00944913,0.00944913
760,36538.9,0.56144,0.78248,0.96697,0.9146,0.90876,0.94068,0.83846,0.60331,0.89785,0.91815,0.0094477,0.0094477,0.0094477
761,36592.7,0.54061,0.6999,0.942,0.91595,0.90769,0.94139,0.83769,0.60298,0.89709,0.91815,0.00944628,0.00944628,0.00944628
762,36646.6,0.55075,0.67854,0.96062,0.9178,0.90676,0.94103,0.8382,0.60275,0.89756,0.918,0.00944485,0.00944485,0.00944485
763,36699.9,0.55412,0.7126,0.96036,0.91783,0.90595,0.94099,0.83912,0.60265,0.89767,0.91797,0.00944341,0.00944341,0.00944341
764,36753.5,0.54279,0.70701,0.95214,0.91737,0.90578,0.94087,0.83947,0.60253,0.89838,0.91782,0.00944198,0.00944198,0.00944198
765,36806.3,0.54337,0.69318,0.95082,0.91585,0.90576,0.94093,0.83967,0.6023,0.89792,0.91783,0.00944054,0.00944054,0.00944054
766,36858.9,0.54077,0.68629,0.93848,0.91605,0.90566,0.9408,0.83964,0.60274,0.90136,0.91812,0.00943911,0.00943911,0.00943911
767,36913.9,0.54483,0.71187,0.95017,0.91846,0.90519,0.94108,0.83901,0.60267,0.90252,0.91814,0.00943767,0.00943767,0.00943767
768,36969.5,0.54349,0.71915,0.95029,0.91893,0.90483,0.94101,0.83957,0.60275,0.90092,0.91825,0.00943623,0.00943623,0.00943623
769,37023.8,0.54459,0.73158,0.94437,0.91908,0.9046,0.94077,0.83907,0.60292,0.9009,0.91832,0.00943478,0.00943478,0.00943478
770,37077.8,0.54339,0.69673,0.94769,0.91626,0.90471,0.94048,0.83895,0.60397,0.91195,0.91957,0.00943334,0.00943334,0.00943334
771,37132.6,0.54483,0.67424,0.94796,0.91604,0.90458,0.9408,0.83902,0.60416,0.91226,0.91991,0.00943189,0.00943189,0.00943189
772,37186.8,0.5553,0.72027,0.95766,0.88761,0.93762,0.94056,0.83792,0.60415,0.91332,0.92007,0.00943045,0.00943045,0.00943045
773,37241,0.53781,0.70118,0.94272,0.90312,0.92463,0.94146,0.83747,0.60438,0.91417,0.92021,0.009429,0.009429,0.009429
774,37296.3,0.54195,0.70723,0.94004,0.90315,0.92478,0.94117,0.83832,0.60462,0.91219,0.92029,0.00942755,0.00942755,0.00942755
775,37350.6,0.53836,0.71118,0.94775,0.90331,0.92485,0.94107,0.83773,0.60436,0.91108,0.9202,0.00942609,0.00942609,0.00942609
776,37404.1,0.54269,0.69479,0.95037,0.9035,0.92485,0.94113,0.8359,0.60451,0.91178,0.92072,0.00942464,0.00942464,0.00942464
777,37458,0.54204,0.70144,0.94761,0.90364,0.92489,0.94064,0.83819,0.60466,0.91107,0.92085,0.00942318,0.00942318,0.00942318
778,37512,0.54163,0.68582,0.9479,0.90375,0.92517,0.94097,0.83814,0.60469,0.91078,0.92084,0.00942173,0.00942173,0.00942173
779,37565.9,0.54635,0.71007,0.93878,0.90611,0.92535,0.94082,0.83723,0.6048,0.91181,0.92082,0.00942027,0.00942027,0.00942027
780,37619.7,0.53327,0.73544,0.94153,0.90621,0.92554,0.94066,0.83695,0.60502,0.91243,0.9207,0.0094188,0.0094188,0.0094188
781,37673.8,0.53539,0.68526,0.94245,0.90643,0.92594,0.94049,0.83776,0.60515,0.9141,0.92096,0.00941734,0.00941734,0.00941734
782,37727.4,0.53752,0.70895,0.95069,0.90656,0.92636,0.94035,0.83555,0.60472,0.91274,0.92069,0.00941588,0.00941588,0.00941588
783,37781.4,0.53675,0.70605,0.94769,0.90624,0.92636,0.94054,0.83732,0.60467,0.91216,0.9207,0.00941441,0.00941441,0.00941441
784,37835.4,0.55955,0.70602,0.95422,0.90596,0.92604,0.94026,0.83841,0.60493,0.91253,0.92079,0.00941294,0.00941294,0.00941294
785,37889.1,0.53048,0.69131,0.93058,0.90516,0.92567,0.93992,0.83645,0.60484,0.9125,0.92106,0.00941147,0.00941147,0.00941147
786,37942.8,0.53635,0.786,0.93473,0.90424,0.92554,0.93937,0.83546,0.60402,0.90583,0.92031,0.00941,0.00941,0.00941
787,37996.4,0.5453,0.6726,0.94428,0.90461,0.92444,0.93916,0.83621,0.60391,0.90711,0.92031,0.00940853,0.00940853,0.00940853
788,38049.9,0.52966,0.6581,0.93009,0.90444,0.92418,0.93934,0.83799,0.60425,0.91239,0.92096,0.00940705,0.00940705,0.00940705
789,38102.9,0.54926,0.70609,0.95299,0.89283,0.93614,0.93941,0.83581,0.60449,0.91338,0.92109,0.00940557,0.00940557,0.00940557
790,38156.5,0.5372,0.71137,0.93901,0.8971,0.93109,0.93938,0.83567,0.60483,0.91363,0.92134,0.0094041,0.0094041,0.0094041
791,38210.7,0.53723,0.69278,0.93359,0.89708,0.93086,0.9385,0.83622,0.60436,0.91516,0.92136,0.00940262,0.00940262,0.00940262
792,38262.8,0.54487,0.68925,0.95188,0.89709,0.93105,0.93856,0.83559,0.6039,0.91359,0.92098,0.00940113,0.00940113,0.00940113
793,38313.4,0.5431,0.69303,0.95437,0.89706,0.93078,0.9388,0.83724,0.60381,0.91232,0.92103,0.00939965,0.00939965,0.00939965
794,38366,0.54004,0.69224,0.95337,0.89705,0.93062,0.93857,0.83701,0.60384,0.91021,0.92103,0.00939816,0.00939816,0.00939816
795,38418.7,0.55,0.70409,0.94433,0.89706,0.93076,0.9387,0.8362,0.60303,0.90624,0.92048,0.00939668,0.00939668,0.00939668
796,38471.6,0.53632,0.84473,0.93637,0.89707,0.93049,0.93921,0.83578,0.6028,0.90476,0.92006,0.00939519,0.00939519,0.00939519
797,38525.5,0.53623,0.70386,0.9411,0.89705,0.93004,0.93838,0.83558,0.60362,0.91132,0.92082,0.0093937,0.0093937,0.0093937
798,38578.7,0.53082,0.67872,0.93562,0.897,0.92978,0.93812,0.83639,0.6037,0.91056,0.92094,0.00939221,0.00939221,0.00939221
799,38632.8,0.53999,0.70578,0.94963,0.89711,0.92948,0.93882,0.83704,0.60373,0.91057,0.9209,0.00939071,0.00939071,0.00939071
800,38687,0.54575,0.7022,0.94706,0.90136,0.92485,0.93921,0.83582,0.6038,0.90918,0.92131,0.00938922,0.00938922,0.00938922
801,38740.9,0.5304,0.69902,0.94753,0.90136,0.92526,0.93879,0.8354,0.60325,0.90411,0.92079,0.00938772,0.00938772,0.00938772
802,38794.9,0.53266,0.6934,0.93291,0.90148,0.92562,0.93869,0.83681,0.60357,0.90376,0.92106,0.00938622,0.00938622,0.00938622
803,38848.7,0.53447,0.71183,0.94257,0.90143,0.92624,0.93914,0.83607,0.60324,0.90198,0.92104,0.00938472,0.00938472,0.00938472
804,38902.3,0.52791,0.7025,0.94109,0.90164,0.92633,0.93916,0.83734,0.60289,0.90136,0.92054,0.00938322,0.00938322,0.00938322
805,38956.2,0.54274,0.70373,0.94494,0.90168,0.9264,0.93892,0.83578,0.60291,0.90165,0.92055,0.00938171,0.00938171,0.00938171
806,39009.4,0.53982,0.68729,0.9473,0.90176,0.92639,0.93857,0.83655,0.60259,0.90116,0.92047,0.0093802,0.0093802,0.0093802
807,39062.6,0.54871,0.71374,0.95258,0.90194,0.92679,0.93859,0.83568,0.6026,0.9033,0.92045,0.0093787,0.0093787,0.0093787
808,39116.6,0.53073,0.69062,0.93456,0.90195,0.92703,0.93898,0.83558,0.60241,0.90256,0.9203,0.00937719,0.00937719,0.00937719
809,39170.3,0.54433,0.69912,0.94898,0.90204,0.92699,0.93869,0.83632,0.60311,0.9018,0.92065,0.00937568,0.00937568,0.00937568
810,39224.4,0.53894,0.70441,0.94811,0.90196,0.92677,0.93886,0.83776,0.60269,0.90001,0.9205,0.00937416,0.00937416,0.00937416
811,39277,0.53927,0.71054,0.94913,0.90185,0.92637,0.93991,0.83773,0.60246,0.89746,0.92029,0.00937265,0.00937265,0.00937265
812,39331,0.54042,0.8036,0.93907,0.90226,0.92636,0.93967,0.83726,0.60278,0.89779,0.92045,0.00937113,0.00937113,0.00937113
813,39386.5,0.5385,0.70699,0.94953,0.90225,0.9267,0.93914,0.83653,0.60274,0.89885,0.92064,0.00936961,0.00936961,0.00936961
814,39441.6,0.53449,0.67292,0.94192,0.90222,0.92666,0.93953,0.83608,0.60318,0.89823,0.92092,0.0093681,0.0093681,0.0093681
815,39495.5,0.54981,0.70629,0.95972,0.90225,0.92507,0.93916,0.83784,0.60306,0.89679,0.92078,0.00936657,0.00936657,0.00936657
816,39549.1,0.53327,0.6715,0.93855,0.90248,0.92519,0.93895,0.83688,0.60389,0.89719,0.92122,0.00936505,0.00936505,0.00936505
817,39602.6,0.54503,0.68963,0.94651,0.90264,0.92486,0.93931,0.83716,0.60389,0.89759,0.92147,0.00936353,0.00936353,0.00936353
818,39656.3,0.5354,0.67297,0.93808,0.90259,0.925,0.93971,0.83704,0.6039,0.89668,0.92157,0.009362,0.009362,0.009362
819,39709.9,0.54965,0.69743,0.95141,0.90249,0.92527,0.93966,0.83786,0.60382,0.89616,0.92146,0.00936047,0.00936047,0.00936047
820,39763.8,0.53583,0.69584,0.94268,0.90229,0.92574,0.93952,0.83594,0.60384,0.89409,0.9216,0.00935894,0.00935894,0.00935894
821,39817.4,0.53906,0.68413,0.93964,0.9129,0.91764,0.93904,0.83654,0.60345,0.89245,0.9214,0.00935741,0.00935741,0.00935741
822,39870.9,0.53563,0.69132,0.9283,0.91287,0.91764,0.93884,0.83662,0.60305,0.89175,0.92132,0.00935588,0.00935588,0.00935588
823,39924.4,0.53878,0.7172,0.94316,0.91006,0.91764,0.93908,0.8379,0.60292,0.89008,0.92128,0.00935434,0.00935434,0.00935434
824,39978.4,0.54903,0.68572,0.94834,0.91219,0.91764,0.93938,0.83705,0.60329,0.89124,0.92165,0.0093528,0.0093528,0.0093528
825,40032.4,0.53819,0.67842,0.94818,0.91162,0.91764,0.94007,0.83729,0.60296,0.88964,0.92163,0.00935127,0.00935127,0.00935127
826,40086.4,0.54699,0.70951,0.94496,0.91132,0.91764,0.94008,0.83623,0.60276,0.89019,0.92169,0.00934973,0.00934973,0.00934973
827,40139.9,0.53641,0.70096,0.94877,0.91192,0.91764,0.94006,0.83695,0.60305,0.89002,0.92171,0.00934818,0.00934818,0.00934818
828,40193.3,0.53893,0.68801,0.95715,0.91215,0.91764,0.94027,0.83718,0.60341,0.88888,0.92187,0.00934664,0.00934664,0.00934664
829,40246.9,0.54883,0.70644,0.94813,0.91237,0.91764,0.93964,0.83779,0.60344,0.89061,0.92203,0.0093451,0.0093451,0.0093451
830,40300.7,0.54188,0.70705,0.9504,0.91278,0.91764,0.93902,0.83616,0.60364,0.889,0.922,0.00934355,0.00934355,0.00934355
831,40354.6,0.52784,0.68418,0.92564,0.90341,0.93892,0.93886,0.83573,0.60342,0.88873,0.92198,0.009342,0.009342,0.009342
832,40407.9,0.53574,0.70433,0.94431,0.90332,0.93851,0.93952,0.83714,0.60373,0.89,0.92217,0.00934045,0.00934045,0.00934045
833,40461.1,0.53824,0.69846,0.94966,0.90326,0.93821,0.93963,0.83708,0.60364,0.88858,0.92222,0.0093389,0.0093389,0.0093389
834,40514.8,0.54531,0.69043,0.95014,0.90329,0.93843,0.94024,0.83539,0.60407,0.89185,0.92253,0.00933734,0.00933734,0.00933734
835,40568.5,0.53226,0.69084,0.93121,0.90334,0.93884,0.94109,0.83511,0.60423,0.8921,0.92262,0.00933579,0.00933579,0.00933579
836,40621.8,0.54147,0.70463,0.94589,0.90337,0.93892,0.94068,0.83781,0.60477,0.8928,0.92277,0.00933423,0.00933423,0.00933423
837,40675.7,0.53746,0.70479,0.94235,0.90341,0.93902,0.94104,0.83689,0.60484,0.89368,0.9229,0.00933267,0.00933267,0.00933267
838,40729.5,0.53396,0.68788,0.94169,0.9034,0.93855,0.9409,0.83654,0.60479,0.89377,0.92312,0.00933111,0.00933111,0.00933111
839,40783.1,0.53082,0.685,0.93295,0.90344,0.93899,0.94111,0.83646,0.6049,0.89479,0.92335,0.00932955,0.00932955,0.00932955
840,40836.6,0.54403,0.72229,0.95456,0.90342,0.93911,0.94118,0.83636,0.60532,0.89439,0.92331,0.00932799,0.00932799,0.00932799
841,40890.4,0.54388,0.69652,0.93285,0.90343,0.9391,0.9423,0.8366,0.60524,0.89547,0.92326,0.00932642,0.00932642,0.00932642
842,40943.9,0.54457,0.70206,0.94897,0.90343,0.93895,0.94182,0.83646,0.60516,0.89676,0.92294,0.00932485,0.00932485,0.00932485
843,40997.7,0.53849,0.68983,0.94411,0.90341,0.93855,0.9423,0.83739,0.60524,0.89762,0.92297,0.00932328,0.00932328,0.00932328
844,41051.4,0.53526,0.69004,0.93829,0.91413,0.91764,0.9407,0.83639,0.60535,0.89823,0.92307,0.00932171,0.00932171,0.00932171
845,41105.3,0.52341,0.69551,0.93125,0.91372,0.91764,0.94073,0.83667,0.60547,0.89764,0.92308,0.00932014,0.00932014,0.00932014
846,41159.6,0.5436,0.73543,0.94575,0.90342,0.93864,0.94127,0.83636,0.60518,0.89714,0.92276,0.00931857,0.00931857,0.00931857
847,41213.3,0.54027,0.67346,0.94595,0.90345,0.93926,0.94082,0.83625,0.60461,0.89521,0.92244,0.00931699,0.00931699,0.00931699
848,41267.4,0.54115,0.70839,0.94267,0.90342,0.93914,0.94191,0.83796,0.60456,0.89564,0.92242,0.00931542,0.00931542,0.00931542
849,41320.8,0.52987,0.76469,0.94119,0.90335,0.93889,0.94125,0.83719,0.60438,0.89494,0.92222,0.00931384,0.00931384,0.00931384
850,41374.1,0.52193,0.66764,0.92862,0.90149,0.9376,0.94148,0.8376,0.60414,0.89729,0.92207,0.00931226,0.00931226,0.00931226
851,41427.6,0.52561,0.691,0.93935,0.90172,0.93731,0.94154,0.83779,0.60324,0.89117,0.92114,0.00931067,0.00931067,0.00931067
852,41481.2,0.5412,0.68359,0.94244,0.90117,0.93864,0.94127,0.83789,0.60277,0.89096,0.92094,0.00930909,0.00930909,0.00930909
853,41534.5,0.52466,0.68727,0.9414,0.89966,0.9388,0.94184,0.83797,0.60244,0.89126,0.92083,0.0093075,0.0093075,0.0093075
854,41587.5,0.5265,0.68213,0.9332,0.89923,0.93884,0.94224,0.83879,0.60168,0.89109,0.92029,0.00930592,0.00930592,0.00930592
855,41641.1,0.54155,0.69399,0.93462,0.89892,0.93877,0.94191,0.8391,0.60103,0.89129,0.92001,0.00930433,0.00930433,0.00930433
856,41694.6,0.52982,0.67336,0.93123,0.89861,0.93868,0.94124,0.83942,0.60097,0.89076,0.91994,0.00930274,0.00930274,0.00930274
857,41748.3,0.54049,0.69368,0.94682,0.91099,0.92771,0.94122,0.83858,0.60057,0.89116,0.91973,0.00930114,0.00930114,0.00930114
