image_name,class,confidence
tile_0_18.jpeg,0,0.6263803243637085
tile_0_18.jpeg,0,0.47566643357276917
tile_0_61.jpeg,0,0.44469311833381653
tile_0_93.jpeg,0,0.6205829977989197
tile_100_24.jpeg,0,0.4542962908744812
tile_100_25.jpeg,0,0.366323858499527
tile_100_30.jpeg,0,0.7901100516319275
tile_100_40.jpeg,0,0.8341057896614075
tile_100_87.jpeg,0,0.6829761862754822
tile_100_88.jpeg,0,0.4585111439228058
tile_101_30.jpeg,0,0.835587739944458
tile_101_30.jpeg,0,0.2825137972831726
tile_101_40.jpeg,0,0.36472195386886597
tile_101_41.jpeg,0,0.5061562657356262
tile_101_42.jpeg,0,0.3610662817955017
tile_101_44.jpeg,0,0.6183609962463379
tile_101_45.jpeg,0,0.7227138876914978
tile_101_63.jpeg,0,0.38786932826042175
tile_101_64.jpeg,0,0.6856322884559631
tile_101_72.jpeg,0,0.8001217246055603
tile_101_72.jpeg,0,0.3485192060470581
tile_101_90.jpeg,0,0.7326076626777649
tile_102_30.jpeg,0,0.5220689177513123
tile_102_30.jpeg,0,0.3657769560813904
tile_102_33.jpeg,0,0.7919989824295044
tile_102_72.jpeg,0,0.4956216812133789
tile_102_73.jpeg,0,0.5547780394554138
tile_103_64.jpeg,0,0.6908289194107056
tile_103_72.jpeg,0,0.7076206207275391
tile_103_88.jpeg,0,0.33190107345581055
tile_104_17.jpeg,0,0.6443948149681091
tile_104_18.jpeg,0,0.8165354132652283
tile_104_23.jpeg,0,0.7432805895805359
tile_104_38.jpeg,0,0.5586857199668884
tile_104_42.jpeg,0,0.3713015615940094
tile_104_77.jpeg,0,0.6660489439964294
tile_104_90.jpeg,0,0.5714118480682373
tile_104_91.jpeg,0,0.8319590091705322
tile_105_1.jpeg,0,0.8286282420158386
tile_105_23.jpeg,0,0.697014570236206
tile_105_28.jpeg,0,0.7481085062026978
tile_105_35.jpeg,0,0.5038420557975769
tile_105_38.jpeg,0,0.4118124544620514
tile_105_5.jpeg,0,0.2988470792770386
tile_105_60.jpeg,0,0.8408564925193787
tile_105_63.jpeg,0,0.7246804237365723
tile_105_77.jpeg,0,0.7105907797813416
tile_105_87.jpeg,0,0.6761671304702759
tile_106_31.jpeg,0,0.44412925839424133
tile_106_41.jpeg,0,0.6969006657600403
tile_106_50.jpeg,0,0.818583607673645
tile_106_56.jpeg,0,0.7803677916526794
tile_106_67.jpeg,0,0.7436178922653198
tile_106_88.jpeg,0,0.5838062763214111
tile_107_20.jpeg,0,0.6497073173522949
tile_107_25.jpeg,0,0.6806915402412415
tile_107_34.jpeg,0,0.2815854251384735
tile_107_40.jpeg,0,0.330329567193985
tile_107_41.jpeg,0,0.6557677984237671
tile_107_72.jpeg,0,0.31380781531333923
tile_108_36.jpeg,0,0.7126331925392151
tile_108_40.jpeg,0,0.5527390837669373
tile_108_40.jpeg,0,0.3508816063404083
tile_108_41.jpeg,0,0.387613445520401
tile_108_66.jpeg,0,0.4208422303199768
tile_108_80.jpeg,0,0.4067138731479645
tile_108_82.jpeg,0,0.6536267995834351
tile_108_86.jpeg,0,0.7898973822593689
tile_108_9.jpeg,0,0.43225377798080444
tile_109_31.jpeg,0,0.40227094292640686
tile_109_40.jpeg,0,0.6837231516838074
tile_109_47.jpeg,0,0.4293302893638611
tile_109_58.jpeg,0,0.7408345341682434
tile_109_58.jpeg,0,0.45592570304870605
tile_109_83.jpeg,0,0.8302730917930603
tile_10_25.jpeg,0,0.5482640862464905
tile_10_25.jpeg,0,0.31623923778533936
tile_10_29.jpeg,0,0.7858802080154419
tile_10_3.jpeg,0,0.6305360198020935
tile_10_32.jpeg,0,0.33268335461616516
tile_10_33.jpeg,0,0.6901523470878601
tile_10_57.jpeg,0,0.3634379208087921
tile_10_6.jpeg,0,0.3853345811367035
tile_10_64.jpeg,0,0.3520834445953369
tile_10_9.jpeg,0,0.4052404463291168
tile_110_31.jpeg,0,0.854656457901001
tile_110_40.jpeg,0,0.31027501821517944
tile_110_48.jpeg,0,0.4304249584674835
tile_110_48.jpeg,0,0.4119034707546234
tile_110_90.jpeg,0,0.7548770904541016
tile_110_93.jpeg,0,0.6606566905975342
tile_111_41.jpeg,0,0.2992241680622101
tile_111_43.jpeg,0,0.8202577829360962
tile_111_48.jpeg,0,0.784519612789154
tile_111_53.jpeg,0,0.6965725421905518
tile_111_54.jpeg,0,0.4226377010345459
tile_111_65.jpeg,0,0.5861047506332397
tile_111_67.jpeg,0,0.6605147123336792
tile_111_85.jpeg,0,0.30665016174316406
tile_111_92.jpeg,0,0.3801720142364502
tile_111_93.jpeg,0,0.5759095549583435
tile_112_14.jpeg,0,0.7067409157752991
tile_112_53.jpeg,0,0.7611108422279358
tile_112_54.jpeg,0,0.4690522253513336
tile_112_81.jpeg,0,0.6935582160949707
tile_112_84.jpeg,0,0.6291756629943848
tile_113_43.jpeg,0,0.8002955317497253
tile_113_44.jpeg,0,0.7951510548591614
tile_113_44.jpeg,0,0.5428032875061035
tile_113_69.jpeg,0,0.6330164670944214
tile_113_75.jpeg,0,0.3378123342990875
tile_113_81.jpeg,0,0.6427378058433533
tile_113_84.jpeg,0,0.8360702395439148
tile_113_86.jpeg,0,0.4147118926048279
tile_113_90.jpeg,0,0.7833212614059448
tile_113_93.jpeg,0,0.29734307527542114
tile_114_26.jpeg,0,0.7020385265350342
tile_114_30.jpeg,0,0.28364795446395874
tile_114_39.jpeg,0,0.4318946599960327
tile_114_39.jpeg,0,0.3601314127445221
tile_114_41.jpeg,0,0.3364618718624115
tile_114_44.jpeg,0,0.5378345251083374
tile_114_49.jpeg,0,0.5420059561729431
tile_114_68.jpeg,0,0.6124542355537415
tile_114_69.jpeg,0,0.437826544046402
tile_114_85.jpeg,0,0.7313627004623413
tile_114_86.jpeg,0,0.5086955428123474
tile_114_87.jpeg,0,0.776529848575592
tile_114_88.jpeg,0,0.3079051673412323
tile_114_93.jpeg,0,0.31924355030059814
tile_114_93.jpeg,0,0.3083493709564209
tile_114_94.jpeg,0,0.7513300776481628
tile_115_33.jpeg,0,0.7604442238807678
tile_115_40.jpeg,0,0.7871622443199158
tile_115_42.jpeg,0,0.8360217809677124
tile_115_48.jpeg,0,0.8432661890983582
tile_115_49.jpeg,0,0.7440035939216614
tile_115_8.jpeg,0,0.7224438190460205
tile_115_85.jpeg,0,0.5092566013336182
tile_115_88.jpeg,0,0.3043960928916931
tile_115_93.jpeg,0,0.5146774649620056
tile_116_14.jpeg,0,0.6404270529747009
tile_116_16.jpeg,0,0.6608816385269165
tile_116_17.jpeg,0,0.31833916902542114
tile_116_35.jpeg,0,0.5524908900260925
tile_116_41.jpeg,0,0.7073549628257751
tile_116_43.jpeg,0,0.58474200963974
tile_116_43.jpeg,0,0.3896752595901489
tile_116_8.jpeg,0,0.7696802616119385
tile_116_94.jpeg,0,0.7910128831863403
tile_117_10.jpeg,0,0.7087967395782471
tile_117_14.jpeg,0,0.6198233962059021
tile_117_35.jpeg,0,0.6908426284790039
tile_117_4.jpeg,0,0.4989268481731415
tile_117_43.jpeg,0,0.770643949508667
tile_117_44.jpeg,0,0.5772229433059692
tile_117_49.jpeg,0,0.7609570622444153
tile_117_5.jpeg,0,0.45983368158340454
tile_117_65.jpeg,0,0.7720804214477539
tile_117_72.jpeg,0,0.5867533087730408
tile_117_73.jpeg,0,0.7593640685081482
tile_117_81.jpeg,0,0.33323410153388977
tile_117_90.jpeg,0,0.41015905141830444
tile_117_94.jpeg,0,0.7603467702865601
tile_118_17.jpeg,0,0.6960830092430115
tile_118_26.jpeg,0,0.7302135229110718
tile_118_3.jpeg,0,0.27673763036727905
tile_118_34.jpeg,0,0.7781746983528137
tile_118_38.jpeg,0,0.6318333745002747
tile_118_4.jpeg,0,0.7804344296455383
tile_118_53.jpeg,0,0.3621651232242584
tile_118_82.jpeg,0,0.48075971007347107
tile_119_13.jpeg,0,0.5066788792610168
tile_119_16.jpeg,0,0.585521399974823
tile_119_25.jpeg,0,0.40113818645477295
tile_119_26.jpeg,0,0.815498948097229
tile_119_44.jpeg,0,0.7181903719902039
tile_119_46.jpeg,0,0.8049480319023132
tile_119_56.jpeg,0,0.2826412320137024
tile_119_79.jpeg,0,0.7912383675575256
tile_119_80.jpeg,0,0.314352810382843
tile_119_82.jpeg,0,0.31967034935951233
tile_119_83.jpeg,0,0.6342403888702393
tile_11_25.jpeg,0,0.7711308598518372
tile_11_43.jpeg,0,0.4164387881755829
tile_11_53.jpeg,0,0.35216403007507324
tile_11_90.jpeg,0,0.3419865667819977
tile_11_92.jpeg,0,0.5691131353378296
tile_120_0.jpeg,0,0.7738303542137146
tile_120_27.jpeg,0,0.7395150065422058
tile_120_35.jpeg,0,0.7123237252235413
tile_120_36.jpeg,0,0.7427797317504883
tile_120_37.jpeg,0,0.7630804777145386
tile_120_41.jpeg,0,0.6009628772735596
tile_120_46.jpeg,0,0.4235994517803192
tile_120_47.jpeg,0,0.7921895980834961
tile_120_47.jpeg,0,0.7765693068504333
tile_120_47.jpeg,0,0.5098053812980652
tile_120_56.jpeg,0,0.6794722676277161
tile_120_79.jpeg,0,0.41800498962402344
tile_120_83.jpeg,0,0.4944332540035248
tile_120_89.jpeg,0,0.7501692175865173
tile_121_19.jpeg,0,0.7373450994491577
tile_121_21.jpeg,0,0.6394197940826416
tile_121_25.jpeg,0,0.8054735064506531
tile_121_34.jpeg,0,0.7399877309799194
tile_121_34.jpeg,0,0.32919058203697205
tile_121_46.jpeg,0,0.38435959815979004
tile_121_47.jpeg,0,0.6972273588180542
tile_121_5.jpeg,0,0.8263204097747803
tile_121_68.jpeg,0,0.643368124961853
tile_121_69.jpeg,0,0.4906977713108063
tile_121_90.jpeg,0,0.8351630568504333
tile_121_94.jpeg,0,0.5469988584518433
tile_121_95.jpeg,0,0.7022486329078674
tile_122_18.jpeg,0,0.8195890784263611
tile_122_18.jpeg,0,0.7841825485229492
tile_122_33.jpeg,0,0.6313084363937378
tile_122_33.jpeg,0,0.29793885350227356
tile_122_34.jpeg,0,0.8360065817832947
tile_122_34.jpeg,0,0.776450514793396
tile_122_34.jpeg,0,0.5068814754486084
tile_122_34.jpeg,0,0.3783648610115051
tile_122_34.jpeg,0,0.2977272570133209
tile_122_35.jpeg,0,0.5085864067077637
tile_122_35.jpeg,0,0.33470386266708374
tile_122_45.jpeg,0,0.7219627499580383
tile_122_46.jpeg,0,0.4089639484882355
tile_122_48.jpeg,0,0.3776417672634125
tile_122_65.jpeg,0,0.7910305857658386
tile_122_88.jpeg,0,0.7301168441772461
tile_122_88.jpeg,0,0.49577951431274414
tile_122_9.jpeg,0,0.6466067433357239
tile_122_91.jpeg,0,0.8319824934005737
tile_123_14.jpeg,0,0.6970142722129822
tile_123_15.jpeg,0,0.8360849022865295
tile_123_34.jpeg,0,0.8308577537536621
tile_123_34.jpeg,0,0.4898815453052521
tile_123_34.jpeg,0,0.418893426656723
tile_123_35.jpeg,0,0.7602080702781677
tile_123_36.jpeg,0,0.3195497393608093
tile_123_61.jpeg,0,0.3295372426509857
tile_123_62.jpeg,0,0.7559636235237122
tile_124_32.jpeg,0,0.8075082302093506
tile_124_33.jpeg,0,0.7819727063179016
tile_124_33.jpeg,0,0.5919211506843567
tile_124_34.jpeg,0,0.6470392346382141
tile_124_45.jpeg,0,0.7956231236457825
tile_124_45.jpeg,0,0.661727249622345
tile_124_50.jpeg,0,0.2892783582210541
tile_124_53.jpeg,0,0.32012057304382324
tile_124_62.jpeg,0,0.4021913409233093
tile_124_85.jpeg,0,0.2872658967971802
tile_124_86.jpeg,0,0.5645952820777893
tile_124_95.jpeg,0,0.3882654309272766
tile_125_10.jpeg,0,0.6217729449272156
tile_125_11.jpeg,0,0.35735395550727844
tile_125_29.jpeg,0,0.8025479912757874
tile_125_33.jpeg,0,0.5494295358657837
tile_125_35.jpeg,0,0.8277038335800171
tile_125_45.jpeg,0,0.6940513253211975
tile_125_47.jpeg,0,0.6521738171577454
tile_125_47.jpeg,0,0.639765739440918
tile_125_62.jpeg,0,0.7926734089851379
tile_125_64.jpeg,0,0.7605167627334595
tile_125_64.jpeg,0,0.6118289232254028
tile_125_70.jpeg,0,0.7260243892669678
tile_125_71.jpeg,0,0.6163296103477478
tile_125_9.jpeg,0,0.6680423617362976
tile_126_18.jpeg,0,0.49321410059928894
tile_126_24.jpeg,0,0.7655135989189148
tile_126_25.jpeg,0,0.3193719983100891
tile_126_3.jpeg,0,0.8112112283706665
tile_126_33.jpeg,0,0.6914313435554504
tile_126_34.jpeg,0,0.7433454990386963
tile_126_45.jpeg,0,0.49742141366004944
tile_126_46.jpeg,0,0.6215590834617615
tile_126_47.jpeg,0,0.4386110305786133
tile_126_60.jpeg,0,0.6080718636512756
tile_126_87.jpeg,0,0.7193923592567444
tile_126_93.jpeg,0,0.7649287581443787
tile_127_10.jpeg,0,0.8120099902153015
tile_127_19.jpeg,0,0.30053064227104187
tile_127_34.jpeg,0,0.361316978931427
tile_127_35.jpeg,0,0.6309552192687988
tile_127_46.jpeg,0,0.5583645105361938
tile_127_55.jpeg,0,0.6943756341934204
tile_127_7.jpeg,0,0.7398842573165894
tile_127_93.jpeg,0,0.6693587899208069
tile_127_93.jpeg,0,0.46332937479019165
tile_128_30.jpeg,0,0.7809625267982483
tile_128_34.jpeg,0,0.7297980785369873
tile_128_44.jpeg,0,0.4643821120262146
tile_128_44.jpeg,0,0.3345024883747101
tile_128_54.jpeg,0,0.41426247358322144
tile_128_55.jpeg,0,0.3985883593559265
tile_128_62.jpeg,0,0.563429594039917
tile_128_75.jpeg,0,0.550783634185791
tile_128_80.jpeg,0,0.8001644611358643
tile_128_94.jpeg,0,0.27616721391677856
tile_128_95.jpeg,0,0.5789892673492432
tile_129_11.jpeg,0,0.7775776386260986
tile_129_35.jpeg,0,0.843575656414032
tile_129_35.jpeg,0,0.322750985622406
tile_129_44.jpeg,0,0.5810160040855408
tile_129_46.jpeg,0,0.8146363496780396
tile_129_61.jpeg,0,0.5694552063941956
tile_129_86.jpeg,0,0.6373998522758484
tile_12_11.jpeg,0,0.5007501840591431
tile_12_12.jpeg,0,0.6288743615150452
tile_12_24.jpeg,0,0.6740824580192566
tile_12_25.jpeg,0,0.43701934814453125
tile_130_10.jpeg,0,0.6725738048553467
tile_130_26.jpeg,0,0.6693307757377625
tile_130_27.jpeg,0,0.6709250211715698
tile_130_3.jpeg,0,0.5782789587974548
tile_130_35.jpeg,0,0.7181019186973572
tile_130_46.jpeg,0,0.6054894924163818
tile_130_70.jpeg,0,0.7207441926002502
tile_131_10.jpeg,0,0.35939422249794006
tile_131_11.jpeg,0,0.6231021285057068
tile_131_33.jpeg,0,0.5068838596343994
tile_131_36.jpeg,0,0.45923998951911926
tile_131_45.jpeg,0,0.5260739922523499
tile_131_57.jpeg,0,0.34927281737327576
tile_131_61.jpeg,0,0.5934048295021057
tile_131_63.jpeg,0,0.8637007474899292
tile_132_35.jpeg,0,0.5887885689735413
tile_132_36.jpeg,0,0.7005979418754578
tile_132_36.jpeg,0,0.5996547937393188
tile_132_60.jpeg,0,0.7406123280525208
tile_132_7.jpeg,0,0.4846881926059723
tile_132_8.jpeg,0,0.7657846212387085
tile_132_86.jpeg,0,0.36883631348609924
tile_132_90.jpeg,0,0.7702816724777222
tile_133_35.jpeg,0,0.3914944529533386
tile_133_35.jpeg,0,0.28066885471343994
tile_133_4.jpeg,0,0.4168173670768738
tile_133_43.jpeg,0,0.425076425075531
tile_133_44.jpeg,0,0.7469257712364197
tile_133_45.jpeg,0,0.8065596222877502
tile_133_57.jpeg,0,0.8114778995513916
tile_133_60.jpeg,0,0.3064897060394287
tile_133_61.jpeg,0,0.739628791809082
tile_133_61.jpeg,0,0.6904293298721313
tile_133_76.jpeg,0,0.7977238297462463
tile_133_86.jpeg,0,0.6299827098846436
tile_133_87.jpeg,0,0.7312634587287903
tile_133_90.jpeg,0,0.5793540477752686
tile_134_0.jpeg,0,0.7226681709289551
tile_134_1.jpeg,0,0.5747976899147034
tile_134_21.jpeg,0,0.2918546199798584
tile_134_31.jpeg,0,0.4776214063167572
tile_134_32.jpeg,0,0.7113998532295227
tile_134_34.jpeg,0,0.7709258198738098
tile_134_34.jpeg,0,0.3883494436740875
tile_134_35.jpeg,0,0.8095024824142456
tile_134_46.jpeg,0,0.7838840484619141
tile_134_47.jpeg,0,0.8311541676521301
tile_134_49.jpeg,0,0.7879128456115723
tile_134_5.jpeg,0,0.5394697785377502
tile_134_53.jpeg,0,0.5219653248786926
tile_134_54.jpeg,0,0.817707896232605
tile_135_13.jpeg,0,0.6412191390991211
tile_135_14.jpeg,0,0.289556086063385
tile_135_17.jpeg,0,0.8063253164291382
tile_135_26.jpeg,0,0.8303542137145996
tile_135_34.jpeg,0,0.7630561590194702
tile_135_46.jpeg,0,0.4102698862552643
tile_135_5.jpeg,0,0.3356130123138428
tile_135_69.jpeg,0,0.626412034034729
tile_135_70.jpeg,0,0.7409347891807556
tile_135_86.jpeg,0,0.8191252946853638
tile_135_86.jpeg,0,0.8114299774169922
tile_136_30.jpeg,0,0.7962371110916138
tile_136_30.jpeg,0,0.747054398059845
tile_136_32.jpeg,0,0.642129123210907
tile_136_33.jpeg,0,0.8206931352615356
tile_136_4.jpeg,0,0.5223337411880493
tile_136_43.jpeg,0,0.7577070593833923
tile_136_61.jpeg,0,0.6283010244369507
tile_136_76.jpeg,0,0.7172190546989441
tile_136_78.jpeg,0,0.7311782836914062
tile_136_86.jpeg,0,0.4828343689441681
tile_137_18.jpeg,0,0.5793382525444031
tile_137_22.jpeg,0,0.8005547523498535
tile_137_30.jpeg,0,0.713342010974884
tile_137_33.jpeg,0,0.8583182692527771
tile_137_40.jpeg,0,0.5406203269958496
tile_137_40.jpeg,0,0.474205881357193
tile_137_41.jpeg,0,0.7818928956985474
tile_137_49.jpeg,0,0.7017275094985962
tile_137_50.jpeg,0,0.7424246668815613
tile_137_50.jpeg,0,0.5813607573509216
tile_137_55.jpeg,0,0.5673872828483582
tile_137_55.jpeg,0,0.5217382907867432
tile_137_56.jpeg,0,0.6888558268547058
tile_137_76.jpeg,0,0.4783523678779602
tile_137_93.jpeg,0,0.6603326201438904
tile_138_15.jpeg,0,0.7722813487052917
tile_138_24.jpeg,0,0.7002123594284058
tile_138_25.jpeg,0,0.27717047929763794
tile_138_41.jpeg,0,0.7494984269142151
tile_138_43.jpeg,0,0.8469025492668152
tile_138_46.jpeg,0,0.536076545715332
tile_138_49.jpeg,0,0.4986124634742737
tile_138_65.jpeg,0,0.7415981888771057
tile_138_7.jpeg,0,0.32515084743499756
tile_138_70.jpeg,0,0.5312817096710205
tile_138_83.jpeg,0,0.7762302160263062
tile_138_85.jpeg,0,0.7166638374328613
tile_138_86.jpeg,0,0.8143156170845032
tile_138_86.jpeg,0,0.35620319843292236
tile_138_89.jpeg,0,0.408247709274292
tile_138_90.jpeg,0,0.3282749652862549
tile_139_10.jpeg,0,0.7970809936523438
tile_139_12.jpeg,0,0.8383504152297974
tile_139_16.jpeg,0,0.7611571550369263
tile_139_18.jpeg,0,0.7029932737350464
tile_139_24.jpeg,0,0.4039052426815033
tile_139_25.jpeg,0,0.5388219356536865
tile_139_41.jpeg,0,0.6448631286621094
tile_139_42.jpeg,0,0.7577253580093384
tile_139_61.jpeg,0,0.719851016998291
tile_139_65.jpeg,0,0.749474287033081
tile_139_68.jpeg,0,0.5212661623954773
tile_139_69.jpeg,0,0.6906815767288208
tile_139_70.jpeg,0,0.7113539576530457
tile_139_73.jpeg,0,0.6425196528434753
tile_13_0.jpeg,0,0.47944048047065735
tile_13_10.jpeg,0,0.7272287011146545
tile_13_11.jpeg,0,0.7088718414306641
tile_13_12.jpeg,0,0.703755795955658
tile_13_15.jpeg,0,0.5710822939872742
tile_13_16.jpeg,0,0.4575482904911041
tile_13_41.jpeg,0,0.47555357217788696
tile_13_72.jpeg,0,0.5550068020820618
tile_13_75.jpeg,0,0.5923284888267517
tile_140_0.jpeg,0,0.7281619906425476
tile_140_18.jpeg,0,0.40672749280929565
tile_140_30.jpeg,0,0.49110662937164307
tile_140_50.jpeg,0,0.29513436555862427
tile_140_51.jpeg,0,0.3248687982559204
tile_140_54.jpeg,0,0.4643859267234802
tile_140_55.jpeg,0,0.6294150948524475
tile_140_63.jpeg,0,0.6717981696128845
tile_140_63.jpeg,0,0.435270220041275
tile_140_65.jpeg,0,0.7692313194274902
tile_140_66.jpeg,0,0.6176450252532959
tile_140_68.jpeg,0,0.6849644184112549
tile_140_78.jpeg,0,0.860531210899353
tile_140_93.jpeg,0,0.5603494644165039
tile_141_0.jpeg,0,0.4530695974826813
tile_141_30.jpeg,0,0.3758634030818939
tile_141_42.jpeg,0,0.7437171339988708
tile_141_42.jpeg,0,0.30096635222435
tile_141_43.jpeg,0,0.4005446434020996
tile_141_86.jpeg,0,0.7539123892784119
tile_141_87.jpeg,0,0.7714007496833801
tile_141_94.jpeg,0,0.6547525525093079
tile_142_10.jpeg,0,0.6913455724716187
tile_142_14.jpeg,0,0.39411407709121704
tile_142_17.jpeg,0,0.7423938512802124
tile_142_29.jpeg,0,0.6124149560928345
tile_142_44.jpeg,0,0.5177413821220398
tile_142_45.jpeg,0,0.7738391757011414
tile_142_46.jpeg,0,0.729012131690979
tile_142_50.jpeg,0,0.7571757435798645
tile_142_51.jpeg,0,0.5767092704772949
tile_142_52.jpeg,0,0.3988843858242035
tile_142_74.jpeg,0,0.3299579620361328
tile_142_75.jpeg,0,0.7571671009063721
tile_142_82.jpeg,0,0.8096128702163696
tile_142_95.jpeg,0,0.7934783101081848
tile_143_0.jpeg,0,0.6234000325202942
tile_143_1.jpeg,0,0.5142359137535095
tile_143_10.jpeg,0,0.8190792798995972
tile_143_11.jpeg,0,0.46982327103614807
tile_143_16.jpeg,0,0.7335149049758911
tile_143_42.jpeg,0,0.3743950128555298
tile_143_50.jpeg,0,0.5029414892196655
tile_143_55.jpeg,0,0.7277325391769409
tile_143_62.jpeg,0,0.43281030654907227
tile_143_63.jpeg,0,0.4100622534751892
tile_143_67.jpeg,0,0.3691791296005249
tile_143_67.jpeg,0,0.278496652841568
tile_144_11.jpeg,0,0.792957603931427
tile_144_12.jpeg,0,0.30574652552604675
tile_144_35.jpeg,0,0.6192481517791748
tile_144_42.jpeg,0,0.5500196814537048
tile_144_43.jpeg,0,0.5371766686439514
tile_144_44.jpeg,0,0.7121778130531311
tile_144_44.jpeg,0,0.6650437712669373
tile_144_49.jpeg,0,0.49543148279190063
tile_144_58.jpeg,0,0.7836703658103943
tile_144_71.jpeg,0,0.30671241879463196
tile_144_79.jpeg,0,0.5034310221672058
tile_144_82.jpeg,0,0.7602227926254272
tile_144_82.jpeg,0,0.7455177903175354
tile_145_25.jpeg,0,0.8238608241081238
tile_145_29.jpeg,0,0.7831354737281799
tile_145_29.jpeg,0,0.3852253556251526
tile_145_41.jpeg,0,0.3054850995540619
tile_145_43.jpeg,0,0.6028379201889038
tile_145_43.jpeg,0,0.5981294512748718
tile_145_43.jpeg,0,0.382752388715744
tile_145_44.jpeg,0,0.7819917798042297
tile_145_44.jpeg,0,0.6677139401435852
tile_145_45.jpeg,0,0.3990823030471802
tile_145_46.jpeg,0,0.41091880202293396
tile_145_51.jpeg,0,0.6424334645271301
tile_145_58.jpeg,0,0.5654423832893372
tile_145_62.jpeg,0,0.6298869848251343
tile_145_63.jpeg,0,0.6440562009811401
tile_145_65.jpeg,0,0.43263912200927734
tile_145_66.jpeg,0,0.6730005145072937
tile_146_25.jpeg,0,0.7030122876167297
tile_146_29.jpeg,0,0.7053766250610352
tile_146_29.jpeg,0,0.3900570273399353
tile_146_35.jpeg,0,0.8148254156112671
tile_146_37.jpeg,0,0.6953770518302917
tile_146_39.jpeg,0,0.5807980298995972
tile_146_40.jpeg,0,0.46978726983070374
tile_146_40.jpeg,0,0.3905082941055298
tile_146_43.jpeg,0,0.3526763916015625
tile_146_57.jpeg,0,0.422701358795166
tile_146_61.jpeg,0,0.33597949147224426
tile_146_64.jpeg,0,0.7241893410682678
tile_147_29.jpeg,0,0.6416062712669373
tile_147_29.jpeg,0,0.4612136781215668
tile_147_30.jpeg,0,0.5729661583900452
tile_147_30.jpeg,0,0.4569026231765747
tile_147_34.jpeg,0,0.2817589044570923
tile_147_40.jpeg,0,0.8305178880691528
tile_147_40.jpeg,0,0.7817686796188354
tile_147_48.jpeg,0,0.4536159038543701
tile_147_56.jpeg,0,0.536847710609436
tile_147_64.jpeg,0,0.40612274408340454
tile_147_90.jpeg,0,0.775337278842926
tile_147_90.jpeg,0,0.5266304612159729
tile_147_96.jpeg,0,0.516851007938385
tile_148_34.jpeg,0,0.41302576661109924
tile_148_35.jpeg,0,0.7152591347694397
tile_148_37.jpeg,0,0.45999976992607117
tile_148_51.jpeg,0,0.6760660409927368
tile_148_56.jpeg,0,0.40583178400993347
tile_148_58.jpeg,0,0.3026391863822937
tile_148_59.jpeg,0,0.7383847832679749
tile_148_63.jpeg,0,0.8156203627586365
tile_148_79.jpeg,0,0.8058835864067078
tile_148_90.jpeg,0,0.40464621782302856
tile_149_28.jpeg,0,0.6722593307495117
tile_149_31.jpeg,0,0.6494329571723938
tile_149_33.jpeg,0,0.7269386649131775
tile_149_41.jpeg,0,0.7876214385032654
tile_149_43.jpeg,0,0.47990259528160095
tile_149_44.jpeg,0,0.7873154282569885
tile_149_44.jpeg,0,0.7048362493515015
tile_149_44.jpeg,0,0.5906928777694702
tile_149_48.jpeg,0,0.4008140563964844
tile_149_6.jpeg,0,0.5540364980697632
tile_149_69.jpeg,0,0.41798704862594604
tile_149_70.jpeg,0,0.30827608704566956
tile_149_72.jpeg,0,0.40911418199539185
tile_14_14.jpeg,0,0.3611507713794708
tile_14_15.jpeg,0,0.7695253491401672
tile_14_32.jpeg,0,0.8001645803451538
tile_14_43.jpeg,0,0.7969103455543518
tile_14_64.jpeg,0,0.7311010956764221
tile_14_81.jpeg,0,0.5740614533424377
tile_150_32.jpeg,0,0.787430465221405
tile_150_34.jpeg,0,0.7679932713508606
tile_150_36.jpeg,0,0.7135021686553955
tile_150_36.jpeg,0,0.7022391557693481
tile_150_43.jpeg,0,0.332809716463089
tile_150_44.jpeg,0,0.7541422247886658
tile_150_44.jpeg,0,0.6104163527488708
tile_150_44.jpeg,0,0.44335657358169556
tile_150_45.jpeg,0,0.8239557147026062
tile_150_45.jpeg,0,0.6924610137939453
tile_150_51.jpeg,0,0.4272523522377014
tile_150_58.jpeg,0,0.6603817939758301
tile_150_64.jpeg,0,0.6486763954162598
tile_150_69.jpeg,0,0.4796411395072937
tile_150_7.jpeg,0,0.7186688780784607
tile_150_73.jpeg,0,0.6923498511314392
tile_150_8.jpeg,0,0.6085742115974426
tile_150_93.jpeg,0,0.6660864949226379
tile_151_13.jpeg,0,0.2865520715713501
tile_151_29.jpeg,0,0.7700527310371399
tile_151_29.jpeg,0,0.35656142234802246
tile_151_30.jpeg,0,0.7195233702659607
tile_151_30.jpeg,0,0.6457390189170837
tile_151_32.jpeg,0,0.7296935319900513
tile_151_36.jpeg,0,0.801095187664032
tile_151_36.jpeg,0,0.30016690492630005
tile_151_37.jpeg,0,0.7027888298034668
tile_151_42.jpeg,0,0.3547007739543915
tile_151_44.jpeg,0,0.45295700430870056
tile_151_44.jpeg,0,0.329671174287796
tile_151_45.jpeg,0,0.6975589394569397
tile_151_45.jpeg,0,0.3448695242404938
tile_151_49.jpeg,0,0.7302957773208618
tile_151_54.jpeg,0,0.7354575991630554
tile_151_57.jpeg,0,0.6357407569885254
tile_151_57.jpeg,0,0.28592705726623535
tile_151_59.jpeg,0,0.31732383370399475
tile_151_60.jpeg,0,0.8030392527580261
tile_151_60.jpeg,0,0.32846349477767944
tile_151_64.jpeg,0,0.5011392831802368
tile_151_84.jpeg,0,0.37380537390708923
tile_151_9.jpeg,0,0.3524387776851654
tile_151_93.jpeg,0,0.4658604860305786
tile_152_32.jpeg,0,0.319620817899704
tile_152_33.jpeg,0,0.797070324420929
tile_152_33.jpeg,0,0.7687841057777405
tile_152_36.jpeg,0,0.6182101964950562
tile_152_41.jpeg,0,0.79157954454422
tile_152_41.jpeg,0,0.7887966632843018
tile_152_43.jpeg,0,0.592840850353241
tile_152_44.jpeg,0,0.5909283757209778
tile_152_44.jpeg,0,0.30539268255233765
tile_152_58.jpeg,0,0.4919000566005707
tile_152_59.jpeg,0,0.6970469355583191
tile_152_60.jpeg,0,0.6660245060920715
tile_152_64.jpeg,0,0.5925661325454712
tile_152_65.jpeg,0,0.7207103371620178
tile_152_66.jpeg,0,0.4666047990322113
tile_152_68.jpeg,0,0.8262855410575867
tile_153_14.jpeg,0,0.2910190224647522
tile_153_22.jpeg,0,0.5617812871932983
tile_153_23.jpeg,0,0.40890681743621826
tile_153_25.jpeg,0,0.41712331771850586
tile_153_31.jpeg,0,0.7713785767555237
tile_153_32.jpeg,0,0.6951068639755249
tile_153_33.jpeg,0,0.6139258742332458
tile_153_33.jpeg,0,0.5149587988853455
tile_153_40.jpeg,0,0.5929811596870422
tile_153_40.jpeg,0,0.5104672908782959
tile_153_40.jpeg,0,0.3645254671573639
tile_153_44.jpeg,0,0.8299139142036438
tile_153_44.jpeg,0,0.34955647587776184
tile_153_54.jpeg,0,0.280519038438797
tile_153_57.jpeg,0,0.8211928606033325
tile_153_83.jpeg,0,0.2842901349067688
tile_153_92.jpeg,0,0.4597754180431366
tile_153_92.jpeg,0,0.44256895780563354
tile_153_93.jpeg,0,0.6705920696258545
tile_153_94.jpeg,0,0.6807554960250854
tile_154_4.jpeg,0,0.4940844774246216
tile_154_40.jpeg,0,0.5478107929229736
tile_154_41.jpeg,0,0.33526161313056946
tile_154_41.jpeg,0,0.28792157769203186
tile_154_47.jpeg,0,0.3088720142841339
tile_154_5.jpeg,0,0.7168855667114258
tile_154_58.jpeg,0,0.49495556950569153
tile_154_58.jpeg,0,0.34435224533081055
tile_154_60.jpeg,0,0.5780991911888123
tile_154_65.jpeg,0,0.6365087032318115
tile_154_80.jpeg,0,0.361837774515152
tile_154_83.jpeg,0,0.6953582763671875
tile_154_89.jpeg,0,0.46517476439476013
tile_154_89.jpeg,0,0.3049260675907135
tile_155_27.jpeg,0,0.6128565073013306
tile_155_33.jpeg,0,0.5612086057662964
tile_155_35.jpeg,0,0.6983221769332886
tile_155_37.jpeg,0,0.687131404876709
tile_155_37.jpeg,0,0.6753900647163391
tile_155_41.jpeg,0,0.33200401067733765
tile_155_43.jpeg,0,0.6708369255065918
tile_155_43.jpeg,0,0.27654483914375305
tile_155_47.jpeg,0,0.5339484214782715
tile_155_54.jpeg,0,0.2877364158630371
tile_155_55.jpeg,0,0.5425258874893188
tile_155_55.jpeg,0,0.31407761573791504
tile_155_58.jpeg,0,0.8259506225585938
tile_155_61.jpeg,0,0.4291382431983948
tile_155_62.jpeg,0,0.5818679332733154
tile_155_83.jpeg,0,0.7178675532341003
tile_155_91.jpeg,0,0.7862266302108765
tile_156_31.jpeg,0,0.35776636004447937
tile_156_32.jpeg,0,0.5669171810150146
tile_156_33.jpeg,0,0.370839387178421
tile_156_34.jpeg,0,0.6266688704490662
tile_156_37.jpeg,0,0.48997390270233154
tile_156_39.jpeg,0,0.6802366375923157
tile_156_40.jpeg,0,0.3656933605670929
tile_156_44.jpeg,0,0.7554762959480286
tile_156_44.jpeg,0,0.6487705111503601
tile_156_52.jpeg,0,0.5403406620025635
tile_156_53.jpeg,0,0.7714725136756897
tile_156_53.jpeg,0,0.7277466654777527
tile_156_53.jpeg,0,0.5447769165039062
tile_156_56.jpeg,0,0.3311709463596344
tile_156_62.jpeg,0,0.3882845342159271
tile_156_62.jpeg,0,0.28562071919441223
tile_156_65.jpeg,0,0.48955732583999634
tile_156_65.jpeg,0,0.33954495191574097
tile_156_67.jpeg,0,0.738733172416687
tile_156_87.jpeg,0,0.47685953974723816
tile_156_88.jpeg,0,0.7572630643844604
tile_156_94.jpeg,0,0.4840434193611145
tile_157_33.jpeg,0,0.7088803052902222
tile_157_36.jpeg,0,0.6684252619743347
tile_157_37.jpeg,0,0.6118993759155273
tile_157_37.jpeg,0,0.5958911776542664
tile_157_38.jpeg,0,0.471874862909317
tile_157_39.jpeg,0,0.7525641918182373
tile_157_39.jpeg,0,0.5200319290161133
tile_157_40.jpeg,0,0.7086573243141174
tile_157_40.jpeg,0,0.341551274061203
tile_157_41.jpeg,0,0.642182469367981
tile_157_41.jpeg,0,0.5423068404197693
tile_157_41.jpeg,0,0.4412681758403778
tile_157_41.jpeg,0,0.30997031927108765
tile_157_42.jpeg,0,0.6935356259346008
tile_157_42.jpeg,0,0.32441800832748413
tile_157_51.jpeg,0,0.4406922161579132
tile_157_54.jpeg,0,0.7166697382926941
tile_157_56.jpeg,0,0.5543352365493774
tile_157_56.jpeg,0,0.39761003851890564
tile_157_57.jpeg,0,0.6815106272697449
tile_157_58.jpeg,0,0.7624074816703796
tile_157_65.jpeg,0,0.4459022879600525
tile_157_66.jpeg,0,0.36802297830581665
tile_157_80.jpeg,0,0.7436222434043884
tile_157_82.jpeg,0,0.7467299103736877
tile_157_84.jpeg,0,0.824567973613739
tile_157_88.jpeg,0,0.7831112146377563
tile_157_88.jpeg,0,0.5235581994056702
tile_157_89.jpeg,0,0.8387936949729919
tile_157_90.jpeg,0,0.8001206517219543
tile_157_94.jpeg,0,0.6457580924034119
tile_158_21.jpeg,0,0.6179299354553223
tile_158_27.jpeg,0,0.801095724105835
tile_158_29.jpeg,0,0.3952316343784332
tile_158_32.jpeg,0,0.3340337872505188
tile_158_36.jpeg,0,0.32616499066352844
tile_158_41.jpeg,0,0.6911157369613647
tile_158_41.jpeg,0,0.5315081477165222
tile_158_41.jpeg,0,0.4930320978164673
tile_158_41.jpeg,0,0.41416093707084656
tile_158_52.jpeg,0,0.748378336429596
tile_158_52.jpeg,0,0.645537257194519
tile_158_52.jpeg,0,0.4462657570838928
tile_158_53.jpeg,0,0.4144391417503357
tile_158_53.jpeg,0,0.38795655965805054
tile_158_60.jpeg,0,0.6798527836799622
tile_158_60.jpeg,0,0.5803970098495483
tile_158_8.jpeg,0,0.6616085171699524
tile_159_27.jpeg,0,0.3037208318710327
tile_159_32.jpeg,0,0.308491975069046
tile_159_33.jpeg,0,0.7956295013427734
tile_159_33.jpeg,0,0.35823363065719604
tile_159_41.jpeg,0,0.6163924336433411
tile_159_41.jpeg,0,0.2816082239151001
tile_159_49.jpeg,0,0.7191917300224304
tile_159_50.jpeg,0,0.837742805480957
tile_159_51.jpeg,0,0.800364077091217
tile_159_51.jpeg,0,0.6075837016105652
tile_159_53.jpeg,0,0.7049998044967651
tile_159_54.jpeg,0,0.5809530019760132
tile_159_54.jpeg,0,0.4193974733352661
tile_159_55.jpeg,0,0.62195885181427
tile_159_57.jpeg,0,0.6905435919761658
tile_159_61.jpeg,0,0.39388272166252136
tile_159_61.jpeg,0,0.37072649598121643
tile_159_61.jpeg,0,0.3606511056423187
tile_159_62.jpeg,0,0.782983660697937
tile_159_67.jpeg,0,0.39291447401046753
tile_159_72.jpeg,0,0.7677558660507202
tile_159_80.jpeg,0,0.39648914337158203
tile_159_85.jpeg,0,0.7540027499198914
tile_159_86.jpeg,0,0.7664004564285278
tile_159_86.jpeg,0,0.6009341478347778
tile_15_17.jpeg,0,0.29292169213294983
tile_15_4.jpeg,0,0.365562379360199
tile_15_8.jpeg,0,0.49877917766571045
tile_160_24.jpeg,0,0.6260911226272583
tile_160_34.jpeg,0,0.6608332991600037
tile_160_35.jpeg,0,0.646340012550354
tile_160_35.jpeg,0,0.40239059925079346
tile_160_39.jpeg,0,0.6750036478042603
tile_160_41.jpeg,0,0.8338784575462341
tile_160_41.jpeg,0,0.3723389208316803
tile_160_50.jpeg,0,0.7430837154388428
tile_160_51.jpeg,0,0.7354089617729187
tile_160_51.jpeg,0,0.6814233064651489
tile_160_51.jpeg,0,0.5258063673973083
tile_160_51.jpeg,0,0.39351794123649597
tile_160_52.jpeg,0,0.42000579833984375
tile_160_52.jpeg,0,0.3063814043998718
tile_160_52.jpeg,0,0.30519354343414307
tile_160_53.jpeg,0,0.33302247524261475
tile_160_54.jpeg,0,0.33242589235305786
tile_160_56.jpeg,0,0.5452788472175598
tile_160_57.jpeg,0,0.49825239181518555
tile_160_61.jpeg,0,0.561019241809845
tile_160_72.jpeg,0,0.44413623213768005
tile_160_79.jpeg,0,0.7562585473060608
tile_160_80.jpeg,0,0.30233949422836304
tile_160_83.jpeg,0,0.48509180545806885
tile_160_85.jpeg,0,0.7281910181045532
tile_160_85.jpeg,0,0.5993881821632385
tile_160_86.jpeg,0,0.6335444450378418
tile_160_89.jpeg,0,0.4169783890247345
tile_160_90.jpeg,0,0.3861753046512604
tile_160_91.jpeg,0,0.3113248646259308
tile_160_93.jpeg,0,0.35115960240364075
tile_160_94.jpeg,0,0.29273536801338196
tile_161_3.jpeg,0,0.4033028185367584
tile_161_34.jpeg,0,0.8214786648750305
tile_161_34.jpeg,0,0.3774455487728119
tile_161_52.jpeg,0,0.7632379531860352
tile_161_53.jpeg,0,0.4270150363445282
tile_161_54.jpeg,0,0.6166544556617737
tile_161_54.jpeg,0,0.42179590463638306
tile_161_54.jpeg,0,0.33089399337768555
tile_161_54.jpeg,0,0.30275246500968933
tile_161_55.jpeg,0,0.30588144063949585
tile_161_57.jpeg,0,0.29581689834594727
tile_161_58.jpeg,0,0.37713107466697693
tile_161_58.jpeg,0,0.3091315031051636
tile_161_58.jpeg,0,0.30888837575912476
tile_161_59.jpeg,0,0.7721031308174133
tile_161_59.jpeg,0,0.647249698638916
tile_161_59.jpeg,0,0.5503000020980835
tile_161_60.jpeg,0,0.7988462448120117
tile_161_62.jpeg,0,0.3797834515571594
tile_161_65.jpeg,0,0.6621778607368469
tile_161_66.jpeg,0,0.36961033940315247
tile_161_80.jpeg,0,0.37599673867225647
tile_161_85.jpeg,0,0.5506702661514282
tile_162_10.jpeg,0,0.5232452154159546
tile_162_11.jpeg,0,0.33927392959594727
tile_162_13.jpeg,0,0.8364570140838623
tile_162_14.jpeg,0,0.3266368806362152
tile_162_23.jpeg,0,0.49450430274009705
tile_162_34.jpeg,0,0.5592840313911438
tile_162_37.jpeg,0,0.4345794916152954
tile_162_41.jpeg,0,0.6413072943687439
tile_162_42.jpeg,0,0.3793261647224426
tile_162_43.jpeg,0,0.46233224868774414
tile_162_48.jpeg,0,0.5007463693618774
tile_162_50.jpeg,0,0.635245144367218
tile_162_50.jpeg,0,0.5157742500305176
tile_162_54.jpeg,0,0.6588189005851746
tile_162_54.jpeg,0,0.6093645691871643
tile_162_54.jpeg,0,0.44999775290489197
tile_162_55.jpeg,0,0.27918243408203125
tile_162_6.jpeg,0,0.31544023752212524
tile_162_60.jpeg,0,0.7947649359703064
tile_162_62.jpeg,0,0.719106137752533
tile_162_62.jpeg,0,0.3029640316963196
tile_162_67.jpeg,0,0.5658526420593262
tile_162_75.jpeg,0,0.7653119564056396
tile_162_80.jpeg,0,0.6624340415000916
tile_162_87.jpeg,0,0.6489576101303101
tile_162_88.jpeg,0,0.818943440914154
tile_162_89.jpeg,0,0.7371792197227478
tile_162_90.jpeg,0,0.3755709230899811
tile_163_16.jpeg,0,0.3215208053588867
tile_163_30.jpeg,0,0.63127601146698
tile_163_35.jpeg,0,0.6392723321914673
tile_163_35.jpeg,0,0.5327087044715881
tile_163_36.jpeg,0,0.6570813059806824
tile_163_40.jpeg,0,0.6858246326446533
tile_163_42.jpeg,0,0.7503098249435425
tile_163_42.jpeg,0,0.6860584616661072
tile_163_42.jpeg,0,0.6332853436470032
tile_163_43.jpeg,0,0.2930396795272827
tile_163_46.jpeg,0,0.4023960828781128
tile_163_47.jpeg,0,0.6305540800094604
tile_163_48.jpeg,0,0.8117883801460266
tile_163_5.jpeg,0,0.3451888859272003
tile_163_51.jpeg,0,0.6408446431159973
tile_163_56.jpeg,0,0.5743352174758911
tile_163_56.jpeg,0,0.39115360379219055
tile_163_58.jpeg,0,0.7742595076560974
tile_163_58.jpeg,0,0.7428888082504272
tile_163_59.jpeg,0,0.3735307455062866
tile_163_60.jpeg,0,0.7978740930557251
tile_163_60.jpeg,0,0.36758947372436523
tile_163_61.jpeg,0,0.8271903991699219
tile_163_62.jpeg,0,0.5847589373588562
tile_163_62.jpeg,0,0.33270376920700073
tile_163_78.jpeg,0,0.4109896719455719
tile_163_90.jpeg,0,0.2852643132209778
tile_164_12.jpeg,0,0.4716406464576721
tile_164_13.jpeg,0,0.31872543692588806
tile_164_14.jpeg,0,0.31500279903411865
tile_164_16.jpeg,0,0.5495392084121704
tile_164_21.jpeg,0,0.4087834656238556
tile_164_27.jpeg,0,0.46825680136680603
tile_164_31.jpeg,0,0.31606325507164
tile_164_37.jpeg,0,0.7991164326667786
tile_164_38.jpeg,0,0.5111305117607117
tile_164_40.jpeg,0,0.44966840744018555
tile_164_46.jpeg,0,0.5246894955635071
tile_164_47.jpeg,0,0.45140373706817627
tile_164_47.jpeg,0,0.38072913885116577
tile_164_50.jpeg,0,0.4356471002101898
tile_164_56.jpeg,0,0.7900609374046326
tile_164_56.jpeg,0,0.4515358507633209
tile_164_57.jpeg,0,0.7202291488647461
tile_164_57.jpeg,0,0.5445239543914795
tile_164_58.jpeg,0,0.8019929528236389
tile_164_58.jpeg,0,0.7704691290855408
tile_164_59.jpeg,0,0.7616679072380066
tile_164_59.jpeg,0,0.5412177443504333
tile_164_59.jpeg,0,0.49901601672172546
tile_164_59.jpeg,0,0.47027671337127686
tile_164_60.jpeg,0,0.6659417152404785
tile_164_60.jpeg,0,0.5257187485694885
tile_164_61.jpeg,0,0.830604612827301
tile_164_61.jpeg,0,0.4467562437057495
tile_164_71.jpeg,0,0.44345685839653015
tile_164_87.jpeg,0,0.35570910573005676
tile_164_90.jpeg,0,0.7054417133331299
tile_165_12.jpeg,0,0.42829760909080505
tile_165_25.jpeg,0,0.501528263092041
tile_165_26.jpeg,0,0.4408467710018158
tile_165_27.jpeg,0,0.8260661959648132
tile_165_31.jpeg,0,0.3114098012447357
tile_165_35.jpeg,0,0.4290015995502472
tile_165_36.jpeg,0,0.688473105430603
tile_165_41.jpeg,0,0.6195729970932007
tile_165_41.jpeg,0,0.528433620929718
tile_165_46.jpeg,0,0.694499671459198
tile_165_46.jpeg,0,0.5936611890792847
tile_165_47.jpeg,0,0.7467670440673828
tile_165_47.jpeg,0,0.5304046869277954
tile_165_48.jpeg,0,0.6018953323364258
tile_165_48.jpeg,0,0.5544684529304504
tile_165_48.jpeg,0,0.44288814067840576
tile_165_48.jpeg,0,0.3084038197994232
tile_165_49.jpeg,0,0.6342235803604126
tile_165_50.jpeg,0,0.5439429879188538
tile_165_50.jpeg,0,0.5389453172683716
tile_165_50.jpeg,0,0.5004284381866455
tile_165_50.jpeg,0,0.3402480483055115
tile_165_51.jpeg,0,0.7366921305656433
tile_165_51.jpeg,0,0.6080071330070496
tile_165_51.jpeg,0,0.42691993713378906
tile_165_51.jpeg,0,0.410055547952652
tile_165_51.jpeg,0,0.40603166818618774
tile_165_52.jpeg,0,0.824201226234436
tile_165_52.jpeg,0,0.6967710852622986
tile_165_52.jpeg,0,0.5978193879127502
tile_165_54.jpeg,0,0.806215226650238
tile_165_54.jpeg,0,0.7116425633430481
tile_165_54.jpeg,0,0.44335517287254333
tile_165_54.jpeg,0,0.4399603605270386
tile_165_54.jpeg,0,0.2884894013404846
tile_165_55.jpeg,0,0.31628987193107605
tile_165_56.jpeg,0,0.7467736601829529
tile_165_56.jpeg,0,0.7244662642478943
tile_165_56.jpeg,0,0.2892138957977295
tile_165_57.jpeg,0,0.5073030591011047
tile_165_57.jpeg,0,0.3122849464416504
tile_165_57.jpeg,0,0.28119978308677673
tile_165_59.jpeg,0,0.6763880848884583
tile_165_59.jpeg,0,0.5852953791618347
tile_165_59.jpeg,0,0.38727566599845886
tile_165_59.jpeg,0,0.32417187094688416
tile_165_59.jpeg,0,0.31369054317474365
tile_165_60.jpeg,0,0.713039219379425
tile_165_60.jpeg,0,0.43671542406082153
tile_165_61.jpeg,0,0.6567133069038391
tile_165_69.jpeg,0,0.40547633171081543
tile_165_80.jpeg,0,0.7712566256523132
tile_165_88.jpeg,0,0.45948776602745056
tile_165_92.jpeg,0,0.5464763641357422
tile_165_93.jpeg,0,0.6133075952529907
tile_166_13.jpeg,0,0.46873053908348083
tile_166_14.jpeg,0,0.4850572943687439
tile_166_26.jpeg,0,0.7562605142593384
tile_166_27.jpeg,0,0.6262256503105164
tile_166_28.jpeg,0,0.709000825881958
tile_166_33.jpeg,0,0.5654223561286926
tile_166_34.jpeg,0,0.7194820046424866
tile_166_34.jpeg,0,0.6564455032348633
tile_166_35.jpeg,0,0.31621599197387695
tile_166_36.jpeg,0,0.6115332245826721
tile_166_37.jpeg,0,0.7737751007080078
tile_166_39.jpeg,0,0.7506225109100342
tile_166_42.jpeg,0,0.6963964700698853
tile_166_46.jpeg,0,0.6307647824287415
tile_166_46.jpeg,0,0.4557545781135559
tile_166_47.jpeg,0,0.35004863142967224
tile_166_49.jpeg,0,0.5584233999252319
tile_166_50.jpeg,0,0.7754019498825073
tile_166_50.jpeg,0,0.736514687538147
tile_166_50.jpeg,0,0.6311617493629456
tile_166_50.jpeg,0,0.6111173033714294
tile_166_51.jpeg,0,0.29068365693092346
tile_166_53.jpeg,0,0.6435292959213257
tile_166_54.jpeg,0,0.7222461700439453
tile_166_54.jpeg,0,0.35188862681388855
tile_166_55.jpeg,0,0.7629138231277466
tile_166_55.jpeg,0,0.3633931279182434
tile_166_56.jpeg,0,0.7881853580474854
tile_166_56.jpeg,0,0.7753207683563232
tile_166_56.jpeg,0,0.7350934147834778
tile_166_56.jpeg,0,0.7055150866508484
tile_166_56.jpeg,0,0.6251428127288818
tile_166_56.jpeg,0,0.589672327041626
tile_166_56.jpeg,0,0.31085067987442017
tile_166_60.jpeg,0,0.6805635690689087
tile_166_60.jpeg,0,0.3835048973560333
tile_166_61.jpeg,0,0.4146685004234314
tile_166_61.jpeg,0,0.4067583382129669
tile_166_73.jpeg,0,0.5846375226974487
tile_166_90.jpeg,0,0.6354860067367554
tile_166_95.jpeg,0,0.4107007384300232
tile_167_15.jpeg,0,0.8201158046722412
tile_167_16.jpeg,0,0.41705793142318726
tile_167_17.jpeg,0,0.4883749783039093
tile_167_25.jpeg,0,0.7961065173149109
tile_167_26.jpeg,0,0.30677294731140137
tile_167_27.jpeg,0,0.8048864603042603
tile_167_32.jpeg,0,0.5481686592102051
tile_167_33.jpeg,0,0.5102838277816772
tile_167_33.jpeg,0,0.3994397222995758
tile_167_34.jpeg,0,0.5745351314544678
tile_167_36.jpeg,0,0.8099655508995056
tile_167_37.jpeg,0,0.3333812355995178
tile_167_40.jpeg,0,0.7700261473655701
tile_167_40.jpeg,0,0.6658551096916199
tile_167_40.jpeg,0,0.6595348715782166
tile_167_43.jpeg,0,0.5795652866363525
tile_167_46.jpeg,0,0.5740662217140198
tile_167_46.jpeg,0,0.5317314267158508
tile_167_47.jpeg,0,0.40462228655815125
tile_167_49.jpeg,0,0.7730171084403992
tile_167_49.jpeg,0,0.40362727642059326
tile_167_49.jpeg,0,0.283857524394989
tile_167_52.jpeg,0,0.8138109445571899
tile_167_54.jpeg,0,0.6972583532333374
tile_167_54.jpeg,0,0.40809395909309387
tile_167_54.jpeg,0,0.39849916100502014
tile_167_54.jpeg,0,0.30519136786460876
tile_167_54.jpeg,0,0.29473644495010376
tile_167_55.jpeg,0,0.6821811199188232
tile_167_55.jpeg,0,0.6783661246299744
tile_167_55.jpeg,0,0.5539644956588745
tile_167_55.jpeg,0,0.5535932183265686
tile_167_55.jpeg,0,0.4991980493068695
tile_167_56.jpeg,0,0.7356063723564148
tile_167_56.jpeg,0,0.4548424184322357
tile_167_56.jpeg,0,0.33412450551986694
tile_167_56.jpeg,0,0.28891271352767944
tile_167_59.jpeg,0,0.7089994549751282
tile_167_59.jpeg,0,0.34147900342941284
tile_167_74.jpeg,0,0.8063691258430481
tile_167_86.jpeg,0,0.6604514718055725
tile_168_15.jpeg,0,0.32305285334587097
tile_168_16.jpeg,0,0.5864227414131165
tile_168_17.jpeg,0,0.6601753830909729
tile_168_32.jpeg,0,0.48246991634368896
tile_168_34.jpeg,0,0.7712162137031555
tile_168_34.jpeg,0,0.7242015600204468
tile_168_34.jpeg,0,0.4083234965801239
tile_168_34.jpeg,0,0.2988297641277313
tile_168_36.jpeg,0,0.5652647614479065
tile_168_38.jpeg,0,0.8151355981826782
tile_168_40.jpeg,0,0.8004370331764221
tile_168_40.jpeg,0,0.5033953785896301
tile_168_42.jpeg,0,0.7864058017730713
tile_168_42.jpeg,0,0.3681880533695221
tile_168_45.jpeg,0,0.6786953210830688
tile_168_46.jpeg,0,0.8072156310081482
tile_168_46.jpeg,0,0.5869947075843811
tile_168_48.jpeg,0,0.5421102046966553
tile_168_48.jpeg,0,0.45806068181991577
tile_168_49.jpeg,0,0.7650977969169617
tile_168_49.jpeg,0,0.4601525068283081
tile_168_50.jpeg,0,0.5724501609802246
tile_168_50.jpeg,0,0.5080890655517578
tile_168_55.jpeg,0,0.7380023002624512
tile_168_55.jpeg,0,0.6595736742019653
tile_168_55.jpeg,0,0.6326897144317627
tile_168_55.jpeg,0,0.5791007876396179
tile_168_55.jpeg,0,0.5210134983062744
tile_168_55.jpeg,0,0.5076441764831543
tile_168_55.jpeg,0,0.46526625752449036
tile_168_55.jpeg,0,0.43215128779411316
tile_168_57.jpeg,0,0.777621865272522
tile_168_57.jpeg,0,0.6351499557495117
tile_168_57.jpeg,0,0.4572344422340393
tile_168_57.jpeg,0,0.4093463122844696
tile_168_57.jpeg,0,0.3825032413005829
tile_168_58.jpeg,0,0.7169356346130371
tile_168_58.jpeg,0,0.5882896780967712
tile_168_59.jpeg,0,0.8288787603378296
tile_168_59.jpeg,0,0.7932449579238892
tile_168_59.jpeg,0,0.7258670926094055
tile_168_59.jpeg,0,0.7167932987213135
tile_168_59.jpeg,0,0.3418186902999878
tile_168_60.jpeg,0,0.6332617402076721
tile_168_76.jpeg,0,0.7159223556518555
tile_168_77.jpeg,0,0.5912114977836609
tile_168_81.jpeg,0,0.7008762359619141
tile_168_87.jpeg,0,0.4857906103134155
tile_168_87.jpeg,0,0.4556877315044403
tile_168_88.jpeg,0,0.5785219669342041
tile_169_25.jpeg,0,0.5809590220451355
tile_169_28.jpeg,0,0.6396171450614929
tile_169_31.jpeg,0,0.7431569695472717
tile_169_35.jpeg,0,0.3016126751899719
tile_169_36.jpeg,0,0.7140569686889648
tile_169_41.jpeg,0,0.745999276638031
tile_169_43.jpeg,0,0.3477221429347992
tile_169_45.jpeg,0,0.5667712688446045
tile_169_46.jpeg,0,0.3541242480278015
tile_169_47.jpeg,0,0.6615529656410217
tile_169_48.jpeg,0,0.6789668202400208
tile_169_50.jpeg,0,0.7762593626976013
tile_169_50.jpeg,0,0.70997154712677
tile_169_50.jpeg,0,0.4763045310974121
tile_169_50.jpeg,0,0.30465441942214966
tile_169_52.jpeg,0,0.32879024744033813
tile_169_53.jpeg,0,0.6781882643699646
tile_169_53.jpeg,0,0.3406749665737152
tile_169_55.jpeg,0,0.6731042861938477
tile_169_55.jpeg,0,0.3804601728916168
tile_169_55.jpeg,0,0.3012244701385498
tile_169_56.jpeg,0,0.32332801818847656
tile_169_57.jpeg,0,0.6578068137168884
tile_169_57.jpeg,0,0.5788059234619141
tile_169_57.jpeg,0,0.5272709727287292
tile_169_57.jpeg,0,0.37826237082481384
tile_169_58.jpeg,0,0.6331862211227417
tile_169_58.jpeg,0,0.4146312475204468
tile_169_59.jpeg,0,0.7973411083221436
tile_169_59.jpeg,0,0.3946351110935211
tile_169_70.jpeg,0,0.8247209787368774
tile_169_72.jpeg,0,0.4376627206802368
tile_169_76.jpeg,0,0.5962965488433838
tile_169_8.jpeg,0,0.5038426518440247
tile_169_81.jpeg,0,0.6990100145339966
tile_169_82.jpeg,0,0.34889543056488037
tile_169_87.jpeg,0,0.5812193751335144
tile_169_88.jpeg,0,0.7220646739006042
tile_16_2.jpeg,0,0.4214808940887451
tile_16_5.jpeg,0,0.7841582894325256
tile_16_78.jpeg,0,0.5423471927642822
tile_170_29.jpeg,0,0.2928078770637512
tile_170_32.jpeg,0,0.5265333652496338
tile_170_32.jpeg,0,0.39359942078590393
tile_170_33.jpeg,0,0.8435534834861755
tile_170_33.jpeg,0,0.6917422413825989
tile_170_33.jpeg,0,0.6357296705245972
tile_170_34.jpeg,0,0.6030778884887695
tile_170_34.jpeg,0,0.4431195855140686
tile_170_34.jpeg,0,0.2938022315502167
tile_170_35.jpeg,0,0.7758129835128784
tile_170_35.jpeg,0,0.6924991607666016
tile_170_35.jpeg,0,0.36645424365997314
tile_170_42.jpeg,0,0.6391867399215698
tile_170_44.jpeg,0,0.6261913776397705
tile_170_44.jpeg,0,0.28399401903152466
tile_170_46.jpeg,0,0.6560718417167664
tile_170_46.jpeg,0,0.38843464851379395
tile_170_46.jpeg,0,0.27749916911125183
tile_170_52.jpeg,0,0.7736943960189819
tile_170_53.jpeg,0,0.7024633288383484
tile_170_55.jpeg,0,0.7907488942146301
tile_170_55.jpeg,0,0.6738488674163818
tile_170_60.jpeg,0,0.32971715927124023
tile_170_76.jpeg,0,0.795859694480896
tile_170_81.jpeg,0,0.7658892273902893
tile_170_85.jpeg,0,0.37737932801246643
tile_170_87.jpeg,0,0.6439977884292603
tile_170_87.jpeg,0,0.29521042108535767
tile_170_92.jpeg,0,0.7489538192749023
tile_171_16.jpeg,0,0.8210552334785461
tile_171_25.jpeg,0,0.2996213734149933
tile_171_26.jpeg,0,0.7168481349945068
tile_171_3.jpeg,0,0.8166840076446533
tile_171_30.jpeg,0,0.7736222147941589
tile_171_30.jpeg,0,0.4540114402770996
tile_171_33.jpeg,0,0.8094205260276794
tile_171_33.jpeg,0,0.6983878016471863
tile_171_35.jpeg,0,0.80821293592453
tile_171_35.jpeg,0,0.6493958830833435
tile_171_36.jpeg,0,0.5651400685310364
tile_171_38.jpeg,0,0.6848694682121277
tile_171_42.jpeg,0,0.7077152132987976
tile_171_42.jpeg,0,0.5005395412445068
tile_171_43.jpeg,0,0.3496922254562378
tile_171_45.jpeg,0,0.4581696093082428
tile_171_47.jpeg,0,0.7318443059921265
tile_171_49.jpeg,0,0.547738254070282
tile_171_49.jpeg,0,0.38130423426628113
tile_171_55.jpeg,0,0.46689119935035706
tile_171_56.jpeg,0,0.831465482711792
tile_171_56.jpeg,0,0.7961138486862183
tile_171_56.jpeg,0,0.6976036429405212
tile_171_56.jpeg,0,0.6150118708610535
tile_171_57.jpeg,0,0.35587480664253235
tile_171_58.jpeg,0,0.3751034736633301
tile_171_59.jpeg,0,0.6109973788261414
tile_171_60.jpeg,0,0.6406669020652771
tile_171_60.jpeg,0,0.4177492558956146
tile_171_63.jpeg,0,0.8102920055389404
tile_171_63.jpeg,0,0.39098674058914185
tile_171_65.jpeg,0,0.789002001285553
tile_171_69.jpeg,0,0.3814668357372284
tile_171_73.jpeg,0,0.5250515937805176
tile_171_81.jpeg,0,0.7291810512542725
tile_171_81.jpeg,0,0.34029409289360046
tile_171_82.jpeg,0,0.5447651147842407
tile_171_85.jpeg,0,0.6891084909439087
tile_171_94.jpeg,0,0.8085614442825317
tile_172_22.jpeg,0,0.7057754397392273
tile_172_26.jpeg,0,0.7338973879814148
tile_172_30.jpeg,0,0.728175699710846
tile_172_30.jpeg,0,0.603878915309906
tile_172_31.jpeg,0,0.7374452352523804
tile_172_31.jpeg,0,0.5811133980751038
tile_172_31.jpeg,0,0.5598328709602356
tile_172_32.jpeg,0,0.725398600101471
tile_172_32.jpeg,0,0.5037940144538879
tile_172_33.jpeg,0,0.4688080847263336
tile_172_34.jpeg,0,0.412752628326416
tile_172_34.jpeg,0,0.2828856110572815
tile_172_35.jpeg,0,0.782351016998291
tile_172_35.jpeg,0,0.478513240814209
tile_172_35.jpeg,0,0.47541001439094543
tile_172_36.jpeg,0,0.7133572697639465
tile_172_37.jpeg,0,0.41447293758392334
tile_172_38.jpeg,0,0.6002904176712036
tile_172_42.jpeg,0,0.6868427395820618
tile_172_42.jpeg,0,0.658881425857544
tile_172_42.jpeg,0,0.6338672637939453
tile_172_42.jpeg,0,0.6119647026062012
tile_172_42.jpeg,0,0.32857900857925415
tile_172_43.jpeg,0,0.704005777835846
tile_172_45.jpeg,0,0.7184228301048279
tile_172_45.jpeg,0,0.5603381991386414
tile_172_45.jpeg,0,0.4265541434288025
tile_172_47.jpeg,0,0.3773159980773926
tile_172_56.jpeg,0,0.6492094397544861
tile_172_56.jpeg,0,0.5454586744308472
tile_172_56.jpeg,0,0.3161289095878601
tile_172_58.jpeg,0,0.7756231427192688
tile_172_60.jpeg,0,0.28793102502822876
tile_172_63.jpeg,0,0.7868649959564209
tile_172_63.jpeg,0,0.3593778610229492
tile_172_70.jpeg,0,0.807208240032196
tile_172_72.jpeg,0,0.7437922358512878
tile_172_72.jpeg,0,0.675294816493988
tile_172_72.jpeg,0,0.3001928925514221
tile_172_73.jpeg,0,0.4869355857372284
tile_172_82.jpeg,0,0.7481349110603333
tile_172_83.jpeg,0,0.750756025314331
tile_173_10.jpeg,0,0.6883377432823181
tile_173_11.jpeg,0,0.4304467439651489
tile_173_22.jpeg,0,0.33527353405952454
tile_173_25.jpeg,0,0.8323644995689392
tile_173_25.jpeg,0,0.2871333658695221
tile_173_26.jpeg,0,0.43384382128715515
tile_173_31.jpeg,0,0.6837610602378845
tile_173_31.jpeg,0,0.4823535084724426
tile_173_34.jpeg,0,0.7858622670173645
tile_173_34.jpeg,0,0.6006492972373962
tile_173_34.jpeg,0,0.276877224445343
tile_173_36.jpeg,0,0.7472078204154968
tile_173_39.jpeg,0,0.46453291177749634
tile_173_40.jpeg,0,0.7075449228286743
tile_173_47.jpeg,0,0.5393245816230774
tile_173_49.jpeg,0,0.4995802640914917
tile_173_50.jpeg,0,0.7579486966133118
tile_173_54.jpeg,0,0.47969692945480347
tile_173_56.jpeg,0,0.7002425789833069
tile_173_57.jpeg,0,0.5445395708084106
tile_173_57.jpeg,0,0.2887733280658722
tile_173_58.jpeg,0,0.7687093615531921
tile_173_58.jpeg,0,0.6085566878318787
tile_173_58.jpeg,0,0.6079877018928528
tile_173_59.jpeg,0,0.7807227373123169
tile_173_59.jpeg,0,0.758903980255127
tile_173_59.jpeg,0,0.5518022775650024
tile_173_59.jpeg,0,0.4469577670097351
tile_173_60.jpeg,0,0.8419879674911499
tile_173_60.jpeg,0,0.8057835698127747
tile_173_60.jpeg,0,0.8030908703804016
tile_173_60.jpeg,0,0.6255813241004944
tile_173_60.jpeg,0,0.6129899621009827
tile_173_60.jpeg,0,0.36770710349082947
tile_173_61.jpeg,0,0.3716280162334442
tile_173_63.jpeg,0,0.6714538335800171
tile_173_63.jpeg,0,0.5447255969047546
tile_173_63.jpeg,0,0.3355051875114441
tile_173_72.jpeg,0,0.836837887763977
tile_173_72.jpeg,0,0.5877555012702942
tile_173_83.jpeg,0,0.8192212581634521
tile_173_85.jpeg,0,0.7675343751907349
tile_174_11.jpeg,0,0.4870777130126953
tile_174_24.jpeg,0,0.8071921467781067
tile_174_26.jpeg,0,0.38258039951324463
tile_174_27.jpeg,0,0.7950433492660522
tile_174_29.jpeg,0,0.7287096381187439
tile_174_32.jpeg,0,0.7884103655815125
tile_174_33.jpeg,0,0.6125478148460388
tile_174_34.jpeg,0,0.8160954117774963
tile_174_34.jpeg,0,0.8042681813240051
tile_174_34.jpeg,0,0.6794711947441101
tile_174_35.jpeg,0,0.3581162691116333
tile_174_36.jpeg,0,0.7149885892868042
tile_174_36.jpeg,0,0.4200206696987152
tile_174_40.jpeg,0,0.8192347288131714
tile_174_40.jpeg,0,0.7681253552436829
tile_174_42.jpeg,0,0.5668217539787292
tile_174_42.jpeg,0,0.36727192997932434
tile_174_43.jpeg,0,0.7914925217628479
tile_174_43.jpeg,0,0.4200882613658905
tile_174_43.jpeg,0,0.3398231565952301
tile_174_46.jpeg,0,0.8383663296699524
tile_174_48.jpeg,0,0.7223455309867859
tile_174_48.jpeg,0,0.6706109046936035
tile_174_48.jpeg,0,0.31279438734054565
tile_174_49.jpeg,0,0.7949608564376831
tile_174_49.jpeg,0,0.625981867313385
tile_174_49.jpeg,0,0.3292577564716339
tile_174_54.jpeg,0,0.8094921112060547
tile_174_54.jpeg,0,0.3511642813682556
tile_174_56.jpeg,0,0.8197259902954102
tile_174_56.jpeg,0,0.689988374710083
tile_174_56.jpeg,0,0.4795055389404297
tile_174_56.jpeg,0,0.4594312310218811
tile_174_57.jpeg,0,0.3736755847930908
tile_174_59.jpeg,0,0.2862773537635803
tile_174_60.jpeg,0,0.6116058230400085
tile_174_60.jpeg,0,0.5554220676422119
tile_174_60.jpeg,0,0.5001015663146973
tile_174_60.jpeg,0,0.3636476397514343
tile_174_60.jpeg,0,0.28368422389030457
tile_174_61.jpeg,0,0.6778722405433655
tile_174_61.jpeg,0,0.6659400463104248
tile_174_61.jpeg,0,0.37366870045661926
tile_174_63.jpeg,0,0.2967205345630646
tile_174_74.jpeg,0,0.793806254863739
tile_174_8.jpeg,0,0.5658086538314819
tile_174_81.jpeg,0,0.5951372385025024
tile_174_82.jpeg,0,0.8051124215126038
tile_174_85.jpeg,0,0.8168427348136902
tile_174_88.jpeg,0,0.6625545024871826
tile_174_9.jpeg,0,0.743221640586853
tile_175_10.jpeg,0,0.5583601593971252
tile_175_12.jpeg,0,0.43625786900520325
tile_175_26.jpeg,0,0.7766675353050232
tile_175_27.jpeg,0,0.2952907085418701
tile_175_32.jpeg,0,0.5174337029457092
tile_175_34.jpeg,0,0.8411607146263123
tile_175_34.jpeg,0,0.7394111752510071
tile_175_35.jpeg,0,0.7878531217575073
tile_175_35.jpeg,0,0.6166003346443176
tile_175_38.jpeg,0,0.6947781443595886
tile_175_38.jpeg,0,0.6722345948219299
tile_175_39.jpeg,0,0.8201549649238586
tile_175_4.jpeg,0,0.2768688201904297
tile_175_41.jpeg,0,0.7092746496200562
tile_175_42.jpeg,0,0.7848110198974609
tile_175_49.jpeg,0,0.40529125928878784
tile_175_50.jpeg,0,0.8006273508071899
tile_175_50.jpeg,0,0.6090169548988342
tile_175_50.jpeg,0,0.5145736932754517
tile_175_50.jpeg,0,0.3720543384552002
tile_175_50.jpeg,0,0.33450186252593994
tile_175_53.jpeg,0,0.7011301517486572
tile_175_56.jpeg,0,0.839359700679779
tile_175_56.jpeg,0,0.835198700428009
tile_175_57.jpeg,0,0.7520270943641663
tile_175_58.jpeg,0,0.7596688270568848
tile_175_58.jpeg,0,0.5080112814903259
tile_175_59.jpeg,0,0.4375263452529907
tile_175_59.jpeg,0,0.434646874666214
tile_175_61.jpeg,0,0.8326609134674072
tile_175_69.jpeg,0,0.7532097697257996
tile_175_85.jpeg,0,0.7899571061134338
tile_175_86.jpeg,0,0.4011407196521759
tile_175_89.jpeg,0,0.544147789478302
tile_175_95.jpeg,0,0.514492392539978
tile_176_15.jpeg,0,0.6457681059837341
tile_176_15.jpeg,0,0.49717140197753906
tile_176_24.jpeg,0,0.27625608444213867
tile_176_25.jpeg,0,0.5715506076812744
tile_176_26.jpeg,0,0.41485369205474854
tile_176_30.jpeg,0,0.44055667519569397
tile_176_38.jpeg,0,0.5565086603164673
tile_176_38.jpeg,0,0.5245946049690247
tile_176_40.jpeg,0,0.7887915968894958
tile_176_42.jpeg,0,0.3761650323867798
tile_176_48.jpeg,0,0.6870894432067871
tile_176_48.jpeg,0,0.6508188843727112
tile_176_48.jpeg,0,0.3239898085594177
tile_176_49.jpeg,0,0.33015477657318115
tile_176_50.jpeg,0,0.48310625553131104
tile_176_50.jpeg,0,0.4722125232219696
tile_176_51.jpeg,0,0.5436943173408508
tile_176_52.jpeg,0,0.685588538646698
tile_176_53.jpeg,0,0.6601582765579224
tile_176_53.jpeg,0,0.6127026081085205
tile_176_54.jpeg,0,0.6530313491821289
tile_176_54.jpeg,0,0.4465198218822479
tile_176_58.jpeg,0,0.4763409495353699
tile_176_59.jpeg,0,0.7592387199401855
tile_176_59.jpeg,0,0.6830930709838867
tile_176_59.jpeg,0,0.5095450282096863
tile_176_59.jpeg,0,0.4675855338573456
tile_176_59.jpeg,0,0.29930591583251953
tile_176_67.jpeg,0,0.7535070776939392
tile_176_69.jpeg,0,0.819227933883667
tile_176_72.jpeg,0,0.4325828552246094
tile_176_80.jpeg,0,0.7925478219985962
tile_176_81.jpeg,0,0.7961479425430298
tile_176_81.jpeg,0,0.492466539144516
tile_176_85.jpeg,0,0.464067280292511
tile_177_19.jpeg,0,0.3783241808414459
tile_177_28.jpeg,0,0.6411782503128052
tile_177_34.jpeg,0,0.7832818627357483
tile_177_34.jpeg,0,0.49418044090270996
tile_177_35.jpeg,0,0.648579478263855
tile_177_40.jpeg,0,0.7521734237670898
tile_177_41.jpeg,0,0.5615755915641785
tile_177_42.jpeg,0,0.6613011360168457
tile_177_42.jpeg,0,0.4696321487426758
tile_177_43.jpeg,0,0.7932249307632446
tile_177_43.jpeg,0,0.504408597946167
tile_177_45.jpeg,0,0.596199095249176
tile_177_45.jpeg,0,0.5818192958831787
tile_177_48.jpeg,0,0.7876905798912048
tile_177_48.jpeg,0,0.7216096520423889
tile_177_48.jpeg,0,0.6428770422935486
tile_177_48.jpeg,0,0.5563787221908569
tile_177_50.jpeg,0,0.6596143245697021
tile_177_50.jpeg,0,0.558390736579895
tile_177_50.jpeg,0,0.4486742615699768
tile_177_54.jpeg,0,0.7624930739402771
tile_177_54.jpeg,0,0.2834022641181946
tile_177_57.jpeg,0,0.782868504524231
tile_177_57.jpeg,0,0.7813577055931091
tile_177_58.jpeg,0,0.763364315032959
tile_177_61.jpeg,0,0.6929864883422852
tile_177_61.jpeg,0,0.3356950879096985
tile_177_62.jpeg,0,0.5336467623710632
tile_177_72.jpeg,0,0.7406520843505859
tile_177_90.jpeg,0,0.8130101561546326
tile_177_96.jpeg,0,0.8047086596488953
tile_178_22.jpeg,0,0.2968478202819824
tile_178_34.jpeg,0,0.717784583568573
tile_178_34.jpeg,0,0.32616621255874634
tile_178_35.jpeg,0,0.6186299920082092
tile_178_39.jpeg,0,0.34667086601257324
tile_178_40.jpeg,0,0.7991908192634583
tile_178_40.jpeg,0,0.47170865535736084
tile_178_41.jpeg,0,0.6780580282211304
tile_178_43.jpeg,0,0.602494478225708
tile_178_45.jpeg,0,0.6632368564605713
tile_178_47.jpeg,0,0.5154995322227478
tile_178_53.jpeg,0,0.6538718342781067
tile_178_55.jpeg,0,0.7191239595413208
tile_178_55.jpeg,0,0.6795801520347595
tile_178_56.jpeg,0,0.6467934250831604
tile_178_56.jpeg,0,0.4657423198223114
tile_178_56.jpeg,0,0.3307616114616394
tile_178_57.jpeg,0,0.6462709903717041
tile_178_60.jpeg,0,0.49066534638404846
tile_178_60.jpeg,0,0.3609882891178131
tile_178_62.jpeg,0,0.6277492642402649
tile_178_62.jpeg,0,0.32919931411743164
tile_178_63.jpeg,0,0.3800356090068817
tile_178_7.jpeg,0,0.8053002953529358
tile_179_10.jpeg,0,0.2987014353275299
tile_179_19.jpeg,0,0.7581567168235779
tile_179_35.jpeg,0,0.4439004063606262
tile_179_47.jpeg,0,0.641090989112854
tile_179_49.jpeg,0,0.7280096411705017
tile_179_51.jpeg,0,0.446806401014328
tile_179_53.jpeg,0,0.6262673735618591
tile_179_54.jpeg,0,0.6951194405555725
tile_179_54.jpeg,0,0.5645445585250854
tile_179_54.jpeg,0,0.3899684548377991
tile_179_57.jpeg,0,0.749686062335968
tile_179_57.jpeg,0,0.6903318762779236
tile_179_58.jpeg,0,0.6878185272216797
tile_179_58.jpeg,0,0.6808993220329285
tile_179_59.jpeg,0,0.8361210823059082
tile_179_59.jpeg,0,0.5447434782981873
tile_179_59.jpeg,0,0.47933030128479004
tile_179_61.jpeg,0,0.4656357169151306
tile_179_62.jpeg,0,0.6453894376754761
tile_179_62.jpeg,0,0.588728666305542
tile_179_62.jpeg,0,0.5458980798721313
tile_179_62.jpeg,0,0.4164550006389618
tile_179_62.jpeg,0,0.4046412408351898
tile_179_8.jpeg,0,0.7616839408874512
tile_179_88.jpeg,0,0.3870808184146881
tile_179_89.jpeg,0,0.7891235947608948
tile_179_90.jpeg,0,0.2979719638824463
tile_17_13.jpeg,0,0.49518054723739624
tile_17_17.jpeg,0,0.6456129550933838
tile_17_56.jpeg,0,0.6934375762939453
tile_17_95.jpeg,0,0.3653378188610077
tile_17_95.jpeg,0,0.3310646116733551
tile_180_19.jpeg,0,0.7667105793952942
tile_180_23.jpeg,0,0.655789852142334
tile_180_23.jpeg,0,0.5981661677360535
tile_180_23.jpeg,0,0.40213674306869507
tile_180_31.jpeg,0,0.7054029107093811
tile_180_31.jpeg,0,0.49867379665374756
tile_180_31.jpeg,0,0.4621478319168091
tile_180_31.jpeg,0,0.3956405222415924
tile_180_34.jpeg,0,0.6816715598106384
tile_180_34.jpeg,0,0.6660956740379333
tile_180_35.jpeg,0,0.8208286762237549
tile_180_35.jpeg,0,0.6122734546661377
tile_180_36.jpeg,0,0.6373550891876221
tile_180_41.jpeg,0,0.7641775012016296
tile_180_41.jpeg,0,0.3721309006214142
tile_180_42.jpeg,0,0.5469661951065063
tile_180_46.jpeg,0,0.7033376693725586
tile_180_49.jpeg,0,0.45991814136505127
tile_180_50.jpeg,0,0.6880471110343933
tile_180_51.jpeg,0,0.7215000987052917
tile_180_52.jpeg,0,0.7405970692634583
tile_180_53.jpeg,0,0.500943660736084
tile_180_54.jpeg,0,0.5189928412437439
tile_180_54.jpeg,0,0.3762633502483368
tile_180_55.jpeg,0,0.4781913757324219
tile_180_55.jpeg,0,0.37960073351860046
tile_180_56.jpeg,0,0.5235080122947693
tile_180_57.jpeg,0,0.2907823324203491
tile_180_58.jpeg,0,0.8343536853790283
tile_180_58.jpeg,0,0.5939387679100037
tile_180_59.jpeg,0,0.28527772426605225
tile_180_60.jpeg,0,0.6633442044258118
tile_180_61.jpeg,0,0.3674778640270233
tile_180_62.jpeg,0,0.736423671245575
tile_180_62.jpeg,0,0.6257354617118835
tile_180_62.jpeg,0,0.5937502980232239
tile_180_63.jpeg,0,0.804865300655365
tile_180_63.jpeg,0,0.5501937866210938
tile_180_7.jpeg,0,0.6845141053199768
tile_180_91.jpeg,0,0.777213454246521
tile_180_95.jpeg,0,0.5481562614440918
tile_181_19.jpeg,0,0.758453369140625
tile_181_26.jpeg,0,0.3242919147014618
tile_181_27.jpeg,0,0.38094809651374817
tile_181_27.jpeg,0,0.2978803813457489
tile_181_28.jpeg,0,0.5352509617805481
tile_181_29.jpeg,0,0.6631383895874023
tile_181_30.jpeg,0,0.6797866225242615
tile_181_33.jpeg,0,0.38938164710998535
tile_181_34.jpeg,0,0.8184135556221008
tile_181_40.jpeg,0,0.8124359250068665
tile_181_40.jpeg,0,0.7731868028640747
tile_181_40.jpeg,0,0.5985051989555359
tile_181_43.jpeg,0,0.48723238706588745
tile_181_43.jpeg,0,0.45268481969833374
tile_181_45.jpeg,0,0.6993308067321777
tile_181_45.jpeg,0,0.473041832447052
tile_181_46.jpeg,0,0.8087005615234375
tile_181_46.jpeg,0,0.626006007194519
tile_181_48.jpeg,0,0.7377467155456543
tile_181_48.jpeg,0,0.6406129598617554
tile_181_48.jpeg,0,0.6013050675392151
tile_181_49.jpeg,0,0.46353983879089355
tile_181_49.jpeg,0,0.36928290128707886
tile_181_51.jpeg,0,0.5143119096755981
tile_181_52.jpeg,0,0.5749014019966125
tile_181_52.jpeg,0,0.5534161925315857
tile_181_52.jpeg,0,0.4292233884334564
tile_181_53.jpeg,0,0.5670962929725647
tile_181_53.jpeg,0,0.5500440001487732
tile_181_54.jpeg,0,0.6888850331306458
tile_181_54.jpeg,0,0.4797455370426178
tile_181_54.jpeg,0,0.4398779571056366
tile_181_55.jpeg,0,0.7102811336517334
tile_181_58.jpeg,0,0.4189800024032593
tile_181_58.jpeg,0,0.3357968330383301
tile_181_58.jpeg,0,0.29381263256073
tile_181_59.jpeg,0,0.502068042755127
tile_181_62.jpeg,0,0.7190233469009399
tile_181_62.jpeg,0,0.657076358795166
tile_181_62.jpeg,0,0.6308808326721191
tile_181_62.jpeg,0,0.5323573350906372
tile_181_76.jpeg,0,0.7130109071731567
tile_181_87.jpeg,0,0.7292901873588562
tile_181_90.jpeg,0,0.7634483575820923
tile_181_91.jpeg,0,0.6178739070892334
tile_182_25.jpeg,0,0.5002533197402954
tile_182_27.jpeg,0,0.6120409965515137
tile_182_27.jpeg,0,0.5311049818992615
tile_182_27.jpeg,0,0.391830712556839
tile_182_28.jpeg,0,0.550076961517334
tile_182_29.jpeg,0,0.8341584205627441
tile_182_29.jpeg,0,0.7893378138542175
tile_182_29.jpeg,0,0.5988794565200806
tile_182_30.jpeg,0,0.7502811551094055
tile_182_30.jpeg,0,0.4604340195655823
tile_182_31.jpeg,0,0.7429537177085876
tile_182_31.jpeg,0,0.7132676243782043
tile_182_33.jpeg,0,0.6773013472557068
tile_182_33.jpeg,0,0.3580365777015686
tile_182_36.jpeg,0,0.32356294989585876
tile_182_36.jpeg,0,0.2838135361671448
tile_182_37.jpeg,0,0.7089554667472839
tile_182_37.jpeg,0,0.6265793442726135
tile_182_41.jpeg,0,0.8097254037857056
tile_182_41.jpeg,0,0.44644662737846375
tile_182_41.jpeg,0,0.413309246301651
tile_182_42.jpeg,0,0.8244166970252991
tile_182_42.jpeg,0,0.5545623302459717
tile_182_43.jpeg,0,0.7910907864570618
tile_182_44.jpeg,0,0.30654600262641907
tile_182_46.jpeg,0,0.3828352093696594
tile_182_49.jpeg,0,0.6825127005577087
tile_182_49.jpeg,0,0.41755303740501404
tile_182_50.jpeg,0,0.507820188999176
tile_182_50.jpeg,0,0.3152700960636139
tile_182_51.jpeg,0,0.3697124719619751
tile_182_51.jpeg,0,0.31026491522789
tile_182_52.jpeg,0,0.42652782797813416
tile_182_53.jpeg,0,0.4581846594810486
tile_182_53.jpeg,0,0.3500504791736603
tile_182_55.jpeg,0,0.5535832643508911
tile_182_55.jpeg,0,0.5164699554443359
tile_182_56.jpeg,0,0.6962522268295288
tile_182_56.jpeg,0,0.46851399540901184
tile_182_58.jpeg,0,0.7292302250862122
tile_182_58.jpeg,0,0.5796205997467041
tile_182_58.jpeg,0,0.4715088903903961
tile_182_59.jpeg,0,0.7046175599098206
tile_182_61.jpeg,0,0.8145443201065063
tile_182_61.jpeg,0,0.7099707126617432
tile_182_62.jpeg,0,0.6096950769424438
tile_182_62.jpeg,0,0.305004745721817
tile_182_63.jpeg,0,0.711551308631897
tile_182_84.jpeg,0,0.7270606756210327
tile_183_27.jpeg,0,0.5918077826499939
tile_183_27.jpeg,0,0.5710492134094238
tile_183_35.jpeg,0,0.6958389282226562
tile_183_37.jpeg,0,0.5899533629417419
tile_183_41.jpeg,0,0.7043176889419556
tile_183_41.jpeg,0,0.47411224246025085
tile_183_42.jpeg,0,0.741884171962738
tile_183_42.jpeg,0,0.6399117112159729
tile_183_42.jpeg,0,0.3967827558517456
tile_183_43.jpeg,0,0.7676060199737549
tile_183_43.jpeg,0,0.6280314326286316
tile_183_44.jpeg,0,0.7379297614097595
tile_183_44.jpeg,0,0.6784548163414001
tile_183_45.jpeg,0,0.5522042512893677
tile_183_45.jpeg,0,0.530842661857605
tile_183_45.jpeg,0,0.4250866770744324
tile_183_46.jpeg,0,0.5763305425643921
tile_183_49.jpeg,0,0.6766454577445984
tile_183_51.jpeg,0,0.8218721151351929
tile_183_52.jpeg,0,0.7736943960189819
tile_183_52.jpeg,0,0.6943159699440002
tile_183_52.jpeg,0,0.5654715895652771
tile_183_53.jpeg,0,0.7307384610176086
tile_183_53.jpeg,0,0.71388840675354
tile_183_53.jpeg,0,0.2992542088031769
tile_183_54.jpeg,0,0.7323338389396667
tile_183_54.jpeg,0,0.44810548424720764
tile_183_55.jpeg,0,0.7231905460357666
tile_183_55.jpeg,0,0.5387014746665955
tile_183_55.jpeg,0,0.4984535276889801
tile_183_56.jpeg,0,0.7745867967605591
tile_183_56.jpeg,0,0.5853474736213684
tile_183_56.jpeg,0,0.5253087878227234
tile_183_56.jpeg,0,0.31439992785453796
tile_183_58.jpeg,0,0.613277018070221
tile_183_58.jpeg,0,0.5991097092628479
tile_183_60.jpeg,0,0.7636325359344482
tile_183_60.jpeg,0,0.44074520468711853
tile_183_61.jpeg,0,0.7686526775360107
tile_183_61.jpeg,0,0.745085597038269
tile_183_62.jpeg,0,0.6947548985481262
tile_183_62.jpeg,0,0.6658383011817932
tile_183_62.jpeg,0,0.32848304510116577
tile_183_71.jpeg,0,0.3403146266937256
tile_183_93.jpeg,0,0.7736935019493103
tile_183_94.jpeg,0,0.3983955979347229
tile_184_0.jpeg,0,0.8569357395172119
tile_184_23.jpeg,0,0.7770643830299377
tile_184_24.jpeg,0,0.471698135137558
tile_184_24.jpeg,0,0.30281195044517517
tile_184_27.jpeg,0,0.4291698932647705
tile_184_28.jpeg,0,0.6857208013534546
tile_184_30.jpeg,0,0.7853733897209167
tile_184_30.jpeg,0,0.6823583841323853
tile_184_30.jpeg,0,0.5691457390785217
tile_184_34.jpeg,0,0.6355825662612915
tile_184_34.jpeg,0,0.37150606513023376
tile_184_35.jpeg,0,0.43643108010292053
tile_184_35.jpeg,0,0.37531352043151855
tile_184_42.jpeg,0,0.48697540163993835
tile_184_43.jpeg,0,0.5875507593154907
tile_184_43.jpeg,0,0.47647926211357117
tile_184_44.jpeg,0,0.5284733772277832
tile_184_45.jpeg,0,0.8180241584777832
tile_184_45.jpeg,0,0.6547313332557678
tile_184_45.jpeg,0,0.6485604643821716
tile_184_46.jpeg,0,0.8025277853012085
tile_184_47.jpeg,0,0.7288540005683899
tile_184_50.jpeg,0,0.7907854914665222
tile_184_50.jpeg,0,0.6211559772491455
tile_184_50.jpeg,0,0.35547351837158203
tile_184_51.jpeg,0,0.5385143160820007
tile_184_54.jpeg,0,0.713462769985199
tile_184_54.jpeg,0,0.6782948970794678
tile_184_54.jpeg,0,0.4957467317581177
tile_184_56.jpeg,0,0.7426698207855225
tile_184_56.jpeg,0,0.43916085362434387
tile_184_59.jpeg,0,0.7395244836807251
tile_184_60.jpeg,0,0.7712454795837402
tile_184_61.jpeg,0,0.5743380188941956
tile_184_62.jpeg,0,0.6770184636116028
tile_184_68.jpeg,0,0.3120811879634857
tile_184_74.jpeg,0,0.8497995734214783
tile_184_75.jpeg,0,0.36947891116142273
tile_184_77.jpeg,0,0.7786232233047485
tile_184_78.jpeg,0,0.38419821858406067
tile_184_79.jpeg,0,0.6067721247673035
tile_184_84.jpeg,0,0.6480832099914551
tile_184_94.jpeg,0,0.33841976523399353
tile_184_95.jpeg,0,0.7187190651893616
tile_185_0.jpeg,0,0.728701114654541
tile_185_28.jpeg,0,0.6068615317344666
tile_185_30.jpeg,0,0.8097768425941467
tile_185_30.jpeg,0,0.8048729300498962
tile_185_32.jpeg,0,0.8206841349601746
tile_185_32.jpeg,0,0.7228929996490479
tile_185_32.jpeg,0,0.5162753462791443
tile_185_35.jpeg,0,0.8122921586036682
tile_185_35.jpeg,0,0.7275029420852661
tile_185_36.jpeg,0,0.7515663504600525
tile_185_36.jpeg,0,0.44496431946754456
tile_185_40.jpeg,0,0.32670798897743225
tile_185_42.jpeg,0,0.34842297434806824
tile_185_43.jpeg,0,0.6593285799026489
tile_185_44.jpeg,0,0.6663632988929749
tile_185_44.jpeg,0,0.6524164080619812
tile_185_44.jpeg,0,0.5435584783554077
tile_185_45.jpeg,0,0.7288269996643066
tile_185_45.jpeg,0,0.6611142754554749
tile_185_46.jpeg,0,0.5247526168823242
tile_185_47.jpeg,0,0.5119507312774658
tile_185_47.jpeg,0,0.32180237770080566
tile_185_51.jpeg,0,0.45344287157058716
tile_185_51.jpeg,0,0.39029744267463684
tile_185_53.jpeg,0,0.7601614594459534
tile_185_53.jpeg,0,0.3707384169101715
tile_185_54.jpeg,0,0.7307823300361633
tile_185_54.jpeg,0,0.67991042137146
tile_185_54.jpeg,0,0.6222613453865051
tile_185_55.jpeg,0,0.28753727674484253
tile_185_58.jpeg,0,0.3266473710536957
tile_185_61.jpeg,0,0.8111792802810669
tile_185_61.jpeg,0,0.3608808219432831
tile_185_63.jpeg,0,0.7437329888343811
tile_185_68.jpeg,0,0.7946010231971741
tile_186_25.jpeg,0,0.7946398854255676
tile_186_25.jpeg,0,0.6681854128837585
tile_186_28.jpeg,0,0.7503554821014404
tile_186_28.jpeg,0,0.420387864112854
tile_186_28.jpeg,0,0.39554181694984436
tile_186_29.jpeg,0,0.6549252867698669
tile_186_29.jpeg,0,0.45817869901657104
tile_186_30.jpeg,0,0.661072313785553
tile_186_30.jpeg,0,0.5941522121429443
tile_186_31.jpeg,0,0.7082535028457642
tile_186_32.jpeg,0,0.6805426478385925
tile_186_36.jpeg,0,0.7831364274024963
tile_186_37.jpeg,0,0.30270564556121826
tile_186_40.jpeg,0,0.5689167380332947
tile_186_40.jpeg,0,0.36324629187583923
tile_186_41.jpeg,0,0.6937897205352783
tile_186_42.jpeg,0,0.34013813734054565
tile_186_43.jpeg,0,0.32060739398002625
tile_186_46.jpeg,0,0.7097940444946289
tile_186_46.jpeg,0,0.612277626991272
tile_186_46.jpeg,0,0.4638194143772125
tile_186_47.jpeg,0,0.8095852136611938
tile_186_47.jpeg,0,0.7544997334480286
tile_186_47.jpeg,0,0.2959682047367096
tile_186_50.jpeg,0,0.6656996607780457
tile_186_50.jpeg,0,0.6053120493888855
tile_186_50.jpeg,0,0.4056437015533447
tile_186_53.jpeg,0,0.7962275743484497
tile_186_54.jpeg,0,0.6491031646728516
tile_186_54.jpeg,0,0.5825029611587524
tile_186_54.jpeg,0,0.5709973573684692
tile_186_54.jpeg,0,0.4232098460197449
tile_186_54.jpeg,0,0.3869072198867798
tile_186_55.jpeg,0,0.7524935007095337
tile_186_55.jpeg,0,0.3373010754585266
tile_186_56.jpeg,0,0.8172839879989624
tile_186_58.jpeg,0,0.4455226957798004
tile_186_58.jpeg,0,0.2910007834434509
tile_186_60.jpeg,0,0.32967501878738403
tile_186_60.jpeg,0,0.30840396881103516
tile_186_61.jpeg,0,0.7722379565238953
tile_186_63.jpeg,0,0.7222893834114075
tile_186_63.jpeg,0,0.44237416982650757
tile_186_68.jpeg,0,0.7154584527015686
tile_186_86.jpeg,0,0.8328002691268921
tile_186_90.jpeg,0,0.31461045145988464
tile_187_22.jpeg,0,0.7484033703804016
tile_187_28.jpeg,0,0.41854166984558105
tile_187_28.jpeg,0,0.3742215931415558
tile_187_30.jpeg,0,0.47340843081474304
tile_187_30.jpeg,0,0.43675509095191956
tile_187_31.jpeg,0,0.3502824604511261
tile_187_32.jpeg,0,0.7260435223579407
tile_187_32.jpeg,0,0.6880048513412476
tile_187_32.jpeg,0,0.6847456693649292
tile_187_32.jpeg,0,0.6675017476081848
tile_187_32.jpeg,0,0.41256946325302124
tile_187_32.jpeg,0,0.3525087535381317
tile_187_36.jpeg,0,0.7189024090766907
tile_187_36.jpeg,0,0.6622530221939087
tile_187_36.jpeg,0,0.5622148513793945
tile_187_37.jpeg,0,0.30039092898368835
tile_187_43.jpeg,0,0.7697526216506958
tile_187_44.jpeg,0,0.5231506824493408
tile_187_44.jpeg,0,0.39215436577796936
tile_187_46.jpeg,0,0.7740859389305115
tile_187_46.jpeg,0,0.7125495076179504
tile_187_47.jpeg,0,0.7880273461341858
tile_187_47.jpeg,0,0.6488580107688904
tile_187_50.jpeg,0,0.586976170539856
tile_187_50.jpeg,0,0.5074430108070374
tile_187_51.jpeg,0,0.6155542135238647
tile_187_53.jpeg,0,0.3909764289855957
tile_187_54.jpeg,0,0.7901259064674377
tile_187_54.jpeg,0,0.7769607901573181
tile_187_56.jpeg,0,0.6225080490112305
tile_187_56.jpeg,0,0.533444344997406
tile_187_58.jpeg,0,0.8171262741088867
tile_187_58.jpeg,0,0.5836362242698669
tile_187_60.jpeg,0,0.7904787659645081
tile_187_60.jpeg,0,0.7466729879379272
tile_187_60.jpeg,0,0.39546439051628113
tile_187_61.jpeg,0,0.5660238862037659
tile_187_63.jpeg,0,0.3739081919193268
tile_187_64.jpeg,0,0.27962151169776917
tile_187_90.jpeg,0,0.48489540815353394
tile_187_92.jpeg,0,0.5875686407089233
tile_188_15.jpeg,0,0.6321327090263367
tile_188_29.jpeg,0,0.6985412836074829
tile_188_29.jpeg,0,0.49496549367904663
tile_188_30.jpeg,0,0.48824819922447205
tile_188_31.jpeg,0,0.8256697058677673
tile_188_31.jpeg,0,0.7201460003852844
tile_188_31.jpeg,0,0.6679638028144836
tile_188_31.jpeg,0,0.5617859959602356
tile_188_32.jpeg,0,0.7128382325172424
tile_188_32.jpeg,0,0.5772337913513184
tile_188_33.jpeg,0,0.7624832391738892
tile_188_34.jpeg,0,0.7211874723434448
tile_188_37.jpeg,0,0.8030866384506226
tile_188_37.jpeg,0,0.6760595440864563
tile_188_38.jpeg,0,0.7927516102790833
tile_188_38.jpeg,0,0.749870240688324
tile_188_39.jpeg,0,0.7934979796409607
tile_188_44.jpeg,0,0.7497771978378296
tile_188_44.jpeg,0,0.6010828018188477
tile_188_44.jpeg,0,0.45710086822509766
tile_188_45.jpeg,0,0.6314340829849243
tile_188_45.jpeg,0,0.31136611104011536
tile_188_45.jpeg,0,0.2860412001609802
tile_188_49.jpeg,0,0.8358805775642395
tile_188_49.jpeg,0,0.8113282322883606
tile_188_49.jpeg,0,0.7623353600502014
tile_188_49.jpeg,0,0.638710081577301
tile_188_52.jpeg,0,0.6083898544311523
tile_188_52.jpeg,0,0.4234232008457184
tile_188_53.jpeg,0,0.7139133214950562
tile_188_53.jpeg,0,0.313338965177536
tile_188_53.jpeg,0,0.3096500337123871
tile_188_55.jpeg,0,0.7393463253974915
tile_188_56.jpeg,0,0.5258486866950989
tile_188_58.jpeg,0,0.47634226083755493
tile_188_59.jpeg,0,0.751525342464447
tile_188_61.jpeg,0,0.38133203983306885
tile_188_64.jpeg,0,0.6367000341415405
tile_188_75.jpeg,0,0.4420534670352936
tile_189_20.jpeg,0,0.3284185826778412
tile_189_28.jpeg,0,0.488891065120697
tile_189_3.jpeg,0,0.3896373510360718
tile_189_32.jpeg,0,0.38824954628944397
tile_189_34.jpeg,0,0.7863544225692749
tile_189_34.jpeg,0,0.3671017289161682
tile_189_35.jpeg,0,0.47895053029060364
tile_189_35.jpeg,0,0.4687470495700836
tile_189_36.jpeg,0,0.5674880743026733
tile_189_37.jpeg,0,0.6712619066238403
tile_189_39.jpeg,0,0.6867259740829468
tile_189_40.jpeg,0,0.528589129447937
tile_189_41.jpeg,0,0.5860522389411926
tile_189_42.jpeg,0,0.5778717994689941
tile_189_43.jpeg,0,0.6266688704490662
tile_189_44.jpeg,0,0.7054789662361145
tile_189_44.jpeg,0,0.5719681978225708
tile_189_44.jpeg,0,0.4104699492454529
tile_189_44.jpeg,0,0.3422500789165497
tile_189_45.jpeg,0,0.6618560552597046
tile_189_45.jpeg,0,0.42826980352401733
tile_189_46.jpeg,0,0.5707159042358398
tile_189_46.jpeg,0,0.3587486445903778
tile_189_49.jpeg,0,0.8412761092185974
tile_189_49.jpeg,0,0.8028773665428162
tile_189_50.jpeg,0,0.8249191641807556
tile_189_50.jpeg,0,0.3292388916015625
tile_189_51.jpeg,0,0.7482807636260986
tile_189_51.jpeg,0,0.612938404083252
tile_189_51.jpeg,0,0.4791918396949768
tile_189_52.jpeg,0,0.8420954346656799
tile_189_52.jpeg,0,0.3847379684448242
tile_189_53.jpeg,0,0.7792903780937195
tile_189_53.jpeg,0,0.641406774520874
tile_189_53.jpeg,0,0.5165330767631531
tile_189_55.jpeg,0,0.6494701504707336
tile_189_55.jpeg,0,0.38674646615982056
tile_189_55.jpeg,0,0.3416105806827545
tile_189_55.jpeg,0,0.2937551438808441
tile_189_56.jpeg,0,0.6964619755744934
tile_189_58.jpeg,0,0.7986587285995483
tile_189_58.jpeg,0,0.49837493896484375
tile_189_59.jpeg,0,0.5069789290428162
tile_189_59.jpeg,0,0.3619052767753601
tile_189_61.jpeg,0,0.612599790096283
tile_189_61.jpeg,0,0.5292215943336487
tile_189_61.jpeg,0,0.44224241375923157
tile_189_61.jpeg,0,0.32955196499824524
tile_189_62.jpeg,0,0.5814520716667175
tile_189_62.jpeg,0,0.5689098834991455
tile_189_63.jpeg,0,0.4263550341129303
tile_189_64.jpeg,0,0.5920785665512085
tile_189_75.jpeg,0,0.6217162013053894
tile_189_82.jpeg,0,0.5296781063079834
tile_18_10.jpeg,0,0.7648745775222778
tile_18_11.jpeg,0,0.5617586374282837
tile_18_40.jpeg,0,0.6721088290214539
tile_18_73.jpeg,0,0.33648431301116943
tile_190_24.jpeg,0,0.8138777613639832
tile_190_28.jpeg,0,0.7778267860412598
tile_190_28.jpeg,0,0.7156104445457458
tile_190_28.jpeg,0,0.3954915404319763
tile_190_31.jpeg,0,0.7436582446098328
tile_190_31.jpeg,0,0.7282259464263916
tile_190_32.jpeg,0,0.4721881151199341
tile_190_33.jpeg,0,0.6252745389938354
tile_190_34.jpeg,0,0.7575521469116211
tile_190_35.jpeg,0,0.686628520488739
tile_190_36.jpeg,0,0.6523657441139221
tile_190_36.jpeg,0,0.46369054913520813
tile_190_36.jpeg,0,0.31070733070373535
tile_190_38.jpeg,0,0.736743688583374
tile_190_39.jpeg,0,0.7774902582168579
tile_190_39.jpeg,0,0.7520595788955688
tile_190_39.jpeg,0,0.7484985589981079
tile_190_39.jpeg,0,0.5444490909576416
tile_190_39.jpeg,0,0.3268900513648987
tile_190_41.jpeg,0,0.4371494650840759
tile_190_41.jpeg,0,0.3537185490131378
tile_190_42.jpeg,0,0.7615019679069519
tile_190_43.jpeg,0,0.38142508268356323
tile_190_44.jpeg,0,0.716712474822998
tile_190_44.jpeg,0,0.30421707034111023
tile_190_45.jpeg,0,0.810028076171875
tile_190_45.jpeg,0,0.7723382115364075
tile_190_45.jpeg,0,0.3862551152706146
tile_190_46.jpeg,0,0.8072789311408997
tile_190_46.jpeg,0,0.6665210723876953
tile_190_46.jpeg,0,0.40449419617652893
tile_190_47.jpeg,0,0.2920668423175812
tile_190_47.jpeg,0,0.2760058641433716
tile_190_48.jpeg,0,0.5563228130340576
tile_190_48.jpeg,0,0.37461093068122864
tile_190_49.jpeg,0,0.5578582286834717
tile_190_49.jpeg,0,0.43790775537490845
tile_190_49.jpeg,0,0.30276209115982056
tile_190_49.jpeg,0,0.3003281354904175
tile_190_50.jpeg,0,0.4117719233036041
tile_190_50.jpeg,0,0.37904468178749084
tile_190_50.jpeg,0,0.3375333249568939
tile_190_53.jpeg,0,0.7522001266479492
tile_190_54.jpeg,0,0.8233874440193176
tile_190_55.jpeg,0,0.45152032375335693
tile_190_57.jpeg,0,0.5324333310127258
tile_190_58.jpeg,0,0.6406569480895996
tile_190_59.jpeg,0,0.5153905153274536
tile_190_59.jpeg,0,0.4966692328453064
tile_190_61.jpeg,0,0.27766427397727966
tile_190_65.jpeg,0,0.7097200751304626
tile_190_67.jpeg,0,0.8077370524406433
tile_190_80.jpeg,0,0.8160738348960876
tile_190_83.jpeg,0,0.337872713804245
tile_190_90.jpeg,0,0.6518790125846863
tile_191_25.jpeg,0,0.7724636793136597
tile_191_28.jpeg,0,0.6357247233390808
tile_191_31.jpeg,0,0.4634237289428711
tile_191_35.jpeg,0,0.7115797996520996
tile_191_35.jpeg,0,0.4866395592689514
tile_191_36.jpeg,0,0.8414648771286011
tile_191_36.jpeg,0,0.7372656464576721
tile_191_39.jpeg,0,0.34891125559806824
tile_191_43.jpeg,0,0.4126420319080353
tile_191_43.jpeg,0,0.2990923523902893
tile_191_43.jpeg,0,0.29267382621765137
tile_191_44.jpeg,0,0.8123761415481567
tile_191_44.jpeg,0,0.8016644716262817
tile_191_46.jpeg,0,0.657819390296936
tile_191_46.jpeg,0,0.5448618531227112
tile_191_46.jpeg,0,0.5375428199768066
tile_191_47.jpeg,0,0.4733410179615021
tile_191_47.jpeg,0,0.2945132553577423
tile_191_49.jpeg,0,0.6462419033050537
tile_191_54.jpeg,0,0.7985988259315491
tile_191_57.jpeg,0,0.6594387888908386
tile_191_57.jpeg,0,0.6084893345832825
tile_191_58.jpeg,0,0.5166221857070923
tile_191_60.jpeg,0,0.49994122982025146
tile_191_60.jpeg,0,0.2830614745616913
tile_191_63.jpeg,0,0.6723684072494507
tile_191_63.jpeg,0,0.6600587964057922
tile_191_65.jpeg,0,0.5583558082580566
tile_191_65.jpeg,0,0.3587832748889923
tile_191_9.jpeg,0,0.7371302843093872
tile_192_26.jpeg,0,0.642401933670044
tile_192_31.jpeg,0,0.7973141074180603
tile_192_31.jpeg,0,0.7321907877922058
tile_192_31.jpeg,0,0.5690799951553345
tile_192_35.jpeg,0,0.8213335275650024
tile_192_36.jpeg,0,0.7622680068016052
tile_192_37.jpeg,0,0.3362872898578644
tile_192_38.jpeg,0,0.7302404046058655
tile_192_41.jpeg,0,0.7094418406486511
tile_192_41.jpeg,0,0.6854422092437744
tile_192_43.jpeg,0,0.3397100567817688
tile_192_44.jpeg,0,0.6668171286582947
tile_192_44.jpeg,0,0.5934592485427856
tile_192_45.jpeg,0,0.7813544273376465
tile_192_47.jpeg,0,0.8246711492538452
tile_192_47.jpeg,0,0.43787163496017456
tile_192_48.jpeg,0,0.8232094645500183
tile_192_48.jpeg,0,0.7367541790008545
tile_192_48.jpeg,0,0.5260976552963257
tile_192_49.jpeg,0,0.5558238625526428
tile_192_49.jpeg,0,0.5087136626243591
tile_192_50.jpeg,0,0.3664131164550781
tile_192_51.jpeg,0,0.7877923250198364
tile_192_53.jpeg,0,0.4156894385814667
tile_192_53.jpeg,0,0.3612240254878998
tile_192_54.jpeg,0,0.54218989610672
tile_192_54.jpeg,0,0.47454190254211426
tile_192_55.jpeg,0,0.7460080981254578
tile_192_55.jpeg,0,0.5000119209289551
tile_192_58.jpeg,0,0.8026010394096375
tile_192_58.jpeg,0,0.4288623631000519
tile_192_58.jpeg,0,0.31972217559814453
tile_192_60.jpeg,0,0.7855449914932251
tile_192_60.jpeg,0,0.4968582093715668
tile_192_63.jpeg,0,0.5400264263153076
tile_192_65.jpeg,0,0.6780679225921631
tile_192_66.jpeg,0,0.2922535240650177
tile_192_79.jpeg,0,0.7958729863166809
tile_192_91.jpeg,0,0.30594968795776367
tile_192_95.jpeg,0,0.73470139503479
tile_193_21.jpeg,0,0.5490881204605103
tile_193_22.jpeg,0,0.7921503782272339
tile_193_33.jpeg,0,0.3369634747505188
tile_193_34.jpeg,0,0.43699416518211365
tile_193_35.jpeg,0,0.34937697649002075
tile_193_36.jpeg,0,0.8083258271217346
tile_193_36.jpeg,0,0.7407854199409485
tile_193_45.jpeg,0,0.45535755157470703
tile_193_46.jpeg,0,0.471919447183609
tile_193_47.jpeg,0,0.7468938231468201
tile_193_47.jpeg,0,0.7019598484039307
tile_193_47.jpeg,0,0.6268342137336731
tile_193_47.jpeg,0,0.5719425678253174
tile_193_47.jpeg,0,0.5112085342407227
tile_193_48.jpeg,0,0.7702752351760864
tile_193_48.jpeg,0,0.677150547504425
tile_193_48.jpeg,0,0.6159663796424866
tile_193_5.jpeg,0,0.4291606843471527
tile_193_52.jpeg,0,0.5208919048309326
tile_193_54.jpeg,0,0.6963615417480469
tile_193_55.jpeg,0,0.5249306559562683
tile_193_55.jpeg,0,0.3379926383495331
tile_193_56.jpeg,0,0.7534965872764587
tile_193_58.jpeg,0,0.395218163728714
tile_193_58.jpeg,0,0.3651812672615051
tile_193_60.jpeg,0,0.567801296710968
tile_193_61.jpeg,0,0.6688269376754761
tile_193_63.jpeg,0,0.8006369471549988
tile_193_63.jpeg,0,0.7614127993583679
tile_193_63.jpeg,0,0.5199589729309082
tile_193_64.jpeg,0,0.6085227131843567
tile_193_64.jpeg,0,0.398714154958725
tile_193_65.jpeg,0,0.8079003095626831
tile_193_65.jpeg,0,0.46279963850975037
tile_193_69.jpeg,0,0.7711954116821289
tile_194_32.jpeg,0,0.38497287034988403
tile_194_32.jpeg,0,0.3161680996417999
tile_194_33.jpeg,0,0.7701499462127686
tile_194_33.jpeg,0,0.7023506760597229
tile_194_33.jpeg,0,0.6545652151107788
tile_194_33.jpeg,0,0.5381556153297424
tile_194_34.jpeg,0,0.29340916872024536
tile_194_35.jpeg,0,0.7975247502326965
tile_194_37.jpeg,0,0.8238468766212463
tile_194_43.jpeg,0,0.759091317653656
tile_194_43.jpeg,0,0.4625094532966614
tile_194_45.jpeg,0,0.7733333706855774
tile_194_45.jpeg,0,0.6171102523803711
tile_194_45.jpeg,0,0.46520668268203735
tile_194_45.jpeg,0,0.4264402389526367
tile_194_46.jpeg,0,0.7720388770103455
tile_194_47.jpeg,0,0.789314866065979
tile_194_47.jpeg,0,0.4577270448207855
tile_194_48.jpeg,0,0.6750641465187073
tile_194_50.jpeg,0,0.798681914806366
tile_194_50.jpeg,0,0.6168960332870483
tile_194_50.jpeg,0,0.35859933495521545
tile_194_51.jpeg,0,0.7860448956489563
tile_194_51.jpeg,0,0.5168168544769287
tile_194_52.jpeg,0,0.5390573740005493
tile_194_52.jpeg,0,0.49287405610084534
tile_194_55.jpeg,0,0.6001929640769958
tile_194_55.jpeg,0,0.43167844414711
tile_194_55.jpeg,0,0.32117903232574463
tile_194_57.jpeg,0,0.6677318215370178
tile_194_57.jpeg,0,0.4622812867164612
tile_194_57.jpeg,0,0.3433581590652466
tile_194_60.jpeg,0,0.7701277732849121
tile_194_60.jpeg,0,0.5650334358215332
tile_194_61.jpeg,0,0.31456243991851807
tile_194_62.jpeg,0,0.3520435094833374
tile_194_66.jpeg,0,0.5423787832260132
tile_194_69.jpeg,0,0.722687840461731
tile_194_82.jpeg,0,0.4489937722682953
tile_195_16.jpeg,0,0.28776174783706665
tile_195_24.jpeg,0,0.6707709431648254
tile_195_29.jpeg,0,0.33430957794189453
tile_195_30.jpeg,0,0.7793419361114502
tile_195_31.jpeg,0,0.6569755673408508
tile_195_32.jpeg,0,0.721248209476471
tile_195_32.jpeg,0,0.5025684237480164
tile_195_33.jpeg,0,0.8028923273086548
tile_195_33.jpeg,0,0.7475640773773193
tile_195_33.jpeg,0,0.3395249545574188
tile_195_36.jpeg,0,0.5297690033912659
tile_195_37.jpeg,0,0.6670358180999756
tile_195_42.jpeg,0,0.44140782952308655
tile_195_45.jpeg,0,0.573803722858429
tile_195_46.jpeg,0,0.812178373336792
tile_195_46.jpeg,0,0.7103669047355652
tile_195_46.jpeg,0,0.6868848204612732
tile_195_47.jpeg,0,0.8220075964927673
tile_195_47.jpeg,0,0.7413892149925232
tile_195_48.jpeg,0,0.707921028137207
tile_195_50.jpeg,0,0.8095160126686096
tile_195_55.jpeg,0,0.47628965973854065
tile_195_55.jpeg,0,0.3023670017719269
tile_195_57.jpeg,0,0.6545709371566772
tile_195_57.jpeg,0,0.4804815351963043
tile_195_60.jpeg,0,0.7446549534797668
tile_195_61.jpeg,0,0.5805076360702515
tile_195_62.jpeg,0,0.786194920539856
tile_195_66.jpeg,0,0.536281943321228
tile_195_77.jpeg,0,0.6951293349266052
tile_196_10.jpeg,0,0.8065683245658875
tile_196_29.jpeg,0,0.7490841746330261
tile_196_32.jpeg,0,0.7616413235664368
tile_196_32.jpeg,0,0.6240654587745667
tile_196_32.jpeg,0,0.5695483684539795
tile_196_33.jpeg,0,0.7948297262191772
tile_196_33.jpeg,0,0.6632176041603088
tile_196_38.jpeg,0,0.39725416898727417
tile_196_39.jpeg,0,0.5924591422080994
tile_196_42.jpeg,0,0.7692490816116333
tile_196_42.jpeg,0,0.512058675289154
tile_196_42.jpeg,0,0.4102686047554016
tile_196_43.jpeg,0,0.7458891272544861
tile_196_43.jpeg,0,0.6637027859687805
tile_196_52.jpeg,0,0.6479445099830627
tile_196_52.jpeg,0,0.4821675419807434
tile_196_52.jpeg,0,0.4739222228527069
tile_196_53.jpeg,0,0.7551901340484619
tile_196_53.jpeg,0,0.6030834317207336
tile_196_53.jpeg,0,0.439418226480484
tile_196_54.jpeg,0,0.5652388334274292
tile_196_54.jpeg,0,0.40836581587791443
tile_196_54.jpeg,0,0.3128162622451782
tile_196_55.jpeg,0,0.5834550857543945
tile_196_55.jpeg,0,0.4804028272628784
tile_196_55.jpeg,0,0.3151870369911194
tile_196_57.jpeg,0,0.7814925312995911
tile_196_57.jpeg,0,0.6437103748321533
tile_196_57.jpeg,0,0.44267967343330383
tile_196_59.jpeg,0,0.627527117729187
tile_196_61.jpeg,0,0.7609665393829346
tile_196_61.jpeg,0,0.753006100654602
tile_196_61.jpeg,0,0.2869189977645874
tile_196_64.jpeg,0,0.775752604007721
tile_196_65.jpeg,0,0.545539915561676
tile_197_30.jpeg,0,0.6052716970443726
tile_197_33.jpeg,0,0.5464301705360413
tile_197_37.jpeg,0,0.8198928833007812
tile_197_38.jpeg,0,0.2998849153518677
tile_197_39.jpeg,0,0.7968795299530029
tile_197_42.jpeg,0,0.7973864674568176
tile_197_42.jpeg,0,0.6534848809242249
tile_197_45.jpeg,0,0.3591015040874481
tile_197_51.jpeg,0,0.3550879657268524
tile_197_52.jpeg,0,0.476502001285553
tile_197_54.jpeg,0,0.8244487643241882
tile_197_54.jpeg,0,0.6877429485321045
tile_197_54.jpeg,0,0.34465739130973816
tile_197_54.jpeg,0,0.30448710918426514
tile_197_55.jpeg,0,0.7662346959114075
tile_197_57.jpeg,0,0.7161164283752441
tile_197_58.jpeg,0,0.754513144493103
tile_197_58.jpeg,0,0.7112975716590881
tile_197_58.jpeg,0,0.6223582625389099
tile_197_59.jpeg,0,0.507304847240448
tile_197_59.jpeg,0,0.4680081605911255
tile_197_60.jpeg,0,0.46812349557876587
tile_197_60.jpeg,0,0.412697970867157
tile_197_62.jpeg,0,0.3566805422306061
tile_197_63.jpeg,0,0.7993175983428955
tile_197_63.jpeg,0,0.4937710464000702
tile_197_63.jpeg,0,0.29729679226875305
tile_197_66.jpeg,0,0.7737530469894409
tile_197_66.jpeg,0,0.6942412257194519
tile_197_66.jpeg,0,0.5998281836509705
tile_197_68.jpeg,0,0.6980077624320984
tile_197_74.jpeg,0,0.7310234308242798
tile_197_75.jpeg,0,0.4969251751899719
tile_197_84.jpeg,0,0.30644485354423523
tile_197_95.jpeg,0,0.7944979667663574
tile_198_24.jpeg,0,0.801193356513977
tile_198_35.jpeg,0,0.45251700282096863
tile_198_36.jpeg,0,0.5928522348403931
tile_198_38.jpeg,0,0.7390894889831543
tile_198_38.jpeg,0,0.5077609419822693
tile_198_39.jpeg,0,0.795008659362793
tile_198_43.jpeg,0,0.7942277193069458
tile_198_43.jpeg,0,0.5068648457527161
tile_198_44.jpeg,0,0.5000617504119873
tile_198_44.jpeg,0,0.4661415219306946
tile_198_44.jpeg,0,0.4605024755001068
tile_198_45.jpeg,0,0.5302309989929199
tile_198_46.jpeg,0,0.5220780968666077
tile_198_49.jpeg,0,0.7466256618499756
tile_198_49.jpeg,0,0.4284198582172394
tile_198_49.jpeg,0,0.3071430027484894
tile_198_52.jpeg,0,0.3146475553512573
tile_198_53.jpeg,0,0.7844838500022888
tile_198_53.jpeg,0,0.31481263041496277
tile_198_56.jpeg,0,0.8175231218338013
tile_198_57.jpeg,0,0.665238082408905
tile_198_59.jpeg,0,0.7185743451118469
tile_198_59.jpeg,0,0.6811305284500122
tile_198_60.jpeg,0,0.4298762083053589
tile_198_60.jpeg,0,0.2894241511821747
tile_198_61.jpeg,0,0.45913079380989075
tile_198_62.jpeg,0,0.8006364107131958
tile_198_62.jpeg,0,0.6735674738883972
tile_198_63.jpeg,0,0.7564119696617126
tile_198_64.jpeg,0,0.7723612189292908
tile_198_65.jpeg,0,0.613322377204895
tile_198_65.jpeg,0,0.34078249335289
tile_198_66.jpeg,0,0.8078417181968689
tile_198_66.jpeg,0,0.5371949076652527
tile_198_66.jpeg,0,0.47913241386413574
tile_198_67.jpeg,0,0.7045220732688904
tile_198_67.jpeg,0,0.6653499007225037
tile_198_68.jpeg,0,0.3369444012641907
tile_198_78.jpeg,0,0.8087676167488098
tile_199_28.jpeg,0,0.537767231464386
tile_199_35.jpeg,0,0.7973296642303467
tile_199_37.jpeg,0,0.7032725214958191
tile_199_37.jpeg,0,0.3371269404888153
tile_199_38.jpeg,0,0.7916545867919922
tile_199_38.jpeg,0,0.7152724862098694
tile_199_4.jpeg,0,0.6690171957015991
tile_199_40.jpeg,0,0.7189669609069824
tile_199_40.jpeg,0,0.6530370116233826
tile_199_40.jpeg,0,0.4302929639816284
tile_199_41.jpeg,0,0.7930663824081421
tile_199_41.jpeg,0,0.5288719534873962
tile_199_42.jpeg,0,0.4675658345222473
tile_199_43.jpeg,0,0.786401093006134
tile_199_45.jpeg,0,0.720804750919342
tile_199_45.jpeg,0,0.7046064138412476
tile_199_46.jpeg,0,0.7079818844795227
tile_199_48.jpeg,0,0.7417734265327454
tile_199_50.jpeg,0,0.3645950257778168
tile_199_52.jpeg,0,0.6455656886100769
tile_199_56.jpeg,0,0.7922704815864563
tile_199_56.jpeg,0,0.7209353446960449
tile_199_56.jpeg,0,0.2908051908016205
tile_199_57.jpeg,0,0.3882552981376648
tile_199_59.jpeg,0,0.7376704812049866
tile_199_59.jpeg,0,0.7061030268669128
tile_199_59.jpeg,0,0.6068253517150879
tile_199_59.jpeg,0,0.5713483095169067
tile_199_59.jpeg,0,0.38473421335220337
tile_199_61.jpeg,0,0.7202652096748352
tile_199_61.jpeg,0,0.5012904405593872
tile_199_63.jpeg,0,0.8198758959770203
tile_199_64.jpeg,0,0.778753936290741
tile_199_64.jpeg,0,0.7233580350875854
tile_199_64.jpeg,0,0.392513632774353
tile_199_64.jpeg,0,0.2936887741088867
tile_199_66.jpeg,0,0.4362451136112213
tile_199_95.jpeg,0,0.4066477417945862
tile_19_0.jpeg,0,0.4963083565235138
tile_19_11.jpeg,0,0.31285375356674194
tile_19_14.jpeg,0,0.6928680539131165
tile_19_35.jpeg,0,0.44206780195236206
tile_19_39.jpeg,0,0.5573678612709045
tile_19_40.jpeg,0,0.7504734992980957
tile_19_43.jpeg,0,0.6451643705368042
tile_19_44.jpeg,0,0.4956771433353424
tile_19_56.jpeg,0,0.8157959580421448
tile_1_0.jpeg,0,0.7006358504295349
tile_1_12.jpeg,0,0.5220871567726135
tile_1_34.jpeg,0,0.6256513595581055
tile_1_39.jpeg,0,0.48352593183517456
tile_1_9.jpeg,0,0.798768162727356
tile_200_30.jpeg,0,0.5153558254241943
tile_200_32.jpeg,0,0.3822169899940491
tile_200_32.jpeg,0,0.34273263812065125
tile_200_37.jpeg,0,0.807697594165802
tile_200_42.jpeg,0,0.7280561923980713
tile_200_42.jpeg,0,0.4312366545200348
tile_200_42.jpeg,0,0.4279702603816986
tile_200_43.jpeg,0,0.7900521755218506
tile_200_43.jpeg,0,0.4890540540218353
tile_200_43.jpeg,0,0.42064210772514343
tile_200_48.jpeg,0,0.7352521419525146
tile_200_48.jpeg,0,0.2924503982067108
tile_200_49.jpeg,0,0.7308163046836853
tile_200_49.jpeg,0,0.6777991652488708
tile_200_5.jpeg,0,0.3215084671974182
tile_200_53.jpeg,0,0.3564659059047699
tile_200_55.jpeg,0,0.3741554915904999
tile_200_58.jpeg,0,0.7001301646232605
tile_200_58.jpeg,0,0.6382124423980713
tile_200_58.jpeg,0,0.31863802671432495
tile_200_59.jpeg,0,0.8225778937339783
tile_200_59.jpeg,0,0.7319395542144775
tile_200_59.jpeg,0,0.6966236233711243
tile_200_60.jpeg,0,0.7210744023323059
tile_200_60.jpeg,0,0.7176539897918701
tile_200_60.jpeg,0,0.3465390205383301
tile_200_62.jpeg,0,0.5861155986785889
tile_200_67.jpeg,0,0.7207143902778625
tile_200_72.jpeg,0,0.28369802236557007
tile_200_75.jpeg,0,0.29985931515693665
tile_200_82.jpeg,0,0.7266727685928345
tile_201_20.jpeg,0,0.62165367603302
tile_201_21.jpeg,0,0.5307673811912537
tile_201_30.jpeg,0,0.7948347330093384
tile_201_38.jpeg,0,0.6742914915084839
tile_201_40.jpeg,0,0.7912465929985046
tile_201_46.jpeg,0,0.4107324779033661
tile_201_49.jpeg,0,0.285919189453125
tile_201_52.jpeg,0,0.7601834535598755
tile_201_52.jpeg,0,0.6390635967254639
tile_201_52.jpeg,0,0.4670153260231018
tile_201_53.jpeg,0,0.6459210515022278
tile_201_53.jpeg,0,0.3737148642539978
tile_201_55.jpeg,0,0.8105361461639404
tile_201_55.jpeg,0,0.7657483220100403
tile_201_56.jpeg,0,0.3969850242137909
tile_201_59.jpeg,0,0.8136225342750549
tile_201_59.jpeg,0,0.8089912533760071
tile_201_59.jpeg,0,0.679481029510498
tile_201_59.jpeg,0,0.42019933462142944
tile_201_59.jpeg,0,0.3056354820728302
tile_201_64.jpeg,0,0.8362663388252258
tile_201_68.jpeg,0,0.8545949459075928
tile_201_80.jpeg,0,0.5792005062103271
tile_201_92.jpeg,0,0.6022824645042419
tile_201_93.jpeg,0,0.6689581871032715
tile_202_38.jpeg,0,0.782869815826416
tile_202_39.jpeg,0,0.7481650710105896
tile_202_39.jpeg,0,0.7444350123405457
tile_202_42.jpeg,0,0.5384625792503357
tile_202_49.jpeg,0,0.7540555000305176
tile_202_54.jpeg,0,0.7603675127029419
tile_202_54.jpeg,0,0.3143397271633148
tile_202_55.jpeg,0,0.6294355392456055
tile_202_56.jpeg,0,0.7119985222816467
tile_202_56.jpeg,0,0.28086310625076294
tile_202_58.jpeg,0,0.6868707537651062
tile_202_58.jpeg,0,0.5808057188987732
tile_202_58.jpeg,0,0.47565537691116333
tile_202_59.jpeg,0,0.5026364326477051
tile_202_59.jpeg,0,0.41243112087249756
tile_202_60.jpeg,0,0.29499444365501404
tile_202_61.jpeg,0,0.7235915660858154
tile_202_61.jpeg,0,0.7134889960289001
tile_202_61.jpeg,0,0.5601022839546204
tile_202_62.jpeg,0,0.6453650593757629
tile_202_62.jpeg,0,0.5059863924980164
tile_202_62.jpeg,0,0.30217525362968445
tile_202_62.jpeg,0,0.27606847882270813
tile_202_63.jpeg,0,0.8032599687576294
tile_202_63.jpeg,0,0.7269932627677917
tile_202_64.jpeg,0,0.745278000831604
tile_202_64.jpeg,0,0.5028014183044434
tile_202_65.jpeg,0,0.471264511346817
tile_202_80.jpeg,0,0.7805225849151611
tile_202_86.jpeg,0,0.8060938119888306
tile_203_35.jpeg,0,0.8077971935272217
tile_203_36.jpeg,0,0.34570300579071045
tile_203_40.jpeg,0,0.8119890689849854
tile_203_41.jpeg,0,0.47062626481056213
tile_203_46.jpeg,0,0.49025440216064453
tile_203_48.jpeg,0,0.42905017733573914
tile_203_48.jpeg,0,0.30577749013900757
tile_203_50.jpeg,0,0.7733585834503174
tile_203_50.jpeg,0,0.6842420697212219
tile_203_51.jpeg,0,0.5564797520637512
tile_203_52.jpeg,0,0.7537292242050171
tile_203_52.jpeg,0,0.32888785004615784
tile_203_55.jpeg,0,0.5446295738220215
tile_203_56.jpeg,0,0.7349872589111328
tile_203_56.jpeg,0,0.34175238013267517
tile_203_56.jpeg,0,0.28508460521698
tile_203_58.jpeg,0,0.5424633026123047
tile_203_58.jpeg,0,0.3088187873363495
tile_203_59.jpeg,0,0.6462652087211609
tile_203_62.jpeg,0,0.770296573638916
tile_203_62.jpeg,0,0.28923022747039795
tile_203_63.jpeg,0,0.6039879322052002
tile_203_63.jpeg,0,0.3197759985923767
tile_203_64.jpeg,0,0.5355695486068726
tile_203_64.jpeg,0,0.5073549151420593
tile_203_64.jpeg,0,0.35819870233535767
tile_203_66.jpeg,0,0.7149579524993896
tile_203_72.jpeg,0,0.7566662430763245
tile_203_81.jpeg,0,0.7656481266021729
tile_203_86.jpeg,0,0.6409876346588135
tile_204_19.jpeg,0,0.4503157138824463
tile_204_36.jpeg,0,0.7835773825645447
tile_204_38.jpeg,0,0.8261685371398926
tile_204_43.jpeg,0,0.637049674987793
tile_204_43.jpeg,0,0.5805743336677551
tile_204_44.jpeg,0,0.777145504951477
tile_204_44.jpeg,0,0.5180649757385254
tile_204_44.jpeg,0,0.3375113904476166
tile_204_45.jpeg,0,0.801829993724823
tile_204_45.jpeg,0,0.6559584736824036
tile_204_45.jpeg,0,0.27950504422187805
tile_204_47.jpeg,0,0.6555351614952087
tile_204_48.jpeg,0,0.6127986311912537
tile_204_53.jpeg,0,0.534525454044342
tile_204_55.jpeg,0,0.3029121160507202
tile_204_56.jpeg,0,0.2771044075489044
tile_204_57.jpeg,0,0.803325891494751
tile_204_57.jpeg,0,0.599579930305481
tile_204_57.jpeg,0,0.5978758931159973
tile_204_57.jpeg,0,0.4491559565067291
tile_204_58.jpeg,0,0.4075280427932739
tile_204_58.jpeg,0,0.3020824193954468
tile_204_59.jpeg,0,0.5718596577644348
tile_204_59.jpeg,0,0.40141427516937256
tile_204_59.jpeg,0,0.3621803820133209
tile_204_59.jpeg,0,0.35303810238838196
tile_204_60.jpeg,0,0.6649686694145203
tile_204_60.jpeg,0,0.6625829935073853
tile_204_60.jpeg,0,0.2799641489982605
tile_204_62.jpeg,0,0.27612757682800293
tile_204_73.jpeg,0,0.33932259678840637
tile_204_81.jpeg,0,0.3759934902191162
tile_204_87.jpeg,0,0.5661956071853638
tile_204_94.jpeg,0,0.6935168504714966
tile_205_1.jpeg,0,0.3042716085910797
tile_205_18.jpeg,0,0.6868684887886047
tile_205_2.jpeg,0,0.4182949662208557
tile_205_36.jpeg,0,0.7229614853858948
tile_205_38.jpeg,0,0.7368686199188232
tile_205_43.jpeg,0,0.8124123215675354
tile_205_43.jpeg,0,0.3634231388568878
tile_205_44.jpeg,0,0.693614661693573
tile_205_44.jpeg,0,0.5951295495033264
tile_205_44.jpeg,0,0.3016943633556366
tile_205_44.jpeg,0,0.28750118613243103
tile_205_45.jpeg,0,0.7868515849113464
tile_205_45.jpeg,0,0.7407971024513245
tile_205_45.jpeg,0,0.5460867881774902
tile_205_46.jpeg,0,0.6991482973098755
tile_205_47.jpeg,0,0.48977237939834595
tile_205_47.jpeg,0,0.4861971437931061
tile_205_50.jpeg,0,0.723504900932312
tile_205_51.jpeg,0,0.6186830997467041
tile_205_51.jpeg,0,0.3447403311729431
tile_205_52.jpeg,0,0.7135173678398132
tile_205_56.jpeg,0,0.3850908875465393
tile_205_64.jpeg,0,0.72621089220047
tile_205_64.jpeg,0,0.690299928188324
tile_205_64.jpeg,0,0.6257455945014954
tile_205_65.jpeg,0,0.28840896487236023
tile_205_66.jpeg,0,0.6800601482391357
tile_205_73.jpeg,0,0.7592620849609375
tile_205_80.jpeg,0,0.7129161357879639
tile_205_81.jpeg,0,0.654435396194458
tile_205_82.jpeg,0,0.43557795882225037
tile_205_94.jpeg,0,0.6122976541519165
tile_206_18.jpeg,0,0.29616430401802063
tile_206_35.jpeg,0,0.8350037336349487
tile_206_38.jpeg,0,0.686802327632904
tile_206_39.jpeg,0,0.7847910523414612
tile_206_40.jpeg,0,0.713685154914856
tile_206_43.jpeg,0,0.8350787162780762
tile_206_44.jpeg,0,0.534675121307373
tile_206_46.jpeg,0,0.7148187756538391
tile_206_46.jpeg,0,0.4213554561138153
tile_206_47.jpeg,0,0.3106364607810974
tile_206_48.jpeg,0,0.6087460517883301
tile_206_48.jpeg,0,0.36891621351242065
tile_206_49.jpeg,0,0.4330393970012665
tile_206_50.jpeg,0,0.44587650895118713
tile_206_52.jpeg,0,0.7498021125793457
tile_206_52.jpeg,0,0.742743968963623
tile_206_54.jpeg,0,0.6326342225074768
tile_206_54.jpeg,0,0.5720732808113098
tile_206_56.jpeg,0,0.8035374283790588
tile_206_56.jpeg,0,0.5447846055030823
tile_206_56.jpeg,0,0.39445820450782776
tile_206_56.jpeg,0,0.38060614466667175
tile_206_57.jpeg,0,0.6991220712661743
tile_206_63.jpeg,0,0.6566247940063477
tile_206_63.jpeg,0,0.44487422704696655
tile_206_64.jpeg,0,0.4588734209537506
tile_206_86.jpeg,0,0.40805941820144653
tile_207_30.jpeg,0,0.31239578127861023
tile_207_36.jpeg,0,0.8325191140174866
tile_207_40.jpeg,0,0.766727089881897
tile_207_43.jpeg,0,0.7162671685218811
tile_207_45.jpeg,0,0.844542384147644
tile_207_46.jpeg,0,0.8140968084335327
tile_207_46.jpeg,0,0.7546722292900085
tile_207_46.jpeg,0,0.30284127593040466
tile_207_47.jpeg,0,0.7161076664924622
tile_207_47.jpeg,0,0.39960527420043945
tile_207_49.jpeg,0,0.8117104768753052
tile_207_52.jpeg,0,0.7650097012519836
tile_207_52.jpeg,0,0.74174964427948
tile_207_52.jpeg,0,0.5453298091888428
tile_207_54.jpeg,0,0.7866267561912537
tile_207_55.jpeg,0,0.32143503427505493
tile_207_56.jpeg,0,0.6107774972915649
tile_207_56.jpeg,0,0.3499860167503357
tile_207_6.jpeg,0,0.6233241558074951
tile_207_63.jpeg,0,0.3987605571746826
tile_207_64.jpeg,0,0.584886372089386
tile_207_64.jpeg,0,0.5491020679473877
tile_207_64.jpeg,0,0.5236721634864807
tile_207_64.jpeg,0,0.3677091896533966
tile_207_65.jpeg,0,0.6367042660713196
tile_207_65.jpeg,0,0.5419333577156067
tile_207_65.jpeg,0,0.4013408422470093
tile_207_76.jpeg,0,0.8456850647926331
tile_208_39.jpeg,0,0.7163389921188354
tile_208_40.jpeg,0,0.45460018515586853
tile_208_43.jpeg,0,0.7900704741477966
tile_208_47.jpeg,0,0.5106799602508545
tile_208_47.jpeg,0,0.5072622895240784
tile_208_47.jpeg,0,0.4715769588947296
tile_208_47.jpeg,0,0.35978713631629944
tile_208_48.jpeg,0,0.5856549143791199
tile_208_48.jpeg,0,0.45250770449638367
tile_208_48.jpeg,0,0.40019020438194275
tile_208_48.jpeg,0,0.3256307542324066
tile_208_49.jpeg,0,0.7176240682601929
tile_208_49.jpeg,0,0.3780156970024109
tile_208_52.jpeg,0,0.4298946261405945
tile_208_56.jpeg,0,0.5996809601783752
tile_208_57.jpeg,0,0.5055265426635742
tile_208_65.jpeg,0,0.7703012228012085
tile_208_68.jpeg,0,0.5163479447364807
tile_208_75.jpeg,0,0.6076174378395081
tile_208_76.jpeg,0,0.7916143536567688
tile_209_20.jpeg,0,0.8039321899414062
tile_209_46.jpeg,0,0.3282959759235382
tile_209_47.jpeg,0,0.7049460411071777
tile_209_48.jpeg,0,0.6823583841323853
tile_209_49.jpeg,0,0.4166378378868103
tile_209_49.jpeg,0,0.34033018350601196
tile_209_51.jpeg,0,0.6998080015182495
tile_209_57.jpeg,0,0.5450714826583862
tile_209_57.jpeg,0,0.48452073335647583
tile_209_57.jpeg,0,0.4114881753921509
tile_209_57.jpeg,0,0.2978588044643402
tile_209_58.jpeg,0,0.7878981828689575
tile_209_58.jpeg,0,0.46833696961402893
tile_209_59.jpeg,0,0.4754243493080139
tile_209_59.jpeg,0,0.30219441652297974
tile_209_68.jpeg,0,0.49592775106430054
tile_209_69.jpeg,0,0.7971360087394714
tile_209_75.jpeg,0,0.5170835256576538
tile_209_76.jpeg,0,0.5303356647491455
tile_209_76.jpeg,0,0.5161451101303101
tile_209_82.jpeg,0,0.6339269280433655
tile_209_88.jpeg,0,0.7042886018753052
tile_209_89.jpeg,0,0.47247204184532166
tile_209_90.jpeg,0,0.5383616089820862
tile_20_26.jpeg,0,0.721055805683136
tile_20_44.jpeg,0,0.7546988725662231
tile_20_45.jpeg,0,0.8283688426017761
tile_20_62.jpeg,0,0.7032771706581116
tile_20_67.jpeg,0,0.6310293674468994
tile_20_89.jpeg,0,0.4484069049358368
tile_210_16.jpeg,0,0.32575181126594543
tile_210_17.jpeg,0,0.756077766418457
tile_210_23.jpeg,0,0.6490111351013184
tile_210_35.jpeg,0,0.324659138917923
tile_210_41.jpeg,0,0.7145864963531494
tile_210_42.jpeg,0,0.6475006341934204
tile_210_44.jpeg,0,0.8014516234397888
tile_210_49.jpeg,0,0.3039160370826721
tile_210_5.jpeg,0,0.7945424318313599
tile_210_54.jpeg,0,0.7320073246955872
tile_210_54.jpeg,0,0.6330074667930603
tile_210_55.jpeg,0,0.524273693561554
tile_210_55.jpeg,0,0.42236167192459106
tile_210_55.jpeg,0,0.333442747592926
tile_210_57.jpeg,0,0.6286435127258301
tile_210_57.jpeg,0,0.282320499420166
tile_210_58.jpeg,0,0.78375244140625
tile_210_58.jpeg,0,0.42900028824806213
tile_210_68.jpeg,0,0.3705308437347412
tile_210_82.jpeg,0,0.7802004218101501
tile_210_94.jpeg,0,0.4167102873325348
tile_211_45.jpeg,0,0.5179162621498108
tile_211_45.jpeg,0,0.37193259596824646
tile_211_46.jpeg,0,0.7819744348526001
tile_211_46.jpeg,0,0.746929407119751
tile_211_47.jpeg,0,0.28202521800994873
tile_211_52.jpeg,0,0.8257438540458679
tile_211_54.jpeg,0,0.6030274629592896
tile_211_56.jpeg,0,0.581421434879303
tile_211_56.jpeg,0,0.283693790435791
tile_211_57.jpeg,0,0.7629419565200806
tile_211_57.jpeg,0,0.74363112449646
tile_211_57.jpeg,0,0.6684902310371399
tile_211_62.jpeg,0,0.7760279178619385
tile_211_62.jpeg,0,0.6635010838508606
tile_211_62.jpeg,0,0.5888665318489075
tile_211_62.jpeg,0,0.5184463858604431
tile_211_63.jpeg,0,0.4754202663898468
tile_211_65.jpeg,0,0.4670410752296448
tile_211_66.jpeg,0,0.7373071312904358
tile_211_91.jpeg,0,0.8113780617713928
tile_212_34.jpeg,0,0.744243860244751
tile_212_36.jpeg,0,0.7321033477783203
tile_212_42.jpeg,0,0.749129593372345
tile_212_43.jpeg,0,0.7838342189788818
tile_212_45.jpeg,0,0.8315059542655945
tile_212_45.jpeg,0,0.38480454683303833
tile_212_46.jpeg,0,0.8093003034591675
tile_212_46.jpeg,0,0.6381444334983826
tile_212_46.jpeg,0,0.5952497124671936
tile_212_46.jpeg,0,0.511688768863678
tile_212_46.jpeg,0,0.4307239055633545
tile_212_47.jpeg,0,0.734451413154602
tile_212_47.jpeg,0,0.5018916130065918
tile_212_49.jpeg,0,0.43885767459869385
tile_212_50.jpeg,0,0.7191452980041504
tile_212_51.jpeg,0,0.8134847283363342
tile_212_54.jpeg,0,0.6293287873268127
tile_212_54.jpeg,0,0.5135402083396912
tile_212_55.jpeg,0,0.7659129500389099
tile_212_56.jpeg,0,0.7439888715744019
tile_212_56.jpeg,0,0.6201229691505432
tile_212_56.jpeg,0,0.2839604616165161
tile_212_57.jpeg,0,0.6623601317405701
tile_212_57.jpeg,0,0.451096773147583
tile_212_57.jpeg,0,0.3251136243343353
tile_212_58.jpeg,0,0.5453399419784546
tile_212_59.jpeg,0,0.5272202491760254
tile_212_62.jpeg,0,0.8006864190101624
tile_212_62.jpeg,0,0.5396366119384766
tile_212_62.jpeg,0,0.3326309621334076
tile_212_63.jpeg,0,0.5136824250221252
tile_212_63.jpeg,0,0.39378470182418823
tile_212_63.jpeg,0,0.3500901758670807
tile_212_66.jpeg,0,0.7542329430580139
tile_212_66.jpeg,0,0.6768697500228882
tile_212_67.jpeg,0,0.5855453610420227
tile_212_68.jpeg,0,0.6166641116142273
tile_212_68.jpeg,0,0.29466262459754944
tile_212_69.jpeg,0,0.7159683108329773
tile_212_70.jpeg,0,0.35592448711395264
tile_212_91.jpeg,0,0.7769321799278259
tile_213_1.jpeg,0,0.5766372680664062
tile_213_2.jpeg,0,0.6130691766738892
tile_213_23.jpeg,0,0.4257080554962158
tile_213_3.jpeg,0,0.8180719614028931
tile_213_41.jpeg,0,0.6347141265869141
tile_213_44.jpeg,0,0.3931700885295868
tile_213_45.jpeg,0,0.6197584867477417
tile_213_46.jpeg,0,0.7974273562431335
tile_213_46.jpeg,0,0.7224997282028198
tile_213_46.jpeg,0,0.6015257239341736
tile_213_47.jpeg,0,0.7520323991775513
tile_213_47.jpeg,0,0.6756044626235962
tile_213_47.jpeg,0,0.5659165978431702
tile_213_48.jpeg,0,0.8052666187286377
tile_213_48.jpeg,0,0.7630075216293335
tile_213_48.jpeg,0,0.5038197636604309
tile_213_48.jpeg,0,0.4003305435180664
tile_213_51.jpeg,0,0.8051457405090332
tile_213_51.jpeg,0,0.5085581541061401
tile_213_52.jpeg,0,0.7522433400154114
tile_213_54.jpeg,0,0.7864308953285217
tile_213_55.jpeg,0,0.553770899772644
tile_213_55.jpeg,0,0.49144354462623596
tile_213_56.jpeg,0,0.7098537683486938
tile_213_56.jpeg,0,0.4983800947666168
tile_213_57.jpeg,0,0.7749528884887695
tile_213_57.jpeg,0,0.6584193110466003
tile_213_57.jpeg,0,0.4576646089553833
tile_213_59.jpeg,0,0.8100878596305847
tile_213_59.jpeg,0,0.5958904027938843
tile_213_60.jpeg,0,0.7356523275375366
tile_213_60.jpeg,0,0.590584933757782
tile_213_60.jpeg,0,0.46111804246902466
tile_213_60.jpeg,0,0.305337131023407
tile_213_61.jpeg,0,0.6183489561080933
tile_213_64.jpeg,0,0.7044970989227295
tile_213_64.jpeg,0,0.6485963463783264
tile_213_64.jpeg,0,0.5788682103157043
tile_213_64.jpeg,0,0.5496500730514526
tile_213_64.jpeg,0,0.32347261905670166
tile_213_65.jpeg,0,0.6785593032836914
tile_213_65.jpeg,0,0.6490011811256409
tile_213_65.jpeg,0,0.5944082736968994
tile_213_65.jpeg,0,0.5796613693237305
tile_213_66.jpeg,0,0.7674424052238464
tile_213_68.jpeg,0,0.8542219400405884
tile_213_68.jpeg,0,0.294403612613678
tile_213_71.jpeg,0,0.8541903495788574
tile_213_77.jpeg,0,0.5777357220649719
tile_213_78.jpeg,0,0.7591975927352905
tile_213_86.jpeg,0,0.4248904585838318
tile_214_0.jpeg,0,0.3725872337818146
tile_214_1.jpeg,0,0.8116685748100281
tile_214_20.jpeg,0,0.6708311438560486
tile_214_21.jpeg,0,0.8246718049049377
tile_214_34.jpeg,0,0.8226427435874939
tile_214_34.jpeg,0,0.7676176428794861
tile_214_39.jpeg,0,0.46569666266441345
tile_214_40.jpeg,0,0.3954266607761383
tile_214_46.jpeg,0,0.4690583646297455
tile_214_47.jpeg,0,0.7786927223205566
tile_214_47.jpeg,0,0.6750041246414185
tile_214_48.jpeg,0,0.7128236293792725
tile_214_50.jpeg,0,0.5282208919525146
tile_214_50.jpeg,0,0.337876558303833
tile_214_53.jpeg,0,0.7902877330780029
tile_214_53.jpeg,0,0.5318714380264282
tile_214_56.jpeg,0,0.5297237038612366
tile_214_56.jpeg,0,0.4615355432033539
tile_214_57.jpeg,0,0.6447626352310181
tile_214_57.jpeg,0,0.360005259513855
tile_214_58.jpeg,0,0.7981561422348022
tile_214_58.jpeg,0,0.5673286318778992
tile_214_58.jpeg,0,0.5557956099510193
tile_214_58.jpeg,0,0.4097883403301239
tile_214_58.jpeg,0,0.2839752435684204
tile_214_59.jpeg,0,0.8153979182243347
tile_214_59.jpeg,0,0.7438374757766724
tile_214_60.jpeg,0,0.4942253828048706
tile_214_60.jpeg,0,0.3272194266319275
tile_214_60.jpeg,0,0.296387255191803
tile_214_61.jpeg,0,0.5284105539321899
tile_214_65.jpeg,0,0.7473000884056091
tile_214_67.jpeg,0,0.8079010844230652
tile_214_71.jpeg,0,0.420834481716156
tile_214_79.jpeg,0,0.7015727162361145
tile_215_20.jpeg,0,0.6579591631889343
tile_215_21.jpeg,0,0.5921251177787781
tile_215_28.jpeg,0,0.6521760821342468
tile_215_35.jpeg,0,0.4392189681529999
tile_215_4.jpeg,0,0.4522928297519684
tile_215_44.jpeg,0,0.8128276467323303
tile_215_45.jpeg,0,0.7545229196548462
tile_215_45.jpeg,0,0.5038592219352722
tile_215_46.jpeg,0,0.8171008229255676
tile_215_46.jpeg,0,0.708840012550354
tile_215_46.jpeg,0,0.441366583108902
tile_215_47.jpeg,0,0.7010655403137207
tile_215_54.jpeg,0,0.7845911979675293
tile_215_54.jpeg,0,0.7769446969032288
tile_215_55.jpeg,0,0.7539668679237366
tile_215_56.jpeg,0,0.6681815981864929
tile_215_58.jpeg,0,0.8354967832565308
tile_215_58.jpeg,0,0.643621027469635
tile_215_59.jpeg,0,0.8242933750152588
tile_215_59.jpeg,0,0.8214994668960571
tile_215_59.jpeg,0,0.5062478184700012
tile_215_60.jpeg,0,0.5437692403793335
tile_215_61.jpeg,0,0.3531371057033539
tile_215_61.jpeg,0,0.3138209581375122
tile_215_65.jpeg,0,0.28454074263572693
tile_215_67.jpeg,0,0.6254440546035767
tile_215_67.jpeg,0,0.564075231552124
tile_215_67.jpeg,0,0.4330967664718628
tile_215_68.jpeg,0,0.5024417638778687
tile_215_69.jpeg,0,0.7032193541526794
tile_215_70.jpeg,0,0.7937251329421997
tile_215_75.jpeg,0,0.3404383063316345
tile_215_82.jpeg,0,0.4451509416103363
tile_216_44.jpeg,0,0.8139044046401978
tile_216_45.jpeg,0,0.7773221731185913
tile_216_48.jpeg,0,0.5711628794670105
tile_216_48.jpeg,0,0.5596110224723816
tile_216_53.jpeg,0,0.7764018774032593
tile_216_54.jpeg,0,0.726689338684082
tile_216_54.jpeg,0,0.42431706190109253
tile_216_55.jpeg,0,0.7622504234313965
tile_216_55.jpeg,0,0.7103014588356018
tile_216_55.jpeg,0,0.6113038063049316
tile_216_55.jpeg,0,0.30792805552482605
tile_216_57.jpeg,0,0.6645839810371399
tile_216_58.jpeg,0,0.5987502932548523
tile_216_58.jpeg,0,0.4527864158153534
tile_216_58.jpeg,0,0.3627738356590271
tile_216_60.jpeg,0,0.6813220977783203
tile_216_60.jpeg,0,0.506896436214447
tile_216_60.jpeg,0,0.4430388808250427
tile_216_61.jpeg,0,0.6003058552742004
tile_216_61.jpeg,0,0.4926711916923523
tile_216_61.jpeg,0,0.28240901231765747
tile_216_66.jpeg,0,0.7784512639045715
tile_216_67.jpeg,0,0.2828995883464813
tile_216_68.jpeg,0,0.8209525942802429
tile_216_70.jpeg,0,0.8108951449394226
tile_216_71.jpeg,0,0.691608726978302
tile_216_87.jpeg,0,0.574154257774353
tile_217_43.jpeg,0,0.39131540060043335
tile_217_44.jpeg,0,0.789936900138855
tile_217_45.jpeg,0,0.47007328271865845
tile_217_45.jpeg,0,0.2899214029312134
tile_217_52.jpeg,0,0.7495895028114319
tile_217_53.jpeg,0,0.7140606045722961
tile_217_53.jpeg,0,0.30287471413612366
tile_217_55.jpeg,0,0.7526181936264038
tile_217_55.jpeg,0,0.6888014078140259
tile_217_55.jpeg,0,0.4812967777252197
tile_217_56.jpeg,0,0.39428454637527466
tile_217_57.jpeg,0,0.40043678879737854
tile_217_58.jpeg,0,0.734758734703064
tile_217_58.jpeg,0,0.28358492255210876
tile_217_60.jpeg,0,0.7687948346138
tile_217_60.jpeg,0,0.47943833470344543
tile_217_60.jpeg,0,0.3759627044200897
tile_217_61.jpeg,0,0.3591345250606537
tile_217_64.jpeg,0,0.6357559561729431
tile_217_68.jpeg,0,0.5132641792297363
tile_217_69.jpeg,0,0.5862879753112793
tile_217_94.jpeg,0,0.5559677481651306
tile_217_95.jpeg,0,0.6025470495223999
tile_218_10.jpeg,0,0.35797640681266785
tile_218_53.jpeg,0,0.3783251941204071
tile_218_54.jpeg,0,0.6860707998275757
tile_218_54.jpeg,0,0.6662341952323914
tile_218_55.jpeg,0,0.6328576803207397
tile_218_55.jpeg,0,0.39338958263397217
tile_218_56.jpeg,0,0.8191583156585693
tile_218_56.jpeg,0,0.3520379662513733
tile_218_57.jpeg,0,0.28163942694664
tile_218_60.jpeg,0,0.7951620817184448
tile_218_60.jpeg,0,0.6895630955696106
tile_218_60.jpeg,0,0.40724292397499084
tile_218_61.jpeg,0,0.784722626209259
tile_218_61.jpeg,0,0.37568968534469604
tile_218_62.jpeg,0,0.5956231951713562
tile_218_63.jpeg,0,0.6596584916114807
tile_218_64.jpeg,0,0.7561029195785522
tile_218_64.jpeg,0,0.34333571791648865
tile_218_66.jpeg,0,0.559154748916626
tile_218_66.jpeg,0,0.3955940008163452
tile_218_68.jpeg,0,0.7961846590042114
tile_218_74.jpeg,0,0.7297044396400452
tile_218_75.jpeg,0,0.4731038510799408
tile_218_81.jpeg,0,0.45977863669395447
tile_218_94.jpeg,0,0.5679206848144531
tile_218_94.jpeg,0,0.5135218501091003
tile_218_95.jpeg,0,0.5617130994796753
tile_219_20.jpeg,0,0.8092978000640869
tile_219_22.jpeg,0,0.41296330094337463
tile_219_23.jpeg,0,0.38779640197753906
tile_219_36.jpeg,0,0.6273773908615112
tile_219_38.jpeg,0,0.2964540719985962
tile_219_4.jpeg,0,0.7524989247322083
tile_219_5.jpeg,0,0.6119310855865479
tile_219_52.jpeg,0,0.5694356560707092
tile_219_52.jpeg,0,0.4046301245689392
tile_219_53.jpeg,0,0.31377869844436646
tile_219_55.jpeg,0,0.7471680641174316
tile_219_55.jpeg,0,0.5895850658416748
tile_219_55.jpeg,0,0.39446353912353516
tile_219_56.jpeg,0,0.8173978924751282
tile_219_56.jpeg,0,0.7941998243331909
tile_219_56.jpeg,0,0.6134225726127625
tile_219_57.jpeg,0,0.6924232244491577
tile_219_57.jpeg,0,0.4454313814640045
tile_219_6.jpeg,0,0.7660465240478516
tile_219_61.jpeg,0,0.5939626097679138
tile_219_61.jpeg,0,0.4608632028102875
tile_219_65.jpeg,0,0.6199966669082642
tile_219_65.jpeg,0,0.4581417739391327
tile_219_66.jpeg,0,0.569852888584137
tile_219_66.jpeg,0,0.4911673665046692
tile_219_67.jpeg,0,0.6548556089401245
tile_219_67.jpeg,0,0.48275235295295715
tile_219_67.jpeg,0,0.466092973947525
tile_219_70.jpeg,0,0.41028761863708496
tile_219_71.jpeg,0,0.7255645990371704
tile_219_71.jpeg,0,0.2877156734466553
tile_219_73.jpeg,0,0.6680997610092163
tile_219_75.jpeg,0,0.788357138633728
tile_21_20.jpeg,0,0.32046031951904297
tile_21_34.jpeg,0,0.7640442848205566
tile_21_62.jpeg,0,0.7415704131126404
tile_21_66.jpeg,0,0.5291954278945923
tile_21_91.jpeg,0,0.5536258220672607
tile_220_19.jpeg,0,0.37380021810531616
tile_220_22.jpeg,0,0.42540544271469116
tile_220_3.jpeg,0,0.4354894161224365
tile_220_4.jpeg,0,0.6172598004341125
tile_220_41.jpeg,0,0.7155969142913818
tile_220_41.jpeg,0,0.5873858332633972
tile_220_45.jpeg,0,0.6735773086547852
tile_220_46.jpeg,0,0.2813420593738556
tile_220_50.jpeg,0,0.33139121532440186
tile_220_53.jpeg,0,0.3626316785812378
tile_220_53.jpeg,0,0.3300616145133972
tile_220_53.jpeg,0,0.2797347605228424
tile_220_55.jpeg,0,0.7320683002471924
tile_220_55.jpeg,0,0.5657820105552673
tile_220_56.jpeg,0,0.5554646253585815
tile_220_60.jpeg,0,0.7707284688949585
tile_220_61.jpeg,0,0.5497767329216003
tile_220_62.jpeg,0,0.7226501107215881
tile_220_62.jpeg,0,0.543491542339325
tile_220_63.jpeg,0,0.35111019015312195
tile_220_65.jpeg,0,0.6744105815887451
tile_220_66.jpeg,0,0.5062598586082458
tile_220_67.jpeg,0,0.6994810700416565
tile_220_67.jpeg,0,0.6504086852073669
tile_220_70.jpeg,0,0.6218222379684448
tile_220_71.jpeg,0,0.6983603835105896
tile_220_74.jpeg,0,0.5871321558952332
tile_220_8.jpeg,0,0.8344212770462036
tile_220_81.jpeg,0,0.283197820186615
tile_220_94.jpeg,0,0.7731988430023193
tile_221_42.jpeg,0,0.7855787873268127
tile_221_44.jpeg,0,0.44425463676452637
tile_221_44.jpeg,0,0.42474085092544556
tile_221_47.jpeg,0,0.805618941783905
tile_221_55.jpeg,0,0.6979098320007324
tile_221_57.jpeg,0,0.7837713360786438
tile_221_58.jpeg,0,0.495281457901001
tile_221_6.jpeg,0,0.30659255385398865
tile_221_60.jpeg,0,0.6785181164741516
tile_221_60.jpeg,0,0.597471296787262
tile_221_60.jpeg,0,0.3646688461303711
tile_221_60.jpeg,0,0.29776090383529663
tile_221_61.jpeg,0,0.3828783929347992
tile_221_61.jpeg,0,0.35710614919662476
tile_221_63.jpeg,0,0.6955420970916748
tile_221_63.jpeg,0,0.3793431222438812
tile_221_63.jpeg,0,0.3543434143066406
tile_221_64.jpeg,0,0.5800429582595825
tile_221_65.jpeg,0,0.7515787482261658
tile_221_66.jpeg,0,0.6615471839904785
tile_221_66.jpeg,0,0.3752734065055847
tile_221_67.jpeg,0,0.3250129520893097
tile_221_8.jpeg,0,0.40550652146339417
tile_221_9.jpeg,0,0.813819169998169
tile_222_19.jpeg,0,0.6631118059158325
tile_222_32.jpeg,0,0.6368534564971924
tile_222_4.jpeg,0,0.7137595415115356
tile_222_43.jpeg,0,0.7007601857185364
tile_222_44.jpeg,0,0.7844528555870056
tile_222_49.jpeg,0,0.7814408540725708
tile_222_55.jpeg,0,0.666124701499939
tile_222_56.jpeg,0,0.39011818170547485
tile_222_57.jpeg,0,0.6223693490028381
tile_222_57.jpeg,0,0.5608978867530823
tile_222_57.jpeg,0,0.35978206992149353
tile_222_61.jpeg,0,0.6675797700881958
tile_222_61.jpeg,0,0.5813995003700256
tile_222_63.jpeg,0,0.5413083434104919
tile_222_63.jpeg,0,0.4671838879585266
tile_222_63.jpeg,0,0.36625367403030396
tile_222_65.jpeg,0,0.4336024224758148
tile_222_66.jpeg,0,0.402563214302063
tile_222_74.jpeg,0,0.7788578867912292
tile_222_75.jpeg,0,0.3315630555152893
tile_222_75.jpeg,0,0.3257136940956116
tile_222_76.jpeg,0,0.7777279019355774
tile_222_8.jpeg,0,0.6840211153030396
tile_222_85.jpeg,0,0.6254733204841614
tile_222_86.jpeg,0,0.7551025748252869
tile_223_3.jpeg,0,0.4351273477077484
tile_223_32.jpeg,0,0.744435727596283
tile_223_4.jpeg,0,0.355873703956604
tile_223_56.jpeg,0,0.813465416431427
tile_223_57.jpeg,0,0.6599463224411011
tile_223_57.jpeg,0,0.44990864396095276
tile_223_58.jpeg,0,0.5869221091270447
tile_223_61.jpeg,0,0.5513812303543091
tile_223_61.jpeg,0,0.4292934238910675
tile_223_63.jpeg,0,0.644906759262085
tile_223_64.jpeg,0,0.5705312490463257
tile_223_7.jpeg,0,0.7076549530029297
tile_223_7.jpeg,0,0.6801621317863464
tile_223_71.jpeg,0,0.6954768896102905
tile_223_75.jpeg,0,0.5253276824951172
tile_223_76.jpeg,0,0.6795722842216492
tile_223_77.jpeg,0,0.7291890382766724
tile_223_79.jpeg,0,0.541127622127533
tile_223_8.jpeg,0,0.4684574604034424
tile_223_80.jpeg,0,0.4151183068752289
tile_224_2.jpeg,0,0.7344123125076294
tile_224_41.jpeg,0,0.6895370483398438
tile_224_44.jpeg,0,0.5202021598815918
tile_224_45.jpeg,0,0.4005398154258728
tile_224_45.jpeg,0,0.33945512771606445
tile_224_45.jpeg,0,0.2905283272266388
tile_224_46.jpeg,0,0.824180006980896
tile_224_48.jpeg,0,0.614763081073761
tile_224_56.jpeg,0,0.42821601033210754
tile_224_56.jpeg,0,0.37999430298805237
tile_224_57.jpeg,0,0.7198606133460999
tile_224_57.jpeg,0,0.49245116114616394
tile_224_57.jpeg,0,0.46771886944770813
tile_224_57.jpeg,0,0.3981887400150299
tile_224_59.jpeg,0,0.6732644438743591
tile_224_66.jpeg,0,0.8484077453613281
tile_224_67.jpeg,0,0.6120744943618774
tile_224_78.jpeg,0,0.7949743866920471
tile_224_79.jpeg,0,0.5746849775314331
tile_224_79.jpeg,0,0.4945295453071594
tile_224_80.jpeg,0,0.669434666633606
tile_224_80.jpeg,0,0.4251565933227539
tile_225_2.jpeg,0,0.2973287105560303
tile_225_4.jpeg,0,0.44038426876068115
tile_225_41.jpeg,0,0.373792439699173
tile_225_42.jpeg,0,0.7069529294967651
tile_225_44.jpeg,0,0.41267094016075134
tile_225_45.jpeg,0,0.6081454157829285
tile_225_45.jpeg,0,0.2855495810508728
tile_225_49.jpeg,0,0.6556519865989685
tile_225_60.jpeg,0,0.43974485993385315
tile_225_60.jpeg,0,0.40670686960220337
tile_225_61.jpeg,0,0.3366868495941162
tile_225_65.jpeg,0,0.5108294486999512
tile_225_65.jpeg,0,0.4177100658416748
tile_225_74.jpeg,0,0.5609344244003296
tile_225_76.jpeg,0,0.5290651321411133
tile_226_1.jpeg,0,0.3149019181728363
tile_226_33.jpeg,0,0.3120450973510742
tile_226_4.jpeg,0,0.510337769985199
tile_226_40.jpeg,0,0.3833470642566681
tile_226_45.jpeg,0,0.3188740313053131
tile_226_48.jpeg,0,0.7010860443115234
tile_226_49.jpeg,0,0.8104576468467712
tile_226_56.jpeg,0,0.48381394147872925
tile_226_61.jpeg,0,0.7435910105705261
tile_226_61.jpeg,0,0.4307016134262085
tile_226_61.jpeg,0,0.3650825619697571
tile_226_64.jpeg,0,0.7486726641654968
tile_226_64.jpeg,0,0.6943264603614807
tile_226_64.jpeg,0,0.6542478203773499
tile_226_64.jpeg,0,0.5047910809516907
tile_226_64.jpeg,0,0.39064541459083557
tile_226_65.jpeg,0,0.42750921845436096
tile_226_67.jpeg,0,0.746821403503418
tile_226_70.jpeg,0,0.6882304549217224
tile_226_78.jpeg,0,0.7288848161697388
tile_227_40.jpeg,0,0.5649658441543579
tile_227_42.jpeg,0,0.3827797770500183
tile_227_43.jpeg,0,0.31373798847198486
tile_227_49.jpeg,0,0.3428516685962677
tile_227_55.jpeg,0,0.7569318413734436
tile_227_55.jpeg,0,0.5689023733139038
tile_227_55.jpeg,0,0.5590469837188721
tile_227_55.jpeg,0,0.37735262513160706
tile_227_56.jpeg,0,0.7467310428619385
tile_227_56.jpeg,0,0.49109718203544617
tile_227_56.jpeg,0,0.4522149860858917
tile_227_57.jpeg,0,0.6190748810768127
tile_227_57.jpeg,0,0.39622440934181213
tile_227_58.jpeg,0,0.552310049533844
tile_227_61.jpeg,0,0.8222371935844421
tile_227_61.jpeg,0,0.6480135917663574
tile_227_75.jpeg,0,0.3375542461872101
tile_227_78.jpeg,0,0.5268557071685791
tile_228_42.jpeg,0,0.3406025767326355
tile_228_47.jpeg,0,0.6929949522018433
tile_228_55.jpeg,0,0.7323737144470215
tile_228_56.jpeg,0,0.8072692155838013
tile_228_56.jpeg,0,0.625058114528656
tile_228_56.jpeg,0,0.5503766536712646
tile_228_56.jpeg,0,0.547715961933136
tile_228_56.jpeg,0,0.43271535634994507
tile_228_59.jpeg,0,0.7895687818527222
tile_228_59.jpeg,0,0.4456370770931244
tile_228_59.jpeg,0,0.423757940530777
tile_228_61.jpeg,0,0.49323874711990356
tile_228_62.jpeg,0,0.44687125086784363
tile_228_62.jpeg,0,0.4235886335372925
tile_228_63.jpeg,0,0.49052366614341736
tile_228_64.jpeg,0,0.49604639410972595
tile_228_76.jpeg,0,0.5447162389755249
tile_228_78.jpeg,0,0.2808155119419098
tile_228_79.jpeg,0,0.6538714170455933
tile_228_81.jpeg,0,0.7524062991142273
tile_229_4.jpeg,0,0.3349379301071167
tile_229_43.jpeg,0,0.4805961549282074
tile_229_56.jpeg,0,0.6881755590438843
tile_229_56.jpeg,0,0.513214647769928
tile_229_56.jpeg,0,0.3852945864200592
tile_229_57.jpeg,0,0.7819676399230957
tile_229_57.jpeg,0,0.6840834617614746
tile_229_57.jpeg,0,0.6086626648902893
tile_229_59.jpeg,0,0.7867370247840881
tile_229_59.jpeg,0,0.7054311037063599
tile_229_59.jpeg,0,0.34669291973114014
tile_229_61.jpeg,0,0.4784468114376068
tile_229_61.jpeg,0,0.47193643450737
tile_229_61.jpeg,0,0.280803382396698
tile_229_62.jpeg,0,0.7501720786094666
tile_229_64.jpeg,0,0.5269416570663452
tile_229_64.jpeg,0,0.28731855750083923
tile_229_65.jpeg,0,0.5588864088058472
tile_229_65.jpeg,0,0.4708935618400574
tile_229_67.jpeg,0,0.7195879817008972
tile_229_76.jpeg,0,0.790621817111969
tile_229_76.jpeg,0,0.6042461395263672
tile_229_76.jpeg,0,0.5278779864311218
tile_229_76.jpeg,0,0.27631980180740356
tile_229_77.jpeg,0,0.3861618638038635
tile_22_19.jpeg,0,0.7932685613632202
tile_22_19.jpeg,0,0.2840586006641388
tile_22_32.jpeg,0,0.6279375553131104
tile_22_33.jpeg,0,0.6810024976730347
tile_22_44.jpeg,0,0.4220760464668274
tile_22_46.jpeg,0,0.7283092141151428
tile_22_5.jpeg,0,0.7131126523017883
tile_22_85.jpeg,0,0.297116219997406
tile_22_86.jpeg,0,0.7067500948905945
tile_230_47.jpeg,0,0.38408616185188293
tile_230_49.jpeg,0,0.8218105435371399
tile_230_56.jpeg,0,0.6504872441291809
tile_230_56.jpeg,0,0.457266241312027
tile_230_56.jpeg,0,0.3926211893558502
tile_230_57.jpeg,0,0.33664897084236145
tile_230_58.jpeg,0,0.688657283782959
tile_230_60.jpeg,0,0.79328852891922
tile_230_63.jpeg,0,0.6501626372337341
tile_230_64.jpeg,0,0.5223650336265564
tile_230_66.jpeg,0,0.30018845200538635
tile_230_73.jpeg,0,0.4142865240573883
tile_230_78.jpeg,0,0.7469556927680969
tile_231_55.jpeg,0,0.5618088841438293
tile_231_56.jpeg,0,0.7127145528793335
tile_231_56.jpeg,0,0.6520287394523621
tile_231_57.jpeg,0,0.7242144346237183
tile_231_58.jpeg,0,0.42839112877845764
tile_231_58.jpeg,0,0.3697023391723633
tile_231_62.jpeg,0,0.6351414918899536
tile_231_62.jpeg,0,0.6110110878944397
tile_231_62.jpeg,0,0.4523843228816986
tile_231_63.jpeg,0,0.3122604787349701
tile_231_64.jpeg,0,0.827910304069519
tile_231_64.jpeg,0,0.7661819458007812
tile_231_75.jpeg,0,0.46819397807121277
tile_232_12.jpeg,0,0.7228326797485352
tile_232_56.jpeg,0,0.8420371413230896
tile_232_59.jpeg,0,0.4531441330909729
tile_232_62.jpeg,0,0.6010565161705017
tile_232_62.jpeg,0,0.41463354229927063
tile_232_62.jpeg,0,0.296210914850235
tile_232_77.jpeg,0,0.7491095662117004
tile_232_77.jpeg,0,0.5282291173934937
tile_232_81.jpeg,0,0.7154563069343567
tile_232_82.jpeg,0,0.8223904371261597
tile_233_33.jpeg,0,0.7889081835746765
tile_233_34.jpeg,0,0.4518571197986603
tile_233_56.jpeg,0,0.31538859009742737
tile_233_57.jpeg,0,0.798729658126831
tile_233_58.jpeg,0,0.7351668477058411
tile_233_59.jpeg,0,0.6852445006370544
tile_233_59.jpeg,0,0.6224915981292725
tile_233_61.jpeg,0,0.691960871219635
tile_233_62.jpeg,0,0.769389808177948
tile_233_62.jpeg,0,0.697564423084259
tile_233_77.jpeg,0,0.28407618403434753
tile_233_78.jpeg,0,0.38414520025253296
tile_234_56.jpeg,0,0.6997955441474915
tile_234_56.jpeg,0,0.3299972116947174
tile_234_58.jpeg,0,0.6551429033279419
tile_234_58.jpeg,0,0.5978734493255615
tile_234_58.jpeg,0,0.3584420084953308
tile_234_60.jpeg,0,0.4218415915966034
tile_234_61.jpeg,0,0.7348002791404724
tile_234_61.jpeg,0,0.7065194845199585
tile_234_61.jpeg,0,0.31969478726387024
tile_234_62.jpeg,0,0.7149333953857422
tile_234_77.jpeg,0,0.5720359086990356
tile_234_9.jpeg,0,0.3147197365760803
tile_235_47.jpeg,0,0.6235249638557434
tile_235_56.jpeg,0,0.784315288066864
tile_235_56.jpeg,0,0.6573025584220886
tile_235_56.jpeg,0,0.6057005524635315
tile_235_57.jpeg,0,0.7308057546615601
tile_235_60.jpeg,0,0.7079058885574341
tile_235_77.jpeg,0,0.7108116149902344
tile_235_8.jpeg,0,0.4386868178844452
tile_235_80.jpeg,0,0.8133227825164795
tile_235_82.jpeg,0,0.5914196968078613
tile_235_82.jpeg,0,0.530285656452179
tile_235_83.jpeg,0,0.6997895240783691
tile_235_83.jpeg,0,0.3586369454860687
tile_235_83.jpeg,0,0.3502987325191498
tile_235_84.jpeg,0,0.6406153440475464
tile_235_90.jpeg,0,0.5735089182853699
tile_236_46.jpeg,0,0.29418709874153137
tile_236_55.jpeg,0,0.4667251408100128
tile_236_59.jpeg,0,0.7962414026260376
tile_236_59.jpeg,0,0.5425027012825012
tile_236_61.jpeg,0,0.6325811743736267
tile_236_80.jpeg,0,0.45962315797805786
tile_236_81.jpeg,0,0.619840681552887
tile_236_81.jpeg,0,0.6012780666351318
tile_236_81.jpeg,0,0.2795087993144989
tile_236_83.jpeg,0,0.4175514280796051
tile_237_45.jpeg,0,0.42724382877349854
tile_237_5.jpeg,0,0.7703323364257812
tile_237_55.jpeg,0,0.5308108925819397
tile_237_55.jpeg,0,0.2772488594055176
tile_237_56.jpeg,0,0.772582471370697
tile_237_57.jpeg,0,0.7697152495384216
tile_237_57.jpeg,0,0.45772725343704224
tile_237_59.jpeg,0,0.8006047010421753
tile_237_6.jpeg,0,0.3704981505870819
tile_237_61.jpeg,0,0.33031708002090454
tile_237_76.jpeg,0,0.48069024085998535
tile_237_77.jpeg,0,0.4459003806114197
tile_237_77.jpeg,0,0.35287463665008545
tile_237_81.jpeg,0,0.7942952513694763
tile_237_82.jpeg,0,0.8210383653640747
tile_238_42.jpeg,0,0.7879363298416138
tile_238_46.jpeg,0,0.6749881505966187
tile_238_46.jpeg,0,0.6604434251785278
tile_238_47.jpeg,0,0.7811299562454224
tile_238_5.jpeg,0,0.29078537225723267
tile_238_55.jpeg,0,0.4960103929042816
tile_238_55.jpeg,0,0.400272935628891
tile_238_58.jpeg,0,0.4007648527622223
tile_238_58.jpeg,0,0.37191420793533325
tile_238_59.jpeg,0,0.6646188497543335
tile_238_74.jpeg,0,0.5459879040718079
tile_238_75.jpeg,0,0.4468511939048767
tile_238_76.jpeg,0,0.3501322865486145
tile_238_77.jpeg,0,0.37375548481941223
tile_239_3.jpeg,0,0.6914859414100647
tile_239_55.jpeg,0,0.4367813766002655
tile_239_61.jpeg,0,0.7908490896224976
tile_239_67.jpeg,0,0.33256539702415466
tile_239_78.jpeg,0,0.4416740834712982
tile_23_1.jpeg,0,0.8362815380096436
tile_23_24.jpeg,0,0.7735611796379089
tile_23_41.jpeg,0,0.702134907245636
tile_23_68.jpeg,0,0.4524146020412445
tile_23_70.jpeg,0,0.36196836829185486
tile_23_86.jpeg,0,0.46319419145584106
tile_24_1.jpeg,0,0.4768166244029999
tile_24_10.jpeg,0,0.5950184464454651
tile_24_15.jpeg,0,0.7804243564605713
tile_24_26.jpeg,0,0.6210349202156067
tile_24_27.jpeg,0,0.7707554697990417
tile_24_41.jpeg,0,0.7603207230567932
tile_24_68.jpeg,0,0.7004719972610474
tile_24_81.jpeg,0,0.5983433723449707
tile_25_21.jpeg,0,0.6260404586791992
tile_25_27.jpeg,0,0.47017529606819153
tile_25_35.jpeg,0,0.5518195033073425
tile_25_37.jpeg,0,0.5177944898605347
tile_25_45.jpeg,0,0.5806994438171387
tile_25_61.jpeg,0,0.8400041460990906
tile_25_68.jpeg,0,0.4151681065559387
tile_25_69.jpeg,0,0.6635400652885437
tile_25_82.jpeg,0,0.5027235746383667
tile_25_9.jpeg,0,0.4336685240268707
tile_26_26.jpeg,0,0.6700795888900757
tile_26_45.jpeg,0,0.7024333477020264
tile_26_49.jpeg,0,0.8077335953712463
tile_26_6.jpeg,0,0.6713578701019287
tile_26_84.jpeg,0,0.7352994084358215
tile_27_11.jpeg,0,0.5962594747543335
tile_27_26.jpeg,0,0.7617248892784119
tile_27_26.jpeg,0,0.2994726002216339
tile_27_36.jpeg,0,0.43771013617515564
tile_27_47.jpeg,0,0.47970396280288696
tile_27_48.jpeg,0,0.7243871688842773
tile_27_49.jpeg,0,0.7465144395828247
tile_27_52.jpeg,0,0.35014498233795166
tile_27_57.jpeg,0,0.6037479639053345
tile_27_65.jpeg,0,0.7666256427764893
tile_27_80.jpeg,0,0.3002013564109802
tile_27_91.jpeg,0,0.8033190965652466
tile_28_10.jpeg,0,0.7541471719741821
tile_28_11.jpeg,0,0.6319908499717712
tile_28_13.jpeg,0,0.37786951661109924
tile_28_17.jpeg,0,0.764980673789978
tile_28_26.jpeg,0,0.34656959772109985
tile_28_39.jpeg,0,0.7926355600357056
tile_28_50.jpeg,0,0.5588464140892029
tile_28_59.jpeg,0,0.6107081174850464
tile_28_59.jpeg,0,0.5875975489616394
tile_28_60.jpeg,0,0.47089260816574097
tile_28_77.jpeg,0,0.4016507565975189
tile_28_9.jpeg,0,0.4906947910785675
tile_29_10.jpeg,0,0.7419010400772095
tile_29_11.jpeg,0,0.7445140480995178
tile_29_13.jpeg,0,0.6873250007629395
tile_29_13.jpeg,0,0.2909376323223114
tile_29_17.jpeg,0,0.6482276916503906
tile_29_26.jpeg,0,0.7082857489585876
tile_29_59.jpeg,0,0.7217950224876404
tile_29_95.jpeg,0,0.7408806681632996
tile_2_12.jpeg,0,0.40183138847351074
tile_2_30.jpeg,0,0.4235406816005707
tile_2_32.jpeg,0,0.798004686832428
tile_2_34.jpeg,0,0.39472511410713196
tile_2_53.jpeg,0,0.3223876357078552
tile_2_7.jpeg,0,0.7675053477287292
tile_30_18.jpeg,0,0.38689756393432617
tile_30_40.jpeg,0,0.44790807366371155
tile_30_51.jpeg,0,0.30092889070510864
tile_30_53.jpeg,0,0.7018985152244568
tile_30_54.jpeg,0,0.805389940738678
tile_30_55.jpeg,0,0.795707643032074
tile_30_61.jpeg,0,0.7981423735618591
tile_31_29.jpeg,0,0.48906630277633667
tile_31_55.jpeg,0,0.3447391390800476
tile_32_29.jpeg,0,0.47697582840919495
tile_32_3.jpeg,0,0.349909245967865
tile_32_4.jpeg,0,0.3406955301761627
tile_32_40.jpeg,0,0.8419146537780762
tile_32_43.jpeg,0,0.5268835425376892
tile_32_66.jpeg,0,0.3019713759422302
tile_33_19.jpeg,0,0.3268369138240814
tile_33_20.jpeg,0,0.6128128170967102
tile_33_72.jpeg,0,0.2893170416355133
tile_33_74.jpeg,0,0.6054328680038452
tile_33_77.jpeg,0,0.7724618315696716
tile_33_94.jpeg,0,0.3230859339237213
tile_34_42.jpeg,0,0.48693475127220154
tile_34_46.jpeg,0,0.6459958553314209
tile_34_77.jpeg,0,0.2898135185241699
tile_34_85.jpeg,0,0.4439448118209839
tile_34_86.jpeg,0,0.8096593618392944
tile_35_19.jpeg,0,0.46606993675231934
tile_35_26.jpeg,0,0.6212145686149597
tile_35_3.jpeg,0,0.36032524704933167
tile_35_35.jpeg,0,0.5126878023147583
tile_35_45.jpeg,0,0.3478253483772278
tile_35_61.jpeg,0,0.6989134550094604
tile_35_74.jpeg,0,0.7909016609191895
tile_35_91.jpeg,0,0.37044307589530945
tile_36_35.jpeg,0,0.4331790804862976
tile_36_61.jpeg,0,0.3070318400859833
tile_36_74.jpeg,0,0.796981930732727
tile_37_57.jpeg,0,0.7422417402267456
tile_37_68.jpeg,0,0.29499414563179016
tile_37_75.jpeg,0,0.835965096950531
tile_38_11.jpeg,0,0.6675840616226196
tile_38_15.jpeg,0,0.7994639277458191
tile_38_25.jpeg,0,0.5030879378318787
tile_38_40.jpeg,0,0.7745397090911865
tile_38_41.jpeg,0,0.8282796144485474
tile_38_59.jpeg,0,0.7444099187850952
tile_38_76.jpeg,0,0.7073184251785278
tile_38_77.jpeg,0,0.4999130070209503
tile_38_8.jpeg,0,0.3484632074832916
tile_39_10.jpeg,0,0.8078611493110657
tile_39_11.jpeg,0,0.5042276978492737
tile_39_13.jpeg,0,0.6700617671012878
tile_39_23.jpeg,0,0.7047325968742371
tile_39_24.jpeg,0,0.46682706475257874
tile_39_8.jpeg,0,0.6004270911216736
tile_39_94.jpeg,0,0.6481913924217224
tile_39_95.jpeg,0,0.6786155104637146
tile_3_17.jpeg,0,0.41144463419914246
tile_3_18.jpeg,0,0.6268790364265442
tile_3_29.jpeg,0,0.38911765813827515
tile_3_55.jpeg,0,0.6300561428070068
tile_3_55.jpeg,0,0.31065037846565247
tile_3_56.jpeg,0,0.6631125211715698
tile_3_64.jpeg,0,0.3658914864063263
tile_40_10.jpeg,0,0.5080623626708984
tile_40_13.jpeg,0,0.7379855513572693
tile_40_26.jpeg,0,0.4299618899822235
tile_40_39.jpeg,0,0.29295364022254944
tile_40_66.jpeg,0,0.6752551794052124
tile_40_67.jpeg,0,0.37312814593315125
tile_40_72.jpeg,0,0.7558205127716064
tile_40_95.jpeg,0,0.5971384644508362
tile_41_0.jpeg,0,0.4080831706523895
tile_41_57.jpeg,0,0.7981064319610596
tile_41_63.jpeg,0,0.6162505745887756
tile_41_65.jpeg,0,0.7187330722808838
tile_41_67.jpeg,0,0.678432047367096
tile_41_79.jpeg,0,0.47397580742836
tile_42_10.jpeg,0,0.7666137218475342
tile_42_11.jpeg,0,0.8013512492179871
tile_42_15.jpeg,0,0.3155996799468994
tile_42_16.jpeg,0,0.7989115715026855
tile_42_47.jpeg,0,0.5816616415977478
tile_42_67.jpeg,0,0.7991666793823242
tile_42_74.jpeg,0,0.46443694829940796
tile_42_78.jpeg,0,0.3050740957260132
tile_42_79.jpeg,0,0.7860649228096008
tile_42_94.jpeg,0,0.36000877618789673
tile_43_16.jpeg,0,0.565791666507721
tile_43_53.jpeg,0,0.402956485748291
tile_43_63.jpeg,0,0.30558905005455017
tile_43_67.jpeg,0,0.48044663667678833
tile_44_16.jpeg,0,0.6348652839660645
tile_44_53.jpeg,0,0.5401067733764648
tile_44_60.jpeg,0,0.8087838888168335
tile_44_64.jpeg,0,0.7494579553604126
tile_44_76.jpeg,0,0.7146865725517273
tile_45_16.jpeg,0,0.6388592720031738
tile_45_17.jpeg,0,0.5670438408851624
tile_45_23.jpeg,0,0.5514864325523376
tile_45_31.jpeg,0,0.31188443303108215
tile_45_53.jpeg,0,0.7889013290405273
tile_45_60.jpeg,0,0.43348726630210876
tile_45_68.jpeg,0,0.576429009437561
tile_45_69.jpeg,0,0.545678436756134
tile_45_90.jpeg,0,0.46589234471321106
tile_45_91.jpeg,0,0.5360231995582581
tile_46_2.jpeg,0,0.7076717019081116
tile_46_23.jpeg,0,0.4715879261493683
tile_46_3.jpeg,0,0.7120158672332764
tile_46_41.jpeg,0,0.48455479741096497
tile_46_69.jpeg,0,0.7830494046211243
tile_46_8.jpeg,0,0.8070237040519714
tile_46_9.jpeg,0,0.8291046619415283
tile_47_19.jpeg,0,0.5603899955749512
tile_47_41.jpeg,0,0.7123048901557922
tile_47_58.jpeg,0,0.8208590149879456
tile_47_63.jpeg,0,0.6745560765266418
tile_47_76.jpeg,0,0.7139600515365601
tile_48_10.jpeg,0,0.7996761798858643
tile_48_20.jpeg,0,0.7775282859802246
tile_48_43.jpeg,0,0.7928592562675476
tile_48_66.jpeg,0,0.4280162453651428
tile_48_84.jpeg,0,0.7537446618080139
tile_48_90.jpeg,0,0.430841326713562
tile_49_36.jpeg,0,0.6839226484298706
tile_49_46.jpeg,0,0.3970229923725128
tile_49_53.jpeg,0,0.40398380160331726
tile_49_83.jpeg,0,0.45600828528404236
tile_49_87.jpeg,0,0.5715250372886658
tile_49_91.jpeg,0,0.42834755778312683
tile_49_92.jpeg,0,0.3330564796924591
tile_49_96.jpeg,0,0.7536574006080627
tile_4_22.jpeg,0,0.8096832036972046
tile_4_23.jpeg,0,0.7106844782829285
tile_4_30.jpeg,0,0.3013330101966858
tile_50_36.jpeg,0,0.4040934443473816
tile_50_39.jpeg,0,0.3278473913669586
tile_50_66.jpeg,0,0.28013738989830017
tile_50_73.jpeg,0,0.5272102355957031
tile_50_84.jpeg,0,0.6916824579238892
tile_50_91.jpeg,0,0.5152149796485901
tile_50_92.jpeg,0,0.7253080606460571
tile_50_95.jpeg,0,0.7003634572029114
tile_51_39.jpeg,0,0.6916624307632446
tile_51_52.jpeg,0,0.3922613561153412
tile_51_7.jpeg,0,0.8063766956329346
tile_51_73.jpeg,0,0.2823267877101898
tile_51_74.jpeg,0,0.39355194568634033
tile_51_79.jpeg,0,0.39567726850509644
tile_51_89.jpeg,0,0.3616016209125519
tile_52_57.jpeg,0,0.7485857605934143
tile_52_58.jpeg,0,0.4953942596912384
tile_52_74.jpeg,0,0.7709508538246155
tile_52_79.jpeg,0,0.6948419809341431
tile_53_12.jpeg,0,0.7739139199256897
tile_53_64.jpeg,0,0.7435919046401978
tile_53_9.jpeg,0,0.8149632811546326
tile_53_92.jpeg,0,0.7335852980613708
tile_54_19.jpeg,0,0.8145448565483093
tile_54_44.jpeg,0,0.7658753395080566
tile_54_54.jpeg,0,0.8558388352394104
tile_54_9.jpeg,0,0.42355746030807495
tile_55_4.jpeg,0,0.3702806830406189
tile_55_5.jpeg,0,0.45126745104789734
tile_55_60.jpeg,0,0.6802380681037903
tile_55_68.jpeg,0,0.84283846616745
tile_55_73.jpeg,0,0.5443112850189209
tile_55_9.jpeg,0,0.7103064656257629
tile_56_30.jpeg,0,0.6622536182403564
tile_56_31.jpeg,0,0.432012140750885
tile_56_39.jpeg,0,0.6452329754829407
tile_56_40.jpeg,0,0.7802661657333374
tile_56_45.jpeg,0,0.7696869373321533
tile_56_60.jpeg,0,0.7197808623313904
tile_56_73.jpeg,0,0.8140385746955872
tile_57_25.jpeg,0,0.7776965498924255
tile_57_41.jpeg,0,0.6996079683303833
tile_57_48.jpeg,0,0.3404141962528229
tile_57_60.jpeg,0,0.4696965217590332
tile_57_91.jpeg,0,0.8222414255142212
tile_57_94.jpeg,0,0.4352395236492157
tile_58_51.jpeg,0,0.5660609006881714
tile_59_93.jpeg,0,0.37069255113601685
tile_5_19.jpeg,0,0.7975433468818665
tile_5_21.jpeg,0,0.5815035104751587
tile_5_26.jpeg,0,0.8098195195198059
tile_5_55.jpeg,0,0.7268970608711243
tile_5_84.jpeg,0,0.6424362659454346
tile_5_85.jpeg,0,0.580655038356781
tile_60_31.jpeg,0,0.5181427001953125
tile_60_32.jpeg,0,0.7671777606010437
tile_60_33.jpeg,0,0.2860542833805084
tile_60_41.jpeg,0,0.54659104347229
tile_60_72.jpeg,0,0.7423655390739441
tile_60_77.jpeg,0,0.505578875541687
tile_60_78.jpeg,0,0.5397093296051025
tile_61_33.jpeg,0,0.8069130182266235
tile_61_33.jpeg,0,0.7176247835159302
tile_61_57.jpeg,0,0.830622673034668
tile_61_59.jpeg,0,0.6713637113571167
tile_61_78.jpeg,0,0.8043122887611389
tile_61_78.jpeg,0,0.7365432381629944
tile_61_79.jpeg,0,0.4240852892398834
tile_62_2.jpeg,0,0.6286225318908691
tile_62_39.jpeg,0,0.3555845618247986
tile_62_59.jpeg,0,0.6287227869033813
tile_63_2.jpeg,0,0.4888061583042145
tile_63_27.jpeg,0,0.7423608899116516
tile_63_3.jpeg,0,0.3785206377506256
tile_63_34.jpeg,0,0.768054187297821
tile_63_34.jpeg,0,0.5992580652236938
tile_63_4.jpeg,0,0.7001162171363831
tile_63_63.jpeg,0,0.5536487102508545
tile_63_68.jpeg,0,0.3884730339050293
tile_63_77.jpeg,0,0.753746747970581
tile_63_91.jpeg,0,0.4989146888256073
tile_64_17.jpeg,0,0.6613471508026123
tile_64_33.jpeg,0,0.7514124512672424
tile_64_34.jpeg,0,0.5648053884506226
tile_64_34.jpeg,0,0.3465052545070648
tile_64_38.jpeg,0,0.5553584098815918
tile_64_4.jpeg,0,0.5811161994934082
tile_64_46.jpeg,0,0.8387527465820312
tile_64_56.jpeg,0,0.7404375076293945
tile_64_57.jpeg,0,0.7971289753913879
tile_64_57.jpeg,0,0.7866565585136414
tile_64_66.jpeg,0,0.6867313385009766
tile_64_76.jpeg,0,0.7224931716918945
tile_64_86.jpeg,0,0.33242547512054443
tile_64_87.jpeg,0,0.4460066556930542
tile_64_91.jpeg,0,0.34286370873451233
tile_65_20.jpeg,0,0.7899980545043945
tile_65_22.jpeg,0,0.6411875486373901
tile_65_25.jpeg,0,0.5694401264190674
tile_65_34.jpeg,0,0.7953000068664551
tile_65_44.jpeg,0,0.745185911655426
tile_65_45.jpeg,0,0.3908890187740326
tile_65_59.jpeg,0,0.6236339211463928
tile_65_91.jpeg,0,0.41720959544181824
tile_65_95.jpeg,0,0.6498215198516846
tile_66_25.jpeg,0,0.4415242671966553
tile_66_59.jpeg,0,0.712501585483551
tile_66_73.jpeg,0,0.7436618208885193
tile_66_78.jpeg,0,0.7925963401794434
tile_66_79.jpeg,0,0.41218408942222595
tile_66_91.jpeg,0,0.7442502975463867
tile_67_12.jpeg,0,0.4618903696537018
tile_67_13.jpeg,0,0.6194653511047363
tile_67_28.jpeg,0,0.7884203195571899
tile_67_33.jpeg,0,0.6826549172401428
tile_67_72.jpeg,0,0.6811714768409729
tile_67_78.jpeg,0,0.3016819953918457
tile_67_84.jpeg,0,0.7834814786911011
tile_68_12.jpeg,0,0.8182340264320374
tile_68_24.jpeg,0,0.5527852773666382
tile_68_40.jpeg,0,0.8848512768745422
tile_68_41.jpeg,0,0.7638745307922363
tile_68_45.jpeg,0,0.8035029768943787
tile_68_45.jpeg,0,0.7991933822631836
tile_68_52.jpeg,0,0.328466534614563
tile_68_55.jpeg,0,0.5199868083000183
tile_68_72.jpeg,0,0.7742999792098999
tile_68_85.jpeg,0,0.6909303665161133
tile_68_93.jpeg,0,0.6701565980911255
tile_69_40.jpeg,0,0.49089476466178894
tile_69_43.jpeg,0,0.6236779689788818
tile_69_65.jpeg,0,0.8220354318618774
tile_69_75.jpeg,0,0.4137481451034546
tile_69_79.jpeg,0,0.704465925693512
tile_69_90.jpeg,0,0.2798772156238556
tile_69_91.jpeg,0,0.8234162926673889
tile_6_23.jpeg,0,0.7992820143699646
tile_6_79.jpeg,0,0.5019265413284302
tile_6_8.jpeg,0,0.7050915360450745
tile_6_82.jpeg,0,0.5150238275527954
tile_6_9.jpeg,0,0.7621827721595764
tile_70_27.jpeg,0,0.7799670696258545
tile_70_29.jpeg,0,0.28639957308769226
tile_70_32.jpeg,0,0.7739514112472534
tile_70_37.jpeg,0,0.7503727078437805
tile_70_40.jpeg,0,0.339503675699234
tile_70_41.jpeg,0,0.7555685639381409
tile_70_41.jpeg,0,0.6745595335960388
tile_70_56.jpeg,0,0.4794967770576477
tile_70_67.jpeg,0,0.3491850197315216
tile_70_75.jpeg,0,0.453961044549942
tile_70_76.jpeg,0,0.6280785202980042
tile_70_79.jpeg,0,0.28962746262550354
tile_70_93.jpeg,0,0.795627236366272
tile_70_95.jpeg,0,0.6823498010635376
tile_71_29.jpeg,0,0.49196261167526245
tile_71_32.jpeg,0,0.40265074372291565
tile_71_36.jpeg,0,0.7259472012519836
tile_71_37.jpeg,0,0.6750034689903259
tile_71_57.jpeg,0,0.43445777893066406
tile_71_63.jpeg,0,0.7144269943237305
tile_71_64.jpeg,0,0.8301555514335632
tile_71_68.jpeg,0,0.7337103486061096
tile_71_71.jpeg,0,0.648262619972229
tile_71_75.jpeg,0,0.6443178057670593
tile_71_81.jpeg,0,0.6362355351448059
tile_72_31.jpeg,0,0.7005771994590759
tile_72_37.jpeg,0,0.8417965769767761
tile_72_37.jpeg,0,0.4446389377117157
tile_72_38.jpeg,0,0.8115193247795105
tile_73_10.jpeg,0,0.4824349582195282
tile_73_11.jpeg,0,0.567786455154419
tile_73_24.jpeg,0,0.3122653365135193
tile_73_69.jpeg,0,0.6033600568771362
tile_73_73.jpeg,0,0.5491006374359131
tile_73_74.jpeg,0,0.4942508935928345
tile_73_80.jpeg,0,0.818537712097168
tile_74_22.jpeg,0,0.6717073321342468
tile_74_34.jpeg,0,0.796727180480957
tile_74_46.jpeg,0,0.7854946851730347
tile_74_47.jpeg,0,0.4523991346359253
tile_74_69.jpeg,0,0.6102673411369324
tile_74_74.jpeg,0,0.3403342068195343
tile_74_74.jpeg,0,0.290243536233902
tile_74_75.jpeg,0,0.434323251247406
tile_74_80.jpeg,0,0.7561785578727722
tile_74_96.jpeg,0,0.7737411260604858
tile_75_11.jpeg,0,0.5783633589744568
tile_75_19.jpeg,0,0.31026673316955566
tile_75_48.jpeg,0,0.8373335003852844
tile_75_57.jpeg,0,0.46733593940734863
tile_75_92.jpeg,0,0.564888596534729
tile_75_96.jpeg,0,0.7555125951766968
tile_76_12.jpeg,0,0.515864908695221
tile_76_13.jpeg,0,0.48820340633392334
tile_76_41.jpeg,0,0.3713874816894531
tile_76_42.jpeg,0,0.45303723216056824
tile_76_63.jpeg,0,0.5947322845458984
tile_76_79.jpeg,0,0.6994983553886414
tile_76_8.jpeg,0,0.318832129240036
tile_76_80.jpeg,0,0.545479953289032
tile_76_95.jpeg,0,0.4593339264392853
tile_77_38.jpeg,0,0.788223385810852
tile_77_46.jpeg,0,0.7541460394859314
tile_77_47.jpeg,0,0.2880156636238098
tile_77_79.jpeg,0,0.8055849075317383
tile_77_80.jpeg,0,0.38482552766799927
tile_78_30.jpeg,0,0.36466333270072937
tile_78_31.jpeg,0,0.8119248151779175
tile_78_59.jpeg,0,0.6793889403343201
tile_78_7.jpeg,0,0.27675294876098633
tile_78_79.jpeg,0,0.4662281572818756
tile_78_80.jpeg,0,0.33906659483909607
tile_79_16.jpeg,0,0.3950574994087219
tile_79_17.jpeg,0,0.6867250800132751
tile_79_96.jpeg,0,0.8084607124328613
tile_7_1.jpeg,0,0.29150906205177307
tile_7_28.jpeg,0,0.5272800326347351
tile_7_31.jpeg,0,0.6873738169670105
tile_7_36.jpeg,0,0.4780501425266266
tile_7_40.jpeg,0,0.3371818959712982
tile_7_46.jpeg,0,0.6626496911048889
tile_7_8.jpeg,0,0.7932828068733215
tile_7_9.jpeg,0,0.3782292902469635
tile_80_24.jpeg,0,0.3603663742542267
tile_80_25.jpeg,0,0.7362861037254333
tile_80_35.jpeg,0,0.589627742767334
tile_80_35.jpeg,0,0.3490865230560303
tile_80_52.jpeg,0,0.819887638092041
tile_80_60.jpeg,0,0.2972910404205322
tile_81_31.jpeg,0,0.8003637194633484
tile_81_31.jpeg,0,0.6866562366485596
tile_82_20.jpeg,0,0.3394058346748352
tile_82_30.jpeg,0,0.7710303068161011
tile_82_42.jpeg,0,0.8229582905769348
tile_82_51.jpeg,0,0.7834489345550537
tile_82_85.jpeg,0,0.7464050650596619
tile_82_86.jpeg,0,0.5707092881202698
tile_82_95.jpeg,0,0.4967508614063263
tile_82_96.jpeg,0,0.5128551125526428
tile_83_18.jpeg,0,0.6402270197868347
tile_83_24.jpeg,0,0.41332459449768066
tile_83_76.jpeg,0,0.78236323595047
tile_84_12.jpeg,0,0.7419902086257935
tile_84_19.jpeg,0,0.6221680045127869
tile_84_23.jpeg,0,0.751698911190033
tile_84_24.jpeg,0,0.45137056708335876
tile_84_25.jpeg,0,0.4251786470413208
tile_84_39.jpeg,0,0.3149556815624237
tile_84_42.jpeg,0,0.7488932013511658
tile_84_58.jpeg,0,0.76210618019104
tile_84_64.jpeg,0,0.7497921586036682
tile_84_64.jpeg,0,0.7406015992164612
tile_84_75.jpeg,0,0.6520040035247803
tile_84_85.jpeg,0,0.4605455994606018
tile_84_89.jpeg,0,0.3983960449695587
tile_85_22.jpeg,0,0.4608651101589203
tile_85_36.jpeg,0,0.6035495400428772
tile_85_64.jpeg,0,0.7349473237991333
tile_85_75.jpeg,0,0.31456446647644043
tile_85_77.jpeg,0,0.7514170408248901
tile_85_80.jpeg,0,0.37776973843574524
tile_85_83.jpeg,0,0.7406249046325684
tile_85_91.jpeg,0,0.694136381149292
tile_86_3.jpeg,0,0.7723159193992615
tile_86_43.jpeg,0,0.30664870142936707
tile_86_45.jpeg,0,0.6743981838226318
tile_86_46.jpeg,0,0.5641044974327087
tile_86_64.jpeg,0,0.3669227361679077
tile_86_65.jpeg,0,0.6999731063842773
tile_86_66.jpeg,0,0.29984235763549805
tile_86_70.jpeg,0,0.7105671763420105
tile_86_71.jpeg,0,0.6787832379341125
tile_86_77.jpeg,0,0.5951248407363892
tile_86_91.jpeg,0,0.723000168800354
tile_87_37.jpeg,0,0.6285414695739746
tile_87_38.jpeg,0,0.7121044397354126
tile_87_42.jpeg,0,0.5336399078369141
tile_87_43.jpeg,0,0.40613648295402527
tile_87_43.jpeg,0,0.351671040058136
tile_87_49.jpeg,0,0.6607288122177124
tile_88_39.jpeg,0,0.5879058837890625
tile_88_40.jpeg,0,0.7139706611633301
tile_88_41.jpeg,0,0.7625802755355835
tile_88_46.jpeg,0,0.8066800236701965
tile_88_6.jpeg,0,0.5429328680038452
tile_88_60.jpeg,0,0.8267226815223694
tile_88_71.jpeg,0,0.46637895703315735
tile_88_72.jpeg,0,0.7778536081314087
tile_88_79.jpeg,0,0.5779287219047546
tile_89_12.jpeg,0,0.6555565595626831
tile_89_37.jpeg,0,0.5517683625221252
tile_89_4.jpeg,0,0.818422257900238
tile_89_40.jpeg,0,0.839133083820343
tile_89_40.jpeg,0,0.729920506477356
tile_89_48.jpeg,0,0.2781223654747009
tile_89_68.jpeg,0,0.50248122215271
tile_89_78.jpeg,0,0.42382606863975525
tile_89_79.jpeg,0,0.7885700464248657
tile_8_15.jpeg,0,0.7104061245918274
tile_8_16.jpeg,0,0.35932010412216187
tile_8_25.jpeg,0,0.37114062905311584
tile_8_27.jpeg,0,0.596075713634491
tile_8_28.jpeg,0,0.4966816306114197
tile_8_39.jpeg,0,0.6982710957527161
tile_8_40.jpeg,0,0.2908255159854889
tile_8_56.jpeg,0,0.6162758469581604
tile_8_9.jpeg,0,0.6212108731269836
tile_8_93.jpeg,0,0.8461940884590149
tile_90_20.jpeg,0,0.6334860324859619
tile_90_21.jpeg,0,0.31187257170677185
tile_90_22.jpeg,0,0.7368609309196472
tile_90_22.jpeg,0,0.4527130424976349
tile_90_23.jpeg,0,0.37953421473503113
tile_90_23.jpeg,0,0.2856580913066864
tile_90_36.jpeg,0,0.8247244358062744
tile_90_37.jpeg,0,0.5151047110557556
tile_90_40.jpeg,0,0.3702610731124878
tile_90_42.jpeg,0,0.3290448486804962
tile_90_44.jpeg,0,0.6010996103286743
tile_90_45.jpeg,0,0.7631663084030151
tile_90_47.jpeg,0,0.6964013576507568
tile_90_75.jpeg,0,0.7172589898109436
tile_91_12.jpeg,0,0.5097431540489197
tile_91_13.jpeg,0,0.4908643066883087
tile_91_22.jpeg,0,0.7677904367446899
tile_91_23.jpeg,0,0.5268009305000305
tile_91_27.jpeg,0,0.6186131834983826
tile_91_28.jpeg,0,0.6504643559455872
tile_91_3.jpeg,0,0.5325194001197815
tile_91_33.jpeg,0,0.43612390756607056
tile_91_36.jpeg,0,0.5052254796028137
tile_91_4.jpeg,0,0.6564884185791016
tile_91_40.jpeg,0,0.5508172512054443
tile_91_40.jpeg,0,0.29905828833580017
tile_91_41.jpeg,0,0.46356862783432007
tile_91_42.jpeg,0,0.822298526763916
tile_91_42.jpeg,0,0.8151326775550842
tile_91_49.jpeg,0,0.7441240549087524
tile_91_58.jpeg,0,0.5183201432228088
tile_91_67.jpeg,0,0.707564651966095
tile_91_83.jpeg,0,0.6487311720848083
tile_91_85.jpeg,0,0.7804052233695984
tile_92_17.jpeg,0,0.747952938079834
tile_92_18.jpeg,0,0.7552139163017273
tile_92_33.jpeg,0,0.3525680601596832
tile_92_35.jpeg,0,0.6452252268791199
tile_92_39.jpeg,0,0.7395730018615723
tile_92_40.jpeg,0,0.650398850440979
tile_92_41.jpeg,0,0.3159515857696533
tile_92_46.jpeg,0,0.7653812170028687
tile_92_63.jpeg,0,0.46407783031463623
tile_92_65.jpeg,0,0.47807931900024414
tile_92_83.jpeg,0,0.3253542184829712
tile_93_30.jpeg,0,0.5220464468002319
tile_93_32.jpeg,0,0.4350399374961853
tile_93_33.jpeg,0,0.5175475478172302
tile_93_39.jpeg,0,0.7810402512550354
tile_94_20.jpeg,0,0.7677472829818726
tile_94_30.jpeg,0,0.7110206484794617
tile_94_40.jpeg,0,0.7204644680023193
tile_94_42.jpeg,0,0.4464660584926605
tile_94_63.jpeg,0,0.8251614570617676
tile_94_80.jpeg,0,0.4828728437423706
tile_94_87.jpeg,0,0.4332701861858368
tile_94_89.jpeg,0,0.4896705448627472
tile_95_19.jpeg,0,0.7460366487503052
tile_95_42.jpeg,0,0.8243889212608337
tile_95_43.jpeg,0,0.7088114619255066
tile_95_44.jpeg,0,0.75660240650177
tile_95_45.jpeg,0,0.7674475908279419
tile_95_57.jpeg,0,0.7600679993629456
tile_95_58.jpeg,0,0.36047816276550293
tile_96_1.jpeg,0,0.7923214435577393
tile_96_41.jpeg,0,0.4420098066329956
tile_96_41.jpeg,0,0.4189998209476471
tile_96_42.jpeg,0,0.7398256659507751
tile_96_5.jpeg,0,0.3349088430404663
tile_96_82.jpeg,0,0.6096591949462891
tile_97_14.jpeg,0,0.3584689497947693
tile_97_21.jpeg,0,0.2817944586277008
tile_97_92.jpeg,0,0.34252771735191345
tile_97_92.jpeg,0,0.31174665689468384
tile_98_1.jpeg,0,0.342511385679245
tile_98_21.jpeg,0,0.7635138630867004
tile_98_56.jpeg,0,0.6216285228729248
tile_99_1.jpeg,0,0.7689212560653687
tile_99_41.jpeg,0,0.7062904238700867
tile_99_41.jpeg,0,0.4825747311115265
tile_99_56.jpeg,0,0.6100537776947021
tile_99_86.jpeg,0,0.5044053792953491
tile_9_19.jpeg,0,0.7839430570602417
tile_9_28.jpeg,0,0.7906018495559692
tile_9_32.jpeg,0,0.4501041769981384
tile_9_33.jpeg,0,0.660041868686676
tile_9_84.jpeg,0,0.5729131698608398
tile_9_9.jpeg,0,0.4845009744167328
tile_9_9.jpeg,0,0.4168550670146942
