epoch,time,train/box_loss,train/cls_loss,train/dfl_loss,metrics/precision(B),metrics/recall(B),metrics/mAP50(B),metrics/mAP50-95(B),val/box_loss,val/cls_loss,val/dfl_loss,lr/pg0,lr/pg1,lr/pg2
1,141.531,1.26914,9.29147,1.47217,0.81993,0.75833,0.80196,0.57418,1.15942,2.70801,1.30274,0.00331691,0.00331691,0.00331691
2,256.327,1.16219,4.39438,1.33979,0.76183,0.76548,0.81998,0.57698,1.29209,3.31882,1.42771,0.00665025,0.00665025,0.00665025
3,368.413,1.28055,3.33166,1.45399,0.5061,0.80702,0.63497,0.3578,1.72455,16.717,2.0539,0.00998358,0.00998358,0.00998358
4,481.02,1.39992,3.22134,1.54496,0.77122,0.8114,0.84279,0.51826,1.37899,5.88823,1.59573,0.00999999,0.00999999,0.00999999
5,593.295,1.31237,2.92349,1.47742,0.87404,0.81544,0.85999,0.59274,1.26502,2.5744,1.41261,0.00999998,0.00999998,0.00999998
6,704.674,1.25097,2.86666,1.45084,0.7144,0.80536,0.85128,0.59221,1.26174,2.59547,1.39515,0.00999998,0.00999998,0.00999998
7,817.203,1.1771,2.57783,1.385,0.81276,0.89407,0.8881,0.62054,1.20212,2.1318,1.34989,0.00999996,0.00999996,0.00999996
8,928.734,1.14693,2.44834,1.34606,0.82482,0.88049,0.87783,0.62315,1.19833,1.92958,1.31708,0.00999995,0.00999995,0.00999995
9,1040.21,1.13353,2.37245,1.3425,0.84422,0.88308,0.89512,0.65188,1.16828,1.78028,1.29131,0.00999994,0.00999994,0.00999994
10,1151.83,1.11212,2.33445,1.32831,0.85601,0.81811,0.87264,0.65044,1.14788,1.98185,1.30189,0.00999992,0.00999992,0.00999992
11,1263.39,1.08651,2.26567,1.30175,0.86947,0.78013,0.85228,0.65037,1.13625,1.94836,1.2985,0.0099999,0.0099999,0.0099999
12,1375.51,1.0702,2.24418,1.31097,0.83763,0.90437,0.88637,0.64298,1.16922,1.7874,1.31524,0.00999988,0.00999988,0.00999988
13,1487.82,1.06754,2.20885,1.29723,0.85169,0.82968,0.87098,0.66257,1.08064,1.71965,1.22398,0.00999986,0.00999986,0.00999986
14,1599.29,1.04579,2.08887,1.28258,0.84575,0.84855,0.89769,0.67457,1.07545,1.82053,1.23465,0.00999983,0.00999983,0.00999983
15,1711.2,1.03864,2.13967,1.28609,0.83339,0.85616,0.88494,0.67139,1.05006,1.84084,1.22742,0.00999981,0.00999981,0.00999981
16,1824.62,1.00927,2.07031,1.27191,0.87573,0.87982,0.89775,0.66648,1.02175,1.5997,1.19637,0.00999978,0.00999978,0.00999978
17,1937.75,1.00468,2.07549,1.25085,0.83338,0.91337,0.90447,0.68372,1.04649,1.64013,1.19502,0.00999975,0.00999975,0.00999975
18,2049.72,0.97847,2.03067,1.2412,0.82362,0.84649,0.89677,0.68667,1.06634,1.81331,1.2144,0.00999972,0.00999972,0.00999972
19,2161.66,0.99515,2.02198,1.23875,0.84691,0.86023,0.88919,0.71655,1.00757,1.62746,1.17044,0.00999968,0.00999968,0.00999968
20,2274.7,0.97852,1.95257,1.24144,0.86424,0.88026,0.91969,0.7146,1.04335,1.64418,1.21024,0.00999965,0.00999965,0.00999965
21,2385.8,0.9901,2.01975,1.2479,0.84199,0.8755,0.89634,0.6929,1.00646,1.63727,1.14894,0.00999961,0.00999961,0.00999961
22,2497.3,0.96633,1.9166,1.23346,0.88703,0.85435,0.91454,0.7265,0.99566,1.6314,1.16407,0.00999957,0.00999957,0.00999957
23,2609.03,0.98355,1.92659,1.23858,0.88366,0.87851,0.90919,0.69699,1.02012,1.52804,1.16928,0.00999953,0.00999953,0.00999953
24,2720.4,0.9737,1.9324,1.22768,0.84137,0.89006,0.90617,0.70726,0.98761,1.42059,1.14424,0.00999948,0.00999948,0.00999948
25,2831.14,0.9869,1.91735,1.23216,0.86905,0.88139,0.89544,0.71286,0.96904,1.507,1.13232,0.00999944,0.00999944,0.00999944
26,2942.55,0.97085,1.86666,1.22294,0.86046,0.90368,0.90174,0.72677,0.95021,1.52354,1.14815,0.00999939,0.00999939,0.00999939
27,3053.29,0.95561,1.88153,1.21855,0.83859,0.90307,0.89649,0.70865,0.97335,1.60124,1.13657,0.00999934,0.00999934,0.00999934
28,3164.59,0.95628,1.83225,1.22059,0.85527,0.88491,0.90697,0.68795,1.0962,1.57222,1.22929,0.00999929,0.00999929,0.00999929
29,3275.52,0.94591,1.86516,1.19849,0.85443,0.8423,0.89915,0.72131,0.98796,1.60361,1.19071,0.00999923,0.00999923,0.00999923
30,3387.57,0.94459,1.77948,1.21786,0.87451,0.88274,0.90907,0.73334,0.99454,1.45948,1.18908,0.00999918,0.00999918,0.00999918
31,3498.63,0.93657,1.81218,1.19989,0.86198,0.87375,0.90752,0.72619,0.97018,1.56167,1.13688,0.00999912,0.00999912,0.00999912
32,3610.29,0.92503,1.77609,1.19603,0.84475,0.90954,0.90596,0.72204,0.96402,1.43958,1.16035,0.00999906,0.00999906,0.00999906
33,3722.37,0.91536,1.77198,1.18707,0.88592,0.87404,0.91033,0.72265,1.04578,1.53155,1.20334,0.009999,0.009999,0.009999
34,3833.87,0.91984,1.78683,1.19623,0.8804,0.89603,0.92835,0.75073,0.93689,1.38261,1.13163,0.00999894,0.00999894,0.00999894
35,3946.45,0.93952,1.75155,1.20204,0.87375,0.86579,0.91826,0.7187,0.99648,1.52817,1.13831,0.00999887,0.00999887,0.00999887
36,4057.4,0.90721,1.7577,1.18709,0.88666,0.84537,0.90383,0.72952,0.94053,1.49192,1.13027,0.0099988,0.0099988,0.0099988
37,4169.39,0.89399,1.7249,1.17796,0.86681,0.87862,0.91867,0.74154,1.01657,1.42477,1.18051,0.00999873,0.00999873,0.00999873
38,4281,0.90413,1.74377,1.173,0.8732,0.8864,0.91607,0.73425,0.93205,1.49566,1.1251,0.00999866,0.00999866,0.00999866
39,4393.03,0.90363,1.72445,1.17977,0.87237,0.90888,0.92328,0.73602,0.95413,1.41642,1.13471,0.00999859,0.00999859,0.00999859
40,4503.84,0.90804,1.70393,1.17988,0.89034,0.8933,0.90039,0.72405,0.94829,1.45292,1.11635,0.00999851,0.00999851,0.00999851
41,4614.8,0.8959,1.70731,1.17433,0.88432,0.88253,0.90231,0.74644,0.8987,1.45544,1.11768,0.00999844,0.00999844,0.00999844
42,4726.16,0.8836,1.70884,1.16565,0.89311,0.85959,0.90571,0.76153,0.86784,1.43741,1.07968,0.00999836,0.00999836,0.00999836
43,4838.14,0.89776,1.74907,1.18033,0.89065,0.89175,0.91101,0.75589,0.85512,1.38843,1.08753,0.00999828,0.00999828,0.00999828
44,4950.04,0.89171,1.66301,1.17816,0.86872,0.91215,0.92599,0.74951,0.96274,1.36053,1.12124,0.00999819,0.00999819,0.00999819
45,5061.58,0.90027,1.66531,1.18319,0.88185,0.88988,0.92036,0.75037,0.96123,1.37965,1.13572,0.00999811,0.00999811,0.00999811
46,5171.78,0.88715,1.66976,1.16949,0.85664,0.91161,0.91586,0.73564,0.93381,1.39313,1.11752,0.00999802,0.00999802,0.00999802
47,5282.68,0.89172,1.67493,1.16338,0.86753,0.91068,0.92244,0.76616,0.89237,1.37598,1.09254,0.00999793,0.00999793,0.00999793
48,5393.05,0.86514,1.65981,1.15652,0.89207,0.92145,0.93024,0.74896,0.91141,1.32118,1.08734,0.00999784,0.00999784,0.00999784
49,5504.21,0.87462,1.64691,1.16108,0.88167,0.90789,0.92239,0.74912,0.93121,1.49339,1.10898,0.00999775,0.00999775,0.00999775
50,5614.07,0.86912,1.68176,1.1583,0.86203,0.89482,0.92068,0.75902,0.89315,1.36909,1.10064,0.00999765,0.00999765,0.00999765
51,5726.01,0.88498,1.64255,1.1614,0.88069,0.91251,0.92867,0.76192,0.86713,1.3837,1.08574,0.00999756,0.00999756,0.00999756
52,5836.26,0.85521,1.63247,1.14847,0.90038,0.85907,0.92751,0.7675,0.89663,1.35596,1.09432,0.00999746,0.00999746,0.00999746
53,5946.89,0.87226,1.64735,1.15483,0.86613,0.89868,0.92398,0.76248,0.85749,1.3716,1.05388,0.00999736,0.00999736,0.00999736
54,6058.24,0.86689,1.64194,1.16314,0.88496,0.86055,0.91727,0.76724,0.85894,1.38281,1.06593,0.00999726,0.00999726,0.00999726
55,6169.18,0.87063,1.63848,1.15474,0.8936,0.89917,0.92202,0.76902,0.84487,1.25492,1.05596,0.00999715,0.00999715,0.00999715
56,6280,0.86685,1.5686,1.15501,0.86874,0.92407,0.92942,0.76389,0.88558,1.32568,1.08051,0.00999704,0.00999704,0.00999704
57,6391.27,0.85117,1.54992,1.13825,0.8937,0.91711,0.93455,0.77728,0.83552,1.2583,1.05607,0.00999694,0.00999694,0.00999694
58,6503.95,0.86037,1.63041,1.15257,0.89182,0.88695,0.92739,0.76582,0.8354,1.33438,1.06106,0.00999683,0.00999683,0.00999683
59,6615.13,0.85146,1.60635,1.15142,0.86306,0.90736,0.92313,0.76875,0.87431,1.27083,1.08758,0.00999671,0.00999671,0.00999671
60,6726.17,0.86188,1.58719,1.15336,0.88385,0.88664,0.91993,0.75893,0.89488,1.29347,1.08638,0.0099966,0.0099966,0.0099966
61,6838.83,0.86006,1.58218,1.15861,0.90044,0.90919,0.94313,0.77365,0.87226,1.22905,1.06765,0.00999648,0.00999648,0.00999648
62,6950.71,0.85061,1.56674,1.13893,0.89885,0.89386,0.93313,0.78407,0.81939,1.19157,1.03635,0.00999636,0.00999636,0.00999636
63,7062.1,0.85375,1.54086,1.14341,0.86158,0.9197,0.92631,0.76519,0.85663,1.27629,1.09417,0.00999624,0.00999624,0.00999624
64,7172.55,0.84516,1.54024,1.13842,0.87713,0.91919,0.93435,0.78543,0.85215,1.24437,1.07289,0.00999612,0.00999612,0.00999612
65,7284.12,0.85212,1.54685,1.13649,0.89801,0.91051,0.93888,0.78449,0.8482,1.21066,1.04663,0.009996,0.009996,0.009996
66,7394.47,0.83966,1.49044,1.13299,0.88312,0.88663,0.93739,0.79017,0.82832,1.27948,1.0518,0.00999587,0.00999587,0.00999587
67,7505.15,0.84342,1.52664,1.15037,0.87549,0.91709,0.93145,0.79813,0.80967,1.28025,1.04387,0.00999574,0.00999574,0.00999574
68,7615.94,0.84584,1.53452,1.13857,0.87831,0.92768,0.93696,0.80209,0.77541,1.20891,1.01671,0.00999561,0.00999561,0.00999561
69,7726.87,0.83978,1.53621,1.14233,0.86762,0.93753,0.93338,0.79663,0.80524,1.21101,1.0338,0.00999548,0.00999548,0.00999548
70,7837.81,0.82185,1.49721,1.12711,0.89001,0.93664,0.94101,0.78689,0.83828,1.21782,1.06506,0.00999535,0.00999535,0.00999535
71,7949.85,0.82343,1.4707,1.1234,0.88755,0.92456,0.93755,0.79352,0.84188,1.18865,1.06141,0.00999521,0.00999521,0.00999521
72,8061.38,0.83271,1.49377,1.13403,0.92038,0.88336,0.94113,0.79014,0.83499,1.19338,1.04893,0.00999508,0.00999508,0.00999508
73,8172.22,0.83135,1.52781,1.14137,0.8925,0.92149,0.94371,0.79986,0.8541,1.11981,1.06883,0.00999494,0.00999494,0.00999494
74,8283.74,0.83529,1.51308,1.13714,0.90183,0.89865,0.94515,0.79241,0.85843,1.20446,1.06772,0.00999479,0.00999479,0.00999479
75,8394.79,0.84965,1.52417,1.15033,0.87781,0.9253,0.93979,0.80438,0.80384,1.17066,1.03146,0.00999465,0.00999465,0.00999465
76,8505.6,0.82039,1.51162,1.12501,0.8981,0.91513,0.94061,0.78951,0.84703,1.15493,1.06783,0.0099945,0.0099945,0.0099945
77,8617.71,0.82983,1.50889,1.12464,0.88486,0.92223,0.93812,0.79644,0.81744,1.1642,1.03507,0.00999436,0.00999436,0.00999436
78,8729.41,0.84208,1.4902,1.15153,0.8962,0.91094,0.93769,0.79014,0.80414,1.1963,1.02748,0.00999421,0.00999421,0.00999421
79,8842.34,0.81427,1.45983,1.12125,0.89843,0.87615,0.94001,0.8026,0.81238,1.19117,1.04049,0.00999406,0.00999406,0.00999406
80,8952.91,0.81783,1.48172,1.13133,0.89142,0.92075,0.93881,0.79721,0.79697,1.15967,1.03013,0.0099939,0.0099939,0.0099939
81,9064.36,0.79982,1.55695,1.11312,0.88895,0.90357,0.93938,0.7959,0.79337,1.15444,1.02934,0.00999375,0.00999375,0.00999375
82,9175.86,0.82742,1.47075,1.12441,0.8939,0.91872,0.94263,0.79411,0.80274,1.181,1.02771,0.00999359,0.00999359,0.00999359
83,9286.6,0.82654,1.48393,1.12298,0.92462,0.88367,0.94316,0.79479,0.78571,1.21171,1.00844,0.00999343,0.00999343,0.00999343
84,9397.79,0.82046,1.47984,1.12066,0.91522,0.8935,0.93779,0.79445,0.81032,1.21215,1.04127,0.00999327,0.00999327,0.00999327
85,9510.26,0.81541,1.45079,1.12252,0.9201,0.90455,0.94288,0.8023,0.81271,1.11,1.04624,0.00999311,0.00999311,0.00999311
86,9621.63,0.82635,1.48635,1.1252,0.90645,0.90998,0.94235,0.7967,0.80927,1.12302,1.04645,0.00999294,0.00999294,0.00999294
87,9733.16,0.83089,1.45873,1.12415,0.90557,0.9153,0.94697,0.80792,0.8069,1.10683,1.03918,0.00999278,0.00999278,0.00999278
88,9844.03,0.82942,1.4828,1.13178,0.88191,0.91927,0.94497,0.80592,0.80519,1.13145,1.03775,0.00999261,0.00999261,0.00999261
89,9955.52,0.80484,1.44029,1.11866,0.90268,0.91911,0.94619,0.81039,0.78713,1.1319,1.03881,0.00999244,0.00999244,0.00999244
90,10065.8,0.82348,1.45801,1.12241,0.85779,0.94652,0.94775,0.81397,0.77298,1.17602,1.01609,0.00999226,0.00999226,0.00999226
91,10176.4,0.81421,1.45859,1.11443,0.88609,0.91542,0.94279,0.80873,0.7764,1.13199,1.01023,0.00999209,0.00999209,0.00999209
92,10286.4,0.80616,1.41,1.11819,0.8656,0.93642,0.93767,0.80821,0.80827,1.13424,1.05485,0.00999191,0.00999191,0.00999191
93,10395.8,0.81345,1.39858,1.11724,0.89642,0.93107,0.94466,0.80469,0.80175,1.09021,1.04627,0.00999173,0.00999173,0.00999173
94,10507,0.82328,1.4945,1.1263,0.89762,0.92134,0.94478,0.80848,0.80071,1.11477,1.04569,0.00999155,0.00999155,0.00999155
95,10617.7,0.80482,1.4152,1.11563,0.87149,0.93371,0.94762,0.80141,0.8003,1.12625,1.03818,0.00999137,0.00999137,0.00999137
96,10727.3,0.82107,1.46045,1.12183,0.91535,0.90574,0.94823,0.80713,0.81427,1.13338,1.04879,0.00999118,0.00999118,0.00999118
97,10837.2,0.81258,1.38886,1.11393,0.88693,0.92973,0.94876,0.81517,0.80336,1.15289,1.02985,0.009991,0.009991,0.009991
98,10947.2,0.80376,1.42429,1.11567,0.93374,0.90518,0.95262,0.81744,0.79948,1.09352,1.03159,0.00999081,0.00999081,0.00999081
99,11057.3,0.79719,1.39022,1.10352,0.92832,0.90484,0.9493,0.8128,0.79519,1.10521,1.03189,0.00999062,0.00999062,0.00999062
100,11168.2,0.8112,1.39741,1.11185,0.90842,0.93463,0.95021,0.81404,0.78458,1.08994,1.02013,0.00999043,0.00999043,0.00999043
101,11278.8,0.81421,1.41217,1.12099,0.91074,0.92256,0.94953,0.8133,0.78787,1.0891,1.02174,0.00999023,0.00999023,0.00999023
102,11390.6,0.80204,1.41513,1.1199,0.91422,0.92563,0.94981,0.81396,0.78387,1.08913,1.02416,0.00999004,0.00999004,0.00999004
103,11501,0.79649,1.38654,1.1051,0.91268,0.91777,0.94857,0.81245,0.78298,1.07021,1.02491,0.00998984,0.00998984,0.00998984
104,11611.5,0.81129,1.41818,1.11812,0.91511,0.91827,0.94823,0.81134,0.78794,1.06392,1.03159,0.00998964,0.00998964,0.00998964
105,11722.2,0.79587,1.39515,1.10469,0.90713,0.9136,0.94537,0.81069,0.78839,1.0977,1.04058,0.00998944,0.00998944,0.00998944
106,11832.4,0.7819,1.37885,1.10296,0.90673,0.92002,0.94629,0.80923,0.78796,1.0886,1.03667,0.00998923,0.00998923,0.00998923
107,11942,0.80873,1.41305,1.11373,0.89812,0.92719,0.94754,0.80905,0.77027,1.09425,1.02075,0.00998903,0.00998903,0.00998903
108,12052.6,0.80859,1.38752,1.10873,0.90604,0.91341,0.94858,0.81372,0.76902,1.10168,1.02358,0.00998882,0.00998882,0.00998882
109,12164.6,0.79958,1.36752,1.11256,0.89691,0.92973,0.9495,0.80983,0.76659,1.10538,1.0257,0.00998861,0.00998861,0.00998861
110,12276.1,0.80274,1.39046,1.10902,0.90304,0.93169,0.94994,0.80926,0.78009,1.09568,1.03535,0.0099884,0.0099884,0.0099884
111,12388.2,0.79561,1.32866,1.0955,0.90318,0.93409,0.9527,0.81589,0.77836,1.0634,1.03528,0.00998818,0.00998818,0.00998818
112,12500,0.79022,1.35531,1.10662,0.90285,0.92715,0.94995,0.81438,0.7852,1.06223,1.03814,0.00998797,0.00998797,0.00998797
113,12611.5,0.78539,1.35384,1.10388,0.90363,0.92096,0.94926,0.81126,0.78646,1.08872,1.04116,0.00998775,0.00998775,0.00998775
114,12723.5,0.7946,1.36147,1.1071,0.89352,0.93002,0.95069,0.8106,0.79247,1.076,1.04432,0.00998753,0.00998753,0.00998753
115,12835.2,0.79496,1.3397,1.11184,0.89846,0.93119,0.94863,0.80462,0.77873,1.05283,1.03283,0.00998731,0.00998731,0.00998731
116,12948.1,0.79846,1.35696,1.10221,0.90425,0.9343,0.94612,0.80663,0.77076,1.04832,1.02503,0.00998708,0.00998708,0.00998708
117,13059.7,0.78747,1.33655,1.1078,0.90644,0.93457,0.94653,0.80892,0.7637,1.05977,1.02115,0.00998686,0.00998686,0.00998686
118,13170.9,0.78555,1.3078,1.10307,0.90302,0.92668,0.94663,0.81226,0.74949,1.01837,1.01355,0.00998663,0.00998663,0.00998663
119,13282,0.8067,1.37693,1.11508,0.91648,0.90877,0.94662,0.81407,0.7448,1.03232,1.01364,0.0099864,0.0099864,0.0099864
120,13392.2,0.79519,1.38443,1.10466,0.9188,0.90614,0.94587,0.81529,0.73182,1.03984,1.00577,0.00998617,0.00998617,0.00998617
121,13503.2,0.79734,1.32047,1.10401,0.92145,0.90785,0.94976,0.81164,0.72967,1.02924,1.00468,0.00998594,0.00998594,0.00998594
122,13614.7,0.78664,1.3473,1.09365,0.91633,0.91725,0.94917,0.81291,0.73428,1.0212,1.00699,0.0099857,0.0099857,0.0099857
123,13727,0.79751,1.34589,1.09669,0.91945,0.9114,0.95188,0.81563,0.74072,1.03191,1.0082,0.00998546,0.00998546,0.00998546
124,13840.8,0.77228,1.3105,1.09477,0.92169,0.90877,0.95069,0.81783,0.73463,1.03675,1.00369,0.00998522,0.00998522,0.00998522
125,13953.7,0.78677,1.37152,1.0938,0.91112,0.92736,0.95074,0.82044,0.73615,1.01206,1.00469,0.00998498,0.00998498,0.00998498
126,14067.7,0.78905,1.37656,1.10289,0.90152,0.94079,0.95199,0.81622,0.73871,0.97828,1.00749,0.00998474,0.00998474,0.00998474
127,14181.2,0.79372,1.30539,1.10081,0.93897,0.91381,0.9516,0.8168,0.74093,0.9678,1.00909,0.0099845,0.0099845,0.0099845
128,14294.2,0.79544,1.31431,1.09954,0.93086,0.91403,0.95289,0.81941,0.7406,0.97366,1.00936,0.00998425,0.00998425,0.00998425
129,14407.3,0.78504,1.3407,1.09356,0.93782,0.91115,0.9533,0.81991,0.74075,0.97497,1.01123,0.009984,0.009984,0.009984
130,14520.8,0.79099,1.30764,1.09708,0.91425,0.93816,0.95453,0.82234,0.73847,0.96335,1.01113,0.00998375,0.00998375,0.00998375
131,14635.1,0.77353,1.2853,1.0915,0.91624,0.93816,0.95464,0.82053,0.74277,0.97119,1.0149,0.0099835,0.0099835,0.0099835
132,14748.3,0.7884,1.30292,1.10457,0.91779,0.93816,0.952,0.82013,0.73833,0.97822,1.01192,0.00998324,0.00998324,0.00998324
133,14861.6,0.79683,1.35044,1.10873,0.91732,0.92763,0.95207,0.82312,0.73456,0.97813,1.00934,0.00998298,0.00998298,0.00998298
134,14975.6,0.77466,1.32937,1.0945,0.92139,0.92677,0.95073,0.82044,0.73181,0.96931,1.00551,0.00998273,0.00998273,0.00998273
135,15089.1,0.77451,1.29075,1.09235,0.91683,0.92403,0.95103,0.82086,0.72871,0.96812,1.00451,0.00998247,0.00998247,0.00998247
136,15203.4,0.78495,1.31715,1.10677,0.92429,0.92376,0.95109,0.81835,0.72908,0.9635,1.00402,0.0099822,0.0099822,0.0099822
137,15317.7,0.771,1.29887,1.09134,0.9274,0.925,0.95064,0.81825,0.72832,0.96652,1.00263,0.00998194,0.00998194,0.00998194
138,15432.1,0.75967,1.29378,1.07086,0.92551,0.92835,0.95251,0.81896,0.72974,0.96094,1.00346,0.00998167,0.00998167,0.00998167
139,15545.4,0.77988,1.28742,1.08821,0.92671,0.925,0.95307,0.81965,0.73452,0.9609,1.00972,0.0099814,0.0099814,0.0099814
140,15658.5,0.78371,1.39314,1.09702,0.92972,0.92229,0.95258,0.82049,0.73496,0.95799,1.00886,0.00998113,0.00998113,0.00998113
141,15771.4,0.77823,1.31604,1.09352,0.93015,0.92065,0.95212,0.81853,0.73369,0.95913,1.00876,0.00998086,0.00998086,0.00998086
142,15884.7,0.78144,1.2884,1.09172,0.93134,0.92362,0.95194,0.81783,0.73369,0.95465,1.00845,0.00998059,0.00998059,0.00998059
143,15997.3,0.7738,1.28603,1.08639,0.93377,0.9172,0.95157,0.82029,0.72721,0.94382,1.0006,0.00998031,0.00998031,0.00998031
144,16109.8,0.79242,1.31415,1.11157,0.92608,0.92726,0.95214,0.81887,0.73542,0.9499,1.01059,0.00998003,0.00998003,0.00998003
145,16220.4,0.7749,1.3104,1.08808,0.93013,0.92718,0.9527,0.81811,0.73448,0.9515,1.01058,0.00997975,0.00997975,0.00997975
146,16331.7,0.77688,1.32849,1.09244,0.9282,0.9311,0.95281,0.81928,0.73362,0.94696,1.01127,0.00997947,0.00997947,0.00997947
147,16442.3,0.76579,1.32538,1.08903,0.92581,0.93026,0.95274,0.81805,0.73507,0.9521,1.01276,0.00997919,0.00997919,0.00997919
148,16553.4,0.7677,1.27573,1.08884,0.92588,0.93133,0.95286,0.81813,0.73313,0.94992,1.0113,0.0099789,0.0099789,0.0099789
149,16665.4,0.76398,1.27126,1.08493,0.9258,0.92717,0.95276,0.81861,0.73081,0.95412,1.00917,0.00997861,0.00997861,0.00997861
150,16776.8,0.78181,1.29487,1.09308,0.92649,0.92661,0.9531,0.81896,0.73053,0.95211,1.00803,0.00997832,0.00997832,0.00997832
151,16889.4,0.77521,1.29729,1.0857,0.92744,0.922,0.95346,0.82034,0.72956,0.95055,1.00743,0.00997803,0.00997803,0.00997803
152,17000.7,0.76124,1.27643,1.08501,0.92785,0.92599,0.95353,0.82153,0.72953,0.95023,1.00744,0.00997774,0.00997774,0.00997774
153,17113,0.77801,1.26682,1.08902,0.92935,0.91957,0.95404,0.82193,0.73023,0.95152,1.00748,0.00997744,0.00997744,0.00997744
154,17225.7,0.76643,1.25699,1.07612,0.92939,0.92028,0.9542,0.81979,0.73152,0.94944,1.00831,0.00997714,0.00997714,0.00997714
155,17337.8,0.77503,1.31911,1.09539,0.92934,0.91995,0.95371,0.81883,0.72939,0.94753,1.00693,0.00997685,0.00997685,0.00997685
156,17449.8,0.76273,1.2827,1.08505,0.93285,0.91734,0.95148,0.81971,0.7287,0.94861,1.00612,0.00997654,0.00997654,0.00997654
157,17560.8,0.76541,1.28145,1.09075,0.92942,0.9196,0.95246,0.82229,0.72823,0.94679,1.00625,0.00997624,0.00997624,0.00997624
158,17672.5,0.77731,1.27325,1.09687,0.93537,0.91665,0.95253,0.82259,0.72623,0.95,1.00594,0.00997594,0.00997594,0.00997594
159,17784,0.76703,1.24871,1.08569,0.93276,0.91711,0.95266,0.82378,0.7249,0.94711,1.00527,0.00997563,0.00997563,0.00997563
160,17896.8,0.76347,1.25854,1.08256,0.93383,0.91989,0.95301,0.82185,0.72404,0.94326,1.00518,0.00997532,0.00997532,0.00997532
161,18009.4,0.75725,1.21441,1.07874,0.93401,0.92006,0.95278,0.82227,0.72303,0.94176,1.00405,0.00997501,0.00997501,0.00997501
162,18121.3,0.76775,1.26994,1.09041,0.93193,0.91789,0.95263,0.82121,0.72305,0.93804,1.00371,0.00997469,0.00997469,0.00997469
163,18234.3,0.76699,1.23321,1.0765,0.93162,0.91956,0.95248,0.82135,0.72166,0.93914,1.00186,0.00997438,0.00997438,0.00997438
164,18346.6,0.76788,1.2534,1.08069,0.93144,0.9268,0.95239,0.82156,0.72116,0.93927,1.00118,0.00997406,0.00997406,0.00997406
165,18458.1,0.76004,1.24027,1.0783,0.93482,0.92785,0.95231,0.82053,0.72161,0.93983,1.00054,0.00997374,0.00997374,0.00997374
166,18570.1,0.75446,1.22986,1.08049,0.93424,0.9219,0.95265,0.82129,0.72273,0.94243,1.00182,0.00997342,0.00997342,0.00997342
167,18681.3,0.75104,1.20535,1.08154,0.93426,0.92171,0.95251,0.82242,0.72215,0.94067,1.00093,0.0099731,0.0099731,0.0099731
168,18792.8,0.75954,1.25649,1.08151,0.93419,0.92112,0.95299,0.82326,0.72177,0.9385,1.0008,0.00997277,0.00997277,0.00997277
169,18905.1,0.76086,1.22206,1.08858,0.93389,0.91974,0.95287,0.82096,0.72049,0.93655,1.00056,0.00997245,0.00997245,0.00997245
170,19016.9,0.76751,1.27336,1.09346,0.93378,0.92001,0.9528,0.82315,0.71967,0.93791,0.99971,0.00997212,0.00997212,0.00997212
171,19129,0.75811,1.22807,1.07294,0.93444,0.91991,0.95264,0.82313,0.71877,0.94018,0.9986,0.00997179,0.00997179,0.00997179
172,19240.6,0.7496,1.21566,1.07301,0.93178,0.92028,0.95283,0.82209,0.71863,0.94116,0.9982,0.00997146,0.00997146,0.00997146
173,19353.2,0.75563,1.21427,1.08053,0.93199,0.92273,0.95273,0.82113,0.71898,0.93977,0.9982,0.00997112,0.00997112,0.00997112
174,19465,0.75823,1.18836,1.08156,0.93129,0.92087,0.95273,0.82114,0.715,0.93307,0.99458,0.00997079,0.00997079,0.00997079
175,19578.4,0.77676,1.24691,1.08925,0.93044,0.92108,0.95285,0.82202,0.71488,0.93444,0.9946,0.00997045,0.00997045,0.00997045
176,19691.7,0.75328,1.24612,1.07911,0.93015,0.92143,0.953,0.82097,0.7143,0.93109,0.99394,0.00997011,0.00997011,0.00997011
177,19803.2,0.74733,1.2388,1.07337,0.93026,0.92166,0.9532,0.8225,0.71358,0.93026,0.99333,0.00996976,0.00996976,0.00996976
178,19914.5,0.75775,1.21982,1.07386,0.93043,0.92185,0.95341,0.82336,0.71381,0.93184,0.99362,0.00996942,0.00996942,0.00996942
179,20026.6,0.76943,1.21973,1.08169,0.93005,0.9222,0.95346,0.82549,0.71399,0.93114,0.99367,0.00996907,0.00996907,0.00996907
180,20138.7,0.75963,1.24549,1.08547,0.93244,0.92226,0.95355,0.82477,0.71393,0.92943,0.9937,0.00996873,0.00996873,0.00996873
181,20250.2,0.76947,1.2082,1.07928,0.93296,0.92203,0.95346,0.82539,0.71376,0.92694,0.99363,0.00996838,0.00996838,0.00996838
182,20360.4,0.77633,1.2502,1.09359,0.93353,0.92168,0.95355,0.82629,0.71376,0.92661,0.99345,0.00996802,0.00996802,0.00996802
183,20472.1,0.74636,1.21954,1.07374,0.93314,0.92132,0.95356,0.8263,0.71284,0.92899,0.99322,0.00996767,0.00996767,0.00996767
184,20584.5,0.75653,1.21467,1.07209,0.93336,0.92108,0.95357,0.82646,0.7131,0.92824,0.99318,0.00996731,0.00996731,0.00996731
185,20697.5,0.74581,1.24065,1.06501,0.93392,0.92062,0.95375,0.82717,0.71415,0.9275,0.99353,0.00996696,0.00996696,0.00996696
186,20809.8,0.74077,1.18245,1.06164,0.93378,0.9205,0.95394,0.82631,0.71348,0.92924,0.99351,0.0099666,0.0099666,0.0099666
187,20922.6,0.74851,1.16809,1.06408,0.93618,0.92009,0.95378,0.82566,0.71352,0.92925,0.99353,0.00996624,0.00996624,0.00996624
188,21033.9,0.76855,1.23192,1.08504,0.93585,0.91986,0.95393,0.8262,0.71348,0.92815,0.99367,0.00996587,0.00996587,0.00996587
189,21145.7,0.76532,1.20088,1.08135,0.93588,0.9195,0.95447,0.82721,0.71233,0.92708,0.99296,0.00996551,0.00996551,0.00996551
190,21257.4,0.74904,1.20983,1.07996,0.93564,0.91949,0.95372,0.8257,0.71212,0.92862,0.99298,0.00996514,0.00996514,0.00996514
191,21368.2,0.76706,1.19532,1.08021,0.93546,0.91948,0.95393,0.82499,0.71286,0.92942,0.99349,0.00996477,0.00996477,0.00996477
192,21481.3,0.76453,1.16105,1.07819,0.9356,0.91961,0.95411,0.8249,0.71281,0.92904,0.99352,0.0099644,0.0099644,0.0099644
193,21593.9,0.74498,1.20395,1.06821,0.93457,0.91977,0.95432,0.82655,0.7133,0.92831,0.99382,0.00996402,0.00996402,0.00996402
194,21704.5,0.75183,1.21825,1.06774,0.93547,0.91926,0.9543,0.82554,0.71387,0.92931,0.99423,0.00996365,0.00996365,0.00996365
195,21816.3,0.76655,1.24304,1.0858,0.9352,0.9189,0.95454,0.82707,0.71416,0.92895,0.99415,0.00996327,0.00996327,0.00996327
196,21927.1,0.75487,1.20875,1.06945,0.93464,0.91917,0.95444,0.82647,0.71454,0.92991,0.99415,0.00996289,0.00996289,0.00996289
197,22038.4,0.75417,1.23223,1.07692,0.93441,0.91897,0.95453,0.82731,0.71512,0.92934,0.99475,0.00996251,0.00996251,0.00996251
198,22151.1,0.73126,1.20033,1.06505,0.93408,0.91863,0.9547,0.82741,0.71549,0.9303,0.99491,0.00996213,0.00996213,0.00996213
199,22264.5,0.74685,1.19234,1.06424,0.93385,0.9183,0.95477,0.82802,0.71571,0.93011,0.9948,0.00996174,0.00996174,0.00996174
200,22378.9,0.74486,1.20366,1.06073,0.93454,0.9179,0.95457,0.82775,0.71508,0.92988,0.99489,0.00996136,0.00996136,0.00996136
201,22493.7,0.74469,1.17549,1.06387,0.9342,0.91792,0.95453,0.82775,0.71489,0.92857,0.99456,0.00996097,0.00996097,0.00996097
202,22608.3,0.75285,1.19912,1.07447,0.93443,0.91777,0.95473,0.82747,0.71531,0.92991,0.9947,0.00996058,0.00996058,0.00996058
203,22723,0.742,1.17805,1.07325,0.93418,0.91786,0.95479,0.82658,0.71542,0.9287,0.99478,0.00996018,0.00996018,0.00996018
204,22835.7,0.75282,1.19988,1.0719,0.93407,0.91787,0.95459,0.82743,0.71536,0.92709,0.99438,0.00995979,0.00995979,0.00995979
205,22948.2,0.75221,1.17203,1.07488,0.93407,0.91802,0.95505,0.82653,0.7156,0.92699,0.99474,0.00995939,0.00995939,0.00995939
206,23060.9,0.74131,1.16153,1.0628,0.93141,0.91835,0.9552,0.82695,0.71574,0.92567,0.99471,0.00995899,0.00995899,0.00995899
207,23173.9,0.7429,1.15102,1.05814,0.93023,0.91831,0.95544,0.82558,0.71513,0.92533,0.99443,0.00995859,0.00995859,0.00995859
208,23286.7,0.73085,1.1695,1.05709,0.92908,0.91809,0.95542,0.82622,0.71461,0.92385,0.99403,0.00995819,0.00995819,0.00995819
209,23400.5,0.74508,1.17418,1.06872,0.92883,0.91798,0.95567,0.82696,0.71414,0.92329,0.99403,0.00995779,0.00995779,0.00995779
210,23515.1,0.76573,1.22485,1.07949,0.92865,0.91803,0.95572,0.82707,0.71412,0.91941,0.99392,0.00995738,0.00995738,0.00995738
211,23629.3,0.76281,1.23884,1.07336,0.92865,0.91794,0.95574,0.82619,0.71425,0.91809,0.99413,0.00995697,0.00995697,0.00995697
212,23742.5,0.74485,1.17587,1.06838,0.9284,0.91791,0.95561,0.827,0.71498,0.91844,0.99473,0.00995656,0.00995656,0.00995656
213,23856,0.75267,1.1659,1.08152,0.92865,0.91784,0.95553,0.82641,0.71456,0.91664,0.99412,0.00995615,0.00995615,0.00995615
214,23970,0.74985,1.18257,1.07141,0.92867,0.91774,0.95577,0.82633,0.71469,0.9163,0.99417,0.00995574,0.00995574,0.00995574
215,24083.1,0.76749,1.19942,1.08048,0.92883,0.91741,0.95786,0.82718,0.71456,0.91531,0.99411,0.00995532,0.00995532,0.00995532
216,24197.2,0.74222,1.19316,1.0658,0.92917,0.91723,0.95808,0.82694,0.71433,0.91407,0.99409,0.0099549,0.0099549,0.0099549
217,24310.8,0.74529,1.17597,1.06935,0.92922,0.91707,0.95815,0.82693,0.7137,0.91363,0.9933,0.00995448,0.00995448,0.00995448
218,24425.4,0.73391,1.17987,1.06701,0.92958,0.91691,0.95802,0.82877,0.71378,0.91417,0.99356,0.00995406,0.00995406,0.00995406
219,24539.6,0.7466,1.17564,1.06362,0.93374,0.91679,0.95782,0.8285,0.71306,0.91428,0.99336,0.00995364,0.00995364,0.00995364
220,24654.1,0.72382,1.12464,1.05397,0.91307,0.93816,0.95795,0.82833,0.71213,0.91301,0.99268,0.00995321,0.00995321,0.00995321
221,24769.2,0.74894,1.18761,1.06862,0.91311,0.93816,0.958,0.82984,0.71193,0.91238,0.99228,0.00995278,0.00995278,0.00995278
222,24883.7,0.73455,1.1478,1.05977,0.91324,0.93816,0.95811,0.82934,0.71124,0.9133,0.99162,0.00995235,0.00995235,0.00995235
223,24998.6,0.7445,1.16368,1.07348,0.91342,0.93816,0.95822,0.83044,0.71127,0.91457,0.99175,0.00995192,0.00995192,0.00995192
224,25114.1,0.74544,1.13722,1.06857,0.91357,0.93816,0.95818,0.83039,0.71041,0.91283,0.9912,0.00995149,0.00995149,0.00995149
225,25229,0.74463,1.17091,1.06475,0.91332,0.93536,0.95805,0.83061,0.71045,0.9133,0.99116,0.00995105,0.00995105,0.00995105
226,25343.2,0.74335,1.15681,1.06875,0.91328,0.93527,0.95808,0.83079,0.71117,0.91287,0.99155,0.00995062,0.00995062,0.00995062
227,25458.4,0.72186,1.12934,1.06212,0.91366,0.93816,0.95827,0.8318,0.71105,0.91164,0.99159,0.00995018,0.00995018,0.00995018
228,25572.9,0.74963,1.13394,1.06739,0.91357,0.93816,0.95801,0.82937,0.71111,0.91096,0.99169,0.00994974,0.00994974,0.00994974
229,25687.5,0.75554,1.16229,1.06361,0.91353,0.93816,0.95805,0.8292,0.71235,0.91011,0.99264,0.00994929,0.00994929,0.00994929
230,25800.9,0.74189,1.17693,1.05951,0.9134,0.93816,0.95806,0.82982,0.712,0.90821,0.99261,0.00994885,0.00994885,0.00994885
231,25914.6,0.73525,1.18893,1.06162,0.91343,0.93816,0.95812,0.82906,0.71223,0.90675,0.99264,0.0099484,0.0099484,0.0099484
232,26028.9,0.73859,1.16036,1.06068,0.9133,0.93816,0.95816,0.82986,0.71201,0.9039,0.99245,0.00994795,0.00994795,0.00994795
233,26143,0.75919,1.18679,1.06584,0.91351,0.93816,0.95817,0.82896,0.71177,0.90642,0.99274,0.0099475,0.0099475,0.0099475
234,26256,0.7693,1.17654,1.08883,0.91356,0.93816,0.95835,0.82923,0.71119,0.90432,0.99255,0.00994705,0.00994705,0.00994705
235,26368.9,0.73233,1.12827,1.05433,0.91341,0.93816,0.95845,0.82856,0.71095,0.90368,0.99258,0.00994659,0.00994659,0.00994659
236,26478.2,0.74472,1.14096,1.07103,0.91139,0.93816,0.95802,0.82811,0.71135,0.90304,0.99272,0.00994614,0.00994614,0.00994614
237,26586.5,0.7509,1.13496,1.06827,0.91155,0.93816,0.95814,0.8277,0.71215,0.90231,0.99304,0.00994568,0.00994568,0.00994568
238,26695,0.74314,1.14021,1.06296,0.90938,0.93849,0.95835,0.82819,0.71254,0.90133,0.99294,0.00994522,0.00994522,0.00994522
239,26804.2,0.73507,1.14482,1.06692,0.90938,0.93823,0.95826,0.82924,0.71211,0.90197,0.99303,0.00994476,0.00994476,0.00994476
240,26913.8,0.73576,1.13718,1.06334,0.90957,0.93816,0.95831,0.82761,0.71292,0.90118,0.99346,0.00994429,0.00994429,0.00994429
241,27024.3,0.74526,1.15852,1.07205,0.9099,0.93816,0.9581,0.82843,0.71268,0.90014,0.9931,0.00994383,0.00994383,0.00994383
242,27133.2,0.72982,1.12106,1.0625,0.91022,0.93816,0.9582,0.82781,0.71255,0.90184,0.99284,0.00994336,0.00994336,0.00994336
243,27242.8,0.73294,1.14876,1.05219,0.91162,0.93939,0.95825,0.82861,0.71265,0.90077,0.99275,0.00994289,0.00994289,0.00994289
244,27352.1,0.73664,1.15853,1.05795,0.90904,0.94079,0.95825,0.8284,0.71279,0.90088,0.99311,0.00994242,0.00994242,0.00994242
245,27460.6,0.74817,1.15586,1.06459,0.90882,0.94079,0.95838,0.82869,0.71263,0.90222,0.99295,0.00994194,0.00994194,0.00994194
246,27569.8,0.75393,1.17085,1.07292,0.90914,0.94079,0.95871,0.82932,0.71203,0.90169,0.99238,0.00994147,0.00994147,0.00994147
247,27678.9,0.73991,1.1449,1.06017,0.90957,0.94079,0.95865,0.82938,0.71134,0.90181,0.99185,0.00994099,0.00994099,0.00994099
248,27787.6,0.75796,1.17,1.07572,0.90973,0.94079,0.9586,0.82864,0.71103,0.90119,0.99185,0.00994051,0.00994051,0.00994051
249,27896.5,0.74761,1.17058,1.06889,0.91097,0.94079,0.95853,0.82936,0.71049,0.90299,0.99126,0.00994003,0.00994003,0.00994003
250,28005.3,0.73356,1.13785,1.06843,0.91066,0.94079,0.95874,0.82968,0.7105,0.90075,0.99107,0.00993954,0.00993954,0.00993954
251,28113.7,0.7333,1.13707,1.06212,0.9107,0.94079,0.95889,0.82924,0.71043,0.89993,0.99095,0.00993906,0.00993906,0.00993906
252,28222.2,0.73072,1.15257,1.06316,0.90939,0.94079,0.95719,0.82914,0.71013,0.89919,0.99068,0.00993857,0.00993857,0.00993857
253,28331.8,0.73063,1.0995,1.06147,0.90965,0.94079,0.95904,0.82947,0.70992,0.89873,0.99063,0.00993808,0.00993808,0.00993808
254,28440.7,0.73762,1.11515,1.06388,0.90981,0.94079,0.95731,0.83012,0.70954,0.89758,0.99049,0.00993759,0.00993759,0.00993759
255,28550.7,0.74382,1.11064,1.06338,0.90991,0.94079,0.95739,0.83034,0.70897,0.89958,0.99031,0.0099371,0.0099371,0.0099371
256,28660.3,0.739,1.10372,1.06446,0.90975,0.94079,0.95744,0.83015,0.70872,0.90122,0.98986,0.0099366,0.0099366,0.0099366
257,28769.5,0.73602,1.12804,1.06393,0.90973,0.94079,0.95754,0.83033,0.70831,0.90011,0.98967,0.0099361,0.0099361,0.0099361
258,28879.7,0.73992,1.14058,1.05788,0.90968,0.94079,0.95754,0.83084,0.70834,0.89865,0.98959,0.0099356,0.0099356,0.0099356
259,28989.5,0.73376,1.12169,1.05632,0.91151,0.94326,0.95764,0.83093,0.70868,0.8973,0.9894,0.0099351,0.0099351,0.0099351
260,29099.7,0.73419,1.12292,1.05391,0.9106,0.94342,0.95733,0.83,0.70854,0.89825,0.98922,0.0099346,0.0099346,0.0099346
261,29209.6,0.73497,1.13024,1.06412,0.9104,0.94342,0.95756,0.83045,0.70874,0.89645,0.98913,0.0099341,0.0099341,0.0099341
262,29317.7,0.74864,1.14186,1.06804,0.90944,0.94342,0.95753,0.83089,0.70826,0.89868,0.98879,0.00993359,0.00993359,0.00993359
263,29426.7,0.74312,1.13755,1.06157,0.90952,0.94461,0.9576,0.83049,0.70765,0.89806,0.98803,0.00993308,0.00993308,0.00993308
264,29536,0.7365,1.09838,1.05815,0.90944,0.94404,0.95775,0.8313,0.70753,0.89653,0.98806,0.00993257,0.00993257,0.00993257
265,29645,0.74854,1.13469,1.06134,0.90939,0.94384,0.95765,0.83045,0.7076,0.89618,0.98778,0.00993206,0.00993206,0.00993206
266,29754.3,0.73587,1.12548,1.05596,0.90932,0.94342,0.95783,0.83144,0.70711,0.89819,0.98749,0.00993154,0.00993154,0.00993154
267,29863.8,0.72359,1.11117,1.05721,0.90948,0.94342,0.95797,0.83196,0.70662,0.89924,0.98708,0.00993103,0.00993103,0.00993103
268,29973.3,0.73637,1.12291,1.07011,0.90979,0.94342,0.95796,0.83151,0.70605,0.89899,0.98663,0.00993051,0.00993051,0.00993051
269,30083.3,0.75807,1.13016,1.07531,0.90963,0.94342,0.9583,0.83082,0.70564,0.89767,0.98676,0.00992999,0.00992999,0.00992999
270,30194.3,0.73182,1.13543,1.06273,0.90934,0.94342,0.95818,0.8321,0.70513,0.89632,0.98669,0.00992946,0.00992946,0.00992946
271,30304,0.73285,1.1077,1.05853,0.90936,0.94342,0.95831,0.83269,0.70487,0.89668,0.98627,0.00992894,0.00992894,0.00992894
272,30413.1,0.73308,1.1313,1.06053,0.90928,0.94342,0.95829,0.83298,0.70404,0.89389,0.98603,0.00992841,0.00992841,0.00992841
273,30522.2,0.73965,1.13188,1.06674,0.90966,0.94342,0.95831,0.83318,0.70322,0.89427,0.98545,0.00992789,0.00992789,0.00992789
274,30631.1,0.72266,1.12231,1.05446,0.90988,0.94342,0.95844,0.83314,0.70265,0.89191,0.98512,0.00992736,0.00992736,0.00992736
275,30740.5,0.74437,1.15077,1.06785,0.91001,0.94342,0.95838,0.83306,0.70281,0.89153,0.9849,0.00992682,0.00992682,0.00992682
276,30850.4,0.74608,1.12107,1.06676,0.91014,0.94342,0.95892,0.83359,0.70297,0.89251,0.98505,0.00992629,0.00992629,0.00992629
277,30960.2,0.72963,1.10713,1.05382,0.91001,0.94342,0.95889,0.83344,0.70266,0.89309,0.985,0.00992576,0.00992576,0.00992576
278,31070.3,0.72849,1.10618,1.05318,0.90982,0.94342,0.95873,0.83546,0.70263,0.89305,0.98499,0.00992522,0.00992522,0.00992522
279,31179.4,0.73494,1.12544,1.06238,0.90972,0.94342,0.95896,0.83486,0.70238,0.89286,0.9851,0.00992468,0.00992468,0.00992468
280,31289.2,0.73587,1.11531,1.06254,0.90981,0.94342,0.95889,0.83378,0.70225,0.89222,0.98488,0.00992414,0.00992414,0.00992414
281,31396.9,0.73638,1.11829,1.0622,0.90976,0.94342,0.95887,0.83334,0.70216,0.89256,0.98501,0.00992359,0.00992359,0.00992359
282,31505.9,0.74605,1.12903,1.05505,0.90971,0.94342,0.95894,0.83491,0.70197,0.89148,0.98502,0.00992305,0.00992305,0.00992305
283,31614.8,0.72937,1.09517,1.05258,0.90985,0.94342,0.9589,0.83455,0.7025,0.89228,0.9855,0.0099225,0.0099225,0.0099225
284,31723.3,0.71506,1.08429,1.04611,0.90972,0.94342,0.95873,0.83509,0.70191,0.89279,0.98526,0.00992195,0.00992195,0.00992195
285,31831.5,0.72007,1.09528,1.04202,0.91321,0.94023,0.95876,0.83545,0.70161,0.89196,0.98465,0.0099214,0.0099214,0.0099214
286,31940.5,0.72752,1.12708,1.05958,0.91315,0.94024,0.95863,0.83604,0.70157,0.89142,0.98464,0.00992085,0.00992085,0.00992085
287,32049.5,0.73419,1.08194,1.06446,0.91314,0.94047,0.95868,0.83516,0.70083,0.89121,0.9844,0.00992029,0.00992029,0.00992029
288,32158.2,0.74236,1.14986,1.06137,0.91309,0.94065,0.95866,0.83602,0.70072,0.8899,0.98438,0.00991974,0.00991974,0.00991974
289,32266.5,0.73287,1.0946,1.05098,0.91302,0.94072,0.95843,0.83747,0.70139,0.89142,0.98469,0.00991918,0.00991918,0.00991918
290,32376.2,0.75022,1.1177,1.07444,0.9133,0.94342,0.9586,0.83621,0.70063,0.89178,0.98453,0.00991862,0.00991862,0.00991862
291,32485.8,0.70722,1.09264,1.04241,0.9128,0.94342,0.95844,0.83661,0.70082,0.89197,0.98439,0.00991805,0.00991805,0.00991805
292,32595.4,0.72796,1.09178,1.05522,0.91258,0.94342,0.9584,0.83658,0.7011,0.89201,0.9847,0.00991749,0.00991749,0.00991749
293,32704.4,0.72404,1.09118,1.05512,0.91244,0.94342,0.95886,0.83707,0.70114,0.89461,0.98474,0.00991692,0.00991692,0.00991692
294,32814.4,0.72715,1.1361,1.05615,0.91244,0.94342,0.95871,0.83658,0.70171,0.89549,0.98482,0.00991635,0.00991635,0.00991635
295,32924,0.72214,1.12562,1.03288,0.9124,0.94342,0.95858,0.83623,0.7018,0.89523,0.98489,0.00991578,0.00991578,0.00991578
296,33033.4,0.72021,1.05778,1.04,0.91234,0.94342,0.95869,0.83633,0.70129,0.89644,0.98461,0.00991521,0.00991521,0.00991521
297,33142.5,0.72507,1.07734,1.05512,0.91216,0.94342,0.95882,0.83656,0.70064,0.89548,0.98446,0.00991464,0.00991464,0.00991464
298,33253.2,0.72833,1.08729,1.053,0.91208,0.94342,0.95895,0.83648,0.70009,0.89695,0.98424,0.00991406,0.00991406,0.00991406
299,33362,0.72833,1.1208,1.06289,0.91202,0.94342,0.95902,0.83695,0.70045,0.89827,0.98458,0.00991348,0.00991348,0.00991348
300,33471.3,0.71832,1.09704,1.05222,0.91201,0.94342,0.95891,0.83783,0.70053,0.89747,0.98451,0.0099129,0.0099129,0.0099129
301,33580.8,0.72191,1.07747,1.05296,0.91201,0.94342,0.95878,0.83818,0.70066,0.89647,0.98454,0.00991232,0.00991232,0.00991232
302,33690.4,0.73082,1.12952,1.04919,0.91198,0.94342,0.95887,0.83916,0.70056,0.89613,0.98443,0.00991174,0.00991174,0.00991174
303,33799.4,0.71945,1.08987,1.05062,0.912,0.94342,0.95868,0.83914,0.7008,0.89507,0.98446,0.00991115,0.00991115,0.00991115
304,33907.8,0.73016,1.09231,1.05599,0.91201,0.94342,0.95868,0.83961,0.70001,0.89306,0.98417,0.00991056,0.00991056,0.00991056
305,34016.1,0.72433,1.05934,1.05316,0.91207,0.94342,0.95863,0.83884,0.70041,0.89343,0.98444,0.00990998,0.00990998,0.00990998
306,34125,0.70591,1.07694,1.04463,0.91258,0.94342,0.95865,0.83849,0.69964,0.89221,0.98398,0.00990938,0.00990938,0.00990938
307,34233.7,0.72319,1.0977,1.05567,0.91254,0.94342,0.95854,0.83826,0.69973,0.89135,0.98386,0.00990879,0.00990879,0.00990879
308,34343,0.70939,1.04842,1.03831,0.91217,0.94342,0.95869,0.83855,0.69996,0.89193,0.98435,0.0099082,0.0099082,0.0099082
309,34452.8,0.73905,1.09283,1.05479,0.91184,0.94342,0.95864,0.83884,0.69956,0.88942,0.9839,0.0099076,0.0099076,0.0099076
310,34560.2,0.7251,1.079,1.05158,0.91176,0.94342,0.95891,0.83871,0.69989,0.88829,0.9842,0.009907,0.009907,0.009907
311,34666.8,0.72609,1.11902,1.05326,0.91159,0.94342,0.95896,0.83879,0.70041,0.88794,0.98459,0.0099064,0.0099064,0.0099064
312,34770,0.72054,1.07952,1.04603,0.91137,0.94342,0.95885,0.83931,0.70052,0.8859,0.98475,0.0099058,0.0099058,0.0099058
313,34872,0.71373,1.06406,1.05104,0.91359,0.93816,0.95883,0.83898,0.70084,0.88526,0.98532,0.00990519,0.00990519,0.00990519
314,34974.2,0.72204,1.10485,1.05247,0.91359,0.93816,0.95884,0.83986,0.7011,0.88548,0.98562,0.00990458,0.00990458,0.00990458
315,35076.6,0.70776,1.06562,1.04915,0.91357,0.93816,0.95866,0.83994,0.70158,0.88462,0.98552,0.00990397,0.00990397,0.00990397
316,35178.7,0.73682,1.11892,1.05815,0.91355,0.93816,0.95849,0.83917,0.70179,0.88475,0.9858,0.00990336,0.00990336,0.00990336
317,35280.6,0.72858,1.09276,1.04377,0.91363,0.93972,0.95867,0.83906,0.70129,0.88627,0.98557,0.00990275,0.00990275,0.00990275
318,35382.4,0.72526,1.10927,1.05588,0.91336,0.93816,0.95822,0.83995,0.70124,0.88447,0.98541,0.00990214,0.00990214,0.00990214
319,35485.7,0.73483,1.11183,1.0623,0.91534,0.94342,0.9584,0.83892,0.70124,0.88347,0.98557,0.00990152,0.00990152,0.00990152
320,35588.4,0.71374,1.08891,1.03604,0.91266,0.94342,0.95826,0.83958,0.70028,0.88433,0.98496,0.0099009,0.0099009,0.0099009
321,35692.1,0.71834,1.05408,1.04439,0.91206,0.94342,0.95821,0.83875,0.70016,0.88364,0.98515,0.00990028,0.00990028,0.00990028
322,35796.2,0.72789,1.10185,1.05057,0.91195,0.94342,0.95833,0.83855,0.70045,0.88352,0.98537,0.00989966,0.00989966,0.00989966
323,35900.2,0.71419,1.07591,1.04183,0.91183,0.94342,0.95834,0.83927,0.70111,0.88349,0.98556,0.00989904,0.00989904,0.00989904
324,36003.8,0.70847,1.0623,1.04396,0.9118,0.94342,0.95814,0.83904,0.70109,0.88239,0.98512,0.00989841,0.00989841,0.00989841
325,36106.3,0.73181,1.08951,1.05347,0.91174,0.94342,0.9583,0.83915,0.70137,0.88333,0.98542,0.00989778,0.00989778,0.00989778
326,36209.4,0.72087,1.07755,1.04806,0.91183,0.94342,0.95826,0.83931,0.70117,0.88403,0.98516,0.00989715,0.00989715,0.00989715
327,36311.9,0.72351,1.11351,1.04957,0.91222,0.94342,0.95815,0.83934,0.70114,0.88495,0.98526,0.00989652,0.00989652,0.00989652
328,36416.4,0.72417,1.09085,1.05959,0.91243,0.94342,0.95794,0.83918,0.70112,0.88571,0.98518,0.00989589,0.00989589,0.00989589
329,36520.5,0.72281,1.0615,1.04949,0.91268,0.94342,0.95791,0.83887,0.70154,0.88856,0.98532,0.00989525,0.00989525,0.00989525
330,36624.4,0.71252,1.0794,1.04309,0.91258,0.94342,0.95787,0.83941,0.70189,0.88872,0.98554,0.00989461,0.00989461,0.00989461
331,36728,0.71589,1.05962,1.05012,0.91273,0.9433,0.95782,0.84033,0.70185,0.8896,0.98533,0.00989398,0.00989398,0.00989398
332,36832.6,0.72647,1.07597,1.04481,0.91192,0.94342,0.95786,0.84082,0.7021,0.88947,0.98568,0.00989333,0.00989333,0.00989333
333,36935.8,0.72587,1.03992,1.05298,0.91174,0.94342,0.95762,0.83967,0.70303,0.8893,0.98602,0.00989269,0.00989269,0.00989269
334,37039.8,0.73349,1.05521,1.05419,0.91158,0.94342,0.95755,0.8424,0.70377,0.89053,0.9867,0.00989205,0.00989205,0.00989205
335,37143,0.72982,1.08182,1.05664,0.91166,0.94342,0.95736,0.84171,0.70377,0.89178,0.98676,0.0098914,0.0098914,0.0098914
336,37246.5,0.72336,1.07983,1.05234,0.91169,0.94342,0.95721,0.84051,0.70406,0.89134,0.9872,0.00989075,0.00989075,0.00989075
337,37350.6,0.72372,1.08415,1.05992,0.9116,0.94342,0.95715,0.84052,0.70422,0.89232,0.98745,0.0098901,0.0098901,0.0098901
338,37454.6,0.70849,1.04224,1.04064,0.91154,0.94342,0.95707,0.84115,0.70419,0.89251,0.98742,0.00988945,0.00988945,0.00988945
339,37558.3,0.71297,1.06978,1.03678,0.91152,0.94342,0.95712,0.84203,0.70386,0.89152,0.9871,0.00988879,0.00988879,0.00988879
340,37662.1,0.71257,1.06651,1.03819,0.91154,0.94342,0.95713,0.84159,0.70409,0.89083,0.98709,0.00988814,0.00988814,0.00988814
341,37765.6,0.70127,1.07842,1.03535,0.91156,0.94342,0.95709,0.84174,0.70425,0.88883,0.98692,0.00988748,0.00988748,0.00988748
342,37869.1,0.7113,1.10029,1.04505,0.91149,0.94342,0.95725,0.84233,0.70445,0.8884,0.98686,0.00988682,0.00988682,0.00988682
343,37972.9,0.70862,1.06526,1.04249,0.91149,0.94342,0.95739,0.84162,0.70428,0.8858,0.98677,0.00988615,0.00988615,0.00988615
344,38075.6,0.71771,1.05267,1.05127,0.91147,0.94342,0.95741,0.84268,0.70449,0.88659,0.98723,0.00988549,0.00988549,0.00988549
345,38178.9,0.70553,1.04711,1.04337,0.91342,0.94342,0.95768,0.84164,0.70399,0.88507,0.98691,0.00988482,0.00988482,0.00988482
346,38281.1,0.70645,1.05476,1.0424,0.91341,0.94342,0.95765,0.84142,0.70351,0.88353,0.98658,0.00988416,0.00988416,0.00988416
347,38384.7,0.72484,1.06845,1.05156,0.9134,0.94342,0.95774,0.84171,0.70286,0.88258,0.98624,0.00988349,0.00988349,0.00988349
348,38488.3,0.70199,1.00226,1.04257,0.9134,0.94342,0.95758,0.8414,0.70305,0.88166,0.98633,0.00988281,0.00988281,0.00988281
349,38591.8,0.69402,1.02597,1.02931,0.91333,0.94342,0.95757,0.84166,0.70344,0.88025,0.98655,0.00988214,0.00988214,0.00988214
350,38695.2,0.72569,1.0579,1.05102,0.91323,0.94339,0.95739,0.84133,0.70325,0.88108,0.98664,0.00988147,0.00988147,0.00988147
351,38797.8,0.71067,1.06101,1.03815,0.91302,0.94317,0.95736,0.84165,0.70337,0.87846,0.98687,0.00988079,0.00988079,0.00988079
352,38900.9,0.72634,1.0307,1.04965,0.91289,0.94286,0.95725,0.8419,0.70273,0.87919,0.98671,0.00988011,0.00988011,0.00988011
353,39004.4,0.71992,1.03816,1.04898,0.91258,0.94199,0.95724,0.8421,0.70288,0.87933,0.98694,0.00987943,0.00987943,0.00987943
354,39106.7,0.70278,1.04833,1.04023,0.91251,0.9416,0.95746,0.84272,0.70333,0.87942,0.98741,0.00987874,0.00987874,0.00987874
355,39209.7,0.7102,1.04391,1.04283,0.91226,0.94138,0.95711,0.8427,0.70336,0.87927,0.98788,0.00987806,0.00987806,0.00987806
356,39313.4,0.70707,1.05647,1.03401,0.9121,0.94111,0.95686,0.84214,0.70326,0.87797,0.98791,0.00987737,0.00987737,0.00987737
357,39417.7,0.71608,1.05724,1.04435,0.91206,0.94045,0.95677,0.84402,0.70332,0.87812,0.98836,0.00987668,0.00987668,0.00987668
358,39521.6,0.70698,1.07323,1.03691,0.91182,0.94035,0.95694,0.84333,0.70371,0.87738,0.98887,0.00987599,0.00987599,0.00987599
359,39626.9,0.70443,1.04298,1.04683,0.91178,0.94,0.95669,0.84314,0.70368,0.87678,0.98872,0.0098753,0.0098753,0.0098753
360,39731.5,0.70391,1.07184,1.04096,0.91173,0.9397,0.95676,0.84155,0.70387,0.87604,0.98859,0.0098746,0.0098746,0.0098746
361,39836.5,0.71639,1.10367,1.05482,0.91147,0.94016,0.95691,0.84035,0.7037,0.87476,0.98853,0.00987391,0.00987391,0.00987391
362,39941.3,0.72886,1.06128,1.05172,0.91113,0.94025,0.95698,0.84219,0.70362,0.87372,0.98852,0.00987321,0.00987321,0.00987321
363,40044.9,0.71853,1.07604,1.04962,0.91086,0.94024,0.956,0.83988,0.70361,0.87262,0.98848,0.00987251,0.00987251,0.00987251
364,40149.3,0.70239,1.00439,1.02967,0.91068,0.93998,0.95591,0.84102,0.70337,0.87253,0.9888,0.00987181,0.00987181,0.00987181
365,40253.8,0.71573,1.03218,1.0501,0.91249,0.94001,0.95611,0.8391,0.70358,0.87208,0.98909,0.0098711,0.0098711,0.0098711
366,40357.4,0.70946,1.04999,1.04129,0.91243,0.93977,0.95595,0.83827,0.70444,0.8738,0.98945,0.0098704,0.0098704,0.0098704
367,40461.9,0.70004,1.04002,1.03852,0.91246,0.9395,0.95563,0.83935,0.70389,0.87366,0.98877,0.00986969,0.00986969,0.00986969
368,40566.5,0.71515,1.04341,1.04639,0.91243,0.9396,0.9558,0.83737,0.70377,0.87378,0.98871,0.00986898,0.00986898,0.00986898
369,40671.3,0.72309,1.0494,1.04932,0.91278,0.93888,0.95588,0.83886,0.70375,0.87403,0.98859,0.00986827,0.00986827,0.00986827
370,40776,0.70252,1.01821,1.04144,0.91307,0.93843,0.95611,0.83815,0.70436,0.87474,0.98896,0.00986755,0.00986755,0.00986755
371,40880.9,0.70868,1.02812,1.03665,0.91298,0.93844,0.95602,0.83822,0.70435,0.87463,0.98895,0.00986684,0.00986684,0.00986684
372,40985,0.72013,1.03244,1.0471,0.91472,0.93379,0.95629,0.83804,0.70513,0.87621,0.98926,0.00986612,0.00986612,0.00986612
373,41087.9,0.71124,1.03818,1.05259,0.91554,0.9337,0.9565,0.8391,0.70548,0.87764,0.98935,0.0098654,0.0098654,0.0098654
374,41191.7,0.71707,1.06253,1.04261,0.91596,0.93366,0.95644,0.8389,0.70607,0.87741,0.9896,0.00986468,0.00986468,0.00986468
375,41295.2,0.7089,1.00814,1.03521,0.91687,0.93479,0.95631,0.83814,0.70649,0.87619,0.98997,0.00986396,0.00986396,0.00986396
376,41399.9,0.71265,1.05677,1.04605,0.91687,0.93453,0.95629,0.84025,0.70666,0.87609,0.99002,0.00986323,0.00986323,0.00986323
377,41504.7,0.7194,1.09689,1.04747,0.91686,0.93429,0.95631,0.84006,0.70638,0.87652,0.98995,0.0098625,0.0098625,0.0098625
378,41608.9,0.70693,1.01876,1.03234,0.91686,0.93419,0.95634,0.84031,0.70717,0.87687,0.99035,0.00986178,0.00986178,0.00986178
379,41712.6,0.70332,1.03526,1.03503,0.91313,0.93748,0.95622,0.8396,0.70769,0.87526,0.99045,0.00986104,0.00986104,0.00986104
380,41816.7,0.70529,1.04505,1.04127,0.91332,0.93754,0.95619,0.83968,0.70847,0.87616,0.99133,0.00986031,0.00986031,0.00986031
381,41921,0.71697,1.05507,1.03864,0.91416,0.93756,0.9564,0.83939,0.70939,0.87717,0.99177,0.00985958,0.00985958,0.00985958
382,42026,0.70782,1.03051,1.04149,0.91421,0.93786,0.95657,0.83983,0.70919,0.87519,0.99176,0.00985884,0.00985884,0.00985884
383,42130.9,0.71382,1.03698,1.0439,0.91409,0.93791,0.95658,0.83964,0.71037,0.87375,0.99229,0.0098581,0.0098581,0.0098581
384,42234.5,0.72232,1.0233,1.0575,0.91431,0.93788,0.95692,0.84112,0.7103,0.87452,0.99202,0.00985736,0.00985736,0.00985736
385,42339.3,0.69162,0.99528,1.03245,0.91498,0.93781,0.95676,0.84066,0.71066,0.87532,0.9923,0.00985662,0.00985662,0.00985662
386,42444.4,0.71627,1.04017,1.04755,0.91462,0.93818,0.95692,0.84129,0.71057,0.87436,0.99232,0.00985588,0.00985588,0.00985588
387,42547.7,0.70556,1.05357,1.0386,0.91416,0.93803,0.95657,0.84053,0.71102,0.87458,0.99249,0.00985513,0.00985513,0.00985513
388,42651.7,0.69819,1.03995,1.02722,0.91443,0.93813,0.95702,0.84169,0.7116,0.87443,0.99269,0.00985438,0.00985438,0.00985438
389,42756.2,0.72058,1.05222,1.04662,0.91092,0.93991,0.95698,0.83905,0.71238,0.87502,0.99307,0.00985363,0.00985363,0.00985363
390,42860.6,0.70259,1.03885,1.0363,0.90984,0.94053,0.95705,0.83828,0.71232,0.87349,0.99325,0.00985288,0.00985288,0.00985288
391,42965.2,0.71126,1.09577,1.0418,0.90843,0.94052,0.9571,0.8378,0.71281,0.8736,0.99366,0.00985213,0.00985213,0.00985213
392,43070,0.70493,1.01038,1.04589,0.90743,0.94058,0.95708,0.83799,0.71294,0.8735,0.99374,0.00985137,0.00985137,0.00985137
393,43174.3,0.6995,1.06459,1.03114,0.90857,0.94115,0.9571,0.83878,0.713,0.8721,0.99392,0.00985061,0.00985061,0.00985061
394,43278,0.7037,1.04921,1.03941,0.90822,0.94131,0.95767,0.8404,0.71228,0.87086,0.99337,0.00984985,0.00984985,0.00984985
395,43382.1,0.70197,1.02792,1.04687,0.90831,0.94116,0.95776,0.84009,0.71253,0.87019,0.99339,0.00984909,0.00984909,0.00984909
396,43486.5,0.72397,1.02687,1.04997,0.90998,0.94123,0.95736,0.83907,0.71319,0.87082,0.99381,0.00984833,0.00984833,0.00984833
397,43590.9,0.70979,1.05541,1.03483,0.90972,0.94161,0.95738,0.84215,0.71337,0.86925,0.99408,0.00984757,0.00984757,0.00984757
398,43695,0.71173,1.03106,1.0404,0.90948,0.94205,0.95749,0.84096,0.71366,0.86972,0.9946,0.0098468,0.0098468,0.0098468
399,43799.8,0.71297,1.01184,1.03992,0.90885,0.94264,0.9574,0.84165,0.71357,0.86945,0.9947,0.00984603,0.00984603,0.00984603
400,43903.8,0.69589,1.02456,1.02721,0.90804,0.9484,0.95714,0.8408,0.71328,0.86829,0.99465,0.00984526,0.00984526,0.00984526
401,44008.3,0.69772,1.00274,1.03465,0.9079,0.94859,0.95732,0.84145,0.7133,0.86891,0.99481,0.00984449,0.00984449,0.00984449
402,44112.5,0.72286,1.04604,1.04489,0.90754,0.94835,0.95684,0.84143,0.71407,0.86841,0.99562,0.00984371,0.00984371,0.00984371
403,44216.3,0.70965,1.10323,1.0526,0.90749,0.94868,0.95759,0.84154,0.71386,0.86713,0.99578,0.00984294,0.00984294,0.00984294
404,44321.3,0.69708,1.00274,1.0319,0.90738,0.94867,0.95746,0.84451,0.7151,0.86628,0.99693,0.00984216,0.00984216,0.00984216
405,44426.3,0.71378,1.0349,1.03942,0.90774,0.9475,0.95758,0.84311,0.71575,0.86666,0.99783,0.00984138,0.00984138,0.00984138
406,44531.4,0.72337,1.04577,1.05007,0.90764,0.94754,0.95762,0.8445,0.71603,0.86521,0.99807,0.0098406,0.0098406,0.0098406
407,44634.9,0.69455,1.00689,1.02955,0.90752,0.94868,0.95778,0.84319,0.71681,0.86482,0.99864,0.00983981,0.00983981,0.00983981
408,44739.8,0.70915,1.03362,1.0387,0.9073,0.94868,0.95749,0.84207,0.71707,0.86414,0.99879,0.00983903,0.00983903,0.00983903
409,44844,0.71954,1.04055,1.05407,0.90704,0.94868,0.95764,0.84328,0.71719,0.86485,0.99903,0.00983824,0.00983824,0.00983824
410,44948.4,0.70291,1.03467,1.04108,0.90713,0.94868,0.95788,0.84307,0.71775,0.86555,0.99923,0.00983745,0.00983745,0.00983745
411,45053.1,0.70639,1.01655,1.0384,0.90702,0.94868,0.95788,0.84199,0.71774,0.86536,0.99923,0.00983666,0.00983666,0.00983666
412,45157.3,0.70582,0.99861,1.03363,0.90683,0.94868,0.95834,0.84444,0.71817,0.86494,0.99926,0.00983586,0.00983586,0.00983586
413,45260.8,0.71772,1.03297,1.05562,0.90983,0.95132,0.95958,0.84471,0.71797,0.86465,0.99915,0.00983507,0.00983507,0.00983507
414,45364.8,0.70308,1.02837,1.03152,0.90967,0.95132,0.95952,0.84556,0.71879,0.86544,0.99968,0.00983427,0.00983427,0.00983427
415,45468.9,0.70997,1.04782,1.03371,0.90905,0.95132,0.95956,0.84615,0.71896,0.86432,0.9999,0.00983347,0.00983347,0.00983347
416,45571.8,0.70462,1.00393,1.04176,0.9088,0.95132,0.95935,0.84463,0.71912,0.86422,0.99983,0.00983267,0.00983267,0.00983267
417,45675.7,0.71935,1.05163,1.04959,0.9094,0.95132,0.95919,0.84549,0.71938,0.86474,1.00035,0.00983187,0.00983187,0.00983187
418,45780.1,0.70841,1.01093,1.03636,0.91088,0.95132,0.95938,0.8468,0.72063,0.86333,1.00067,0.00983106,0.00983106,0.00983106
419,45884.8,0.69459,1.02666,1.03279,0.91168,0.95132,0.95953,0.8465,0.72034,0.86436,1.0005,0.00983026,0.00983026,0.00983026
420,45989,0.71079,1.05188,1.03057,0.91221,0.95132,0.95973,0.84871,0.72082,0.86396,1.00105,0.00982945,0.00982945,0.00982945
421,46093.3,0.70268,1.05864,1.03174,0.91238,0.95119,0.95971,0.84862,0.72154,0.86478,1.00163,0.00982864,0.00982864,0.00982864
422,46197.2,0.70263,1.01012,1.03141,0.91054,0.95063,0.95949,0.84883,0.72204,0.86387,1.00196,0.00982783,0.00982783,0.00982783
423,46301.4,0.70142,1.02445,1.02605,0.91046,0.95088,0.95939,0.8499,0.72174,0.8634,1.00198,0.00982701,0.00982701,0.00982701
424,46405.4,0.68765,0.99455,1.02917,0.9105,0.95074,0.95944,0.85027,0.72156,0.86338,1.00211,0.0098262,0.0098262,0.0098262
425,46510,0.69411,1.00743,1.02807,0.91107,0.94975,0.95971,0.85046,0.72175,0.86256,1.0021,0.00982538,0.00982538,0.00982538
426,46614.5,0.70217,1.00147,1.03388,0.91043,0.95067,0.9601,0.84974,0.72172,0.86117,1.00186,0.00982456,0.00982456,0.00982456
427,46718.6,0.69681,1.01787,1.03835,0.91112,0.94969,0.96018,0.84977,0.72199,0.86042,1.00168,0.00982374,0.00982374,0.00982374
428,46823,0.69069,1.01984,1.0325,0.91116,0.94958,0.96019,0.85117,0.72157,0.86129,1.00156,0.00982291,0.00982291,0.00982291
429,46927.7,0.71142,0.97168,1.04561,0.91132,0.94939,0.96011,0.84922,0.72097,0.85973,1.00131,0.00982209,0.00982209,0.00982209
430,47032.7,0.69533,1.02931,1.02859,0.9114,0.94925,0.96006,0.84956,0.72157,0.85949,1.00155,0.00982126,0.00982126,0.00982126
431,47135.9,0.69486,1.01221,1.03245,0.91153,0.94914,0.96034,0.84832,0.7212,0.85943,1.00116,0.00982043,0.00982043,0.00982043
432,47241.2,0.70238,1.01143,1.03803,0.91169,0.94911,0.96012,0.84834,0.72168,0.85913,1.00152,0.0098196,0.0098196,0.0098196
433,47345.4,0.69631,1.03673,1.02851,0.91176,0.94888,0.96,0.84884,0.72213,0.85821,1.00125,0.00981877,0.00981877,0.00981877
434,47451,0.70412,1.01639,1.0419,0.9117,0.94873,0.96015,0.84915,0.7221,0.8582,1.00125,0.00981793,0.00981793,0.00981793
435,47555.8,0.69146,1.00611,1.03668,0.91179,0.94868,0.96018,0.84856,0.72222,0.85727,1.00085,0.0098171,0.0098171,0.0098171
436,47659.2,0.71072,1.01901,1.04305,0.91159,0.94857,0.96007,0.84901,0.72217,0.85764,1.00059,0.00981626,0.00981626,0.00981626
437,47762.7,0.70275,1.00666,1.03768,0.91142,0.94863,0.96005,0.84754,0.72251,0.85768,1.00085,0.00981542,0.00981542,0.00981542
438,47866.5,0.68289,1.0107,1.03219,0.91145,0.94854,0.95959,0.84742,0.72224,0.85803,1.00064,0.00981458,0.00981458,0.00981458
439,47970.9,0.7027,1.03627,1.03877,0.90878,0.95159,0.95965,0.84772,0.7218,0.8563,1.0002,0.00981373,0.00981373,0.00981373
440,48074.7,0.698,1.00942,1.02985,0.90877,0.95168,0.95974,0.84751,0.72164,0.85633,1.00005,0.00981288,0.00981288,0.00981288
441,48178.7,0.71024,1.00502,1.04858,0.91066,0.95363,0.95951,0.84614,0.72161,0.85599,0.99995,0.00981204,0.00981204,0.00981204
442,48283.4,0.70184,1.02162,1.03242,0.91073,0.95406,0.95951,0.84566,0.72164,0.85639,0.99975,0.00981119,0.00981119,0.00981119
443,48387.3,0.68449,1.03097,1.02885,0.91017,0.95413,0.95954,0.84618,0.72149,0.85599,0.99954,0.00981034,0.00981034,0.00981034
444,48491.2,0.71633,1.01862,1.03052,0.90975,0.9542,0.95966,0.8471,0.72101,0.85348,0.99885,0.00980948,0.00980948,0.00980948
445,48595.6,0.70354,1.00973,1.03148,0.9098,0.95411,0.95966,0.84695,0.72142,0.85419,0.99895,0.00980863,0.00980863,0.00980863
446,48700.7,0.69014,1.02298,1.02994,0.90976,0.95399,0.9598,0.84704,0.72172,0.85462,0.99901,0.00980777,0.00980777,0.00980777
447,48804.3,0.69845,1.02623,1.03362,0.90972,0.954,0.95995,0.84768,0.72125,0.85207,0.99852,0.00980691,0.00980691,0.00980691
448,48908.8,0.67775,0.9929,1.02489,0.90885,0.95454,0.95998,0.84769,0.72137,0.85182,0.9986,0.00980605,0.00980605,0.00980605
449,49014.1,0.69561,1.01738,1.03476,0.90945,0.95414,0.96,0.84737,0.72074,0.85139,0.99806,0.00980519,0.00980519,0.00980519
450,49118,0.69138,0.99201,1.02457,0.9094,0.95406,0.96005,0.8478,0.72034,0.852,0.99767,0.00980432,0.00980432,0.00980432
451,49222.6,0.71571,1.06136,1.04161,0.9086,0.95435,0.96016,0.84701,0.71991,0.85184,0.99727,0.00980345,0.00980345,0.00980345
452,49326.1,0.68274,0.99019,1.02359,0.9088,0.95438,0.96015,0.84769,0.71996,0.85126,0.9973,0.00980259,0.00980259,0.00980259
453,49430.8,0.70341,0.98087,1.03867,0.90936,0.95423,0.96019,0.84709,0.71981,0.85249,0.99712,0.00980171,0.00980171,0.00980171
454,49535.1,0.70965,0.99998,1.04082,0.909,0.95437,0.96014,0.84729,0.71992,0.85253,0.99732,0.00980084,0.00980084,0.00980084
455,49639.6,0.70936,1.0064,1.03637,0.90897,0.9542,0.96002,0.84737,0.72053,0.84998,0.99745,0.00979997,0.00979997,0.00979997
456,49744.3,0.70239,0.9889,1.03686,0.90907,0.95407,0.96017,0.84798,0.72088,0.84885,0.9976,0.00979909,0.00979909,0.00979909
457,49849.2,0.70419,0.96769,1.03062,0.90898,0.95395,0.96023,0.84831,0.72158,0.84728,0.99786,0.00979821,0.00979821,0.00979821
458,49953.7,0.70717,1.03234,1.04313,0.90902,0.9538,0.95924,0.84739,0.72167,0.84684,0.99772,0.00979733,0.00979733,0.00979733
459,50057.8,0.67772,0.97528,1.02249,0.90903,0.95376,0.95932,0.84851,0.72152,0.84652,0.99765,0.00979645,0.00979645,0.00979645
460,50161.9,0.69584,0.97947,1.03025,0.90898,0.95373,0.95943,0.84881,0.7203,0.84591,0.99646,0.00979557,0.00979557,0.00979557
461,50266.6,0.68571,0.98758,1.01711,0.90906,0.9537,0.95939,0.84949,0.71957,0.84568,0.99631,0.00979468,0.00979468,0.00979468
462,50371.6,0.68562,0.99871,1.04016,0.90896,0.95391,0.95963,0.849,0.71984,0.84688,0.99638,0.0097938,0.0097938,0.0097938
463,50476.2,0.69851,1.00865,1.03392,0.9089,0.95484,0.95943,0.84906,0.71979,0.84649,0.99633,0.00979291,0.00979291,0.00979291
464,50579.1,0.69157,0.97546,1.02569,0.90891,0.95492,0.95967,0.84965,0.7196,0.84512,0.99609,0.00979202,0.00979202,0.00979202
465,50684.5,0.68873,1.00306,1.01846,0.90898,0.95545,0.95961,0.84993,0.71938,0.84493,0.99597,0.00979112,0.00979112,0.00979112
466,50789.2,0.70097,1.01122,1.04083,0.90906,0.95726,0.95974,0.84914,0.71905,0.84497,0.99553,0.00979023,0.00979023,0.00979023
467,50892,0.69224,0.99699,1.01492,0.90881,0.95729,0.95986,0.84895,0.71907,0.84499,0.99556,0.00978933,0.00978933,0.00978933
468,50994.6,0.6954,0.99699,1.02523,0.90914,0.95696,0.95978,0.84942,0.71896,0.84487,0.99546,0.00978843,0.00978843,0.00978843
469,51096,0.6935,1.0058,1.03446,0.909,0.95705,0.95982,0.84915,0.71937,0.84301,0.99545,0.00978753,0.00978753,0.00978753
470,51193.9,0.69592,1.01485,1.03303,0.90886,0.95735,0.95995,0.84799,0.71956,0.84151,0.9957,0.00978663,0.00978663,0.00978663
471,51292.8,0.69265,1.00373,1.02586,0.90875,0.95751,0.96003,0.84917,0.71972,0.84157,0.99568,0.00978572,0.00978572,0.00978572
472,51390.6,0.68827,0.96776,1.02502,0.90881,0.95744,0.96007,0.84992,0.71972,0.84101,0.99545,0.00978482,0.00978482,0.00978482
473,51488.4,0.69055,0.98567,1.02331,0.90887,0.95728,0.96015,0.84901,0.72005,0.84166,0.99552,0.00978391,0.00978391,0.00978391
474,51585.9,0.68547,0.97003,1.02987,0.90895,0.95715,0.96027,0.84923,0.71945,0.8418,0.99525,0.009783,0.009783,0.009783
475,51684.3,0.69755,0.98806,1.02885,0.90906,0.95702,0.96018,0.84916,0.71851,0.84283,0.99464,0.00978209,0.00978209,0.00978209
476,51782.3,0.68459,0.96745,1.01787,0.90906,0.9571,0.96021,0.84917,0.71818,0.84203,0.99445,0.00978118,0.00978118,0.00978118
477,51881,0.70136,1.02059,1.03169,0.909,0.95712,0.96012,0.84964,0.71788,0.84151,0.99417,0.00978026,0.00978026,0.00978026
478,51979.3,0.68921,0.97647,1.03042,0.90902,0.95696,0.96009,0.8497,0.71775,0.84213,0.99392,0.00977934,0.00977934,0.00977934
479,52078.6,0.68906,0.96426,1.03242,0.90898,0.95686,0.95999,0.84712,0.71741,0.84073,0.99366,0.00977842,0.00977842,0.00977842
480,52176.7,0.6783,0.97374,1.02644,0.90874,0.95713,0.96014,0.84869,0.71639,0.84081,0.99269,0.0097775,0.0097775,0.0097775
481,52276,0.68606,0.99269,1.03388,0.90866,0.95705,0.96041,0.84832,0.71619,0.83977,0.99276,0.00977658,0.00977658,0.00977658
482,52374.1,0.70203,0.99128,1.03321,0.90863,0.95694,0.96065,0.84814,0.71543,0.83935,0.99226,0.00977565,0.00977565,0.00977565
483,52473.2,0.67601,0.94681,1.01829,0.90864,0.9569,0.96063,0.84838,0.71524,0.8402,0.99214,0.00977473,0.00977473,0.00977473
484,52572.5,0.69724,1.00065,1.03651,0.90877,0.9567,0.96037,0.8482,0.71508,0.84063,0.99211,0.0097738,0.0097738,0.0097738
485,52670.3,0.69282,0.98764,1.02487,0.90882,0.9565,0.96056,0.8478,0.71511,0.83905,0.99205,0.00977287,0.00977287,0.00977287
486,52767.7,0.70193,1.02654,1.02172,0.90874,0.95649,0.96046,0.85052,0.71509,0.83846,0.99203,0.00977194,0.00977194,0.00977194
487,52865.5,0.68977,0.9886,1.02529,0.90884,0.9563,0.96068,0.85196,0.71558,0.83981,0.99238,0.009771,0.009771,0.009771
488,52964.1,0.67692,0.98968,1.01875,0.90891,0.95625,0.96082,0.85017,0.71576,0.83995,0.9925,0.00977007,0.00977007,0.00977007
489,53061.9,0.68323,1.01293,1.02123,0.90891,0.95621,0.9607,0.85131,0.71514,0.84196,0.99233,0.00976913,0.00976913,0.00976913
490,53160.3,0.70042,0.96961,1.03889,0.90885,0.9564,0.96076,0.85065,0.71485,0.84321,0.99222,0.00976819,0.00976819,0.00976819
491,53258.4,0.69881,0.97535,1.02957,0.90877,0.95642,0.96068,0.85064,0.71468,0.84475,0.99192,0.00976725,0.00976725,0.00976725
492,53357.3,0.69097,0.96037,1.03238,0.90867,0.9565,0.96077,0.8523,0.71465,0.84585,0.99188,0.0097663,0.0097663,0.0097663
493,53456.2,0.69343,0.97331,1.03907,0.90844,0.95692,0.96095,0.85124,0.71422,0.84573,0.99165,0.00976536,0.00976536,0.00976536
494,53555.1,0.68749,0.95534,1.02126,0.90833,0.95718,0.9608,0.84995,0.71358,0.84544,0.99091,0.00976441,0.00976441,0.00976441
495,53651.9,0.69936,1.02065,1.03128,0.9084,0.95706,0.96091,0.85026,0.7128,0.84622,0.99016,0.00976346,0.00976346,0.00976346
496,53750.3,0.69205,0.98589,1.02778,0.90833,0.95725,0.96077,0.85049,0.71269,0.8474,0.99056,0.00976251,0.00976251,0.00976251
497,53843.8,0.70021,0.97987,1.0303,0.90634,0.95761,0.96076,0.85104,0.71311,0.84589,0.99048,0.00976156,0.00976156,0.00976156
498,53936.6,0.68171,0.98149,1.01187,0.90578,0.95835,0.96065,0.85142,0.71283,0.84622,0.9902,0.0097606,0.0097606,0.0097606
499,54029.8,0.69166,0.95817,1.0286,0.9058,0.95822,0.96087,0.85086,0.71235,0.84571,0.98968,0.00975965,0.00975965,0.00975965
500,54123.1,0.70194,0.99318,1.02882,0.90591,0.95829,0.96087,0.85174,0.71132,0.84658,0.98916,0.00975869,0.00975869,0.00975869
501,54216.6,0.68965,0.97794,1.02311,0.90653,0.95779,0.96077,0.85114,0.71125,0.84605,0.98892,0.00975773,0.00975773,0.00975773
502,54309.7,0.68438,0.9922,1.0138,0.90657,0.95777,0.96076,0.85154,0.71141,0.84659,0.98914,0.00975677,0.00975677,0.00975677
503,54402.2,0.68366,0.98647,1.02719,0.90666,0.95781,0.9609,0.85085,0.71163,0.84771,0.98928,0.0097558,0.0097558,0.0097558
504,54495.1,0.69764,0.99636,1.03233,0.90682,0.9579,0.96113,0.85102,0.71115,0.84797,0.98923,0.00975484,0.00975484,0.00975484
505,54587.4,0.68712,0.97821,1.0277,0.90578,0.95877,0.96114,0.85003,0.71102,0.84817,0.98924,0.00975387,0.00975387,0.00975387
506,54681.6,0.68286,1.00448,1.01986,0.90555,0.9587,0.96105,0.85039,0.71076,0.8493,0.98922,0.0097529,0.0097529,0.0097529
507,54775.1,0.68968,0.99609,1.02672,0.90525,0.95864,0.96095,0.85012,0.71088,0.85015,0.9894,0.00975193,0.00975193,0.00975193
508,54869,0.67583,0.98334,1.02517,0.90669,0.95868,0.96106,0.8525,0.71032,0.85119,0.98923,0.00975096,0.00975096,0.00975096
509,54961.3,0.67922,0.94421,1.02321,0.9065,0.95867,0.96116,0.85142,0.70983,0.85188,0.98902,0.00974998,0.00974998,0.00974998
510,55055.1,0.69985,0.98042,1.02837,0.90656,0.95869,0.96121,0.8511,0.70926,0.85199,0.98884,0.009749,0.009749,0.009749
511,55148.8,0.6944,0.97777,1.02382,0.90656,0.95877,0.96103,0.85187,0.7086,0.85102,0.98807,0.00974803,0.00974803,0.00974803
512,55241.4,0.69571,1.00644,1.02022,0.9066,0.95878,0.96102,0.85031,0.70829,0.85069,0.98781,0.00974705,0.00974705,0.00974705
513,55334,0.69029,0.94659,1.02618,0.90667,0.95874,0.96104,0.85198,0.70748,0.85335,0.98742,0.00974606,0.00974606,0.00974606
514,55427.4,0.69618,0.99261,1.02711,0.90688,0.95864,0.96089,0.85099,0.70725,0.85363,0.98718,0.00974508,0.00974508,0.00974508
515,55520.4,0.70479,1.00231,1.03774,0.90724,0.9585,0.96107,0.85064,0.70687,0.8535,0.98683,0.00974409,0.00974409,0.00974409
516,55614.4,0.69127,0.98312,1.02837,0.91042,0.9526,0.96077,0.85119,0.70662,0.85455,0.98691,0.0097431,0.0097431,0.0097431
517,55708.8,0.6931,0.9847,1.02753,0.91041,0.95146,0.96091,0.84901,0.70647,0.85517,0.98682,0.00974211,0.00974211,0.00974211
518,55801.8,0.69227,0.97111,1.03194,0.91042,0.9517,0.96078,0.84916,0.70673,0.85602,0.98666,0.00974112,0.00974112,0.00974112
519,55895.3,0.68497,0.96919,1.02513,0.90933,0.95576,0.96067,0.84871,0.70638,0.85579,0.98624,0.00974013,0.00974013,0.00974013
520,55989.5,0.70058,0.98893,1.03295,0.90932,0.95585,0.96066,0.849,0.70587,0.85716,0.98579,0.00973913,0.00973913,0.00973913
521,56083,0.69384,0.99656,1.02318,0.90717,0.95792,0.96066,0.84949,0.70541,0.85653,0.98497,0.00973814,0.00973814,0.00973814
522,56174.9,0.68534,0.94491,1.02816,0.9072,0.95823,0.96049,0.84926,0.70521,0.857,0.98457,0.00973714,0.00973714,0.00973714
523,56267.6,0.69455,0.96374,1.03114,0.90793,0.95596,0.96033,0.84975,0.7053,0.86007,0.98443,0.00973614,0.00973614,0.00973614
524,56360.2,0.68196,0.96566,1.01524,0.90816,0.95599,0.96013,0.84926,0.70516,0.86005,0.98433,0.00973513,0.00973513,0.00973513
525,56451.8,0.69058,0.9916,1.01992,0.90791,0.95599,0.96008,0.85007,0.70485,0.86024,0.98394,0.00973413,0.00973413,0.00973413
526,56544.5,0.68871,0.96732,1.03197,0.91051,0.95293,0.95999,0.85002,0.70449,0.85996,0.98369,0.00973312,0.00973312,0.00973312
527,56635.8,0.69577,0.9646,1.03013,0.91052,0.95314,0.95988,0.85026,0.70383,0.85776,0.9834,0.00973211,0.00973211,0.00973211
528,56727.3,0.69355,0.9502,1.02367,0.91053,0.95335,0.95983,0.85069,0.70438,0.8599,0.98384,0.0097311,0.0097311,0.0097311
529,56819.4,0.69712,1.00219,1.02758,0.90694,0.95653,0.95973,0.84907,0.70409,0.8622,0.98365,0.00973009,0.00973009,0.00973009
530,56911.2,0.68173,0.96447,1.0208,0.91053,0.95361,0.95982,0.85039,0.70329,0.86223,0.98298,0.00972908,0.00972908,0.00972908
531,57003.3,0.67768,0.96171,1.01736,0.90724,0.95685,0.95983,0.85039,0.70349,0.8631,0.98362,0.00972806,0.00972806,0.00972806
532,57095.9,0.6888,0.98707,1.03031,0.90681,0.95697,0.9598,0.84875,0.70344,0.8634,0.9835,0.00972704,0.00972704,0.00972704
533,57188.2,0.67936,0.98212,1.02767,0.91071,0.95572,0.9598,0.85009,0.70349,0.86325,0.98364,0.00972603,0.00972603,0.00972603
534,57280.1,0.70129,0.98683,1.01882,0.90921,0.95178,0.95961,0.84902,0.70357,0.86361,0.98365,0.009725,0.009725,0.009725
535,57371.9,0.68194,0.97941,1.02835,0.90918,0.95156,0.95953,0.84927,0.70347,0.86344,0.98373,0.00972398,0.00972398,0.00972398
536,57464.6,0.69367,1.00078,1.02661,0.9092,0.95127,0.95929,0.84913,0.70278,0.86383,0.98328,0.00972296,0.00972296,0.00972296
537,57555.8,0.68954,1.01474,1.01962,0.91247,0.94793,0.95942,0.84905,0.70197,0.86373,0.98241,0.00972193,0.00972193,0.00972193
538,57648.2,0.67475,0.95478,1.01202,0.91264,0.94798,0.95933,0.8489,0.70112,0.86363,0.98159,0.0097209,0.0097209,0.0097209
539,57740.7,0.67739,0.96145,1.01392,0.91307,0.94796,0.95927,0.84945,0.7009,0.86284,0.98128,0.00971987,0.00971987,0.00971987
540,57833,0.68356,0.95956,1.02196,0.91361,0.94798,0.95897,0.84861,0.70059,0.86271,0.98089,0.00971884,0.00971884,0.00971884
541,57925.9,0.6704,0.96297,1.0186,0.91346,0.94823,0.95878,0.84875,0.70004,0.86255,0.98018,0.0097178,0.0097178,0.0097178
542,58018.2,0.67423,0.9539,1.01875,0.91384,0.94823,0.95875,0.84819,0.69974,0.86128,0.97979,0.00971677,0.00971677,0.00971677
543,58110.1,0.69169,0.96196,1.01775,0.90498,0.96008,0.95893,0.84843,0.6992,0.86004,0.97943,0.00971573,0.00971573,0.00971573
544,58202.7,0.6943,0.98653,1.02953,0.90494,0.96022,0.95896,0.84807,0.69927,0.86017,0.97921,0.00971469,0.00971469,0.00971469
545,58295,0.68263,0.94863,1.01742,0.90449,0.96044,0.95895,0.84736,0.6989,0.86085,0.97874,0.00971365,0.00971365,0.00971365
546,58386.8,0.70013,0.98782,1.02735,0.90441,0.9605,0.95893,0.8465,0.69804,0.86133,0.97823,0.0097126,0.0097126,0.0097126
547,58478.3,0.6818,0.97477,1.02055,0.90571,0.96222,0.95931,0.84737,0.69802,0.86219,0.978,0.00971156,0.00971156,0.00971156
548,58569.9,0.67932,0.97551,1.01835,0.90571,0.96221,0.95916,0.84641,0.69733,0.86248,0.97746,0.00971051,0.00971051,0.00971051
549,58661.6,0.67476,0.93209,1.01772,0.90432,0.96061,0.95908,0.84688,0.69732,0.86185,0.97733,0.00970946,0.00970946,0.00970946
550,58752.7,0.68797,1.00029,1.02397,0.90525,0.96006,0.95895,0.84592,0.69713,0.86237,0.97714,0.00970841,0.00970841,0.00970841
551,58844.6,0.69677,0.9661,1.02527,0.90493,0.96017,0.95899,0.84834,0.69736,0.86078,0.97715,0.00970736,0.00970736,0.00970736
552,58936.2,0.69046,0.96016,1.02283,0.90493,0.96017,0.95869,0.8481,0.69756,0.85796,0.97713,0.00970631,0.00970631,0.00970631
553,59027.6,0.684,0.97364,1.02247,0.905,0.96013,0.95898,0.84805,0.69765,0.85815,0.97719,0.00970525,0.00970525,0.00970525
554,59119.2,0.69001,0.97968,1.03205,0.90492,0.96017,0.95883,0.8481,0.69757,0.85903,0.97713,0.00970419,0.00970419,0.00970419
555,59209.9,0.68896,0.97285,1.02024,0.90506,0.96011,0.95884,0.84873,0.69808,0.86021,0.97717,0.00970313,0.00970313,0.00970313
556,59300.9,0.69985,0.97081,1.03013,0.90507,0.96002,0.95906,0.84994,0.69874,0.85666,0.97817,0.00970207,0.00970207,0.00970207
557,59391.5,0.6768,0.98105,1.02063,0.90501,0.96003,0.95929,0.8492,0.69853,0.85514,0.9779,0.00970101,0.00970101,0.00970101
558,59482.9,0.67081,0.96529,1.01995,0.90486,0.95998,0.95951,0.84961,0.69877,0.85604,0.97786,0.00969994,0.00969994,0.00969994
559,59574.1,0.6708,0.96716,1.01789,0.90466,0.95995,0.95941,0.84912,0.69866,0.85554,0.97753,0.00969887,0.00969887,0.00969887
560,59664.9,0.68838,0.95422,1.02901,0.90416,0.95991,0.96004,0.85096,0.6991,0.85416,0.97761,0.0096978,0.0096978,0.0096978
561,59755.6,0.68027,0.9723,1.01775,0.90334,0.95987,0.96008,0.85123,0.69861,0.8541,0.97705,0.00969673,0.00969673,0.00969673
562,59847.2,0.68749,0.97202,1.02608,0.9032,0.95986,0.96007,0.85192,0.69838,0.85287,0.97681,0.00969566,0.00969566,0.00969566
563,59938.3,0.68347,0.98133,1.03067,0.90329,0.95989,0.9602,0.85197,0.69877,0.85281,0.9771,0.00969459,0.00969459,0.00969459
564,60028.6,0.69594,1.00146,1.03563,0.90208,0.96345,0.9603,0.85246,0.69889,0.85279,0.97718,0.00969351,0.00969351,0.00969351
565,60119.7,0.69781,0.96609,1.02488,0.90173,0.96353,0.96024,0.85266,0.69835,0.85171,0.9767,0.00969243,0.00969243,0.00969243
566,60210.3,0.67654,0.95976,1.01115,0.90179,0.96352,0.96032,0.8523,0.6977,0.85195,0.97649,0.00969135,0.00969135,0.00969135
567,60300.3,0.68105,0.98677,1.02279,0.90119,0.96354,0.96044,0.85175,0.69727,0.85182,0.97624,0.00969027,0.00969027,0.00969027
568,60390,0.68689,0.9664,1.02033,0.90056,0.96366,0.96039,0.84977,0.6971,0.85034,0.97609,0.00968918,0.00968918,0.00968918
569,60480.5,0.69704,1.02167,1.02626,0.90206,0.96268,0.96064,0.85041,0.6972,0.85044,0.97623,0.0096881,0.0096881,0.0096881
570,60570.9,0.69838,0.96737,1.02186,0.902,0.96228,0.96073,0.85093,0.69731,0.84957,0.97632,0.00968701,0.00968701,0.00968701
571,60661.8,0.6863,0.95912,1.02851,0.90198,0.96215,0.96076,0.85115,0.69702,0.85094,0.97642,0.00968592,0.00968592,0.00968592
572,60752.7,0.68666,0.98213,1.02394,0.90191,0.96167,0.96094,0.85208,0.69694,0.85145,0.97622,0.00968483,0.00968483,0.00968483
573,60842.6,0.68561,0.9552,1.02459,0.90095,0.96081,0.96093,0.85168,0.69683,0.84947,0.97628,0.00968374,0.00968374,0.00968374
574,60933,0.68636,0.98946,1.02792,0.90077,0.96091,0.96053,0.85129,0.69725,0.84884,0.97667,0.00968264,0.00968264,0.00968264
575,61023.6,0.67384,0.99337,1.01436,0.90081,0.96108,0.96053,0.84959,0.69719,0.84994,0.97678,0.00968155,0.00968155,0.00968155
576,61114.4,0.69007,0.97678,1.01868,0.90194,0.96225,0.96029,0.84907,0.69728,0.84935,0.97696,0.00968045,0.00968045,0.00968045
577,61205.1,0.67877,0.9485,1.01398,0.90197,0.96248,0.96072,0.84955,0.69716,0.8477,0.97687,0.00967935,0.00967935,0.00967935
578,61295.3,0.67628,0.9575,1.01973,0.90198,0.96264,0.96082,0.84924,0.69772,0.84862,0.97743,0.00967825,0.00967825,0.00967825
579,61385,0.69205,0.96227,1.02739,0.90201,0.96289,0.96103,0.84846,0.69723,0.8484,0.97718,0.00967714,0.00967714,0.00967714
580,61475,0.6974,0.97795,1.03051,0.90203,0.96305,0.96127,0.84937,0.69693,0.84795,0.97712,0.00967604,0.00967604,0.00967604
581,61564.7,0.67324,0.93749,1.01729,0.90207,0.96338,0.96126,0.84917,0.69671,0.84801,0.97717,0.00967493,0.00967493,0.00967493
582,61655.3,0.68225,0.99585,1.0213,0.9021,0.96361,0.96127,0.84794,0.69652,0.84664,0.97719,0.00967382,0.00967382,0.00967382
583,61745.4,0.68044,0.97958,1.01969,0.90203,0.96416,0.96126,0.85009,0.69597,0.84563,0.97687,0.00967271,0.00967271,0.00967271
584,61836,0.69224,0.96906,1.02011,0.90187,0.96421,0.96135,0.8494,0.69598,0.84386,0.97691,0.00967159,0.00967159,0.00967159
585,61927.1,0.66737,0.95771,1.01491,0.90157,0.96443,0.96154,0.85007,0.69472,0.84287,0.9765,0.00967048,0.00967048,0.00967048
586,62017.4,0.69324,0.99059,1.0244,0.90154,0.9645,0.96155,0.8517,0.69393,0.84216,0.97581,0.00966936,0.00966936,0.00966936
587,62108.1,0.68868,0.95328,1.02851,0.90155,0.96453,0.96164,0.85099,0.69334,0.84321,0.97523,0.00966824,0.00966824,0.00966824
588,62199,0.69771,0.98974,1.03277,0.90169,0.96444,0.96147,0.85163,0.69326,0.84236,0.97509,0.00966712,0.00966712,0.00966712
589,62289.6,0.69165,1.01418,1.02012,0.90174,0.96439,0.96141,0.85044,0.6932,0.84215,0.97522,0.009666,0.009666,0.009666
590,62380.6,0.68715,0.94808,1.01886,0.90185,0.96442,0.96132,0.85128,0.69257,0.84245,0.9751,0.00966488,0.00966488,0.00966488
591,62471.6,0.68154,0.95075,1.00996,0.90187,0.96439,0.96142,0.85129,0.69264,0.84165,0.97502,0.00966375,0.00966375,0.00966375
592,62562.5,0.67209,0.92513,1.00905,0.9018,0.96445,0.96151,0.84995,0.69244,0.84101,0.97497,0.00966262,0.00966262,0.00966262
593,62651.9,0.68061,0.96184,1.02454,0.90175,0.96446,0.96143,0.84934,0.6922,0.84128,0.97481,0.00966149,0.00966149,0.00966149
594,62739.1,0.68059,0.96607,1.01493,0.9017,0.96449,0.96132,0.84886,0.6921,0.84108,0.97483,0.00966036,0.00966036,0.00966036
595,62825.1,0.67458,0.93642,1.01393,0.9017,0.96456,0.96158,0.84994,0.69183,0.8411,0.97451,0.00965923,0.00965923,0.00965923
596,62911.2,0.68933,0.94675,1.02965,0.90186,0.96453,0.96117,0.84972,0.69153,0.84085,0.97443,0.0096581,0.0096581,0.0096581
597,62997.7,0.68693,0.97158,1.02152,0.90188,0.96458,0.96164,0.84997,0.691,0.84133,0.9741,0.00965696,0.00965696,0.00965696
598,63084.3,0.68012,0.97643,1.01684,0.90188,0.96462,0.96166,0.85029,0.69016,0.84059,0.97349,0.00965582,0.00965582,0.00965582
599,63170,0.68372,0.92247,1.01184,0.90175,0.96472,0.96155,0.85096,0.68941,0.84219,0.97287,0.00965468,0.00965468,0.00965468
600,63256.3,0.67255,0.9336,1.01939,0.90172,0.96478,0.9616,0.851,0.68921,0.84128,0.97288,0.00965354,0.00965354,0.00965354
601,63342.1,0.67181,0.93578,1.01874,0.90177,0.9648,0.96187,0.85056,0.68942,0.84166,0.97313,0.00965239,0.00965239,0.00965239
602,63428.7,0.68604,0.9756,1.01758,0.9018,0.96476,0.96189,0.85091,0.68931,0.84223,0.97324,0.00965125,0.00965125,0.00965125
603,63514.7,0.68294,1.01462,1.02034,0.90202,0.96475,0.96183,0.85109,0.68913,0.84155,0.97305,0.0096501,0.0096501,0.0096501
604,63601.2,0.69037,0.93771,1.01875,0.90205,0.96479,0.96195,0.85138,0.68904,0.84436,0.97297,0.00964895,0.00964895,0.00964895
605,63686.9,0.67768,0.98367,1.01379,0.90199,0.96483,0.96214,0.85149,0.68839,0.84211,0.97221,0.0096478,0.0096478,0.0096478
606,63772,0.67392,0.9425,1.0221,0.90192,0.96495,0.96234,0.8533,0.68774,0.84187,0.97191,0.00964665,0.00964665,0.00964665
607,63858.3,0.69801,0.96378,1.03354,0.90248,0.96494,0.96212,0.8539,0.68763,0.845,0.97152,0.00964549,0.00964549,0.00964549
608,63944,0.69202,0.97934,1.02776,0.90291,0.96497,0.96219,0.85406,0.68673,0.84253,0.97128,0.00964433,0.00964433,0.00964433
609,64029.3,0.68155,0.97332,1.0182,0.90275,0.96503,0.96206,0.85407,0.68639,0.84397,0.97095,0.00964318,0.00964318,0.00964318
610,64115.2,0.69828,0.99212,1.02343,0.90269,0.96506,0.96193,0.85368,0.68592,0.84419,0.97032,0.00964202,0.00964202,0.00964202
611,64200.6,0.67893,0.95786,1.01002,0.9026,0.96512,0.96176,0.85365,0.68562,0.84393,0.97036,0.00964085,0.00964085,0.00964085
612,64286.4,0.67923,0.95226,1.01921,0.90271,0.96512,0.9617,0.85385,0.68566,0.84316,0.97056,0.00963969,0.00963969,0.00963969
613,64372.1,0.67863,0.94113,1.01735,0.90257,0.96512,0.96178,0.85485,0.68481,0.84359,0.97055,0.00963852,0.00963852,0.00963852
614,64458.6,0.68225,0.96786,1.01731,0.90194,0.96509,0.96227,0.85487,0.68444,0.84157,0.9703,0.00963736,0.00963736,0.00963736
615,64543.1,0.69136,0.96771,1.02452,0.90122,0.96507,0.96215,0.85447,0.68541,0.84109,0.97147,0.00963619,0.00963619,0.00963619
616,64628.4,0.68639,0.96379,1.02355,0.90128,0.96514,0.96221,0.85538,0.68437,0.84022,0.97048,0.00963502,0.00963502,0.00963502
617,64714.2,0.67967,0.95029,1.0169,0.90031,0.96519,0.96209,0.85453,0.68393,0.83853,0.97033,0.00963384,0.00963384,0.00963384
618,64798.8,0.68983,0.96466,1.02724,0.90035,0.96517,0.96216,0.85527,0.68445,0.83836,0.97081,0.00963267,0.00963267,0.00963267
619,64883.9,0.68623,0.98656,1.02389,0.90036,0.9652,0.96244,0.85668,0.68444,0.83856,0.9711,0.00963149,0.00963149,0.00963149
620,64969.3,0.69058,0.95925,1.02852,0.90128,0.96254,0.96232,0.85705,0.6844,0.83732,0.97122,0.00963031,0.00963031,0.00963031
621,65055,0.66667,0.92939,1.01032,0.90134,0.96249,0.96207,0.8565,0.68419,0.83734,0.97112,0.00962913,0.00962913,0.00962913
622,65140.6,0.67021,0.94282,1.01646,0.90135,0.96242,0.96199,0.85537,0.68368,0.83527,0.97134,0.00962795,0.00962795,0.00962795
623,65226,0.70548,0.98181,1.03157,0.90087,0.96247,0.96193,0.85598,0.68301,0.83579,0.9711,0.00962677,0.00962677,0.00962677
624,65311.1,0.68108,0.97234,1.01844,0.9009,0.9625,0.96202,0.85672,0.682,0.83639,0.97049,0.00962558,0.00962558,0.00962558
625,65397,0.69263,0.98164,1.02816,0.90087,0.96247,0.96224,0.85635,0.68173,0.83645,0.97044,0.00962439,0.00962439,0.00962439
626,65481.6,0.66963,0.93438,1.01554,0.90109,0.96244,0.96196,0.85592,0.68156,0.83719,0.97045,0.0096232,0.0096232,0.0096232
627,65566,0.67319,0.93076,1.01443,0.90112,0.96236,0.96199,0.85567,0.68181,0.83742,0.97072,0.00962201,0.00962201,0.00962201
628,65649.2,0.67923,0.9372,1.02387,0.90035,0.96244,0.96193,0.85621,0.68155,0.83769,0.97088,0.00962082,0.00962082,0.00962082
629,65731.2,0.68676,0.96397,1.02509,0.90064,0.96246,0.96179,0.85597,0.68176,0.83749,0.97136,0.00961962,0.00961962,0.00961962
630,65812.9,0.67989,0.94641,1.01908,0.90286,0.96243,0.96204,0.85552,0.68116,0.83601,0.97118,0.00961843,0.00961843,0.00961843
631,65894.1,0.68627,0.95591,1.03119,0.90258,0.96243,0.96207,0.8551,0.68082,0.8363,0.97151,0.00961723,0.00961723,0.00961723
632,65975.6,0.6837,0.96455,1.0216,0.90362,0.96213,0.96219,0.85545,0.68048,0.8377,0.97149,0.00961603,0.00961603,0.00961603
633,66057.1,0.68245,0.9342,1.01722,0.91381,0.94882,0.96232,0.85559,0.67997,0.83491,0.97123,0.00961483,0.00961483,0.00961483
634,66136.7,0.67513,0.96673,1.02173,0.91382,0.94893,0.96232,0.85564,0.6797,0.83528,0.97124,0.00961362,0.00961362,0.00961362
635,66216.9,0.67645,0.95841,1.02069,0.91587,0.9491,0.96231,0.85555,0.68033,0.83734,0.97159,0.00961242,0.00961242,0.00961242
636,66297,0.67953,0.93091,1.01927,0.91585,0.94889,0.96233,0.8552,0.67985,0.83628,0.97173,0.00961121,0.00961121,0.00961121
637,66376.6,0.6798,0.95421,1.0176,0.91585,0.94893,0.96252,0.85524,0.67912,0.83484,0.97128,0.00961,0.00961,0.00961
638,66455.8,0.66446,0.92909,1.01403,0.90528,0.95872,0.96283,0.85589,0.67858,0.83337,0.9709,0.00960879,0.00960879,0.00960879
639,66535.3,0.67315,0.92393,1.01001,0.90707,0.95881,0.96253,0.85619,0.67784,0.83411,0.97041,0.00960758,0.00960758,0.00960758
640,66614.9,0.678,0.95168,1.01433,0.90758,0.95881,0.96277,0.85435,0.67741,0.83368,0.97034,0.00960636,0.00960636,0.00960636
641,66694.8,0.68066,0.96904,1.01601,0.90797,0.95883,0.96283,0.85398,0.6778,0.83481,0.97076,0.00960515,0.00960515,0.00960515
642,66775.6,0.68202,0.93325,1.01476,0.90822,0.9588,0.96258,0.85421,0.6781,0.83511,0.97089,0.00960393,0.00960393,0.00960393
643,66854,0.66814,0.94894,1.00564,0.90913,0.95574,0.96234,0.85375,0.67768,0.83581,0.97078,0.00960271,0.00960271,0.00960271
644,66932.4,0.67249,0.95432,1.01131,0.90942,0.95561,0.96229,0.85271,0.67742,0.83451,0.97058,0.00960149,0.00960149,0.00960149
645,67011.4,0.67468,0.95389,1.01945,0.90935,0.95561,0.96244,0.85323,0.67743,0.83528,0.97082,0.00960026,0.00960026,0.00960026
646,67089.9,0.67785,0.94764,1.0151,0.90863,0.95591,0.96234,0.85323,0.67709,0.83523,0.97058,0.00959904,0.00959904,0.00959904
647,67168.3,0.67672,0.94341,1.01469,0.90867,0.95586,0.96238,0.85301,0.67671,0.83614,0.97039,0.00959781,0.00959781,0.00959781
648,67246.9,0.67285,0.90772,1.01175,0.91034,0.95478,0.96232,0.85333,0.67595,0.83415,0.96999,0.00959658,0.00959658,0.00959658
649,67326,0.69322,0.97232,1.02831,0.91028,0.95369,0.96243,0.85371,0.67534,0.83568,0.96956,0.00959535,0.00959535,0.00959535
650,67403.9,0.686,0.93999,1.02473,0.91023,0.95333,0.96257,0.85329,0.67515,0.83582,0.96965,0.00959412,0.00959412,0.00959412
651,67482,0.67243,0.93229,1.00406,0.91675,0.94507,0.96238,0.85343,0.6748,0.83443,0.96985,0.00959289,0.00959289,0.00959289
652,67560.2,0.68791,0.97163,1.01959,0.91232,0.95419,0.96238,0.85445,0.67432,0.83258,0.9699,0.00959165,0.00959165,0.00959165
653,67640,0.68549,0.93957,1.01391,0.91678,0.94484,0.96253,0.85434,0.67431,0.83153,0.97017,0.00959041,0.00959041,0.00959041
654,67719.7,0.67676,0.9708,1.01872,0.91693,0.9447,0.96245,0.85474,0.67362,0.83093,0.96986,0.00958917,0.00958917,0.00958917
655,67797,0.67445,0.94193,1.00669,0.91729,0.9447,0.96253,0.85462,0.67323,0.83284,0.97009,0.00958793,0.00958793,0.00958793
656,67876.1,0.67206,0.94866,1.02225,0.91729,0.94479,0.96249,0.85456,0.67306,0.83402,0.97017,0.00958669,0.00958669,0.00958669
657,67953.8,0.67892,0.97991,1.01439,0.91699,0.94487,0.96235,0.8558,0.67282,0.83561,0.97017,0.00958544,0.00958544,0.00958544
658,68031.5,0.66691,0.90324,1.01176,0.91712,0.9451,0.96218,0.8559,0.67271,0.8352,0.97034,0.0095842,0.0095842,0.0095842
659,68110.8,0.67621,0.92586,1.01554,0.91732,0.94544,0.96195,0.85582,0.67259,0.83471,0.9703,0.00958295,0.00958295,0.00958295
660,68188.6,0.6719,0.96906,1.0198,0.91885,0.94435,0.96216,0.85478,0.673,0.8344,0.97088,0.0095817,0.0095817,0.0095817
661,68265.4,0.6817,0.94527,1.02032,0.9187,0.94431,0.96202,0.85533,0.67296,0.83365,0.97112,0.00958044,0.00958044,0.00958044
662,68342.1,0.67755,0.96077,1.01045,0.91871,0.94464,0.96208,0.85502,0.67245,0.83343,0.97126,0.00957919,0.00957919,0.00957919
663,68418.5,0.6769,0.93082,1.01678,0.91882,0.94482,0.96204,0.85482,0.67216,0.83331,0.97125,0.00957793,0.00957793,0.00957793
664,68495,0.67799,0.94469,1.01765,0.91816,0.94589,0.96223,0.85525,0.67215,0.83359,0.97146,0.00957668,0.00957668,0.00957668
665,68572,0.66661,0.94511,1.01931,0.91878,0.94497,0.96216,0.85507,0.67152,0.83426,0.97112,0.00957542,0.00957542,0.00957542
666,68649.9,0.6688,0.94772,1.01304,0.91874,0.94481,0.96237,0.8554,0.6716,0.83355,0.9713,0.00957416,0.00957416,0.00957416
667,68727.2,0.68212,0.98149,1.02078,0.91873,0.94488,0.96244,0.85572,0.67139,0.8344,0.97158,0.00957289,0.00957289,0.00957289
668,68803.9,0.6826,0.95816,1.02115,0.91903,0.94492,0.96252,0.85525,0.67164,0.83436,0.97162,0.00957163,0.00957163,0.00957163
669,68881.4,0.67455,0.95432,1.01453,0.91917,0.94492,0.96232,0.85536,0.67111,0.83479,0.97177,0.00957036,0.00957036,0.00957036
670,68958.8,0.68436,0.97503,1.02314,0.9194,0.94483,0.9626,0.85645,0.67122,0.83456,0.97205,0.00956909,0.00956909,0.00956909
671,69036.5,0.67832,0.95826,1.01338,0.91987,0.94478,0.96265,0.85523,0.67109,0.83373,0.97192,0.00956782,0.00956782,0.00956782
672,69113.6,0.67024,0.92996,1.01736,0.92009,0.94448,0.9626,0.85493,0.67149,0.83427,0.97216,0.00956655,0.00956655,0.00956655
673,69190.3,0.67337,0.94514,1.01762,0.92022,0.94428,0.96259,0.85454,0.67102,0.83404,0.97185,0.00956528,0.00956528,0.00956528
674,69268.5,0.66698,0.97321,1.01347,0.9203,0.9441,0.9626,0.85328,0.6707,0.83482,0.9718,0.009564,0.009564,0.009564
675,69345,0.66761,0.8982,1.00511,0.92044,0.94408,0.96262,0.85541,0.67086,0.83494,0.97198,0.00956273,0.00956273,0.00956273
676,69422.9,0.67544,0.96332,1.02236,0.92056,0.94411,0.96274,0.8556,0.67079,0.83425,0.9722,0.00956145,0.00956145,0.00956145
677,69500,0.68249,0.98498,1.0267,0.9205,0.94443,0.96262,0.85608,0.67119,0.83381,0.97259,0.00956017,0.00956017,0.00956017
678,69578.4,0.66378,0.92154,1.00725,0.92037,0.94497,0.96258,0.85632,0.67107,0.83281,0.97216,0.00955888,0.00955888,0.00955888
679,69656.2,0.67109,0.92504,1.02321,0.91946,0.94635,0.96286,0.85504,0.6713,0.8319,0.97226,0.0095576,0.0095576,0.0095576
680,69733.6,0.65969,0.9237,1.01661,0.9194,0.94631,0.96314,0.85731,0.67097,0.83215,0.97235,0.00955631,0.00955631,0.00955631
681,69810.6,0.66456,0.93126,1.00775,0.91965,0.94658,0.963,0.85642,0.6714,0.83128,0.97265,0.00955502,0.00955502,0.00955502
682,69886.7,0.66588,0.90165,1.01492,0.91971,0.94718,0.96282,0.85532,0.67154,0.83054,0.97288,0.00955373,0.00955373,0.00955373
683,69964.8,0.68378,0.93943,1.02601,0.91972,0.94725,0.96282,0.85594,0.67142,0.83002,0.97295,0.00955244,0.00955244,0.00955244
684,70041.6,0.67669,0.92596,1.01875,0.91965,0.9468,0.96305,0.85539,0.67204,0.82829,0.97334,0.00955115,0.00955115,0.00955115
685,70117.9,0.66892,0.92729,1.01809,0.91967,0.94651,0.96311,0.85777,0.67204,0.82814,0.97342,0.00954986,0.00954986,0.00954986
686,70193.5,0.66551,0.91463,1.01045,0.91969,0.94645,0.96328,0.85602,0.67206,0.82706,0.97357,0.00954856,0.00954856,0.00954856
687,70271.1,0.67264,0.92794,1.02121,0.91979,0.9463,0.96323,0.85721,0.67178,0.826,0.97336,0.00954726,0.00954726,0.00954726
688,70348.3,0.68312,0.93461,1.02312,0.94798,0.91619,0.96321,0.85742,0.67196,0.826,0.97368,0.00954596,0.00954596,0.00954596
689,70425.6,0.68599,0.95159,1.01412,0.91985,0.94791,0.96306,0.85787,0.67202,0.8248,0.97393,0.00954466,0.00954466,0.00954466
690,70504.2,0.68745,0.94237,1.02651,0.91985,0.94791,0.96297,0.85752,0.672,0.82546,0.97398,0.00954335,0.00954335,0.00954335
691,70581.2,0.66394,0.93802,1.00993,0.91987,0.94812,0.9629,0.85791,0.67235,0.82675,0.97444,0.00954205,0.00954205,0.00954205
692,70658.7,0.66983,0.99445,1.01865,0.91988,0.94833,0.96287,0.85696,0.6724,0.82607,0.97442,0.00954074,0.00954074,0.00954074
693,70736.5,0.66717,0.95705,1.01236,0.91989,0.94864,0.96292,0.85746,0.67201,0.82604,0.97428,0.00953943,0.00953943,0.00953943
694,70812.3,0.67552,0.94622,1.01766,0.9199,0.94873,0.96265,0.85706,0.67226,0.82594,0.97423,0.00953812,0.00953812,0.00953812
695,70888.6,0.66729,0.93001,1.01843,0.91991,0.94893,0.96279,0.85742,0.67185,0.82496,0.97426,0.00953681,0.00953681,0.00953681
696,70965.1,0.67233,0.90845,1.01023,0.92129,0.94403,0.96254,0.85738,0.67165,0.82372,0.974,0.00953549,0.00953549,0.00953549
697,71041.1,0.66143,0.93955,0.99477,0.91979,0.94668,0.96258,0.85577,0.67142,0.82373,0.97395,0.00953418,0.00953418,0.00953418
698,71118.5,0.6486,0.94016,1.00664,0.91976,0.94786,0.96242,0.85773,0.67153,0.82299,0.97391,0.00953286,0.00953286,0.00953286
699,71194.3,0.67024,0.94861,1.01764,0.91945,0.94972,0.96249,0.85695,0.67163,0.82324,0.97371,0.00953154,0.00953154,0.00953154
700,71270.7,0.6766,0.92324,1.01584,0.92074,0.94943,0.96257,0.85694,0.67125,0.82169,0.97338,0.00953022,0.00953022,0.00953022
701,71347.5,0.66447,0.94051,1.01579,0.91951,0.94972,0.96255,0.85794,0.67202,0.82158,0.97381,0.00952889,0.00952889,0.00952889
702,71424.6,0.64701,0.93225,0.99504,0.91966,0.94965,0.96239,0.8584,0.67227,0.82135,0.97386,0.00952757,0.00952757,0.00952757
703,71501.8,0.66545,0.93574,1.01144,0.91963,0.9497,0.96229,0.85723,0.6722,0.82153,0.97379,0.00952624,0.00952624,0.00952624
704,71578.9,0.67074,0.92482,1.01908,0.9195,0.94981,0.96243,0.85701,0.67226,0.82012,0.9739,0.00952491,0.00952491,0.00952491
705,71656.3,0.68359,0.94478,1.01525,0.92476,0.94391,0.962,0.85824,0.67147,0.8191,0.97354,0.00952358,0.00952358,0.00952358
706,71733.2,0.65263,0.92405,0.99624,0.92546,0.94362,0.96191,0.8597,0.67126,0.81864,0.97359,0.00952225,0.00952225,0.00952225
707,71809.9,0.67462,0.93211,1.01461,0.9256,0.94351,0.96196,0.85948,0.67091,0.82014,0.97354,0.00952092,0.00952092,0.00952092
708,71886.3,0.67967,0.91148,1.00783,0.92567,0.94347,0.96223,0.8594,0.6709,0.81984,0.97372,0.00951958,0.00951958,0.00951958
709,71961.7,0.6797,0.95295,1.02113,0.92536,0.94343,0.96206,0.85837,0.67114,0.81934,0.97367,0.00951824,0.00951824,0.00951824
710,72038.8,0.66647,0.9546,1.01626,0.9247,0.94405,0.96186,0.85825,0.67146,0.81981,0.97413,0.0095169,0.0095169,0.0095169
711,72116,0.66247,0.90586,1.00658,0.92471,0.94426,0.96197,0.85861,0.67163,0.82053,0.97429,0.00951556,0.00951556,0.00951556
712,72192.6,0.67429,0.93437,1.01508,0.92475,0.94412,0.96197,0.85902,0.67188,0.82176,0.97453,0.00951422,0.00951422,0.00951422
713,72268.9,0.66411,0.91681,1.00841,0.91902,0.94978,0.96204,0.85863,0.67183,0.82188,0.97481,0.00951288,0.00951288,0.00951288
714,72345,0.66679,0.90805,1.01229,0.91899,0.94983,0.96216,0.85918,0.67113,0.82209,0.97457,0.00951153,0.00951153,0.00951153
715,72420.1,0.67484,0.92462,1.01364,0.92502,0.94421,0.96226,0.85857,0.67083,0.82206,0.9745,0.00951018,0.00951018,0.00951018
716,72495.9,0.65348,0.9243,0.99537,0.9251,0.94439,0.96234,0.8593,0.67022,0.82088,0.97446,0.00950883,0.00950883,0.00950883
717,72572.6,0.66584,0.91729,1.01151,0.92487,0.94452,0.96246,0.85817,0.67027,0.8215,0.97451,0.00950748,0.00950748,0.00950748
718,72650.2,0.67849,0.91621,1.01262,0.92603,0.94639,0.96265,0.85818,0.67009,0.82059,0.97438,0.00950613,0.00950613,0.00950613
719,72727.3,0.6845,0.94199,1.02218,0.92607,0.94674,0.96256,0.85858,0.67046,0.81922,0.97468,0.00950477,0.00950477,0.00950477
720,72801.3,0.67089,0.93376,1.01363,0.92599,0.94718,0.96248,0.85805,0.66997,0.8193,0.97428,0.00950341,0.00950341,0.00950341
721,72875.5,0.69528,0.94617,1.03062,0.92541,0.94689,0.96231,0.85867,0.67,0.81803,0.97462,0.00950206,0.00950206,0.00950206
722,72951.1,0.68575,0.94224,1.02733,0.92536,0.94716,0.96225,0.85724,0.6705,0.81964,0.97468,0.0095007,0.0095007,0.0095007
723,73025.8,0.66686,0.93629,1.00415,0.92559,0.94725,0.96236,0.85844,0.67052,0.81978,0.97452,0.00949933,0.00949933,0.00949933
724,73100.7,0.67803,0.93496,1.01953,0.92616,0.94738,0.9626,0.85899,0.67069,0.81943,0.97436,0.00949797,0.00949797,0.00949797
725,73175.7,0.66971,0.95576,1.01553,0.91485,0.95839,0.96263,0.858,0.67104,0.82087,0.97478,0.0094966,0.0094966,0.0094966
726,73249.2,0.68278,0.94641,1.01161,0.9148,0.95796,0.96291,0.85605,0.67096,0.81767,0.97432,0.00949524,0.00949524,0.00949524
727,73323.1,0.67332,0.95061,1.01439,0.91506,0.95719,0.96265,0.85633,0.67066,0.8176,0.97389,0.00949387,0.00949387,0.00949387
728,73396.1,0.66734,0.91448,1.01087,0.9176,0.95683,0.96271,0.8567,0.67062,0.8176,0.974,0.0094925,0.0094925,0.0094925
729,73470.5,0.66345,0.91222,1.00486,0.91849,0.95644,0.96273,0.85754,0.67038,0.81698,0.97402,0.00949112,0.00949112,0.00949112
730,73543.6,0.6655,0.94254,1.00725,0.91836,0.95652,0.96249,0.85772,0.67093,0.81532,0.97417,0.00948975,0.00948975,0.00948975
731,73617.1,0.66973,0.93922,1.00757,0.91831,0.95649,0.96274,0.85685,0.67093,0.81608,0.9741,0.00948837,0.00948837,0.00948837
732,73690.4,0.66952,0.91403,1.00443,0.91736,0.95695,0.96276,0.85727,0.67084,0.81582,0.97406,0.009487,0.009487,0.009487
733,73763.2,0.67294,0.94796,1.00829,0.91941,0.95691,0.96252,0.85731,0.671,0.81675,0.97379,0.00948562,0.00948562,0.00948562
734,73838,0.66978,0.94204,1.01397,0.91942,0.95688,0.9628,0.85846,0.67095,0.81669,0.97329,0.00948423,0.00948423,0.00948423
735,73911.2,0.67754,0.94249,1.01396,0.91943,0.95683,0.96285,0.85874,0.67102,0.81766,0.97355,0.00948285,0.00948285,0.00948285
736,73984.5,0.66963,0.93148,1.00764,0.91874,0.9578,0.96275,0.85785,0.67041,0.81566,0.97303,0.00948147,0.00948147,0.00948147
737,74059.6,0.67333,0.92571,1.01898,0.91899,0.9599,0.96285,0.85726,0.67065,0.81568,0.97306,0.00948008,0.00948008,0.00948008
738,74133.9,0.6587,0.92294,1.00643,0.92099,0.95956,0.9628,0.85756,0.67059,0.81542,0.97323,0.00947869,0.00947869,0.00947869
739,74206.4,0.6629,0.93193,1.01205,0.92101,0.95965,0.96309,0.85768,0.6704,0.81547,0.97313,0.0094773,0.0094773,0.0094773
740,74279.2,0.66859,0.93055,1.01077,0.92042,0.95961,0.96318,0.85795,0.66996,0.81677,0.9729,0.00947591,0.00947591,0.00947591
741,74352,0.69445,0.92801,1.02104,0.92053,0.95967,0.96316,0.85858,0.66952,0.81782,0.97276,0.00947452,0.00947452,0.00947452
742,74424.7,0.67653,0.92604,1.0119,0.92062,0.95975,0.96308,0.85826,0.66963,0.81919,0.97277,0.00947312,0.00947312,0.00947312
743,74497.2,0.66507,0.94282,1.009,0.92075,0.95977,0.96308,0.85818,0.66919,0.81782,0.97247,0.00947172,0.00947172,0.00947172
744,74569.8,0.67233,0.94287,1.00282,0.92033,0.95984,0.96327,0.85753,0.66954,0.81921,0.97267,0.00947032,0.00947032,0.00947032
745,74643.7,0.6771,0.92621,1.02043,0.92015,0.95986,0.96308,0.85722,0.66993,0.81697,0.97288,0.00946892,0.00946892,0.00946892
746,74716.9,0.67414,0.9118,1.00677,0.92028,0.95981,0.963,0.85804,0.67004,0.8157,0.97327,0.00946752,0.00946752,0.00946752
747,74789.3,0.65942,0.90929,0.99949,0.92004,0.95972,0.96308,0.8578,0.67017,0.81512,0.97325,0.00946612,0.00946612,0.00946612
748,74862.4,0.6591,0.92451,1.00915,0.91993,0.95965,0.96307,0.85879,0.66998,0.81508,0.97331,0.00946471,0.00946471,0.00946471
749,74935,0.68486,0.95698,1.02302,0.91971,0.95967,0.96311,0.85914,0.66976,0.81221,0.97317,0.0094633,0.0094633,0.0094633
750,75006.9,0.67259,0.94002,1.01565,0.91998,0.95963,0.96313,0.85964,0.67007,0.81185,0.97347,0.00946189,0.00946189,0.00946189
751,75079.6,0.66986,0.94166,1.01445,0.91985,0.95963,0.96308,0.86026,0.67005,0.81313,0.97329,0.00946048,0.00946048,0.00946048
752,75153.4,0.65296,0.90268,1.00421,0.91961,0.95966,0.96305,0.85903,0.67014,0.81245,0.97329,0.00945907,0.00945907,0.00945907
753,75225.4,0.66935,0.94322,1.01683,0.91915,0.95969,0.96306,0.85924,0.67042,0.81198,0.97361,0.00945765,0.00945765,0.00945765
754,75297.4,0.66054,0.90669,1.01191,0.9189,0.95965,0.96267,0.85939,0.67076,0.80926,0.97384,0.00945624,0.00945624,0.00945624
755,75370.1,0.65667,0.99895,1.0071,0.92635,0.95077,0.96293,0.86044,0.67105,0.81902,0.97387,0.00945482,0.00945482,0.00945482
756,75443,0.65974,0.91532,1.0011,0.91876,0.95956,0.9629,0.85957,0.67131,0.81835,0.97386,0.0094534,0.0094534,0.0094534
757,75515.8,0.67186,0.9407,1.01489,0.92698,0.95069,0.96295,0.8595,0.67132,0.81933,0.97382,0.00945198,0.00945198,0.00945198
758,75587.4,0.66653,0.88801,1.00831,0.92722,0.95071,0.96296,0.85916,0.67139,0.8181,0.97348,0.00945056,0.00945056,0.00945056
759,75659.6,0.66367,0.9377,1.00596,0.92731,0.95072,0.96294,0.85875,0.67158,0.81828,0.97341,0.00944913,0.00944913,0.00944913
760,75732,0.67841,0.94316,1.02087,0.92738,0.95091,0.96307,0.85848,0.67219,0.81945,0.97367,0.0094477,0.0094477,0.0094477
761,75804.7,0.66658,0.89076,1.01017,0.92743,0.95108,0.96311,0.85975,0.67209,0.81825,0.97323,0.00944628,0.00944628,0.00944628
762,75877.2,0.66641,0.9047,0.99987,0.92688,0.95183,0.96318,0.85909,0.67232,0.81528,0.97322,0.00944485,0.00944485,0.00944485
763,75950.6,0.67894,0.92301,1.01496,0.92689,0.95177,0.96324,0.85913,0.67195,0.8131,0.97271,0.00944341,0.00944341,0.00944341
764,76023.1,0.6632,0.90305,1.00591,0.927,0.95167,0.96285,0.85865,0.67179,0.81322,0.97241,0.00944198,0.00944198,0.00944198
765,76095.7,0.65997,0.93815,1.01452,0.92707,0.95169,0.96323,0.85869,0.67189,0.81385,0.97235,0.00944054,0.00944054,0.00944054
766,76167.3,0.66755,0.92907,1.01036,0.9288,0.95351,0.96283,0.85734,0.67164,0.81356,0.97211,0.00943911,0.00943911,0.00943911
767,76239.1,0.66456,0.91177,1.00918,0.92879,0.95324,0.96309,0.85852,0.67129,0.81472,0.97168,0.00943767,0.00943767,0.00943767
768,76310.8,0.66834,0.92591,1.00599,0.92879,0.9531,0.963,0.85828,0.67147,0.8154,0.97173,0.00943623,0.00943623,0.00943623
769,76382.9,0.67632,0.94357,1.02329,0.92878,0.95309,0.96269,0.85815,0.67183,0.81462,0.9719,0.00943478,0.00943478,0.00943478
770,76454.9,0.65659,0.90298,1.00916,0.92878,0.95321,0.96297,0.85859,0.67132,0.8153,0.97135,0.00943334,0.00943334,0.00943334
771,76526.6,0.65612,0.89855,1.00203,0.92882,0.95362,0.9632,0.85746,0.67158,0.81538,0.9714,0.00943189,0.00943189,0.00943189
772,76598.9,0.6717,0.89128,1.01478,0.92883,0.95378,0.9631,0.85968,0.67144,0.81576,0.97114,0.00943045,0.00943045,0.00943045
773,76671.2,0.66221,0.89655,1.00267,0.92885,0.95395,0.96323,0.85834,0.67137,0.81741,0.97092,0.009429,0.009429,0.009429
774,76743.8,0.66718,0.88512,1.00861,0.92887,0.95414,0.96358,0.85755,0.67195,0.81814,0.97234,0.00942755,0.00942755,0.00942755
775,76815.8,0.66112,0.91527,1.0018,0.92888,0.95424,0.96326,0.85695,0.67175,0.81917,0.97195,0.00942609,0.00942609,0.00942609
776,76886.8,0.64223,0.89109,0.98772,0.92756,0.95427,0.96335,0.85605,0.67141,0.81962,0.9715,0.00942464,0.00942464,0.00942464
777,76960.3,0.66481,0.9264,1.00427,0.92654,0.95417,0.96344,0.8562,0.67049,0.81769,0.96963,0.00942318,0.00942318,0.00942318
778,77033,0.65865,0.92646,0.99727,0.9267,0.95414,0.96313,0.85659,0.67007,0.81808,0.96922,0.00942173,0.00942173,0.00942173
779,77106.3,0.6722,0.93839,1.01577,0.92735,0.95415,0.96295,0.85762,0.67021,0.81822,0.96936,0.00942027,0.00942027,0.00942027
780,77178.2,0.6741,0.91545,1.02153,0.92679,0.95423,0.96284,0.8568,0.66995,0.81847,0.96901,0.0094188,0.0094188,0.0094188
781,77251.2,0.66743,0.92928,1.01245,0.92582,0.95472,0.96302,0.85658,0.67043,0.819,0.96903,0.00941734,0.00941734,0.00941734
782,77323.4,0.65635,0.89794,1.00114,0.92575,0.95476,0.963,0.85639,0.67008,0.81907,0.96877,0.00941588,0.00941588,0.00941588
783,77395.6,0.65837,0.9365,1.0118,0.92547,0.95486,0.96298,0.85823,0.66955,0.8183,0.96848,0.00941441,0.00941441,0.00941441
784,77468,0.66853,0.94942,1.01382,0.92553,0.95487,0.96274,0.85735,0.6697,0.81946,0.96859,0.00941294,0.00941294,0.00941294
785,77541.6,0.66755,0.93221,1.0122,0.92574,0.95499,0.96284,0.85844,0.66896,0.81859,0.96844,0.00941147,0.00941147,0.00941147
786,77615.9,0.67146,0.91259,1.00577,0.92559,0.95512,0.9627,0.85645,0.66915,0.81944,0.96823,0.00941,0.00941,0.00941
787,77690.2,0.66808,0.90297,1.01499,0.92592,0.95513,0.96206,0.85661,0.66858,0.81909,0.96795,0.00940853,0.00940853,0.00940853
788,77764.2,0.66163,0.8965,1.00539,0.9259,0.95517,0.96265,0.85771,0.66876,0.81872,0.96822,0.00940705,0.00940705,0.00940705
789,77838.5,0.66156,0.90631,1.00337,0.92523,0.95535,0.96273,0.85838,0.66867,0.82121,0.9683,0.00940557,0.00940557,0.00940557
790,77911.2,0.65151,0.89291,1.00794,0.92546,0.95532,0.96244,0.8582,0.66856,0.82175,0.96809,0.0094041,0.0094041,0.0094041
791,77983.5,0.67171,0.96256,1.01576,0.92553,0.95535,0.96196,0.85843,0.66869,0.82129,0.96822,0.00940262,0.00940262,0.00940262
792,78055.6,0.66588,0.98353,1.01961,0.92641,0.95495,0.96181,0.85673,0.66865,0.82091,0.9681,0.00940113,0.00940113,0.00940113
793,78128.9,0.66338,0.9175,1.01054,0.92654,0.95487,0.96189,0.8569,0.66861,0.82197,0.96808,0.00939965,0.00939965,0.00939965
794,78202,0.66628,0.92247,1.0089,0.9271,0.9548,0.9619,0.85686,0.66843,0.82163,0.96798,0.00939816,0.00939816,0.00939816
795,78275.5,0.6559,0.90146,1.01385,0.92723,0.9548,0.96197,0.85696,0.66876,0.82453,0.96781,0.00939668,0.00939668,0.00939668
796,78349.3,0.67378,0.90294,1.00842,0.92752,0.95472,0.96157,0.85797,0.66903,0.82407,0.96782,0.00939519,0.00939519,0.00939519
797,78424,0.67394,0.92526,1.01304,0.9277,0.95472,0.96167,0.8571,0.66958,0.82277,0.96905,0.0093937,0.0093937,0.0093937
798,78497,0.66568,0.88851,1.01503,0.92803,0.95467,0.9618,0.8579,0.66939,0.82321,0.9688,0.00939221,0.00939221,0.00939221
799,78570.5,0.65173,0.91106,1.00392,0.92809,0.95466,0.9621,0.85891,0.67024,0.82316,0.969,0.00939071,0.00939071,0.00939071
800,78643.2,0.66392,0.90754,1.00844,0.92849,0.95469,0.96178,0.85889,0.67076,0.82384,0.96908,0.00938922,0.00938922,0.00938922
801,78716.2,0.67955,0.93114,1.01863,0.92876,0.95475,0.96203,0.85911,0.67105,0.82519,0.96902,0.00938772,0.00938772,0.00938772
802,78789.4,0.66212,0.90424,1.00728,0.92889,0.95471,0.96205,0.85755,0.67114,0.8258,0.96872,0.00938622,0.00938622,0.00938622
803,78862.2,0.67327,0.88261,1.01591,0.92889,0.95478,0.96168,0.8576,0.67061,0.82638,0.96839,0.00938472,0.00938472,0.00938472
804,78933.7,0.65142,0.88681,1.00033,0.92889,0.95487,0.96167,0.85698,0.67044,0.8269,0.96799,0.00938322,0.00938322,0.00938322
805,79006.6,0.66363,0.90848,0.99958,0.92889,0.95497,0.96162,0.85754,0.67019,0.82627,0.9679,0.00938171,0.00938171,0.00938171
806,79076.8,0.67464,0.92663,1.01277,0.92874,0.95516,0.96185,0.85671,0.66986,0.8251,0.96779,0.0093802,0.0093802,0.0093802
807,79148.9,0.6802,0.94461,1.01818,0.92861,0.95523,0.96172,0.85756,0.66971,0.82396,0.96759,0.0093787,0.0093787,0.0093787
808,79219.6,0.67237,0.97247,1.01251,0.9288,0.95524,0.96187,0.85681,0.66924,0.81729,0.96705,0.00937719,0.00937719,0.00937719
809,79290,0.65015,0.90393,1.00233,0.92675,0.95533,0.96172,0.85553,0.66938,0.81674,0.96691,0.00937568,0.00937568,0.00937568
810,79362.3,0.6659,0.95117,1.01341,0.92657,0.95546,0.9613,0.85549,0.66908,0.81607,0.96688,0.00937416,0.00937416,0.00937416
811,79433.9,0.66848,0.91975,1.00524,0.92675,0.95553,0.96126,0.85731,0.66926,0.81537,0.96687,0.00937265,0.00937265,0.00937265
812,79505.6,0.6646,0.90423,1.00974,0.92674,0.9556,0.96106,0.85587,0.66933,0.81484,0.96678,0.00937113,0.00937113,0.00937113
813,79577.8,0.66204,0.8972,1.00891,0.92681,0.95565,0.96182,0.85627,0.67014,0.81699,0.96719,0.00936961,0.00936961,0.00936961
814,79649.7,0.67007,0.93777,1.00848,0.92682,0.95573,0.96134,0.85551,0.67074,0.81662,0.96734,0.0093681,0.0093681,0.0093681
815,79721.9,0.66179,0.91926,1.0038,0.9268,0.95587,0.96167,0.85486,0.67049,0.81635,0.96686,0.00936657,0.00936657,0.00936657
816,79793,0.65563,0.92878,1.01205,0.9268,0.9557,0.96182,0.85548,0.67019,0.81695,0.96664,0.00936505,0.00936505,0.00936505
817,79866.2,0.66701,0.89883,0.99982,0.92679,0.95566,0.9618,0.85595,0.67039,0.81706,0.96673,0.00936353,0.00936353,0.00936353
818,79937.8,0.6482,0.94333,1.01129,0.92676,0.95543,0.96177,0.85612,0.67021,0.81549,0.96653,0.009362,0.009362,0.009362
819,80010.2,0.65567,0.91327,1.00001,0.92676,0.9555,0.96176,0.85594,0.67042,0.81528,0.96651,0.00936047,0.00936047,0.00936047
820,80082.5,0.66489,0.91229,1.00327,0.92674,0.95547,0.96192,0.85617,0.67031,0.81366,0.96659,0.00935894,0.00935894,0.00935894
821,80155.1,0.65688,0.88741,1.00076,0.92882,0.95519,0.962,0.85651,0.66993,0.81523,0.96506,0.00935741,0.00935741,0.00935741
822,80227.6,0.65713,0.89752,1.00127,0.9288,0.95493,0.96188,0.85617,0.66973,0.81454,0.96507,0.00935588,0.00935588,0.00935588
823,80298.7,0.66068,0.90189,1.00586,0.92879,0.95481,0.96189,0.85598,0.66987,0.81399,0.96515,0.00935434,0.00935434,0.00935434
824,80370.3,0.66034,0.87809,1.00455,0.92879,0.95465,0.96225,0.8564,0.66955,0.81307,0.96516,0.0093528,0.0093528,0.0093528
825,80440.8,0.68292,0.9342,1.01907,0.92879,0.95461,0.96226,0.85716,0.66877,0.81415,0.96483,0.00935127,0.00935127,0.00935127
826,80511.8,0.65994,0.9114,1.00815,0.92878,0.9544,0.96219,0.85608,0.66823,0.81215,0.96461,0.00934973,0.00934973,0.00934973
827,80584.5,0.65639,0.90916,1.01095,0.92753,0.95268,0.96222,0.85619,0.66749,0.81248,0.96427,0.00934818,0.00934818,0.00934818
828,80658.5,0.65465,0.97708,0.99955,0.9274,0.95268,0.96236,0.85659,0.66709,0.81296,0.964,0.00934664,0.00934664,0.00934664
829,80732.1,0.68273,0.93001,1.01768,0.92353,0.957,0.96242,0.85677,0.6669,0.81147,0.96378,0.0093451,0.0093451,0.0093451
830,80806,0.66048,0.89973,1.00694,0.92345,0.95696,0.9625,0.85594,0.6669,0.81108,0.96355,0.00934355,0.00934355,0.00934355
831,80880.4,0.66676,0.89056,1.00293,0.92128,0.95698,0.96252,0.8553,0.66658,0.81066,0.96353,0.009342,0.009342,0.009342
832,80954.2,0.67916,0.91902,1.0196,0.92109,0.95701,0.96253,0.85663,0.66656,0.81205,0.96328,0.00934045,0.00934045,0.00934045
833,81027.5,0.6508,0.93204,1.00041,0.94073,0.94342,0.96252,0.85667,0.66671,0.81257,0.963,0.0093389,0.0093389,0.0093389
834,81100.2,0.65935,0.88845,1.01429,0.93867,0.94342,0.96257,0.85827,0.66696,0.81103,0.96332,0.00933734,0.00933734,0.00933734
835,81175.2,0.65747,0.89024,1.01133,0.93791,0.94342,0.96226,0.85861,0.66676,0.81141,0.96325,0.00933579,0.00933579,0.00933579
836,81248.9,0.65573,0.92069,1.0064,0.93711,0.94342,0.96259,0.85764,0.6669,0.81193,0.96304,0.00933423,0.00933423,0.00933423
837,81322.4,0.65503,0.88383,1.00045,0.93691,0.94342,0.96269,0.85915,0.66713,0.81153,0.96331,0.00933267,0.00933267,0.00933267
838,81395.6,0.65841,0.90357,1.01248,0.93718,0.94342,0.96262,0.85916,0.66679,0.81202,0.96306,0.00933111,0.00933111,0.00933111
839,81465,0.66947,0.92952,1.01013,0.93753,0.94342,0.96239,0.85827,0.6667,0.81045,0.96264,0.00932955,0.00932955,0.00932955
840,81535.5,0.66708,0.92025,1.0211,0.93774,0.94342,0.96248,0.85857,0.66697,0.81064,0.96276,0.00932799,0.00932799,0.00932799
841,81607.5,0.67886,0.92989,1.00799,0.93604,0.94342,0.96266,0.85732,0.6667,0.80955,0.96255,0.00932642,0.00932642,0.00932642
842,81679.4,0.65744,0.94126,1.00348,0.93641,0.94342,0.96248,0.85781,0.66688,0.80974,0.96258,0.00932485,0.00932485,0.00932485
843,81752.2,0.65151,0.90502,1.00346,0.93749,0.94436,0.9625,0.85717,0.66729,0.80953,0.96285,0.00932328,0.00932328,0.00932328
844,81824.5,0.64844,0.93665,0.99972,0.93762,0.94457,0.96244,0.85693,0.66764,0.80926,0.96303,0.00932171,0.00932171,0.00932171
845,81897.1,0.64865,0.90213,1.00128,0.93689,0.94342,0.96214,0.85645,0.66837,0.80929,0.96308,0.00932014,0.00932014,0.00932014
846,81969,0.65363,0.94414,0.9985,0.93709,0.94342,0.96244,0.8569,0.66898,0.81003,0.96343,0.00931857,0.00931857,0.00931857
847,82041.4,0.66334,0.9192,1.0133,0.93711,0.94342,0.96211,0.85576,0.6697,0.8111,0.96427,0.00931699,0.00931699,0.00931699
848,82114.1,0.65851,0.90313,1.00859,0.93522,0.94533,0.96223,0.85691,0.66973,0.81286,0.96423,0.00931542,0.00931542,0.00931542
849,82186,0.66438,0.91711,1.01218,0.93533,0.94554,0.96239,0.85747,0.66976,0.81365,0.96443,0.00931384,0.00931384,0.00931384
850,82257.8,0.65555,0.92799,1.00433,0.93491,0.94605,0.96241,0.85718,0.66976,0.81384,0.96442,0.00931226,0.00931226,0.00931226
851,82329.7,0.64555,0.90701,0.99112,0.9359,0.94605,0.96223,0.85601,0.66946,0.81112,0.9639,0.00931067,0.00931067,0.00931067
852,82402.2,0.65907,0.90517,1.00377,0.936,0.94605,0.96226,0.85657,0.66949,0.81072,0.96407,0.00930909,0.00930909,0.00930909
853,82472.3,0.6496,0.87927,0.99904,0.9358,0.94605,0.96232,0.85576,0.66956,0.81055,0.96438,0.0093075,0.0093075,0.0093075
854,82542.7,0.65603,0.94286,0.99382,0.93522,0.94605,0.96236,0.85657,0.6695,0.80902,0.96438,0.00930592,0.00930592,0.00930592
855,82612.9,0.64856,0.89195,0.99799,0.93496,0.94601,0.96239,0.85674,0.66925,0.80886,0.96456,0.00930433,0.00930433,0.00930433
