epoch,time,train/box_loss,train/cls_loss,train/dfl_loss,metrics/precision(B),metrics/recall(B),metrics/mAP50(B),metrics/mAP50-95(B),val/box_loss,val/cls_loss,val/dfl_loss,lr/pg0,lr/pg1,lr/pg2
1,1072.14,1.293,9.70667,1.48695,0.74486,0.82819,0.84323,0.51445,1.32695,3.00272,1.3932,0.00331691,0.00331691,0.00331691
2,1157.36,1.17253,4.25544,1.35231,0.79365,0.80801,0.83334,0.60496,1.19362,2.63066,1.33791,0.00665025,0.00665025,0.00665025
3,1239.43,1.25137,3.31204,1.41146,0.56559,0.66196,0.66852,0.4085,1.46087,3.82549,1.70954,0.00998358,0.00998358,0.00998358
4,1322.12,1.39359,3.265,1.55136,0.64557,0.71922,0.76919,0.47371,1.46234,6.44919,1.57691,0.00999999,0.00999999,0.00999999
5,1403.25,1.30954,2.88605,1.48171,0.83097,0.81803,0.85401,0.58455,1.25514,3.72561,1.38822,0.00999998,0.00999998,0.00999998
6,1484.24,1.25489,2.77825,1.44877,0.82948,0.79314,0.84586,0.62175,1.08989,2.96936,1.28631,0.00999998,0.00999998,0.00999998
7,1564.56,1.1858,2.58109,1.39336,0.79259,0.83964,0.84798,0.62386,1.18225,2.1317,1.30416,0.00999996,0.00999996,0.00999996
8,1645.4,1.12605,2.4747,1.34201,0.78222,0.86103,0.8545,0.63142,1.14598,2.22308,1.25807,0.00999995,0.00999995,0.00999995
9,1726.57,1.12471,2.31564,1.33308,0.83154,0.77788,0.85294,0.63372,1.04282,2.00596,1.24544,0.00999994,0.00999994,0.00999994
10,1805.76,1.10929,2.34397,1.33871,0.82508,0.84065,0.87082,0.64647,1.11892,1.77718,1.24884,0.00999992,0.00999992,0.00999992
11,1886.82,1.10172,2.25072,1.3165,0.79697,0.8379,0.86106,0.66035,1.00108,1.84766,1.18114,0.0099999,0.0099999,0.0099999
12,1969.78,1.05897,2.21866,1.2949,0.81487,0.83239,0.85991,0.65657,1.02098,1.82538,1.17303,0.00999988,0.00999988,0.00999988
13,2051.07,1.07507,2.12374,1.30086,0.85395,0.86851,0.8932,0.6501,1.07791,1.68659,1.21585,0.00999986,0.00999986,0.00999986
14,2131.42,1.04573,2.11225,1.27459,0.82454,0.89261,0.89557,0.70578,0.95196,1.64099,1.14373,0.00999983,0.00999983,0.00999983
15,2212.07,1.03043,2.14765,1.25977,0.83561,0.84892,0.87415,0.63275,1.12133,1.76797,1.2446,0.00999981,0.00999981,0.00999981
16,2292.72,1.01566,2.02509,1.2523,0.861,0.8379,0.87483,0.68413,0.99003,1.6504,1.16239,0.00999978,0.00999978,0.00999978
17,2373.51,1.01964,2.15254,1.25366,0.89167,0.81599,0.89573,0.71227,0.92217,1.5656,1.12379,0.00999975,0.00999975,0.00999975
18,2454.27,1.01512,2.09079,1.25475,0.81451,0.92624,0.89824,0.66086,1.00179,1.61608,1.16987,0.00999972,0.00999972,0.00999972
19,2534.7,1.01395,2.01925,1.26195,0.78871,0.8923,0.87506,0.64386,1.0042,1.89634,1.17718,0.00999968,0.00999968,0.00999968
20,2615.23,0.99563,1.95211,1.25137,0.84921,0.83724,0.89532,0.70915,0.92867,1.58351,1.14668,0.00999965,0.00999965,0.00999965
21,2695.46,0.99107,1.91842,1.25063,0.86857,0.84404,0.89109,0.67317,1.0097,1.50641,1.15377,0.00999961,0.00999961,0.00999961
22,2774.71,1.01194,1.94078,1.25429,0.8205,0.86866,0.88688,0.68745,0.95521,1.5771,1.12943,0.00999957,0.00999957,0.00999957
23,2856.23,0.95872,1.93139,1.21199,0.88469,0.83237,0.89517,0.70155,0.89768,1.52715,1.10859,0.00999953,0.00999953,0.00999953
24,2936.93,0.959,1.93848,1.20357,0.84071,0.86403,0.90219,0.68311,1.03595,1.60646,1.17701,0.00999948,0.00999948,0.00999948
25,3016.94,0.95144,1.8229,1.19307,0.84296,0.87256,0.88948,0.69987,0.91582,1.4693,1.11067,0.00999944,0.00999944,0.00999944
26,3096.08,0.96143,1.89172,1.21782,0.80729,0.90952,0.87502,0.67169,0.91981,1.53056,1.13181,0.00999939,0.00999939,0.00999939
27,3175.89,0.93596,1.81854,1.19728,0.85277,0.90624,0.90129,0.69016,0.95356,1.50212,1.11974,0.00999934,0.00999934,0.00999934
28,3255.92,0.95191,1.83952,1.21626,0.85789,0.8516,0.87944,0.68931,0.94626,1.54437,1.11072,0.00999929,0.00999929,0.00999929
29,3335.65,0.9434,1.8216,1.19909,0.86584,0.88337,0.90625,0.70931,0.90215,1.43938,1.09448,0.00999923,0.00999923,0.00999923
30,3416.58,0.93939,1.7603,1.20347,0.84861,0.89236,0.88039,0.68189,0.90848,1.56554,1.11085,0.00999918,0.00999918,0.00999918
31,3497.55,0.93143,1.78263,1.19912,0.88278,0.86689,0.90662,0.7084,0.91574,1.42522,1.10043,0.00999912,0.00999912,0.00999912
32,3578.65,0.93789,1.79427,1.2008,0.86223,0.81927,0.88849,0.71565,0.88088,1.55696,1.09655,0.00999906,0.00999906,0.00999906
33,3659.85,0.91339,1.77701,1.17749,0.85178,0.85871,0.89666,0.72685,0.8555,1.41934,1.07244,0.009999,0.009999,0.009999
34,3742.24,0.94504,1.76546,1.20883,0.88742,0.85645,0.89823,0.70437,0.91286,1.50549,1.10305,0.00999894,0.00999894,0.00999894
35,3823.5,0.9392,1.77587,1.20081,0.88504,0.84146,0.90296,0.69683,0.95296,1.49731,1.12042,0.00999887,0.00999887,0.00999887
36,3903.78,0.90178,1.70934,1.17856,0.87328,0.85352,0.9011,0.73339,0.83047,1.42286,1.07144,0.0099988,0.0099988,0.0099988
37,3984.01,0.90253,1.70481,1.1749,0.86899,0.90867,0.90199,0.71497,0.88572,1.44319,1.0729,0.00999873,0.00999873,0.00999873
38,4063.85,0.90165,1.69712,1.17954,0.84978,0.89022,0.89032,0.71988,0.83228,1.3787,1.06223,0.00999866,0.00999866,0.00999866
39,4144.91,0.89757,1.69006,1.16501,0.90091,0.85928,0.90014,0.71346,0.90475,1.4841,1.10606,0.00999859,0.00999859,0.00999859
40,4231.69,0.89951,1.71904,1.17636,0.89909,0.87207,0.90789,0.72835,0.90507,1.41254,1.10704,0.00999851,0.00999851,0.00999851
41,4318.36,0.91745,1.68987,1.18729,0.86882,0.84898,0.89976,0.72136,0.88577,1.4361,1.08144,0.00999844,0.00999844,0.00999844
42,4402.65,0.9137,1.71005,1.18087,0.87799,0.88925,0.90325,0.72886,0.89536,1.35236,1.08912,0.00999836,0.00999836,0.00999836
43,4486.87,0.89421,1.6745,1.17658,0.89243,0.85004,0.9098,0.73458,0.86891,1.36342,1.08007,0.00999828,0.00999828,0.00999828
44,4570.05,0.88886,1.65301,1.168,0.87464,0.8973,0.90518,0.73007,0.86466,1.36136,1.07186,0.00999819,0.00999819,0.00999819
45,4655.13,0.87773,1.62515,1.14805,0.88208,0.8222,0.88518,0.71217,0.8887,1.53487,1.08107,0.00999811,0.00999811,0.00999811
46,4737.82,0.87734,1.69977,1.1602,0.87758,0.84659,0.89726,0.72871,0.85802,1.38796,1.07658,0.00999802,0.00999802,0.00999802
47,4819.83,0.88836,1.62945,1.16922,0.88862,0.8481,0.90533,0.71543,0.85445,1.46801,1.07338,0.00999793,0.00999793,0.00999793
48,4902.49,0.88877,1.67383,1.16645,0.8299,0.8349,0.87954,0.7101,0.85165,1.57373,1.06656,0.00999784,0.00999784,0.00999784
49,4985.92,0.88946,1.65665,1.16278,0.88029,0.87992,0.9085,0.74987,0.83958,1.40119,1.0607,0.00999775,0.00999775,0.00999775
50,5068.55,0.86969,1.62533,1.14632,0.88813,0.89042,0.9185,0.72078,0.90956,1.36621,1.09339,0.00999765,0.00999765,0.00999765
51,5152.25,0.89413,1.60363,1.17459,0.91221,0.86171,0.91438,0.73981,0.83964,1.31795,1.06957,0.00999756,0.00999756,0.00999756
52,5234.79,0.89261,1.64065,1.15675,0.8799,0.8562,0.89593,0.72379,0.84608,1.43726,1.07289,0.00999746,0.00999746,0.00999746
53,5318,0.86992,1.6519,1.14081,0.85349,0.8928,0.91401,0.74574,0.86029,1.3645,1.07105,0.00999736,0.00999736,0.00999736
54,5400.06,0.86609,1.54211,1.13964,0.83144,0.92007,0.92065,0.74719,0.8158,1.35146,1.05328,0.00999726,0.00999726,0.00999726
55,5482.67,0.87837,1.61568,1.15195,0.85808,0.89083,0.90788,0.72196,0.89427,1.38805,1.07878,0.00999715,0.00999715,0.00999715
56,5566.08,0.86781,1.60152,1.13466,0.88482,0.87174,0.91054,0.73767,0.86252,1.3507,1.07241,0.00999704,0.00999704,0.00999704
57,5649.18,0.84724,1.58719,1.12623,0.89831,0.85394,0.90898,0.72919,0.86214,1.32384,1.06325,0.00999694,0.00999694,0.00999694
58,5731.35,0.86903,1.56305,1.1497,0.88016,0.88175,0.92396,0.76198,0.79932,1.30547,1.03886,0.00999683,0.00999683,0.00999683
59,5814.62,0.88259,1.5847,1.15775,0.89366,0.88502,0.9002,0.74234,0.81574,1.28665,1.05969,0.00999671,0.00999671,0.00999671
60,5898.02,0.85794,1.54658,1.13993,0.86994,0.90251,0.91622,0.74657,0.82861,1.27715,1.05674,0.0099966,0.0099966,0.0099966
61,5982.11,0.86443,1.5413,1.14534,0.84637,0.93353,0.91565,0.76957,0.79034,1.2521,1.03916,0.00999648,0.00999648,0.00999648
62,6064.19,0.84288,1.53136,1.13742,0.87366,0.9192,0.91622,0.75033,0.81168,1.23327,1.04658,0.00999636,0.00999636,0.00999636
63,6145.94,0.85213,1.54904,1.13969,0.90973,0.89037,0.91391,0.75312,0.80848,1.27006,1.04876,0.00999624,0.00999624,0.00999624
64,6227.39,0.84659,1.5697,1.1303,0.9254,0.86948,0.91779,0.75444,0.80555,1.27463,1.02889,0.00999612,0.00999612,0.00999612
65,6308.17,0.8486,1.60295,1.132,0.92866,0.85973,0.92358,0.77416,0.7887,1.22149,1.02623,0.009996,0.009996,0.009996
66,6389.48,0.85717,1.56761,1.13597,0.90857,0.85636,0.91494,0.76632,0.77261,1.28322,1.02614,0.00999587,0.00999587,0.00999587
67,6471.51,0.85112,1.52652,1.14718,0.85961,0.90883,0.91272,0.7661,0.79477,1.27588,1.03809,0.00999574,0.00999574,0.00999574
68,6552.37,0.82988,1.49393,1.1165,0.8693,0.89296,0.91494,0.7553,0.78955,1.29219,1.02425,0.00999561,0.00999561,0.00999561
69,6633.75,0.85703,1.46978,1.14238,0.9045,0.8694,0.91973,0.75366,0.79013,1.27933,1.0235,0.00999548,0.00999548,0.00999548
70,6715.57,0.85673,1.54797,1.14499,0.87809,0.88745,0.91242,0.76113,0.77992,1.3009,1.02089,0.00999535,0.00999535,0.00999535
71,6797.45,0.86423,1.49388,1.14432,0.89597,0.88227,0.91019,0.76209,0.79755,1.25944,1.03258,0.00999521,0.00999521,0.00999521
72,6879.13,0.83688,1.498,1.12863,0.88626,0.88444,0.91271,0.76584,0.77589,1.22298,1.01634,0.00999508,0.00999508,0.00999508
73,6961.01,0.84903,1.50977,1.13579,0.90735,0.86172,0.91468,0.75749,0.79332,1.21816,1.01063,0.00999494,0.00999494,0.00999494
74,7042.85,0.84546,1.49038,1.13388,0.86285,0.89502,0.91913,0.76109,0.79741,1.24845,1.03138,0.00999479,0.00999479,0.00999479
75,7125.2,0.82331,1.44164,1.11747,0.86205,0.88227,0.91251,0.76101,0.77099,1.29122,1.01302,0.00999465,0.00999465,0.00999465
76,7206.57,0.84972,1.47911,1.14451,0.89558,0.87589,0.92105,0.76583,0.78236,1.25031,1.02347,0.0099945,0.0099945,0.0099945
77,7288.05,0.84075,1.49557,1.13328,0.89242,0.84504,0.91736,0.77606,0.76942,1.26295,1.00752,0.00999436,0.00999436,0.00999436
78,7369.02,0.83493,1.503,1.12503,0.90452,0.86397,0.91629,0.78043,0.75984,1.2694,1.00681,0.00999421,0.00999421,0.00999421
79,7449.77,0.81743,1.46149,1.11464,0.92095,0.85778,0.91708,0.76719,0.76169,1.26417,1.01225,0.00999406,0.00999406,0.00999406
80,7529.72,0.81488,1.44053,1.11449,0.88189,0.88752,0.90972,0.76004,0.77023,1.2988,1.01704,0.0099939,0.0099939,0.0099939
81,7615.46,0.81306,1.43964,1.12079,0.8994,0.87158,0.9166,0.76857,0.78628,1.2585,1.028,0.00999375,0.00999375,0.00999375
82,7700,0.83196,1.45465,1.13364,0.90669,0.86707,0.91446,0.77259,0.75995,1.21451,1.00879,0.00999359,0.00999359,0.00999359
83,7781.08,0.83255,1.47238,1.13797,0.89313,0.87452,0.91353,0.76691,0.79887,1.25138,1.02585,0.00999343,0.00999343,0.00999343
84,7863.39,0.82531,1.44766,1.13125,0.92476,0.8562,0.92288,0.77894,0.78892,1.21027,1.02662,0.00999327,0.00999327,0.00999327
85,7944.49,0.82119,1.44109,1.11728,0.92007,0.86814,0.92464,0.78151,0.76709,1.18869,1.01381,0.00999311,0.00999311,0.00999311
86,8025.89,0.8164,1.41403,1.12146,0.902,0.88761,0.91923,0.78177,0.74809,1.18625,1.01046,0.00999294,0.00999294,0.00999294
87,8105.89,0.84003,1.48501,1.11433,0.91237,0.87536,0.92601,0.79094,0.73811,1.14658,0.99604,0.00999278,0.00999278,0.00999278
88,8185.66,0.83532,1.44735,1.12411,0.8941,0.89484,0.92474,0.78069,0.75362,1.15675,1.00543,0.00999261,0.00999261,0.00999261
89,8265.25,0.82312,1.44949,1.12194,0.90452,0.87326,0.91703,0.78087,0.75114,1.19195,1.00709,0.00999244,0.00999244,0.00999244
90,8345.42,0.82433,1.44115,1.11331,0.92016,0.86397,0.92445,0.78097,0.76662,1.21687,1.01609,0.00999226,0.00999226,0.00999226
91,8425.95,0.81142,1.41538,1.11252,0.90909,0.86397,0.92925,0.78099,0.75794,1.20592,1.00551,0.00999209,0.00999209,0.00999209
92,8507.65,0.8292,1.44137,1.12899,0.8908,0.89222,0.93416,0.79076,0.74496,1.15178,0.99863,0.00999191,0.00999191,0.00999191
93,8587.68,0.80109,1.36455,1.10906,0.9042,0.89267,0.93046,0.79526,0.74212,1.16184,1.00192,0.00999173,0.00999173,0.00999173
94,8667.35,0.82429,1.47643,1.11884,0.90188,0.88722,0.92735,0.79227,0.73294,1.14923,0.99431,0.00999155,0.00999155,0.00999155
95,8747.81,0.80728,1.40967,1.11495,0.90837,0.86963,0.92784,0.79368,0.74074,1.22707,0.99735,0.00999137,0.00999137,0.00999137
96,8827.88,0.80779,1.39433,1.10777,0.89439,0.90174,0.92575,0.79374,0.73064,1.14689,0.99057,0.00999118,0.00999118,0.00999118
97,8908.26,0.80976,1.4307,1.11726,0.91377,0.89159,0.92496,0.79994,0.71737,1.15572,0.98935,0.009991,0.009991,0.009991
98,8987.79,0.80986,1.39362,1.11571,0.90833,0.88915,0.92592,0.79383,0.72521,1.1315,0.99211,0.00999081,0.00999081,0.00999081
99,9067.82,0.81641,1.3694,1.12349,0.90799,0.89273,0.9289,0.80207,0.72169,1.12825,0.98633,0.00999062,0.00999062,0.00999062
100,9148.43,0.80709,1.39392,1.10709,0.91284,0.89037,0.93059,0.80575,0.71809,1.12783,0.98595,0.00999043,0.00999043,0.00999043
101,9228.89,0.81417,1.38915,1.10349,0.90577,0.89914,0.92998,0.79328,0.73736,1.1407,0.99505,0.00999023,0.00999023,0.00999023
102,9308.7,0.78894,1.40811,1.09274,0.91778,0.8902,0.92728,0.78786,0.73613,1.13087,0.99382,0.00999004,0.00999004,0.00999004
103,9388.85,0.81446,1.38075,1.11825,0.91387,0.88313,0.93045,0.79279,0.73328,1.12894,0.99355,0.00998984,0.00998984,0.00998984
104,9468.66,0.79917,1.34531,1.09596,0.91171,0.88502,0.92894,0.79516,0.73114,1.12305,0.98932,0.00998964,0.00998964,0.00998964
105,9549.61,0.80818,1.38245,1.10599,0.91285,0.87968,0.92814,0.79464,0.72998,1.13004,0.98636,0.00998944,0.00998944,0.00998944
106,9630.29,0.78616,1.35349,1.09699,0.89764,0.8899,0.92814,0.79269,0.74037,1.15323,0.99405,0.00998923,0.00998923,0.00998923
107,9711.5,0.8112,1.37082,1.10437,0.90179,0.88393,0.93018,0.79127,0.74176,1.11858,0.99387,0.00998903,0.00998903,0.00998903
108,9792.22,0.80502,1.37202,1.10468,0.9122,0.87923,0.92986,0.79567,0.72719,1.11835,0.98675,0.00998882,0.00998882,0.00998882
109,9873.41,0.79912,1.33164,1.09677,0.91027,0.87725,0.93437,0.8001,0.72374,1.12192,0.99006,0.00998861,0.00998861,0.00998861
110,9952.16,0.82003,1.37841,1.10788,0.91095,0.87466,0.93239,0.79818,0.72359,1.10878,0.99061,0.0099884,0.0099884,0.0099884
111,10031.9,0.79463,1.36362,1.09729,0.9091,0.88593,0.935,0.79842,0.72077,1.09108,0.98959,0.00998818,0.00998818,0.00998818
112,10111.2,0.79832,1.3816,1.09556,0.90765,0.88502,0.93576,0.79976,0.71838,1.08213,0.98888,0.00998797,0.00998797,0.00998797
113,10190.4,0.80758,1.35105,1.10867,0.90568,0.88502,0.93662,0.80028,0.72365,1.09349,0.99145,0.00998775,0.00998775,0.00998775
114,10270.3,0.80049,1.38258,1.10475,0.91843,0.87579,0.93821,0.79863,0.72931,1.07005,0.99297,0.00998753,0.00998753,0.00998753
115,10349.5,0.79866,1.34002,1.09714,0.91383,0.87737,0.9358,0.79523,0.74033,1.08923,1.0001,0.00998731,0.00998731,0.00998731
116,10428.8,0.792,1.33892,1.09592,0.90842,0.87984,0.93645,0.80136,0.73314,1.07694,1.00075,0.00998708,0.00998708,0.00998708
117,10507.6,0.79339,1.37402,1.10393,0.90607,0.89071,0.93617,0.79693,0.7325,1.05834,0.99594,0.00998686,0.00998686,0.00998686
118,10592.4,0.78687,1.35412,1.08754,0.90652,0.89344,0.93466,0.79927,0.72958,1.04624,0.99237,0.00998663,0.00998663,0.00998663
119,10672.9,0.79123,1.3625,1.0982,0.91454,0.87968,0.93657,0.79854,0.72749,1.0511,0.99047,0.0099864,0.0099864,0.0099864
120,10752.6,0.79023,1.36309,1.09381,0.90577,0.89324,0.93702,0.79549,0.73791,1.06777,0.99815,0.00998617,0.00998617,0.00998617
121,10831.6,0.78811,1.338,1.10413,0.89953,0.89056,0.93625,0.79711,0.73082,1.06061,0.99573,0.00998594,0.00998594,0.00998594
122,10910.6,0.81202,1.33271,1.10382,0.88078,0.91575,0.93529,0.79794,0.73195,1.0603,1.00013,0.0099857,0.0099857,0.0099857
123,10990.1,0.78655,1.35552,1.10453,0.91085,0.88613,0.93517,0.79885,0.73227,1.06635,0.99813,0.00998546,0.00998546,0.00998546
124,11069.1,0.78571,1.40032,1.09675,0.92385,0.88083,0.93452,0.79688,0.72961,1.05944,0.9952,0.00998522,0.00998522,0.00998522
125,11148.6,0.79837,1.31654,1.09472,0.89223,0.90213,0.93528,0.79834,0.73228,1.06546,0.99395,0.00998498,0.00998498,0.00998498
126,11228.1,0.78334,1.32194,1.08719,0.8927,0.90195,0.93447,0.8008,0.72881,1.05756,0.99063,0.00998474,0.00998474,0.00998474
127,11307,0.78339,1.34375,1.091,0.90428,0.8945,0.93491,0.80142,0.73326,1.05499,0.98972,0.0099845,0.0099845,0.0099845
128,11385.7,0.79012,1.34925,1.09214,0.8931,0.90446,0.93509,0.80016,0.73441,1.04969,0.99132,0.00998425,0.00998425,0.00998425
129,11465.8,0.77915,1.2909,1.09272,0.89618,0.89759,0.93447,0.80253,0.73238,1.05621,0.98913,0.009984,0.009984,0.009984
130,11545.8,0.77755,1.28233,1.09045,0.90988,0.88243,0.93451,0.80402,0.7328,1.05861,0.98824,0.00998375,0.00998375,0.00998375
131,11626,0.78685,1.29582,1.09171,0.90117,0.89539,0.93471,0.80546,0.73282,1.0562,0.98813,0.0099835,0.0099835,0.0099835
132,11706.1,0.78607,1.33011,1.09999,0.90477,0.89539,0.93637,0.80316,0.73063,1.0549,0.98755,0.00998324,0.00998324,0.00998324
133,11788.3,0.7886,1.34222,1.0956,0.9047,0.89823,0.93667,0.80485,0.72947,1.04713,0.98717,0.00998298,0.00998298,0.00998298
134,11868,0.77074,1.31456,1.08774,0.90781,0.90065,0.93723,0.80217,0.72234,1.04911,0.98357,0.00998273,0.00998273,0.00998273
135,11949.1,0.76053,1.2831,1.07,0.90758,0.90273,0.93718,0.80418,0.72105,1.04354,0.98344,0.00998247,0.00998247,0.00998247
136,12029.1,0.77845,1.2907,1.09428,0.90909,0.90231,0.9369,0.80141,0.72057,1.04421,0.98323,0.0099822,0.0099822,0.0099822
137,12109.1,0.78252,1.32546,1.08517,0.91178,0.90063,0.93661,0.8047,0.7195,1.05025,0.98358,0.00998194,0.00998194,0.00998194
138,12188.3,0.8054,1.29937,1.09997,0.90469,0.8961,0.93577,0.80348,0.71907,1.05582,0.98327,0.00998167,0.00998167,0.00998167
139,12267.7,0.76764,1.29647,1.09174,0.90739,0.89281,0.93615,0.80507,0.71643,1.05705,0.98313,0.0099814,0.0099814,0.0099814
140,12348.8,0.77496,1.29307,1.08274,0.90715,0.89214,0.9358,0.80449,0.71345,1.05062,0.98227,0.00998113,0.00998113,0.00998113
141,12429.6,0.77856,1.27335,1.08552,0.90853,0.88941,0.937,0.80717,0.71265,1.05063,0.98156,0.00998086,0.00998086,0.00998086
142,12509.6,0.78466,1.26747,1.09671,0.90808,0.8885,0.93631,0.80384,0.71466,1.04866,0.98261,0.00998059,0.00998059,0.00998059
143,12589.4,0.76991,1.29124,1.08488,0.90739,0.88839,0.93669,0.80387,0.71318,1.04987,0.98137,0.00998031,0.00998031,0.00998031
144,12669,0.77387,1.29202,1.08376,0.90638,0.88983,0.93716,0.80426,0.71167,1.04775,0.97972,0.00998003,0.00998003,0.00998003
145,12748.1,0.77964,1.2773,1.09365,0.90562,0.89212,0.93791,0.80589,0.71017,1.04481,0.97843,0.00997975,0.00997975,0.00997975
146,12826.3,0.7726,1.25116,1.08418,0.90442,0.89155,0.93728,0.80785,0.70721,1.04046,0.97661,0.00997947,0.00997947,0.00997947
147,12905.5,0.76572,1.29018,1.08214,0.90505,0.89271,0.9373,0.80765,0.70636,1.04234,0.97706,0.00997919,0.00997919,0.00997919
148,12984.9,0.77503,1.2933,1.09067,0.90654,0.8914,0.93718,0.80577,0.70742,1.0409,0.97962,0.0099789,0.0099789,0.0099789
149,13064.2,0.77087,1.27701,1.08392,0.90598,0.89208,0.93712,0.80479,0.70863,1.04081,0.98092,0.00997861,0.00997861,0.00997861
150,13142.6,0.77527,1.2623,1.08869,0.88808,0.91369,0.93751,0.80544,0.70704,1.03986,0.98026,0.00997832,0.00997832,0.00997832
151,13221,0.76764,1.21804,1.08333,0.88888,0.91109,0.93753,0.80679,0.70569,1.03862,0.97954,0.00997803,0.00997803,0.00997803
152,13298.8,0.76918,1.27996,1.08436,0.89004,0.9079,0.93728,0.80677,0.70486,1.03618,0.97964,0.00997774,0.00997774,0.00997774
153,13376.7,0.74693,1.24802,1.06953,0.88769,0.90787,0.93693,0.8094,0.70558,1.03383,0.97988,0.00997744,0.00997744,0.00997744
154,13452.1,0.77012,1.26424,1.08093,0.90851,0.88994,0.9365,0.80828,0.7071,1.03195,0.98086,0.00997714,0.00997714,0.00997714
155,13529.3,0.76522,1.24182,1.08057,0.90742,0.89052,0.93639,0.8084,0.70805,1.02785,0.98178,0.00997685,0.00997685,0.00997685
156,13606.8,0.76328,1.27088,1.08272,0.90622,0.89331,0.93677,0.80581,0.70716,1.02681,0.98145,0.00997654,0.00997654,0.00997654
157,13685.7,0.7615,1.23431,1.07672,0.90118,0.89491,0.93661,0.80656,0.70621,1.02345,0.98092,0.00997624,0.00997624,0.00997624
158,13764.4,0.77506,1.28873,1.08982,0.90093,0.89505,0.93625,0.80647,0.70599,1.02371,0.98099,0.00997594,0.00997594,0.00997594
159,13842.6,0.77664,1.22,1.08421,0.89875,0.90104,0.93736,0.80831,0.70502,1.0268,0.98038,0.00997563,0.00997563,0.00997563
160,13920.6,0.77157,1.23611,1.0824,0.89874,0.90194,0.93687,0.80647,0.70309,1.02457,0.97924,0.00997532,0.00997532,0.00997532
161,13999.1,0.76469,1.23115,1.07811,0.89872,0.90332,0.93767,0.80675,0.70283,1.01984,0.97885,0.00997501,0.00997501,0.00997501
162,14077.3,0.77613,1.24074,1.08916,0.89993,0.90151,0.93718,0.80879,0.70239,1.02027,0.9788,0.00997469,0.00997469,0.00997469
163,14155.9,0.7759,1.25617,1.0831,0.90133,0.90157,0.93729,0.80866,0.70213,1.02144,0.97873,0.00997438,0.00997438,0.00997438
164,14234.2,0.77327,1.25299,1.07287,0.90148,0.90179,0.93744,0.80922,0.70023,1.02222,0.97824,0.00997406,0.00997406,0.00997406
165,14313.8,0.76856,1.24534,1.08276,0.90311,0.90393,0.93781,0.81218,0.70181,1.02648,0.97933,0.00997374,0.00997374,0.00997374
166,14392.6,0.76209,1.26804,1.07207,0.90239,0.90507,0.93834,0.81096,0.70132,1.02868,0.97955,0.00997342,0.00997342,0.00997342
167,14472.5,0.76016,1.23785,1.08656,0.90275,0.90532,0.9381,0.8118,0.70175,1.03197,0.98014,0.0099731,0.0099731,0.0099731
168,14552.4,0.76886,1.2483,1.08653,0.90149,0.90984,0.93863,0.81287,0.70222,1.03175,0.98076,0.00997277,0.00997277,0.00997277
169,14631.7,0.75403,1.21331,1.06347,0.90082,0.91109,0.93836,0.81329,0.70213,1.02786,0.98118,0.00997245,0.00997245,0.00997245
170,14706.7,0.74715,1.21436,1.06363,0.89977,0.91109,0.93848,0.81262,0.70266,1.02454,0.98153,0.00997212,0.00997212,0.00997212
171,14782.2,0.75948,1.21081,1.06523,0.90052,0.91163,0.93879,0.81322,0.70246,1.02346,0.9817,0.00997179,0.00997179,0.00997179
172,14861.6,0.75563,1.22508,1.06629,0.90012,0.90704,0.93908,0.81595,0.70245,1.02121,0.98187,0.00997146,0.00997146,0.00997146
173,14942.4,0.77217,1.2235,1.0685,0.90107,0.90591,0.93959,0.81442,0.70251,1.02135,0.98183,0.00997112,0.00997112,0.00997112
174,15022.6,0.75558,1.20349,1.07269,0.90907,0.89879,0.93856,0.81449,0.70206,1.0177,0.98123,0.00997079,0.00997079,0.00997079
175,15102.8,0.77764,1.23747,1.08587,0.90972,0.89895,0.93848,0.81333,0.7018,1.01534,0.98097,0.00997045,0.00997045,0.00997045
176,15185.5,0.75236,1.22821,1.07702,0.91129,0.8997,0.93854,0.81194,0.70184,1.01274,0.98111,0.00997011,0.00997011,0.00997011
177,15265.4,0.7637,1.22696,1.08149,0.91343,0.89905,0.93865,0.81147,0.7014,1.00875,0.98097,0.00996976,0.00996976,0.00996976
178,15348.9,0.77387,1.23696,1.07322,0.9136,0.90215,0.9386,0.81113,0.70168,1.00983,0.98121,0.00996942,0.00996942,0.00996942
179,15435.3,0.73508,1.20046,1.06641,0.91392,0.9032,0.93872,0.81112,0.70124,1.00962,0.98077,0.00996907,0.00996907,0.00996907
180,15519,0.7472,1.21304,1.06647,0.91185,0.90454,0.93862,0.81244,0.7009,1.00673,0.98055,0.00996873,0.00996873,0.00996873
181,15603.1,0.75734,1.18252,1.07432,0.91508,0.90485,0.9387,0.81148,0.70116,1.00652,0.98057,0.00996838,0.00996838,0.00996838
182,15683.5,0.76899,1.21823,1.07363,0.91348,0.90479,0.93898,0.81245,0.70107,1.00734,0.9806,0.00996802,0.00996802,0.00996802
183,15762.5,0.75287,1.21395,1.07073,0.91176,0.90562,0.93913,0.81225,0.70005,1.00415,0.97995,0.00996767,0.00996767,0.00996767
184,15840.5,0.75509,1.22171,1.07534,0.91176,0.90591,0.93914,0.8127,0.70067,1.00478,0.98017,0.00996731,0.00996731,0.00996731
185,15919.1,0.74395,1.2009,1.06681,0.91279,0.90591,0.93921,0.81137,0.70028,1.00484,0.98003,0.00996696,0.00996696,0.00996696
186,15997,0.7489,1.17082,1.06259,0.91374,0.90357,0.93925,0.81271,0.69949,1.00224,0.97976,0.0099666,0.0099666,0.0099666
187,16075.2,0.75928,1.19294,1.06945,0.91251,0.90332,0.93936,0.81264,0.69976,1.00214,0.9798,0.00996624,0.00996624,0.00996624
188,16152.2,0.75419,1.22552,1.06965,0.91161,0.90332,0.93925,0.81126,0.69915,1.00271,0.9797,0.00996587,0.00996587,0.00996587
189,16231.2,0.75608,1.15834,1.0672,0.91206,0.90318,0.9393,0.81284,0.69942,1.00467,0.97968,0.00996551,0.00996551,0.00996551
190,16310.1,0.75134,1.21053,1.06619,0.91225,0.90298,0.9393,0.81293,0.69814,1.00322,0.97904,0.00996514,0.00996514,0.00996514
191,16387.6,0.73369,1.19474,1.05222,0.91402,0.90424,0.93884,0.81268,0.6979,1.00374,0.97886,0.00996477,0.00996477,0.00996477
192,16464.4,0.75308,1.26116,1.05928,0.91407,0.90453,0.93885,0.81376,0.69755,1.00334,0.97861,0.0099644,0.0099644,0.0099644
193,16541.6,0.72622,1.15171,1.05418,0.91338,0.90509,0.93854,0.8127,0.69683,1.00329,0.97837,0.00996402,0.00996402,0.00996402
194,16619,0.75661,1.21223,1.07367,0.91339,0.90488,0.93868,0.81251,0.69636,1.00309,0.97759,0.00996365,0.00996365,0.00996365
195,16696.8,0.75919,1.1983,1.07891,0.91383,0.9023,0.93873,0.81231,0.69609,1.00457,0.97727,0.00996327,0.00996327,0.00996327
196,16774.6,0.74814,1.18114,1.0658,0.91379,0.90174,0.93887,0.81196,0.69547,1.0018,0.97665,0.00996289,0.00996289,0.00996289
197,16852.1,0.74909,1.20141,1.06357,0.90621,0.90591,0.9394,0.81266,0.69524,1.00337,0.97629,0.00996251,0.00996251,0.00996251
198,16930,0.73649,1.16474,1.05706,0.90964,0.90693,0.93981,0.813,0.69547,1.0035,0.97629,0.00996213,0.00996213,0.00996213
199,17007.8,0.74734,1.19052,1.06624,0.9076,0.90755,0.93964,0.81236,0.69506,1.0037,0.97613,0.00996174,0.00996174,0.00996174
200,17086.1,0.74936,1.17344,1.06488,0.90754,0.90555,0.93981,0.81299,0.69521,1.00391,0.97594,0.00996136,0.00996136,0.00996136
201,17164,0.74046,1.14294,1.0536,0.90753,0.90547,0.93965,0.81353,0.69489,1.0009,0.97595,0.00996097,0.00996097,0.00996097
202,17242.3,0.75655,1.18178,1.07572,0.90606,0.91109,0.93994,0.81536,0.69375,0.99996,0.97556,0.00996058,0.00996058,0.00996058
203,17319.5,0.74704,1.17603,1.06946,0.90125,0.91109,0.93968,0.81342,0.6929,0.99998,0.97518,0.00996018,0.00996018,0.00996018
204,17398.2,0.74842,1.22495,1.06789,0.90371,0.91109,0.93998,0.81419,0.69302,1.00093,0.97512,0.00995979,0.00995979,0.00995979
205,17477,0.74942,1.16365,1.07239,0.90609,0.91109,0.94027,0.8143,0.69272,1.00226,0.97519,0.00995939,0.00995939,0.00995939
206,17556.8,0.72782,1.21715,1.05355,0.90411,0.91109,0.94007,0.81431,0.69286,1.0015,0.9754,0.00995899,0.00995899,0.00995899
207,17643.4,0.75412,1.18909,1.05774,0.90085,0.91382,0.93968,0.81407,0.69242,1.00145,0.97525,0.00995859,0.00995859,0.00995859
208,17725.8,0.74632,1.16122,1.07017,0.90095,0.91435,0.93978,0.81385,0.69205,1.00016,0.97483,0.00995819,0.00995819,0.00995819
209,17810.1,0.73197,1.18253,1.04749,0.903,0.91255,0.94021,0.81315,0.69179,0.99771,0.97465,0.00995779,0.00995779,0.00995779
210,17890.8,0.76025,1.16865,1.08588,0.90296,0.91389,0.9401,0.81506,0.69179,0.99677,0.97457,0.00995738,0.00995738,0.00995738
211,17970.9,0.7591,1.20044,1.07594,0.90549,0.91109,0.93991,0.81469,0.69189,0.99511,0.97456,0.00995697,0.00995697,0.00995697
212,18048.8,0.743,1.18608,1.06261,0.9055,0.91369,0.94013,0.81467,0.69165,0.99445,0.97444,0.00995656,0.00995656,0.00995656
213,18127.3,0.74746,1.12699,1.06038,0.90479,0.91369,0.94039,0.8149,0.69089,0.9939,0.97429,0.00995615,0.00995615,0.00995615
214,18206.7,0.73318,1.1858,1.05889,0.90474,0.91369,0.94034,0.81472,0.69132,0.99543,0.97445,0.00995574,0.00995574,0.00995574
215,18285.9,0.74366,1.14507,1.06423,0.90528,0.91467,0.94054,0.81488,0.69117,0.99365,0.97427,0.00995532,0.00995532,0.00995532
216,18364.4,0.73377,1.16755,1.06281,0.90408,0.91369,0.94055,0.81588,0.69034,0.99285,0.97402,0.0099549,0.0099549,0.0099549
217,18442.3,0.74289,1.15824,1.05936,0.90453,0.91369,0.9403,0.8156,0.69029,0.9908,0.97399,0.00995448,0.00995448,0.00995448
218,18520.6,0.74134,1.14132,1.05761,0.90493,0.91369,0.94079,0.81582,0.68976,0.98957,0.97379,0.00995406,0.00995406,0.00995406
219,18598.8,0.73485,1.12358,1.06322,0.90465,0.91369,0.9408,0.8153,0.68971,0.98754,0.97365,0.00995364,0.00995364,0.00995364
220,18677.2,0.73582,1.14217,1.05851,0.90516,0.91369,0.94154,0.81536,0.68958,0.98703,0.97345,0.00995321,0.00995321,0.00995321
221,18755,0.74587,1.13711,1.06026,0.90518,0.913,0.9413,0.81556,0.68966,0.98726,0.97347,0.00995278,0.00995278,0.00995278
222,18832.7,0.74638,1.12816,1.05942,0.90515,0.91283,0.94136,0.8168,0.68934,0.98606,0.97312,0.00995235,0.00995235,0.00995235
223,18912,0.7442,1.15661,1.05214,0.9052,0.91256,0.94126,0.81613,0.68945,0.98673,0.97312,0.00995192,0.00995192,0.00995192
224,18991.2,0.72228,1.1305,1.04607,0.90516,0.9125,0.94139,0.81622,0.6892,0.9854,0.97269,0.00995149,0.00995149,0.00995149
225,19070.3,0.7426,1.13008,1.06153,0.90514,0.91253,0.94166,0.81625,0.68878,0.98361,0.97239,0.00995105,0.00995105,0.00995105
226,19148.8,0.72934,1.14062,1.05523,0.9031,0.91628,0.94155,0.81627,0.68767,0.98025,0.97181,0.00995062,0.00995062,0.00995062
227,19226,0.75359,1.13677,1.06686,0.90508,0.91239,0.94145,0.81644,0.68693,0.97842,0.97129,0.00995018,0.00995018,0.00995018
228,19304.1,0.74049,1.15253,1.05927,0.90516,0.91255,0.94168,0.8168,0.68628,0.97689,0.97057,0.00994974,0.00994974,0.00994974
229,19381.9,0.73634,1.17274,1.06452,0.90534,0.91207,0.94106,0.81709,0.68611,0.97424,0.97061,0.00994929,0.00994929,0.00994929
230,19459.9,0.73788,1.14032,1.05749,0.90532,0.91151,0.94123,0.81727,0.68572,0.97136,0.97035,0.00994885,0.00994885,0.00994885
231,19538.1,0.74444,1.10949,1.05201,0.90533,0.91247,0.94129,0.81745,0.68481,0.97086,0.96977,0.0099484,0.0099484,0.0099484
232,19616.2,0.75342,1.14412,1.07849,0.90531,0.91264,0.94133,0.81717,0.68456,0.97143,0.9696,0.00994795,0.00994795,0.00994795
233,19694.5,0.74319,1.14302,1.06438,0.90535,0.91379,0.94105,0.81742,0.68495,0.9699,0.96951,0.0099475,0.0099475,0.0099475
234,19772.6,0.727,1.12616,1.04424,0.90535,0.91414,0.94093,0.8166,0.68415,0.96803,0.96908,0.00994705,0.00994705,0.00994705
235,19850.6,0.72446,1.13083,1.0505,0.90792,0.91755,0.94275,0.81753,0.68406,0.9676,0.96889,0.00994659,0.00994659,0.00994659
236,19930.1,0.73331,1.12189,1.0459,0.90796,0.91887,0.94311,0.81821,0.68386,0.96604,0.96866,0.00994614,0.00994614,0.00994614
237,20008.1,0.73983,1.13781,1.05906,0.9079,0.91887,0.94278,0.81801,0.68405,0.96622,0.96865,0.00994568,0.00994568,0.00994568
238,20085.6,0.75177,1.14204,1.0664,0.9079,0.91821,0.94266,0.81846,0.68375,0.96416,0.96864,0.00994522,0.00994522,0.00994522
239,20163.8,0.73129,1.14949,1.061,0.90628,0.91628,0.94266,0.81856,0.68383,0.9639,0.9685,0.00994476,0.00994476,0.00994476
240,20242.2,0.73878,1.14618,1.06387,0.90561,0.91886,0.94226,0.81829,0.68376,0.96328,0.96824,0.00994429,0.00994429,0.00994429
241,20320.5,0.73029,1.12223,1.0553,0.90532,0.9145,0.94273,0.81916,0.68374,0.96337,0.96814,0.00994383,0.00994383,0.00994383
242,20398.1,0.72137,1.12354,1.04434,0.90581,0.92146,0.94252,0.81858,0.68412,0.96326,0.96813,0.00994336,0.00994336,0.00994336
243,20477.2,0.73814,1.12451,1.05708,0.90581,0.92146,0.94167,0.81766,0.68416,0.96313,0.96829,0.00994289,0.00994289,0.00994289
244,20556,0.72336,1.11417,1.05017,0.9058,0.92131,0.94245,0.81831,0.684,0.96066,0.96792,0.00994242,0.00994242,0.00994242
245,20635.3,0.73798,1.12003,1.04211,0.90515,0.92146,0.94234,0.81851,0.68359,0.95994,0.96761,0.00994194,0.00994194,0.00994194
246,20713.6,0.73346,1.08725,1.0619,0.90541,0.92146,0.94212,0.8183,0.68333,0.95862,0.9675,0.00994147,0.00994147,0.00994147
247,20790.4,0.72963,1.11097,1.04719,0.9054,0.92146,0.94202,0.81845,0.68301,0.95768,0.96716,0.00994099,0.00994099,0.00994099
248,20868.5,0.73319,1.12937,1.05493,0.90569,0.92146,0.94227,0.81996,0.68287,0.95961,0.9673,0.00994051,0.00994051,0.00994051
249,20947,0.75094,1.16574,1.06664,0.90348,0.91908,0.9425,0.82033,0.68261,0.95894,0.9671,0.00994003,0.00994003,0.00994003
250,21024.7,0.73706,1.1158,1.05534,0.90353,0.91646,0.94256,0.82063,0.68201,0.96027,0.96683,0.00993954,0.00993954,0.00993954
251,21103.8,0.71421,1.1067,1.02729,0.90508,0.91628,0.94222,0.82,0.68237,0.95972,0.96711,0.00993906,0.00993906,0.00993906
252,21182.1,0.7416,1.13632,1.06754,0.90405,0.91628,0.9423,0.82088,0.68264,0.96158,0.9673,0.00993857,0.00993857,0.00993857
253,21259.9,0.73806,1.09091,1.0602,0.90805,0.91628,0.94239,0.82068,0.68302,0.9632,0.96748,0.00993808,0.00993808,0.00993808
254,21340,0.74216,1.07761,1.05215,0.90585,0.91628,0.94209,0.82147,0.68263,0.96163,0.96672,0.00993759,0.00993759,0.00993759
255,21420.4,0.72881,1.0902,1.05661,0.90626,0.91628,0.94235,0.81918,0.68231,0.9633,0.96675,0.0099371,0.0099371,0.0099371
256,21501.4,0.71793,1.12903,1.0385,0.90698,0.91628,0.94065,0.82126,0.68267,0.96287,0.96681,0.0099366,0.0099366,0.0099366
257,21582.2,0.72972,1.11771,1.05315,0.90464,0.91628,0.94062,0.82177,0.68243,0.96271,0.9666,0.0099361,0.0099361,0.0099361
258,21661.2,0.74389,1.11161,1.05488,0.90455,0.91628,0.94101,0.82176,0.68214,0.96141,0.96648,0.0099356,0.0099356,0.0099356
259,21740,0.72743,1.12205,1.05251,0.9067,0.91628,0.94117,0.82277,0.6823,0.96225,0.96634,0.0099351,0.0099351,0.0099351
260,21818.2,0.7259,1.15182,1.04955,0.9084,0.91826,0.94108,0.82264,0.68164,0.96269,0.9661,0.0099346,0.0099346,0.0099346
261,21895,0.72181,1.10309,1.04302,0.91061,0.91882,0.9412,0.82241,0.68245,0.9627,0.96666,0.0099341,0.0099341,0.0099341
262,21970.8,0.73601,1.13262,1.05635,0.91071,0.91843,0.94155,0.82288,0.68194,0.96139,0.9665,0.00993359,0.00993359,0.00993359
263,22049.3,0.72612,1.16405,1.05339,0.90819,0.91887,0.94195,0.82349,0.68158,0.96062,0.96667,0.00993308,0.00993308,0.00993308
264,22127.7,0.7219,1.09545,1.04329,0.90756,0.91887,0.94183,0.82363,0.68097,0.95795,0.9665,0.00993257,0.00993257,0.00993257
265,22205.7,0.7304,1.10664,1.04892,0.90765,0.91887,0.94168,0.82375,0.68074,0.95739,0.96638,0.00993206,0.00993206,0.00993206
266,22284.3,0.73545,1.11336,1.05913,0.9084,0.91887,0.9417,0.82316,0.6803,0.95667,0.96626,0.00993154,0.00993154,0.00993154
267,22363.3,0.72111,1.07476,1.04496,0.90902,0.91887,0.94136,0.8229,0.68081,0.95747,0.96664,0.00993103,0.00993103,0.00993103
268,22440.7,0.73046,1.09437,1.04938,0.90905,0.91887,0.94141,0.82374,0.68081,0.95702,0.96652,0.00993051,0.00993051,0.00993051
269,22518.8,0.71021,1.10431,1.04544,0.9095,0.91887,0.9418,0.82432,0.68056,0.95662,0.96661,0.00992999,0.00992999,0.00992999
270,22597.7,0.73524,1.11319,1.05954,0.90755,0.91887,0.94169,0.82467,0.68076,0.95685,0.96653,0.00992946,0.00992946,0.00992946
271,22674.8,0.72436,1.06416,1.03884,0.90794,0.91887,0.94207,0.82394,0.68068,0.95654,0.96639,0.00992894,0.00992894,0.00992894
272,22751.9,0.73032,1.12319,1.05007,0.90696,0.91887,0.9417,0.82308,0.68032,0.95602,0.96622,0.00992841,0.00992841,0.00992841
273,22830.5,0.74265,1.08834,1.05596,0.90747,0.91887,0.94195,0.82383,0.68044,0.9547,0.9662,0.00992789,0.00992789,0.00992789
274,22909.3,0.74192,1.12556,1.0564,0.90766,0.91887,0.94209,0.82451,0.67984,0.95408,0.96589,0.00992736,0.00992736,0.00992736
275,22987.2,0.73792,1.09426,1.0619,0.90741,0.91887,0.94197,0.824,0.67945,0.95367,0.96556,0.00992682,0.00992682,0.00992682
276,23067.9,0.7426,1.06125,1.05139,0.90694,0.91887,0.94219,0.82358,0.67911,0.95375,0.96556,0.00992629,0.00992629,0.00992629
277,23147.1,0.72566,1.11259,1.05036,0.90686,0.91887,0.94239,0.82391,0.67866,0.95383,0.9654,0.00992576,0.00992576,0.00992576
278,23225.4,0.73145,1.11366,1.04937,0.90673,0.91887,0.94232,0.82417,0.67876,0.95265,0.96516,0.00992522,0.00992522,0.00992522
279,23303.7,0.72841,1.10758,1.0386,0.90658,0.91887,0.94244,0.82447,0.67746,0.95044,0.96448,0.00992468,0.00992468,0.00992468
280,23381.4,0.72198,1.11235,1.04321,0.90668,0.91887,0.94242,0.82324,0.67652,0.94925,0.96382,0.00992414,0.00992414,0.00992414
281,23459.7,0.73087,1.09993,1.04635,0.90606,0.91887,0.94236,0.82366,0.67613,0.9494,0.9635,0.00992359,0.00992359,0.00992359
282,23537.4,0.72523,1.09577,1.04082,0.9041,0.91887,0.94187,0.8251,0.67605,0.95015,0.96335,0.00992305,0.00992305,0.00992305
283,23617,0.71082,1.14917,1.0331,0.90456,0.91887,0.94217,0.82412,0.67564,0.95008,0.96297,0.0099225,0.0099225,0.0099225
284,23697.9,0.73574,1.1081,1.06086,0.90292,0.91887,0.94191,0.82502,0.67477,0.95098,0.96245,0.00992195,0.00992195,0.00992195
285,23778,0.72306,1.05646,1.04355,0.90487,0.91887,0.94163,0.82433,0.67445,0.9501,0.96196,0.0099214,0.0099214,0.0099214
286,23856.8,0.72278,1.09187,1.04718,0.90458,0.91968,0.94189,0.82497,0.67432,0.94938,0.96189,0.00992085,0.00992085,0.00992085
287,23935.8,0.74619,1.06905,1.06137,0.90447,0.91967,0.9419,0.82384,0.67465,0.94833,0.96189,0.00992029,0.00992029,0.00992029
288,24014.4,0.73149,1.09001,1.05714,0.90486,0.91967,0.94206,0.82406,0.67424,0.94858,0.96174,0.00991974,0.00991974,0.00991974
289,24091.9,0.71873,1.11355,1.0478,0.90569,0.91967,0.9419,0.82307,0.67467,0.94886,0.96196,0.00991918,0.00991918,0.00991918
290,24169.1,0.7043,1.08756,1.03016,0.9065,0.91969,0.94214,0.8237,0.67414,0.94933,0.96176,0.00991862,0.00991862,0.00991862
291,24246.2,0.73401,1.07428,1.0595,0.90206,0.92022,0.94181,0.82413,0.67376,0.95056,0.96154,0.00991805,0.00991805,0.00991805
292,24324.5,0.72178,1.06609,1.04074,0.90217,0.92019,0.94186,0.82346,0.67358,0.95152,0.96111,0.00991749,0.00991749,0.00991749
293,24400.9,0.72532,1.07287,1.03847,0.90484,0.91979,0.94193,0.82446,0.67346,0.95257,0.96094,0.00991692,0.00991692,0.00991692
294,24476.8,0.71767,1.05456,1.04611,0.90337,0.91988,0.94178,0.82473,0.6728,0.95256,0.96081,0.00991635,0.00991635,0.00991635
295,24555.3,0.74593,1.13308,1.07061,0.90264,0.91997,0.94168,0.82489,0.67304,0.95397,0.96075,0.00991578,0.00991578,0.00991578
296,24633.1,0.72746,1.09039,1.0421,0.90238,0.91997,0.9416,0.82404,0.67332,0.95507,0.96097,0.00991521,0.00991521,0.00991521
297,24711.2,0.72101,1.07263,1.04991,0.89902,0.92088,0.94178,0.82406,0.67308,0.95463,0.96082,0.00991464,0.00991464,0.00991464
298,24788.5,0.73709,1.06047,1.0525,0.9034,0.91975,0.94182,0.824,0.67296,0.95473,0.96076,0.00991406,0.00991406,0.00991406
299,24866,0.70827,1.06759,1.03727,0.90324,0.92183,0.94159,0.82409,0.67257,0.95414,0.96037,0.00991348,0.00991348,0.00991348
300,24943.4,0.72298,1.06435,1.04887,0.90311,0.92069,0.94166,0.82377,0.67219,0.95439,0.96025,0.0099129,0.0099129,0.0099129
301,25021.7,0.72343,1.05677,1.04432,0.90315,0.92104,0.94154,0.82336,0.6718,0.955,0.95995,0.00991232,0.00991232,0.00991232
302,25098.8,0.71503,1.09329,1.04414,0.90317,0.92116,0.94139,0.82348,0.67175,0.95371,0.96,0.00991174,0.00991174,0.00991174
303,25175.9,0.71806,1.06642,1.04046,0.90315,0.92101,0.94136,0.82321,0.67202,0.95588,0.96021,0.00991115,0.00991115,0.00991115
304,25253.3,0.70995,1.07663,1.03756,0.90329,0.92219,0.94147,0.82326,0.67242,0.95609,0.96058,0.00991056,0.00991056,0.00991056
305,25329.3,0.71471,1.1197,1.03353,0.90334,0.92264,0.94157,0.82483,0.67278,0.95661,0.96073,0.00990998,0.00990998,0.00990998
306,25404.1,0.70935,1.04208,1.03602,0.90341,0.92313,0.94164,0.82574,0.67249,0.95684,0.96055,0.00990938,0.00990938,0.00990938
307,25481.8,0.72405,1.07225,1.05144,0.90347,0.92363,0.94158,0.82624,0.67321,0.95594,0.96082,0.00990879,0.00990879,0.00990879
308,25560.6,0.7094,1.07368,1.03594,0.90346,0.92348,0.94144,0.82566,0.67317,0.95845,0.96097,0.0099082,0.0099082,0.0099082
309,25635.3,0.7266,1.12096,1.05392,0.90347,0.92359,0.94128,0.82565,0.67281,0.95809,0.96094,0.0099076,0.0099076,0.0099076
310,25713.3,0.71811,1.09049,1.04723,0.90344,0.92328,0.94111,0.82552,0.67264,0.95952,0.96092,0.009907,0.009907,0.009907
311,25791.6,0.72061,1.05563,1.04833,0.90407,0.92252,0.94111,0.82537,0.67364,0.96134,0.96207,0.0099064,0.0099064,0.0099064
312,25870.2,0.71802,1.02444,1.04437,0.90575,0.9251,0.94118,0.82571,0.67385,0.96057,0.96217,0.0099058,0.0099058,0.0099058
313,25947.6,0.72096,1.08905,1.04846,0.90536,0.92199,0.94148,0.82632,0.6739,0.96132,0.96227,0.00990519,0.00990519,0.00990519
314,26025,0.72001,1.07977,1.04779,0.90512,0.91978,0.94158,0.82675,0.67336,0.96162,0.96206,0.00990458,0.00990458,0.00990458
315,26103.8,0.72614,1.06064,1.04895,0.90746,0.92205,0.94164,0.82682,0.67278,0.96065,0.96186,0.00990397,0.00990397,0.00990397
316,26183.3,0.71116,1.05563,1.03239,0.90747,0.92206,0.9417,0.82653,0.6725,0.96036,0.96177,0.00990336,0.00990336,0.00990336
317,26262.6,0.72457,1.07582,1.05402,0.90763,0.92338,0.94214,0.82729,0.67214,0.95977,0.96164,0.00990275,0.00990275,0.00990275
318,26343.6,0.7237,1.0812,1.048,0.90771,0.92399,0.94184,0.82744,0.67236,0.95984,0.96175,0.00990214,0.00990214,0.00990214
319,26422.5,0.72297,1.07717,1.04056,0.90779,0.92462,0.94205,0.82658,0.67236,0.96097,0.96209,0.00990152,0.00990152,0.00990152
320,26500.4,0.7159,1.06106,1.04114,0.90752,0.92479,0.94225,0.82775,0.67309,0.96181,0.96242,0.0099009,0.0099009,0.0099009
321,26578,0.7267,1.04851,1.0391,0.90696,0.92488,0.94215,0.82851,0.67187,0.96013,0.96162,0.00990028,0.00990028,0.00990028
322,26655.5,0.72449,1.05672,1.04406,0.9067,0.92482,0.94229,0.82759,0.67217,0.9597,0.96181,0.00989966,0.00989966,0.00989966
323,26730.5,0.69994,1.01497,1.03487,0.90654,0.92486,0.94231,0.82875,0.67152,0.95935,0.96151,0.00989904,0.00989904,0.00989904
324,26807.3,0.72359,1.05577,1.04424,0.9062,0.92485,0.94287,0.82977,0.67168,0.95938,0.96161,0.00989841,0.00989841,0.00989841
325,26884.5,0.72849,1.04043,1.04412,0.90586,0.92489,0.94267,0.82906,0.67211,0.95974,0.96176,0.00989778,0.00989778,0.00989778
326,26962.5,0.7223,1.03471,1.0459,0.90423,0.92491,0.94257,0.82988,0.67214,0.9598,0.96183,0.00989715,0.00989715,0.00989715
327,27040.3,0.71655,1.03473,1.03803,0.90387,0.92487,0.94284,0.83075,0.67097,0.95663,0.9608,0.00989652,0.00989652,0.00989652
328,27118.7,0.71674,1.04777,1.03946,0.90358,0.92492,0.94271,0.83017,0.67066,0.95604,0.96086,0.00989589,0.00989589,0.00989589
329,27197.9,0.71073,1.04118,1.02727,0.90335,0.92494,0.94307,0.83048,0.67043,0.95359,0.96045,0.00989525,0.00989525,0.00989525
330,27276.2,0.72151,1.06688,1.05404,0.90319,0.92492,0.94261,0.83036,0.67051,0.95931,0.96059,0.00989461,0.00989461,0.00989461
331,27352.1,0.71586,1.04508,1.03769,0.90318,0.92484,0.94272,0.83026,0.6699,0.9596,0.96029,0.00989398,0.00989398,0.00989398
332,27429.2,0.7262,1.04863,1.0389,0.90098,0.92483,0.94272,0.82885,0.66923,0.96067,0.95985,0.00989333,0.00989333,0.00989333
333,27506.8,0.71458,1.02363,1.03334,0.90093,0.92478,0.94268,0.82888,0.66923,0.95763,0.95949,0.00989269,0.00989269,0.00989269
334,27584.2,0.70034,1.03637,1.02307,0.90098,0.92472,0.94257,0.82878,0.66936,0.9592,0.96018,0.00989205,0.00989205,0.00989205
335,27662.8,0.71546,1.0384,1.03864,0.90099,0.92468,0.94262,0.82876,0.66882,0.95688,0.96002,0.0098914,0.0098914,0.0098914
336,27741.5,0.72346,1.11101,1.04565,0.9008,0.92495,0.94251,0.82897,0.66835,0.95541,0.95958,0.00989075,0.00989075,0.00989075
337,27819.1,0.71391,1.03459,1.03362,0.90083,0.92493,0.94273,0.82894,0.66779,0.95471,0.95945,0.0098901,0.0098901,0.0098901
338,27897.6,0.71861,1.02368,1.0364,0.9008,0.92494,0.94266,0.82976,0.668,0.95539,0.95946,0.00988945,0.00988945,0.00988945
339,27975.5,0.71325,1.05194,1.0376,0.90079,0.92483,0.94401,0.83043,0.66771,0.95573,0.95936,0.00988879,0.00988879,0.00988879
340,28054,0.72619,1.02916,1.04291,0.90084,0.92473,0.94403,0.83076,0.6676,0.95509,0.95955,0.00988814,0.00988814,0.00988814
341,28132.1,0.71408,1.04462,1.03467,0.90103,0.9245,0.94418,0.83079,0.66762,0.95565,0.95944,0.00988748,0.00988748,0.00988748
342,28210.3,0.71264,1.00837,1.03421,0.90114,0.92439,0.9443,0.82959,0.66747,0.9562,0.95935,0.00988682,0.00988682,0.00988682
343,28287.6,0.70504,1.05354,1.02253,0.90151,0.92322,0.9439,0.83005,0.66759,0.95389,0.95974,0.00988615,0.00988615,0.00988615
344,28364.8,0.71884,1.03208,1.04604,0.90145,0.92253,0.94412,0.8319,0.66725,0.95405,0.95955,0.00988549,0.00988549,0.00988549
345,28442.7,0.72509,1.07263,1.03571,0.90149,0.92279,0.94396,0.83078,0.66699,0.95454,0.95957,0.00988482,0.00988482,0.00988482
346,28520.1,0.71,1.04317,1.03908,0.90133,0.92125,0.94424,0.83025,0.66679,0.95494,0.95961,0.00988416,0.00988416,0.00988416
347,28596.8,0.71143,1.03363,1.03692,0.90142,0.92209,0.94414,0.82927,0.66675,0.95376,0.95952,0.00988349,0.00988349,0.00988349
348,28673.6,0.69506,1.00975,1.01934,0.90123,0.92017,0.94412,0.82988,0.66572,0.95364,0.9591,0.00988281,0.00988281,0.00988281
349,28752.5,0.71552,1.05326,1.03442,0.90131,0.91919,0.94421,0.82984,0.66567,0.95401,0.95907,0.00988214,0.00988214,0.00988214
350,28831.9,0.7,1.05501,1.02809,0.90285,0.91877,0.94437,0.82998,0.66599,0.95503,0.95904,0.00988147,0.00988147,0.00988147
351,28910.4,0.70278,1.05916,1.02475,0.90317,0.91852,0.94411,0.8296,0.666,0.95553,0.95902,0.00988079,0.00988079,0.00988079
352,28988.8,0.72123,1.01768,1.03564,0.9017,0.91844,0.94428,0.82987,0.66575,0.95449,0.95874,0.00988011,0.00988011,0.00988011
353,29068.2,0.70029,1.0328,1.0283,0.9019,0.9182,0.94445,0.82949,0.66547,0.95522,0.95873,0.00987943,0.00987943,0.00987943
354,29147.2,0.72352,1.01983,1.03721,0.90156,0.91792,0.94407,0.83109,0.66534,0.95611,0.95868,0.00987874,0.00987874,0.00987874
355,29226.9,0.71724,1.07935,1.0405,0.90174,0.91767,0.94386,0.83033,0.665,0.95516,0.95851,0.00987806,0.00987806,0.00987806
356,29305.6,0.72056,1.05855,1.04356,0.90171,0.91767,0.94388,0.83133,0.66471,0.95564,0.95854,0.00987737,0.00987737,0.00987737
357,29383.2,0.71128,1.04538,1.03962,0.90135,0.91751,0.94366,0.83077,0.66501,0.95776,0.95867,0.00987668,0.00987668,0.00987668
358,29460.5,0.69148,1.00858,1.02175,0.90338,0.91954,0.94365,0.83086,0.66513,0.95857,0.95859,0.00987599,0.00987599,0.00987599
359,29538.5,0.71083,1.03753,1.03825,0.90112,0.92033,0.94334,0.82971,0.66638,0.95796,0.95928,0.0098753,0.0098753,0.0098753
360,29616.1,0.70877,1.04996,1.02802,0.90102,0.92001,0.94343,0.83018,0.66545,0.95856,0.95873,0.0098746,0.0098746,0.0098746
361,29694.1,0.6945,1.02461,1.03041,0.92273,0.89781,0.9432,0.83049,0.66595,0.96051,0.95934,0.00987391,0.00987391,0.00987391
362,29772.6,0.70471,1.01209,1.02229,0.92282,0.89781,0.94315,0.83045,0.66583,0.96162,0.95911,0.00987321,0.00987321,0.00987321
363,29850.5,0.72298,1.02737,1.0466,0.92715,0.89781,0.9431,0.83046,0.66552,0.9608,0.95906,0.00987251,0.00987251,0.00987251
364,29928.4,0.72287,1.0827,1.05085,0.92701,0.89781,0.94335,0.83092,0.66485,0.96062,0.95858,0.00987181,0.00987181,0.00987181
365,30006.7,0.71153,1.04426,1.03475,0.9271,0.89781,0.94354,0.83095,0.66467,0.96154,0.95861,0.0098711,0.0098711,0.0098711
366,30084.5,0.71162,1.00297,1.03893,0.93072,0.90325,0.94395,0.831,0.66449,0.96043,0.9584,0.0098704,0.0098704,0.0098704
367,30160.5,0.70602,0.99974,1.03566,0.92648,0.89781,0.94299,0.83074,0.66391,0.96014,0.95815,0.00986969,0.00986969,0.00986969
368,30238.5,0.7104,1.02501,1.04454,0.93026,0.90332,0.94367,0.83125,0.66374,0.95949,0.9579,0.00986898,0.00986898,0.00986898
369,30316.8,0.70423,1.03061,1.03053,0.92656,0.89781,0.94348,0.83253,0.66346,0.96151,0.95768,0.00986827,0.00986827,0.00986827
370,30395,0.71783,1.0271,1.0247,0.92666,0.89781,0.94313,0.83188,0.663,0.96179,0.95718,0.00986755,0.00986755,0.00986755
371,30473.2,0.69372,1.04432,1.0321,0.92642,0.89781,0.94372,0.83197,0.66334,0.96091,0.95725,0.00986684,0.00986684,0.00986684
372,30550.7,0.71114,1.03371,1.03741,0.92764,0.89781,0.9434,0.83089,0.66335,0.95816,0.95748,0.00986612,0.00986612,0.00986612
373,30628.8,0.71221,1.02473,1.0363,0.9278,0.89781,0.94408,0.83239,0.66296,0.95652,0.95697,0.0098654,0.0098654,0.0098654
374,30706.6,0.71662,1.06828,1.03574,0.92774,0.89781,0.94404,0.83256,0.66309,0.95482,0.95702,0.00986468,0.00986468,0.00986468
375,30784.6,0.70464,1.03271,1.02505,0.92785,0.89781,0.9438,0.83257,0.66346,0.95426,0.95715,0.00986396,0.00986396,0.00986396
376,30861.5,0.71222,1.01925,1.03977,0.92837,0.89762,0.94387,0.83195,0.66344,0.95395,0.95713,0.00986323,0.00986323,0.00986323
377,30939.2,0.70391,1.04773,1.03597,0.92839,0.89743,0.94392,0.83233,0.66356,0.95302,0.95711,0.0098625,0.0098625,0.0098625
378,31016.6,0.7091,1.02618,1.03377,0.92851,0.89742,0.94407,0.83213,0.66352,0.95256,0.95698,0.00986178,0.00986178,0.00986178
379,31094.1,0.71245,1.01552,1.04272,0.92861,0.89736,0.94412,0.83308,0.66317,0.95142,0.95678,0.00986104,0.00986104,0.00986104
380,31170.8,0.69644,1.03472,1.02599,0.9288,0.89634,0.94389,0.83301,0.66343,0.95179,0.95667,0.00986031,0.00986031,0.00986031
381,31248.3,0.70421,1.03414,1.02718,0.92878,0.89732,0.94397,0.83263,0.66286,0.95167,0.9564,0.00985958,0.00985958,0.00985958
382,31326.5,0.71051,1.03487,1.02711,0.92877,0.89685,0.94411,0.83298,0.66289,0.95063,0.95639,0.00985884,0.00985884,0.00985884
383,31406.1,0.70314,1.00626,1.03687,0.92873,0.89618,0.9441,0.83361,0.66247,0.95037,0.9561,0.0098581,0.0098581,0.0098581
384,31483.8,0.7083,1.01744,1.03667,0.93115,0.89781,0.94431,0.83412,0.66158,0.95077,0.95565,0.00985736,0.00985736,0.00985736
385,31561.7,0.69412,1.02105,1.01741,0.93128,0.89743,0.94416,0.83266,0.6609,0.95185,0.95521,0.00985662,0.00985662,0.00985662
386,31639.4,0.70889,1.00482,1.03169,0.93116,0.8966,0.94453,0.83244,0.65969,0.95241,0.95447,0.00985588,0.00985588,0.00985588
387,31716.5,0.71465,1.05353,1.03442,0.93143,0.89781,0.94444,0.8329,0.65978,0.94916,0.9544,0.00985513,0.00985513,0.00985513
388,31794,0.68874,0.99929,1.02045,0.93162,0.89781,0.94483,0.83283,0.65978,0.95125,0.95465,0.00985438,0.00985438,0.00985438
389,31871.8,0.69989,1.0044,1.02537,0.93197,0.89781,0.94496,0.83358,0.65977,0.95316,0.95464,0.00985363,0.00985363,0.00985363
390,31949.5,0.72746,1.02743,1.05505,0.93428,0.89766,0.94531,0.8341,0.65958,0.95281,0.95477,0.00985288,0.00985288,0.00985288
391,32027.6,0.69071,1.02499,1.02207,0.9321,0.89757,0.94556,0.83448,0.65926,0.95104,0.95432,0.00985213,0.00985213,0.00985213
392,32107.3,0.69636,1.02578,1.02117,0.9318,0.89449,0.9453,0.83483,0.65916,0.95185,0.95401,0.00985137,0.00985137,0.00985137
393,32185.6,0.69617,0.99394,1.0103,0.93164,0.89004,0.94397,0.83409,0.65884,0.95114,0.95359,0.00985061,0.00985061,0.00985061
394,32263,0.70628,1.05753,1.03553,0.93407,0.89349,0.94525,0.83478,0.6581,0.95063,0.95328,0.00984985,0.00984985,0.00984985
395,32340,0.70372,1.02744,1.0323,0.93411,0.89403,0.94553,0.83458,0.65781,0.95066,0.95312,0.00984909,0.00984909,0.00984909
396,32417.9,0.715,1.01649,1.03469,0.93386,0.89257,0.94487,0.83369,0.65752,0.94992,0.9528,0.00984833,0.00984833,0.00984833
397,32495.9,0.70054,1.02715,1.03272,0.93379,0.89237,0.94559,0.83414,0.65706,0.94729,0.95268,0.00984757,0.00984757,0.00984757
398,32575.6,0.70771,1.03221,1.04103,0.93383,0.89364,0.94566,0.83357,0.65732,0.94911,0.95272,0.0098468,0.0098468,0.0098468
399,32654.5,0.71018,1.02874,1.0392,0.93405,0.89494,0.94435,0.8337,0.65706,0.94804,0.95249,0.00984603,0.00984603,0.00984603
400,32734.1,0.70257,1.02096,1.03273,0.93402,0.89442,0.94563,0.83473,0.65732,0.94923,0.95257,0.00984526,0.00984526,0.00984526
401,32813.5,0.70022,1.01811,1.02884,0.93399,0.89458,0.94561,0.83411,0.65707,0.94925,0.9523,0.00984449,0.00984449,0.00984449
402,32892.9,0.69761,1.0147,1.03351,0.93397,0.89405,0.9458,0.83419,0.6569,0.94982,0.95207,0.00984371,0.00984371,0.00984371
403,32972.6,0.70015,1.00944,1.02775,0.93408,0.89472,0.94541,0.83418,0.657,0.95036,0.95212,0.00984294,0.00984294,0.00984294
404,33050,0.68889,1.02706,1.02177,0.93184,0.89531,0.94444,0.83341,0.6575,0.95159,0.95217,0.00984216,0.00984216,0.00984216
405,33126.7,0.70503,1.07292,1.0283,0.93178,0.8955,0.94456,0.83471,0.65763,0.95103,0.95213,0.00984138,0.00984138,0.00984138
406,33204,0.70071,1.00166,1.02794,0.93167,0.89528,0.94417,0.8342,0.65784,0.95056,0.95224,0.0098406,0.0098406,0.0098406
407,33281.4,0.69745,1.02949,1.02273,0.93207,0.89522,0.94407,0.83466,0.65779,0.94926,0.95216,0.00983981,0.00983981,0.00983981
408,33358.5,0.71246,1.03921,1.03302,0.9327,0.89522,0.94431,0.83392,0.65753,0.94544,0.95201,0.00983903,0.00983903,0.00983903
409,33435.4,0.69426,1.01207,1.02562,0.93239,0.89522,0.94477,0.83299,0.65772,0.94598,0.95223,0.00983824,0.00983824,0.00983824
410,33511.6,0.70052,0.99253,1.02994,0.93249,0.89522,0.9442,0.8315,0.65734,0.94613,0.95197,0.00983745,0.00983745,0.00983745
411,33588.1,0.70214,1.00815,1.03396,0.93235,0.89522,0.94447,0.83206,0.65677,0.9461,0.95185,0.00983666,0.00983666,0.00983666
412,33664.9,0.68225,1.08827,1.02999,0.93201,0.89522,0.94465,0.83235,0.65667,0.94507,0.95177,0.00983586,0.00983586,0.00983586
413,33740.8,0.70824,1.04879,1.03905,0.93121,0.89522,0.9448,0.83336,0.65631,0.94512,0.95176,0.00983507,0.00983507,0.00983507
414,33817.9,0.68872,1.00148,1.02389,0.93125,0.89531,0.94485,0.83457,0.65681,0.94918,0.95217,0.00983427,0.00983427,0.00983427
415,33895,0.71318,1.01578,1.03256,0.93135,0.89557,0.9451,0.83452,0.656,0.94558,0.95174,0.00983347,0.00983347,0.00983347
416,33972.2,0.68437,0.95703,1.02042,0.93118,0.8955,0.94492,0.83432,0.65597,0.94437,0.95183,0.00983267,0.00983267,0.00983267
417,34046.7,0.71029,1.02844,1.03891,0.9311,0.89582,0.94496,0.83391,0.6564,0.94987,0.95192,0.00983187,0.00983187,0.00983187
418,34122.6,0.70001,1.06044,1.03508,0.93215,0.89522,0.94462,0.83401,0.65621,0.95011,0.95187,0.00983106,0.00983106,0.00983106
419,34199.5,0.69064,1.01118,1.02372,0.91825,0.91037,0.94479,0.83397,0.65659,0.94919,0.95194,0.00983026,0.00983026,0.00983026
420,34276.5,0.69328,0.97579,1.02206,0.93464,0.89522,0.94446,0.83285,0.65635,0.94987,0.95197,0.00982945,0.00982945,0.00982945
421,34353.6,0.69402,1.00096,1.02329,0.93548,0.894,0.94433,0.83322,0.65613,0.94969,0.95201,0.00982864,0.00982864,0.00982864
422,34430.5,0.71259,1.00559,1.03218,0.93532,0.89439,0.94399,0.83177,0.65581,0.94761,0.95174,0.00982783,0.00982783,0.00982783
423,34507.8,0.68935,0.98654,1.02828,0.93507,0.89433,0.94442,0.83184,0.65455,0.94245,0.95111,0.00982701,0.00982701,0.00982701
424,34584.7,0.69605,0.98623,1.02944,0.93488,0.89444,0.94404,0.83192,0.65448,0.94322,0.95099,0.0098262,0.0098262,0.0098262
425,34661.7,0.69059,1.03629,1.0242,0.93483,0.89393,0.9441,0.83169,0.65436,0.94352,0.95088,0.00982538,0.00982538,0.00982538
426,34738.4,0.69599,0.99591,1.02901,0.93204,0.89522,0.94439,0.83179,0.65418,0.94169,0.95069,0.00982456,0.00982456,0.00982456
427,34815.1,0.69962,1.04661,1.0297,0.93254,0.89522,0.94456,0.83164,0.65389,0.94045,0.95044,0.00982374,0.00982374,0.00982374
428,34892.9,0.70203,1.01167,1.03975,0.92363,0.89795,0.94439,0.83225,0.65366,0.93958,0.95037,0.00982291,0.00982291,0.00982291
429,34969.4,0.69185,1.01972,1.03187,0.93221,0.89522,0.94449,0.83112,0.65349,0.93917,0.95046,0.00982209,0.00982209,0.00982209
430,35046.4,0.70072,1.02999,1.0295,0.93283,0.89522,0.94477,0.83303,0.65335,0.94061,0.95047,0.00982126,0.00982126,0.00982126
431,35123.4,0.68354,1.03892,1.01209,0.93398,0.89499,0.94461,0.83326,0.65322,0.9388,0.95045,0.00982043,0.00982043,0.00982043
432,35200.2,0.69753,1.01713,1.03326,0.9335,0.89523,0.94474,0.83346,0.65311,0.93753,0.95036,0.0098196,0.0098196,0.0098196
433,35276.9,0.70492,1.01959,1.02788,0.93319,0.89526,0.94484,0.83333,0.653,0.93692,0.9503,0.00981877,0.00981877,0.00981877
434,35353.8,0.71168,1.0303,1.03326,0.93293,0.89515,0.94514,0.83539,0.65271,0.93751,0.95025,0.00981793,0.00981793,0.00981793
435,35430.5,0.69598,1.01208,1.0301,0.93336,0.89332,0.94532,0.83491,0.6524,0.93716,0.95006,0.0098171,0.0098171,0.0098171
436,35507.4,0.70237,1.02386,1.01678,0.93314,0.89504,0.94516,0.83549,0.65259,0.93738,0.95005,0.00981626,0.00981626,0.00981626
437,35584.1,0.68676,1.01297,1.02295,0.93298,0.89552,0.94514,0.83496,0.65249,0.93783,0.94985,0.00981542,0.00981542,0.00981542
438,35660.3,0.71467,1.01194,1.03863,0.93234,0.89522,0.94508,0.83424,0.6524,0.93741,0.95001,0.00981458,0.00981458,0.00981458
439,35737.8,0.70456,1.00931,1.03386,0.93295,0.89474,0.94494,0.8328,0.6526,0.93889,0.95,0.00981373,0.00981373,0.00981373
440,35815.5,0.71248,1.00555,1.02977,0.9331,0.89522,0.94483,0.83245,0.65255,0.93732,0.94989,0.00981288,0.00981288,0.00981288
441,35892.3,0.70795,0.98258,1.02951,0.93308,0.89522,0.94515,0.83189,0.65269,0.93692,0.94983,0.00981204,0.00981204,0.00981204
442,35968.9,0.70366,0.99958,1.02427,0.93273,0.89522,0.94523,0.83239,0.65271,0.93784,0.95008,0.00981119,0.00981119,0.00981119
443,36045.4,0.69744,0.99885,1.02707,0.93142,0.89522,0.94561,0.8333,0.65258,0.9358,0.94992,0.00981034,0.00981034,0.00981034
444,36122.1,0.70829,0.97186,1.04205,0.93148,0.89522,0.94549,0.83512,0.65261,0.93643,0.94992,0.00980948,0.00980948,0.00980948
445,36198.1,0.69258,0.98759,1.01755,0.93082,0.89522,0.94544,0.8333,0.65293,0.9367,0.95032,0.00980863,0.00980863,0.00980863
446,36273.7,0.70294,1.0224,1.03893,0.93054,0.89522,0.94557,0.83346,0.65346,0.93646,0.9505,0.00980777,0.00980777,0.00980777
447,36350.4,0.69962,1.00092,1.02755,0.93046,0.89522,0.94587,0.83475,0.65375,0.93752,0.95077,0.00980691,0.00980691,0.00980691
448,36427.5,0.70285,0.98416,1.03425,0.93036,0.89522,0.946,0.83449,0.65403,0.93871,0.95093,0.00980605,0.00980605,0.00980605
449,36504,0.69748,0.96562,1.03463,0.93234,0.89522,0.94573,0.83329,0.65383,0.93836,0.95081,0.00980519,0.00980519,0.00980519
450,36580.4,0.71257,1.01438,1.03182,0.93244,0.89522,0.9462,0.83482,0.6539,0.93776,0.95091,0.00980432,0.00980432,0.00980432
451,36656.1,0.68917,0.98495,1.0243,0.89352,0.9299,0.94641,0.8346,0.6542,0.93635,0.95109,0.00980345,0.00980345,0.00980345
452,36731.4,0.69005,0.99452,1.01597,0.93158,0.89522,0.94619,0.83537,0.65395,0.93627,0.95123,0.00980259,0.00980259,0.00980259
453,36807.8,0.69224,0.9963,1.02139,0.89362,0.9306,0.94626,0.83414,0.65383,0.9339,0.95108,0.00980171,0.00980171,0.00980171
454,36885.4,0.70129,1.01783,1.02962,0.89304,0.93116,0.94648,0.83319,0.65402,0.93251,0.95125,0.00980084,0.00980084,0.00980084
455,36962.8,0.69592,1.00804,1.02102,0.89291,0.93121,0.94657,0.83553,0.65353,0.93124,0.9512,0.00979997,0.00979997,0.00979997
456,37039.9,0.6893,0.97072,1.01052,0.89454,0.93149,0.94656,0.83401,0.65353,0.93041,0.95118,0.00979909,0.00979909,0.00979909
457,37117.1,0.68599,0.96337,1.02522,0.89464,0.93156,0.94691,0.83551,0.65373,0.92876,0.95106,0.00979821,0.00979821,0.00979821
458,37193.8,0.70902,1.03565,1.02997,0.89404,0.93174,0.94738,0.83623,0.65348,0.92845,0.95095,0.00979733,0.00979733,0.00979733
459,37270.6,0.68581,0.98163,1.01761,0.89326,0.93204,0.94719,0.8364,0.6538,0.92715,0.9512,0.00979645,0.00979645,0.00979645
460,37347,0.7166,1.02528,1.04228,0.89315,0.93215,0.94724,0.83599,0.65451,0.92765,0.95142,0.00979557,0.00979557,0.00979557
461,37423,0.70105,0.99624,1.03183,0.89308,0.9323,0.94756,0.8359,0.65467,0.92814,0.95132,0.00979468,0.00979468,0.00979468
462,37499.9,0.69583,0.99624,1.02748,0.89214,0.93249,0.94776,0.83632,0.65452,0.92783,0.95137,0.0097938,0.0097938,0.0097938
463,37577.3,0.68392,0.98021,1.02142,0.89243,0.93258,0.94778,0.83685,0.65483,0.92693,0.95128,0.00979291,0.00979291,0.00979291
464,37654.1,0.68928,1.00108,1.01934,0.89192,0.93275,0.94788,0.83735,0.65568,0.93047,0.95225,0.00979202,0.00979202,0.00979202
465,37731.1,0.69625,0.98894,1.01817,0.89213,0.9329,0.94803,0.83637,0.6553,0.92947,0.95191,0.00979112,0.00979112,0.00979112
466,37809.9,0.693,0.98718,1.02595,0.89076,0.93325,0.94789,0.83621,0.65566,0.93219,0.95206,0.00979023,0.00979023,0.00979023
467,37888.8,0.69127,1.01242,1.02685,0.89623,0.92957,0.94762,0.83657,0.65492,0.93186,0.95194,0.00978933,0.00978933,0.00978933
468,37968.1,0.69063,0.99133,1.02595,0.89623,0.92959,0.94776,0.83619,0.65499,0.92995,0.952,0.00978843,0.00978843,0.00978843
469,38045.5,0.70523,0.99298,1.02839,0.89621,0.92945,0.94757,0.83577,0.65452,0.93015,0.95175,0.00978753,0.00978753,0.00978753
470,38122.8,0.70563,0.9986,1.03469,0.89617,0.92932,0.94769,0.83601,0.65469,0.93201,0.952,0.00978663,0.00978663,0.00978663
471,38200.4,0.70036,1.00214,1.03178,0.89618,0.92947,0.94766,0.8357,0.65478,0.93394,0.95195,0.00978572,0.00978572,0.00978572
472,38278.2,0.70331,0.99761,1.03414,0.89616,0.92945,0.94777,0.83676,0.65493,0.93491,0.95207,0.00978482,0.00978482,0.00978482
473,38355.8,0.68411,0.99832,1.02452,0.89627,0.93032,0.94793,0.83676,0.65478,0.93334,0.95215,0.00978391,0.00978391,0.00978391
474,38434.6,0.68551,1.0049,1.02126,0.89632,0.93061,0.9479,0.83626,0.65525,0.93331,0.95228,0.009783,0.009783,0.009783
475,38511.9,0.70622,0.99704,1.02998,0.8963,0.93036,0.94796,0.83637,0.65519,0.9325,0.95211,0.00978209,0.00978209,0.00978209
476,38589.8,0.68784,1.0166,1.01793,0.89654,0.92823,0.94775,0.8361,0.6548,0.93289,0.95189,0.00978118,0.00978118,0.00978118
477,38667.7,0.69104,0.98997,1.02341,0.89642,0.92824,0.9476,0.8357,0.65477,0.93289,0.95173,0.00978026,0.00978026,0.00978026
478,38745.6,0.68604,0.97198,1.02088,0.89697,0.92821,0.94766,0.83578,0.65442,0.93271,0.95159,0.00977934,0.00977934,0.00977934
479,38823.6,0.70395,0.98676,1.02646,0.89828,0.93008,0.94788,0.83618,0.65426,0.93181,0.95157,0.00977842,0.00977842,0.00977842
480,38901.5,0.6885,0.99981,1.01932,0.89815,0.9291,0.94767,0.83589,0.65458,0.92881,0.95173,0.0097775,0.0097775,0.0097775
481,38979.2,0.69034,0.98802,1.01788,0.89827,0.93,0.94769,0.83656,0.65513,0.93222,0.95208,0.00977658,0.00977658,0.00977658
482,39057.2,0.70405,0.98693,1.02737,0.89822,0.92962,0.94769,0.83588,0.65541,0.93344,0.95228,0.00977565,0.00977565,0.00977565
483,39134.1,0.69039,0.95977,1.02122,0.89815,0.92915,0.94761,0.83595,0.65592,0.93321,0.95255,0.00977473,0.00977473,0.00977473
484,39212,0.67601,0.96591,1.00587,0.89134,0.93786,0.94766,0.83656,0.6563,0.93437,0.95275,0.0097738,0.0097738,0.0097738
485,39290.2,0.68995,0.98299,1.01889,0.89137,0.93806,0.94773,0.83644,0.65648,0.93329,0.95308,0.00977287,0.00977287,0.00977287
486,39367.8,0.69555,1.00866,1.02052,0.89135,0.93789,0.94775,0.83648,0.657,0.93237,0.95308,0.00977194,0.00977194,0.00977194
487,39445.5,0.70167,0.95985,1.04303,0.91973,0.90767,0.94778,0.83626,0.65689,0.93094,0.95301,0.009771,0.009771,0.009771
488,39522.1,0.68641,0.96935,1.02534,0.89135,0.93784,0.94754,0.83648,0.6568,0.93255,0.95309,0.00977007,0.00977007,0.00977007
489,39599.1,0.6872,0.95135,1.02826,0.89177,0.94073,0.94862,0.83619,0.65614,0.93239,0.95276,0.00976913,0.00976913,0.00976913
490,39676.9,0.68586,1.00535,1.0246,0.89177,0.94068,0.94859,0.8364,0.65608,0.93362,0.95279,0.00976819,0.00976819,0.00976819
491,39754.3,0.68728,0.98832,1.01497,0.89182,0.94102,0.94865,0.83639,0.65571,0.93272,0.9524,0.00976725,0.00976725,0.00976725
492,39831,0.69535,0.96845,1.01577,0.89173,0.94017,0.94864,0.83635,0.65598,0.93447,0.95258,0.0097663,0.0097663,0.0097663
493,39907.7,0.69823,0.97104,1.03006,0.89662,0.93093,0.94797,0.83607,0.65574,0.93483,0.95246,0.00976536,0.00976536,0.00976536
494,39983.1,0.70379,0.98453,1.03411,0.8918,0.94059,0.94941,0.83711,0.65567,0.93502,0.9526,0.00976441,0.00976441,0.00976441
495,40060.8,0.68327,1.01101,1.00448,0.89161,0.93828,0.94955,0.83732,0.65551,0.9311,0.95232,0.00976346,0.00976346,0.00976346
496,40140,0.70101,0.98838,1.02561,0.89155,0.93846,0.94961,0.83749,0.65561,0.93174,0.95245,0.00976251,0.00976251,0.00976251
497,40219,0.70235,0.99443,1.02612,0.89173,0.93974,0.94952,0.83675,0.65542,0.93062,0.95224,0.00976156,0.00976156,0.00976156
498,40298.1,0.69865,0.94766,1.02941,0.8917,0.93951,0.94935,0.83744,0.65606,0.93613,0.95264,0.0097606,0.0097606,0.0097606
499,40377.2,0.69997,1.01543,1.0271,0.89184,0.94051,0.94889,0.8361,0.6554,0.93205,0.9525,0.00975965,0.00975965,0.00975965
500,40455.7,0.70949,0.98333,1.03517,0.89715,0.92953,0.94798,0.83633,0.65508,0.93249,0.95245,0.00975869,0.00975869,0.00975869
501,40533.4,0.67831,0.94293,1.0081,0.89174,0.93985,0.94899,0.83639,0.65483,0.93317,0.95238,0.00975773,0.00975773,0.00975773
502,40610.1,0.69011,0.97664,1.01592,0.89163,0.93911,0.94903,0.83714,0.65434,0.93315,0.95227,0.00975677,0.00975677,0.00975677
503,40687.2,0.67217,0.95468,1.00553,0.89252,0.93753,0.94909,0.83726,0.65443,0.93361,0.95256,0.0097558,0.0097558,0.0097558
504,40764.3,0.69038,0.99881,1.01253,0.89259,0.93752,0.94895,0.83678,0.65463,0.93293,0.95262,0.00975484,0.00975484,0.00975484
505,40840.8,0.69382,0.98679,1.02717,0.89263,0.93752,0.949,0.83679,0.6547,0.93535,0.95285,0.00975387,0.00975387,0.00975387
506,40917.9,0.69115,0.97745,1.01741,0.8926,0.93759,0.94931,0.83765,0.65457,0.93486,0.95281,0.0097529,0.0097529,0.0097529
507,40995.9,0.6863,0.97281,1.01773,0.90734,0.92338,0.94854,0.83585,0.65478,0.9384,0.95312,0.00975193,0.00975193,0.00975193
508,41074,0.69063,0.99999,1.02838,0.90722,0.92328,0.94833,0.83562,0.65478,0.93804,0.95321,0.00975096,0.00975096,0.00975096
509,41151.7,0.69513,0.93851,1.02846,0.90716,0.92329,0.94832,0.83506,0.65514,0.93924,0.9535,0.00974998,0.00974998,0.00974998
510,41229.4,0.68293,0.96836,1.01699,0.90709,0.92328,0.94835,0.83537,0.65534,0.94145,0.95372,0.009749,0.009749,0.009749
511,41307.5,0.7009,0.98461,1.02144,0.90694,0.9234,0.94834,0.83618,0.65542,0.94222,0.95396,0.00974803,0.00974803,0.00974803
512,41385.2,0.67666,0.96851,1.01251,0.90685,0.92336,0.94817,0.8357,0.65543,0.94291,0.95419,0.00974705,0.00974705,0.00974705
513,41461.4,0.69376,0.97311,1.02815,0.90686,0.92333,0.94821,0.83716,0.65555,0.94225,0.95431,0.00974606,0.00974606,0.00974606
514,41538.8,0.67933,0.96461,1.01506,0.90714,0.92318,0.94822,0.83543,0.65562,0.9436,0.95459,0.00974508,0.00974508,0.00974508
515,41615.9,0.67676,0.98405,1.02393,0.90731,0.92306,0.94818,0.83711,0.65497,0.94341,0.9541,0.00974409,0.00974409,0.00974409
516,41694,0.66583,0.95414,1.01487,0.90741,0.92297,0.94805,0.83581,0.65545,0.94409,0.95431,0.0097431,0.0097431,0.0097431
517,41771,0.69647,0.99371,1.02858,0.90723,0.92287,0.94788,0.83737,0.65526,0.94392,0.95435,0.00974211,0.00974211,0.00974211
518,41848.5,0.68714,0.96926,1.0197,0.90706,0.92275,0.94801,0.83597,0.6552,0.94596,0.95431,0.00974112,0.00974112,0.00974112
519,41925.8,0.69616,0.97919,1.01946,0.90693,0.92268,0.94796,0.83729,0.65469,0.94616,0.95428,0.00974013,0.00974013,0.00974013
520,42002.7,0.67128,0.9466,1.01086,0.90725,0.92264,0.94788,0.83849,0.65434,0.94576,0.95432,0.00973913,0.00973913,0.00973913
521,42080,0.68155,0.952,1.01045,0.90451,0.92318,0.94795,0.83967,0.65436,0.946,0.95431,0.00973814,0.00973814,0.00973814
522,42157.2,0.67471,0.95952,1.00862,0.90481,0.92321,0.94809,0.8391,0.65394,0.94702,0.95429,0.00973714,0.00973714,0.00973714
523,42234.1,0.67936,0.98882,1.00999,0.906,0.92275,0.94788,0.83943,0.65369,0.94747,0.95404,0.00973614,0.00973614,0.00973614
524,42309.9,0.68537,0.96895,1.01949,0.90828,0.91893,0.94798,0.83746,0.65248,0.94428,0.95351,0.00973513,0.00973513,0.00973513
525,42387.2,0.69552,0.96396,1.02931,0.90809,0.91883,0.94772,0.83763,0.65172,0.94358,0.95323,0.00973413,0.00973413,0.00973413
526,42465.1,0.68368,0.97507,1.01981,0.91373,0.91518,0.94775,0.83885,0.65173,0.94279,0.95323,0.00973312,0.00973312,0.00973312
527,42542.3,0.68262,0.96276,1.01401,0.91717,0.91387,0.94778,0.84016,0.65071,0.94154,0.95278,0.00973211,0.00973211,0.00973211
528,42619.9,0.67695,0.93767,1.01162,0.91772,0.91391,0.9478,0.84014,0.6506,0.94108,0.95259,0.0097311,0.0097311,0.0097311
529,42697.3,0.70762,1.00568,1.03267,0.91789,0.91388,0.94781,0.84057,0.65062,0.94197,0.95253,0.00973009,0.00973009,0.00973009
530,42775.2,0.67779,0.95424,1.01317,0.91765,0.91107,0.94755,0.84069,0.65036,0.94119,0.95245,0.00972908,0.00972908,0.00972908
531,42852,0.68096,0.94283,1.0159,0.91692,0.91087,0.94751,0.84127,0.64945,0.94,0.95198,0.00972806,0.00972806,0.00972806
532,42929.4,0.6767,0.96025,1.01348,0.9152,0.91073,0.94742,0.84104,0.64947,0.94056,0.95193,0.00972704,0.00972704,0.00972704
533,43006.9,0.68271,0.9434,1.00811,0.90742,0.91827,0.94713,0.84062,0.64926,0.93841,0.95171,0.00972603,0.00972603,0.00972603
534,43083.3,0.68116,0.97293,1.01824,0.93158,0.89522,0.94726,0.84102,0.64876,0.93774,0.95142,0.009725,0.009725,0.009725
535,43160.7,0.66833,0.94768,1.00556,0.93125,0.89522,0.94724,0.84085,0.64798,0.93521,0.95093,0.00972398,0.00972398,0.00972398
536,43239.4,0.67602,0.9643,1.00849,0.93135,0.89627,0.94695,0.84051,0.64736,0.93565,0.95068,0.00972296,0.00972296,0.00972296
537,43318.3,0.68026,0.96643,1.00938,0.93168,0.89781,0.94689,0.84099,0.64684,0.93606,0.9504,0.00972193,0.00972193,0.00972193
538,43395.3,0.69147,0.98036,1.01213,0.93061,0.89781,0.94735,0.84039,0.64623,0.93477,0.94997,0.0097209,0.0097209,0.0097209
539,43472.2,0.67995,0.98937,1.00561,0.92969,0.89781,0.94737,0.842,0.64533,0.93337,0.94939,0.00971987,0.00971987,0.00971987
540,43549.1,0.69173,0.95539,1.01479,0.92965,0.89781,0.94706,0.8408,0.64525,0.93575,0.94942,0.00971884,0.00971884,0.00971884
541,43626.3,0.69641,0.98421,1.0254,0.92888,0.89781,0.94674,0.84022,0.64489,0.93451,0.94917,0.0097178,0.0097178,0.0097178
542,43703.8,0.69632,0.97635,1.02804,0.92856,0.89781,0.9465,0.83979,0.64482,0.93655,0.9493,0.00971677,0.00971677,0.00971677
543,43781.3,0.67908,0.95373,1.01863,0.92805,0.89781,0.94652,0.84025,0.64454,0.93739,0.94929,0.00971573,0.00971573,0.00971573
544,43858.2,0.68089,0.96777,1.01922,0.92754,0.89781,0.94659,0.8406,0.64397,0.93602,0.94944,0.00971469,0.00971469,0.00971469
545,43935.6,0.68223,0.94501,1.01605,0.92701,0.89781,0.94658,0.84041,0.64417,0.93557,0.94951,0.00971365,0.00971365,0.00971365
546,44012.1,0.69706,0.95099,1.02718,0.92795,0.89781,0.9459,0.8401,0.64429,0.93493,0.94934,0.0097126,0.0097126,0.0097126
547,44089.4,0.6958,0.96434,1.01903,0.88404,0.95028,0.94577,0.84003,0.64493,0.93604,0.94965,0.00971156,0.00971156,0.00971156
548,44167.8,0.68572,0.95443,1.01814,0.88577,0.95028,0.94633,0.8407,0.64428,0.93462,0.94927,0.00971051,0.00971051,0.00971051
549,44245.7,0.69265,0.98921,1.02448,0.88591,0.94769,0.94598,0.84017,0.64441,0.93337,0.9493,0.00970946,0.00970946,0.00970946
550,44323.3,0.69144,0.96054,1.02308,0.8873,0.94769,0.946,0.84027,0.64424,0.93346,0.94926,0.00970841,0.00970841,0.00970841
551,44400.1,0.66697,0.948,1.00913,0.8851,0.94966,0.94573,0.84001,0.64387,0.93376,0.94917,0.00970736,0.00970736,0.00970736
552,44477,0.68661,0.96289,1.02034,0.88508,0.94931,0.94603,0.84012,0.64334,0.93385,0.94896,0.00970631,0.00970631,0.00970631
553,44553.3,0.68179,0.96871,1.01938,0.88385,0.94769,0.94576,0.84019,0.64293,0.93302,0.94887,0.00970525,0.00970525,0.00970525
554,44631,0.68481,0.96797,1.01951,0.92821,0.89879,0.94587,0.83907,0.64292,0.93138,0.94846,0.00970419,0.00970419,0.00970419
555,44709.2,0.68453,0.93653,1.01802,0.88338,0.94769,0.94594,0.83969,0.64321,0.93461,0.94907,0.00970313,0.00970313,0.00970313
556,44786.9,0.69485,0.96264,1.02481,0.88307,0.94769,0.94621,0.8401,0.6431,0.93421,0.94912,0.00970207,0.00970207,0.00970207
557,44864.2,0.68711,0.99722,1.0184,0.92901,0.89903,0.94561,0.83993,0.64248,0.93268,0.94902,0.00970101,0.00970101,0.00970101
558,44941.9,0.68898,0.97801,1.0224,0.88544,0.95028,0.94794,0.84035,0.64178,0.9314,0.9489,0.00969994,0.00969994,0.00969994
559,45019.4,0.6785,0.9681,1.01515,0.88635,0.95028,0.94775,0.84097,0.64137,0.93236,0.94895,0.00969887,0.00969887,0.00969887
560,45097.2,0.68985,0.92371,1.02049,0.88712,0.95028,0.94724,0.84044,0.64139,0.93281,0.9491,0.0096978,0.0096978,0.0096978
561,45174.4,0.6695,0.96082,1.00362,0.88755,0.95028,0.94736,0.84072,0.64099,0.93309,0.94901,0.00969673,0.00969673,0.00969673
562,45251.3,0.68897,0.96269,1.01258,0.88746,0.95028,0.94755,0.84087,0.64129,0.93455,0.94899,0.00969566,0.00969566,0.00969566
563,45328.6,0.67641,0.98686,1.01334,0.88469,0.95159,0.94768,0.83983,0.64112,0.93488,0.94888,0.00969459,0.00969459,0.00969459
564,45405.6,0.69159,0.98416,1.01872,0.88475,0.95179,0.94766,0.83952,0.6409,0.93533,0.94894,0.00969351,0.00969351,0.00969351
565,45483,0.67514,0.92344,1.01275,0.88472,0.95118,0.94723,0.84026,0.64048,0.93512,0.94857,0.00969243,0.00969243,0.00969243
566,45560.2,0.67898,0.98697,1.00679,0.88903,0.95028,0.94761,0.84045,0.6404,0.93399,0.9485,0.00969135,0.00969135,0.00969135
567,45637.7,0.68325,0.9763,1.02182,0.88892,0.95028,0.94774,0.84161,0.6405,0.93297,0.94822,0.00969027,0.00969027,0.00969027
568,45715,0.68133,0.96399,1.01237,0.88876,0.95028,0.94779,0.8403,0.63989,0.93215,0.94806,0.00968918,0.00968918,0.00968918
569,45792,0.68113,0.94028,1.00873,0.89066,0.9487,0.94792,0.84066,0.64012,0.9304,0.94794,0.0096881,0.0096881,0.0096881
570,45869.1,0.67974,0.94346,1.00416,0.89357,0.94769,0.94786,0.8427,0.63992,0.93019,0.94798,0.00968701,0.00968701,0.00968701
571,45945.8,0.67905,0.94864,1.01363,0.89394,0.94769,0.94784,0.84061,0.63988,0.93054,0.94796,0.00968592,0.00968592,0.00968592
572,46023,0.67478,0.95946,1.01222,0.89402,0.94769,0.94814,0.84236,0.63947,0.93098,0.94794,0.00968483,0.00968483,0.00968483
573,46099.9,0.68176,1.00292,1.01401,0.89424,0.94769,0.94745,0.84184,0.63945,0.92986,0.94795,0.00968374,0.00968374,0.00968374
574,46176.8,0.68237,0.97501,1.01781,0.89439,0.94769,0.94763,0.84182,0.63921,0.93064,0.948,0.00968264,0.00968264,0.00968264
575,46254.6,0.68533,0.94604,1.01598,0.89577,0.94769,0.94773,0.8418,0.63895,0.93199,0.94784,0.00968155,0.00968155,0.00968155
576,46332,0.66824,0.94889,1.00274,0.89574,0.94681,0.94783,0.8423,0.63898,0.93379,0.9481,0.00968045,0.00968045,0.00968045
577,46409.1,0.69197,0.9546,1.02014,0.89591,0.9465,0.94759,0.8425,0.6376,0.93374,0.94716,0.00967935,0.00967935,0.00967935
578,46486.1,0.67834,0.9692,1.01087,0.89578,0.94597,0.94762,0.84214,0.63748,0.93492,0.94717,0.00967825,0.00967825,0.00967825
579,46563.3,0.68399,0.94574,1.01769,0.89578,0.94612,0.94749,0.84213,0.63684,0.93755,0.94702,0.00967714,0.00967714,0.00967714
580,46640.5,0.68028,0.93973,1.00606,0.89586,0.94688,0.94752,0.84179,0.63663,0.93824,0.947,0.00967604,0.00967604,0.00967604
581,46718.7,0.68801,1.00034,1.02699,0.8979,0.94769,0.94715,0.84221,0.63629,0.9385,0.94713,0.00967493,0.00967493,0.00967493
582,46797,0.67056,0.95475,1.00494,0.8977,0.94538,0.94721,0.84226,0.63607,0.93905,0.94714,0.00967382,0.00967382,0.00967382
583,46875.8,0.69993,0.99381,1.01636,0.89768,0.94489,0.94727,0.84199,0.63577,0.94007,0.94713,0.00967271,0.00967271,0.00967271
584,46954,0.67901,0.95772,1.01835,0.89776,0.94505,0.94686,0.84253,0.63502,0.94085,0.94672,0.00967159,0.00967159,0.00967159
585,47032.3,0.6752,0.97579,1.01444,0.89775,0.94506,0.94668,0.84226,0.63605,0.94827,0.94785,0.00967048,0.00967048,0.00967048
586,47110.7,0.6783,0.94705,1.01272,0.89773,0.94477,0.94651,0.84305,0.63546,0.94695,0.94768,0.00966936,0.00966936,0.00966936
587,47189.2,0.68014,0.94442,1.01095,0.89764,0.94464,0.94638,0.84277,0.6353,0.94725,0.94749,0.00966824,0.00966824,0.00966824
588,47267.6,0.6924,0.96967,1.02124,0.8957,0.9451,0.94644,0.84325,0.63457,0.94307,0.94685,0.00966712,0.00966712,0.00966712
589,47346.2,0.68495,0.97411,1.01356,0.89554,0.94406,0.94635,0.84258,0.63435,0.94195,0.94681,0.009666,0.009666,0.009666
590,47425.4,0.66952,0.91965,1.00607,0.89551,0.94404,0.94626,0.84314,0.63342,0.94055,0.94629,0.00966488,0.00966488,0.00966488
591,47504,0.68431,0.9541,1.01252,0.89546,0.94322,0.94638,0.84266,0.63359,0.94096,0.94604,0.00966375,0.00966375,0.00966375
592,47581.7,0.67355,0.98694,1.01387,0.8952,0.94251,0.94638,0.84253,0.63493,0.94547,0.94734,0.00966262,0.00966262,0.00966262
593,47658,0.68293,0.97032,1.01926,0.89517,0.94251,0.94641,0.84178,0.6349,0.94705,0.94709,0.00966149,0.00966149,0.00966149
594,47734.6,0.6824,0.9487,1.00914,0.89491,0.94251,0.94633,0.8426,0.63482,0.94411,0.94711,0.00966036,0.00966036,0.00966036
595,47811.9,0.68639,0.95055,1.01631,0.89469,0.94251,0.9464,0.84136,0.63467,0.94347,0.94701,0.00965923,0.00965923,0.00965923
596,47889.6,0.68275,0.94613,1.01592,0.8952,0.94251,0.94642,0.84312,0.63427,0.94261,0.94682,0.0096581,0.0096581,0.0096581
597,47967.4,0.67399,0.95398,1.00323,0.8957,0.94251,0.94605,0.84279,0.63328,0.93938,0.94609,0.00965696,0.00965696,0.00965696
598,48044.4,0.67474,0.97119,1.01304,0.8962,0.94251,0.94503,0.84276,0.63304,0.93522,0.94591,0.00965582,0.00965582,0.00965582
599,48121.4,0.67815,0.95845,1.01546,0.89743,0.94396,0.94628,0.84317,0.63291,0.93448,0.94551,0.00965468,0.00965468,0.00965468
600,48198.2,0.68344,0.94922,1.01878,0.89744,0.94392,0.94476,0.84294,0.63251,0.9334,0.94503,0.00965354,0.00965354,0.00965354
601,48276,0.69318,0.9632,1.02417,0.89729,0.94284,0.94595,0.84291,0.63216,0.93317,0.94468,0.00965239,0.00965239,0.00965239
602,48353.3,0.68253,0.94163,1.01391,0.8979,0.94251,0.94464,0.84325,0.63192,0.92927,0.9447,0.00965125,0.00965125,0.00965125
603,48430.7,0.67498,0.96764,1.00799,0.89802,0.94251,0.94573,0.84315,0.63259,0.93187,0.94473,0.0096501,0.0096501,0.0096501
604,48507.9,0.66389,0.93962,0.99922,0.8977,0.94251,0.94626,0.84425,0.63235,0.93111,0.94492,0.00964895,0.00964895,0.00964895
605,48584.3,0.68835,0.97689,1.0178,0.89768,0.94251,0.9462,0.84348,0.63184,0.92636,0.94454,0.0096478,0.0096478,0.0096478
606,48660.6,0.6784,0.92827,1.0081,0.89782,0.94251,0.9463,0.84395,0.63153,0.92344,0.94438,0.00964665,0.00964665,0.00964665
607,48737.4,0.66595,0.95203,1.00608,0.89911,0.94251,0.94624,0.84245,0.631,0.92214,0.94398,0.00964549,0.00964549,0.00964549
608,48815,0.6644,0.93808,1.00493,0.8999,0.9451,0.94638,0.84364,0.63051,0.92005,0.9438,0.00964433,0.00964433,0.00964433
609,48891.2,0.66843,0.97137,1.00733,0.89834,0.9451,0.94664,0.84346,0.63018,0.91762,0.94377,0.00964318,0.00964318,0.00964318
610,48967.4,0.68931,0.93736,1.01695,0.89827,0.9451,0.94672,0.84375,0.6304,0.91687,0.9439,0.00964202,0.00964202,0.00964202
611,49044.1,0.68494,0.92069,1.01369,0.89737,0.9451,0.94646,0.84339,0.63002,0.91528,0.94372,0.00964085,0.00964085,0.00964085
612,49119.7,0.68385,0.9528,1.01053,0.8967,0.94535,0.94665,0.84222,0.63014,0.9161,0.94376,0.00963969,0.00963969,0.00963969
613,49202.4,0.67696,0.94963,1.0032,0.89797,0.9451,0.947,0.84374,0.6295,0.91399,0.94338,0.00963852,0.00963852,0.00963852
614,49284.7,0.66696,0.93261,1.00966,0.898,0.9451,0.94669,0.843,0.63119,0.92286,0.94451,0.00963736,0.00963736,0.00963736
615,49367.3,0.68205,0.99081,1.0095,0.89914,0.94629,0.94675,0.84298,0.63107,0.92505,0.94477,0.00963619,0.00963619,0.00963619
616,49450.6,0.68365,0.97612,1.02263,0.8988,0.94719,0.94517,0.8434,0.63022,0.92299,0.9442,0.00963502,0.00963502,0.00963502
617,49534.4,0.68224,0.94414,1.01368,0.89897,0.94744,0.94534,0.84305,0.62983,0.92233,0.94393,0.00963384,0.00963384,0.00963384
618,49617.7,0.66748,0.91977,1.01192,0.89899,0.94769,0.94554,0.84335,0.62975,0.92227,0.94399,0.00963267,0.00963267,0.00963267
619,49700.5,0.68415,0.95406,1.0098,0.89895,0.94769,0.94559,0.84273,0.62955,0.92132,0.94369,0.00963149,0.00963149,0.00963149
620,49782.2,0.67913,0.95437,1.02105,0.89886,0.94769,0.94527,0.84292,0.62923,0.92031,0.94344,0.00963031,0.00963031,0.00963031
621,49865.8,0.67189,0.91765,1.0018,0.89856,0.94769,0.94539,0.84258,0.6295,0.91903,0.94344,0.00962913,0.00962913,0.00962913
622,49948.5,0.67934,0.97425,1.01461,0.89836,0.94769,0.94509,0.84264,0.62939,0.91799,0.94331,0.00962795,0.00962795,0.00962795
623,50031.2,0.68078,0.95276,1.01017,0.89732,0.94769,0.94514,0.84215,0.62968,0.92166,0.94339,0.00962677,0.00962677,0.00962677
624,50114.7,0.66824,0.94345,1.00597,0.89809,0.94769,0.94509,0.84243,0.62959,0.91992,0.94305,0.00962558,0.00962558,0.00962558
625,50198.1,0.6797,0.97443,1.01121,0.89823,0.94769,0.94528,0.84214,0.6292,0.92073,0.94273,0.00962439,0.00962439,0.00962439
626,50281.4,0.67734,0.96603,1.00063,0.89852,0.94769,0.94536,0.84197,0.62919,0.91925,0.94249,0.0096232,0.0096232,0.0096232
627,50364,0.67108,0.91823,1.00769,0.89831,0.94769,0.94516,0.84141,0.62847,0.91566,0.94203,0.00962201,0.00962201,0.00962201
628,50446,0.67311,0.95309,1.01206,0.89806,0.94769,0.9453,0.84042,0.62745,0.91592,0.94105,0.00962082,0.00962082,0.00962082
629,50529.3,0.67707,0.94306,1.01417,0.89768,0.94769,0.94538,0.84167,0.62767,0.91471,0.94102,0.00961962,0.00961962,0.00961962
630,50612.6,0.66824,0.93349,1.00983,0.899,0.94728,0.94527,0.84056,0.62706,0.91307,0.94071,0.00961843,0.00961843,0.00961843
631,50695.8,0.68803,0.97987,1.02556,0.89922,0.94717,0.94523,0.8418,0.62667,0.91097,0.94047,0.00961723,0.00961723,0.00961723
632,50778.3,0.6622,0.89791,1.01132,0.89911,0.9474,0.94525,0.84069,0.62629,0.9084,0.94011,0.00961603,0.00961603,0.00961603
633,50860.5,0.66537,0.95268,1.00685,0.89904,0.94735,0.94562,0.84259,0.6256,0.90308,0.9397,0.00961483,0.00961483,0.00961483
634,50943.1,0.6709,0.94904,1.00671,0.9036,0.94537,0.94571,0.84223,0.62539,0.90157,0.93939,0.00961362,0.00961362,0.00961362
635,51025.7,0.67033,0.91928,1.01007,0.90307,0.94595,0.94578,0.84246,0.62608,0.90441,0.93966,0.00961242,0.00961242,0.00961242
636,51106.8,0.6817,0.9633,1.0202,0.90297,0.9463,0.94565,0.84204,0.62553,0.90244,0.93928,0.00961121,0.00961121,0.00961121
637,51189.1,0.65878,0.91215,0.99962,0.90388,0.94655,0.94585,0.84287,0.62562,0.90162,0.9394,0.00961,0.00961,0.00961
638,51271.1,0.67021,0.95056,1.01036,0.90446,0.94714,0.94601,0.84317,0.62532,0.89917,0.93925,0.00960879,0.00960879,0.00960879
639,51353.2,0.6718,0.93484,1.01567,0.9044,0.94697,0.94585,0.84315,0.6254,0.89984,0.93933,0.00960758,0.00960758,0.00960758
640,51434.2,0.66978,0.95615,1.00818,0.90541,0.9467,0.94586,0.84291,0.62551,0.8997,0.93941,0.00960636,0.00960636,0.00960636
641,51515.5,0.68005,0.9234,1.01434,0.90589,0.94649,0.94589,0.84215,0.62536,0.89929,0.93934,0.00960515,0.00960515,0.00960515
642,51597.3,0.66945,0.96946,0.99304,0.90601,0.94626,0.94588,0.8417,0.62476,0.89887,0.93918,0.00960393,0.00960393,0.00960393
643,51678.4,0.67539,0.94659,0.99491,0.9059,0.94574,0.94579,0.84204,0.6245,0.89769,0.93879,0.00960271,0.00960271,0.00960271
644,51760.9,0.67223,0.89799,1.00881,0.90618,0.94554,0.94569,0.84188,0.62491,0.89747,0.93871,0.00960149,0.00960149,0.00960149
645,51842.3,0.6807,0.91639,1.01634,0.90619,0.94517,0.94561,0.84199,0.62397,0.88826,0.93768,0.00960026,0.00960026,0.00960026
646,51925.4,0.66866,0.93608,1.01234,0.90615,0.94579,0.94539,0.84178,0.62395,0.88823,0.93766,0.00959904,0.00959904,0.00959904
647,52006.9,0.67524,0.95875,1.00502,0.90617,0.94636,0.94491,0.84137,0.62393,0.88812,0.93744,0.00959781,0.00959781,0.00959781
648,52089.1,0.68195,0.96215,1.01552,0.90616,0.94501,0.94541,0.84222,0.62346,0.88697,0.93716,0.00959658,0.00959658,0.00959658
649,52171.9,0.68649,0.96068,1.02571,0.90632,0.94469,0.94527,0.84239,0.62357,0.88734,0.93711,0.00959535,0.00959535,0.00959535
650,52253.9,0.66608,0.94735,1.0082,0.90633,0.94521,0.94539,0.8424,0.62306,0.88903,0.9369,0.00959412,0.00959412,0.00959412
651,52336.1,0.66928,0.9264,1.00798,0.90607,0.94558,0.94565,0.84247,0.62339,0.88686,0.93672,0.00959289,0.00959289,0.00959289
652,52418.3,0.68428,0.92434,1.01424,0.90592,0.94581,0.9461,0.84312,0.62333,0.88715,0.93665,0.00959165,0.00959165,0.00959165
653,52501.7,0.67646,0.91054,1.01335,0.90552,0.94573,0.94583,0.84238,0.62336,0.88646,0.93659,0.00959041,0.00959041,0.00959041
654,52583.5,0.68087,0.96345,1.01958,0.90495,0.94663,0.94592,0.84266,0.62257,0.88628,0.93581,0.00958917,0.00958917,0.00958917
655,52665.5,0.67177,0.98325,1.00633,0.90423,0.94604,0.9463,0.84351,0.62243,0.88389,0.93594,0.00958793,0.00958793,0.00958793
656,52747,0.67886,0.96684,0.99614,0.90353,0.94527,0.94613,0.84301,0.62197,0.88376,0.93582,0.00958669,0.00958669,0.00958669
657,52827.8,0.67979,0.94779,1.00422,0.90333,0.9444,0.94636,0.84325,0.6217,0.88486,0.93597,0.00958544,0.00958544,0.00958544
658,52910.3,0.68067,0.93757,1.00793,0.90299,0.94634,0.94653,0.84378,0.62202,0.88408,0.93601,0.0095842,0.0095842,0.0095842
659,52991.5,0.67332,0.91785,1.00544,0.9027,0.94532,0.94682,0.84438,0.62174,0.88283,0.93575,0.00958295,0.00958295,0.00958295
660,53073.3,0.6681,0.92799,1.00581,0.9032,0.94769,0.94667,0.84458,0.62175,0.88262,0.93604,0.0095817,0.0095817,0.0095817
661,53155.2,0.65799,0.89864,0.98906,0.90343,0.95028,0.9464,0.84374,0.62177,0.88373,0.93573,0.00958044,0.00958044,0.00958044
662,53237.6,0.67073,0.95111,1.01126,0.90278,0.95028,0.94673,0.84432,0.62167,0.88349,0.93581,0.00957919,0.00957919,0.00957919
663,53319.3,0.68063,0.89686,1.01378,0.90304,0.95028,0.94657,0.84438,0.62171,0.88471,0.93585,0.00957793,0.00957793,0.00957793
664,53402.1,0.67399,0.92709,1.00734,0.90313,0.95028,0.94689,0.84484,0.62144,0.88678,0.93551,0.00957668,0.00957668,0.00957668
665,53481.8,0.68873,0.93499,1.02045,0.90312,0.95028,0.9468,0.84458,0.62092,0.88707,0.93524,0.00957542,0.00957542,0.00957542
666,53568.1,0.67857,0.97182,1.01821,0.90323,0.95028,0.94633,0.84239,0.6203,0.88627,0.93485,0.00957416,0.00957416,0.00957416
667,53645.9,0.66538,0.92981,0.99437,0.9039,0.95028,0.94668,0.84159,0.61995,0.88483,0.93455,0.00957289,0.00957289,0.00957289
668,53725.6,0.67178,0.96155,1.01692,0.90407,0.95028,0.94696,0.84264,0.62001,0.88632,0.93461,0.00957163,0.00957163,0.00957163
669,53805,0.68026,0.95398,1.02288,0.90342,0.95028,0.94708,0.84215,0.61989,0.88587,0.93442,0.00957036,0.00957036,0.00957036
670,53884.5,0.66082,0.94503,1.00248,0.89837,0.95028,0.94736,0.84253,0.61957,0.88353,0.93424,0.00956909,0.00956909,0.00956909
671,53963.8,0.68056,0.93313,1.00786,0.89895,0.95028,0.94737,0.84239,0.61959,0.88373,0.93411,0.00956782,0.00956782,0.00956782
672,54043.3,0.67346,1.10802,1.01026,0.89856,0.95028,0.94768,0.84253,0.61965,0.88404,0.934,0.00956655,0.00956655,0.00956655
673,54124.1,0.67098,0.92295,1.00228,0.8983,0.95028,0.94778,0.84347,0.61945,0.88401,0.93389,0.00956528,0.00956528,0.00956528
674,54205.2,0.67588,0.96888,1.00793,0.89815,0.95028,0.94773,0.84272,0.61927,0.88354,0.93372,0.009564,0.009564,0.009564
675,54285.2,0.67849,0.94603,1.01283,0.8986,0.95028,0.94863,0.84353,0.61952,0.8835,0.93384,0.00956273,0.00956273,0.00956273
676,54366.7,0.66479,0.90008,0.99444,0.89997,0.95028,0.94855,0.84354,0.61915,0.8841,0.93363,0.00956145,0.00956145,0.00956145
677,54447.8,0.67115,0.98038,1.00661,0.90025,0.95028,0.94832,0.84312,0.61913,0.88524,0.93349,0.00956017,0.00956017,0.00956017
678,54529.5,0.65933,0.94714,1.00668,0.90015,0.95028,0.94855,0.84337,0.61943,0.88588,0.93383,0.00955888,0.00955888,0.00955888
679,54610.8,0.68859,0.95413,1.03175,0.89997,0.95028,0.94827,0.8438,0.62004,0.88521,0.93397,0.0095576,0.0095576,0.0095576
680,54692.1,0.68022,0.91838,1.01135,0.89984,0.95028,0.94818,0.84401,0.61972,0.88428,0.93356,0.00955631,0.00955631,0.00955631
681,54773.3,0.66948,0.95125,0.99832,0.9,0.95028,0.94821,0.84482,0.61974,0.88395,0.9337,0.00955502,0.00955502,0.00955502
682,54854.6,0.6678,0.93548,1.01168,0.90018,0.95028,0.94785,0.84387,0.61953,0.88334,0.9335,0.00955373,0.00955373,0.00955373
683,54935.5,0.67082,0.90889,1.00645,0.90027,0.95028,0.94785,0.84381,0.61957,0.88196,0.93359,0.00955244,0.00955244,0.00955244
684,55016.1,0.66733,0.9631,1.00493,0.90036,0.95028,0.94774,0.84375,0.61874,0.88218,0.93283,0.00955115,0.00955115,0.00955115
685,55097.6,0.67703,0.94046,1.00366,0.8999,0.95028,0.94799,0.8445,0.61871,0.88432,0.93298,0.00954986,0.00954986,0.00954986
686,55177.9,0.66208,0.88905,0.99763,0.89961,0.95028,0.94823,0.84395,0.61819,0.88424,0.93234,0.00954856,0.00954856,0.00954856
687,55258.9,0.67347,0.93702,1.01646,0.89935,0.95028,0.94781,0.84424,0.61798,0.88464,0.93224,0.00954726,0.00954726,0.00954726
688,55338.1,0.66515,0.92444,1.00037,0.89918,0.95028,0.94785,0.84441,0.61813,0.8836,0.93194,0.00954596,0.00954596,0.00954596
689,55418.7,0.68312,0.96368,1.02047,0.89901,0.95028,0.94818,0.84407,0.61838,0.8822,0.93188,0.00954466,0.00954466,0.00954466
690,55498.7,0.66881,0.89953,0.99892,0.89837,0.95071,0.94815,0.84477,0.61884,0.88082,0.93182,0.00954335,0.00954335,0.00954335
691,55578.4,0.68352,0.95106,1.00555,0.89909,0.95028,0.94849,0.8447,0.61859,0.88166,0.93141,0.00954205,0.00954205,0.00954205
692,55658.2,0.66705,0.968,1.01083,0.89933,0.95028,0.94833,0.84278,0.61834,0.88163,0.93114,0.00954074,0.00954074,0.00954074
693,55737.6,0.65765,0.93178,0.9892,0.8995,0.95028,0.9485,0.84363,0.61858,0.88106,0.931,0.00953943,0.00953943,0.00953943
694,55817.6,0.6659,0.91311,1.00836,0.89958,0.95028,0.94891,0.84329,0.61817,0.88004,0.93056,0.00953812,0.00953812,0.00953812
695,55897.4,0.66625,0.94205,1.00411,0.89969,0.95028,0.94907,0.84262,0.61792,0.87866,0.93039,0.00953681,0.00953681,0.00953681
696,55978.1,0.66871,0.90465,1.0049,0.89968,0.95028,0.94856,0.84394,0.6172,0.87574,0.92981,0.00953549,0.00953549,0.00953549
697,56060.1,0.67964,0.93957,1.01688,0.89963,0.95028,0.94861,0.84417,0.61713,0.87669,0.92952,0.00953418,0.00953418,0.00953418
698,56140.1,0.66239,0.91429,1.01023,0.89981,0.95028,0.94906,0.84502,0.61683,0.87914,0.92944,0.00953286,0.00953286,0.00953286
699,56219.2,0.65956,0.89346,0.9963,0.90007,0.95028,0.94866,0.84439,0.61636,0.88007,0.9293,0.00953154,0.00953154,0.00953154
700,56298.8,0.66503,0.92997,1.01176,0.90021,0.95028,0.94871,0.84484,0.61566,0.8793,0.92865,0.00953022,0.00953022,0.00953022
701,56378.9,0.66848,0.94386,1.01016,0.90017,0.95028,0.94791,0.84447,0.61561,0.87866,0.92861,0.00952889,0.00952889,0.00952889
702,56457.7,0.66193,0.91927,1.00498,0.90035,0.95028,0.94787,0.84485,0.61564,0.87891,0.92875,0.00952757,0.00952757,0.00952757
703,56537.4,0.66267,0.90193,1.01904,0.9007,0.95028,0.94819,0.845,0.61565,0.87949,0.92869,0.00952624,0.00952624,0.00952624
704,56615.7,0.65273,0.90805,0.98563,0.90076,0.95028,0.94839,0.84452,0.61552,0.87818,0.92854,0.00952491,0.00952491,0.00952491
705,56694.9,0.6705,0.90359,1.00571,0.90128,0.95028,0.94828,0.84467,0.61556,0.87896,0.9284,0.00952358,0.00952358,0.00952358
706,56774,0.66378,0.94713,0.99774,0.9016,0.95028,0.94831,0.84326,0.61543,0.87699,0.92814,0.00952225,0.00952225,0.00952225
707,56853.8,0.66479,0.92459,1.00128,0.9047,0.95027,0.9482,0.84412,0.61576,0.87571,0.92819,0.00952092,0.00952092,0.00952092
708,56933.7,0.67129,0.91204,0.99932,0.90536,0.94819,0.94822,0.84461,0.61579,0.87657,0.92804,0.00951958,0.00951958,0.00951958
709,57012.9,0.66176,0.92351,0.99753,0.9054,0.94833,0.94846,0.84377,0.61553,0.8767,0.92785,0.00951824,0.00951824,0.00951824
710,57091.9,0.68,0.91128,1.00798,0.9054,0.94827,0.94838,0.84303,0.61614,0.87956,0.92815,0.0095169,0.0095169,0.0095169
711,57171.2,0.67633,0.94133,1.01283,0.91358,0.9394,0.94837,0.84493,0.61651,0.88,0.92845,0.00951556,0.00951556,0.00951556
712,57250.7,0.65826,0.88776,1.00083,0.91349,0.93997,0.94845,0.84491,0.61638,0.87951,0.92825,0.00951422,0.00951422,0.00951422
713,57331.4,0.65385,0.93977,0.99972,0.91355,0.94133,0.9483,0.84464,0.61656,0.88038,0.92823,0.00951288,0.00951288,0.00951288
714,57411.1,0.66396,0.9114,0.99624,0.91186,0.94769,0.94838,0.84457,0.61638,0.88051,0.92807,0.00951153,0.00951153,0.00951153
715,57490.7,0.67045,0.93656,1.00385,0.91228,0.94769,0.94815,0.84467,0.61665,0.88028,0.9282,0.00951018,0.00951018,0.00951018
716,57570,0.65033,0.92942,0.99878,0.91377,0.94464,0.94868,0.84493,0.61636,0.87998,0.92812,0.00950883,0.00950883,0.00950883
717,57650.2,0.66703,0.94093,0.99977,0.91381,0.94501,0.94836,0.84704,0.6158,0.88077,0.92759,0.00950748,0.00950748,0.00950748
718,57730.2,0.6705,0.94164,1.00919,0.91373,0.94599,0.94817,0.84409,0.61659,0.87883,0.92796,0.00950613,0.00950613,0.00950613
719,57810.6,0.67726,0.89949,1.00861,0.91388,0.9474,0.94815,0.8462,0.61689,0.8811,0.92808,0.00950477,0.00950477,0.00950477
720,57891.2,0.65569,0.90811,1.00799,0.91062,0.94769,0.94852,0.84667,0.61652,0.87919,0.92784,0.00950341,0.00950341,0.00950341
721,57971,0.6673,0.92396,1.00762,0.91152,0.94769,0.94864,0.84669,0.61668,0.87763,0.92766,0.00950206,0.00950206,0.00950206
722,58051.9,0.67478,0.95708,1.01054,0.91304,0.94769,0.94818,0.8464,0.61677,0.87882,0.92753,0.0095007,0.0095007,0.0095007
723,58132.8,0.68177,0.94489,1.02381,0.9128,0.94769,0.94838,0.8469,0.61707,0.87792,0.92757,0.00949933,0.00949933,0.00949933
724,58210.4,0.66157,0.92827,1.00053,0.91287,0.94769,0.94823,0.84727,0.61736,0.87897,0.9277,0.00949797,0.00949797,0.00949797
725,58290,0.65934,0.89576,1.00885,0.91336,0.94769,0.94839,0.84698,0.6177,0.87952,0.92777,0.0094966,0.0094966,0.0094966
726,58370.1,0.6662,0.95337,0.99234,0.91374,0.94769,0.9481,0.84652,0.61862,0.88209,0.92819,0.00949524,0.00949524,0.00949524
727,58450.2,0.66555,0.93379,1.00422,0.9137,0.94769,0.94828,0.84632,0.61871,0.88213,0.92821,0.00949387,0.00949387,0.00949387
728,58530.7,0.67472,0.93126,1.00768,0.91369,0.94769,0.94812,0.84654,0.61831,0.8824,0.92771,0.0094925,0.0094925,0.0094925
729,58610.6,0.66274,0.92154,0.9994,0.9134,0.94769,0.9484,0.8471,0.61853,0.88051,0.92766,0.00949112,0.00949112,0.00949112
730,58689.8,0.66184,0.92598,1.00546,0.9134,0.94769,0.94872,0.84727,0.61861,0.88148,0.92771,0.00948975,0.00948975,0.00948975
731,58771,0.65347,0.89996,1.00053,0.91256,0.94769,0.94884,0.84758,0.61883,0.88238,0.92763,0.00948837,0.00948837,0.00948837
732,58851.8,0.66447,0.90978,1.00992,0.91339,0.94769,0.94865,0.84549,0.6188,0.88116,0.92732,0.009487,0.009487,0.009487
733,58931.5,0.67133,0.96763,1.01461,0.9138,0.94769,0.94893,0.84541,0.61917,0.88209,0.92755,0.00948562,0.00948562,0.00948562
734,59011.2,0.67379,0.93533,1.01391,0.9151,0.94769,0.94867,0.84486,0.61856,0.88095,0.9272,0.00948423,0.00948423,0.00948423
735,59090.4,0.6509,0.89673,0.99617,0.91556,0.94769,0.9488,0.84541,0.61863,0.88355,0.92735,0.00948285,0.00948285,0.00948285
736,59169.1,0.66778,0.91352,1.01215,0.91617,0.94729,0.94907,0.84688,0.61882,0.88256,0.92752,0.00948147,0.00948147,0.00948147
737,59248.9,0.66889,0.90699,0.99643,0.91644,0.94677,0.94879,0.84599,0.61901,0.88246,0.92765,0.00948008,0.00948008,0.00948008
738,59328.4,0.68573,0.96592,1.0211,0.9164,0.94639,0.94886,0.84625,0.61916,0.88462,0.92784,0.00947869,0.00947869,0.00947869
739,59409,0.67935,0.95538,1.01279,0.91644,0.94607,0.94892,0.84682,0.61937,0.88547,0.92776,0.0094773,0.0094773,0.0094773
740,59488.1,0.65497,0.90935,1.00086,0.91683,0.94572,0.94887,0.84647,0.61933,0.8856,0.92762,0.00947591,0.00947591,0.00947591
741,59568.2,0.65277,0.92825,0.99755,0.91706,0.94486,0.94881,0.84604,0.61915,0.88356,0.92731,0.00947452,0.00947452,0.00947452
742,59647.3,0.67323,0.95607,1.00987,0.91707,0.94483,0.94873,0.84558,0.61887,0.88398,0.92707,0.00947312,0.00947312,0.00947312
743,59727.4,0.66906,0.94963,1.01651,0.9171,0.945,0.94875,0.84638,0.61895,0.88412,0.92707,0.00947172,0.00947172,0.00947172
744,59807.7,0.66691,0.91774,1.00426,0.91682,0.94225,0.94925,0.84626,0.6193,0.8834,0.9271,0.00947032,0.00947032,0.00947032
745,59887.6,0.65392,0.92012,0.99509,0.91836,0.94469,0.94888,0.84555,0.61913,0.88272,0.92699,0.00946892,0.00946892,0.00946892
746,59966.9,0.64686,0.90949,0.98941,0.91822,0.94474,0.94949,0.84672,0.61925,0.88316,0.92696,0.00946752,0.00946752,0.00946752
747,60047.4,0.66679,0.93994,1.00173,0.91747,0.94482,0.94972,0.84519,0.61921,0.88378,0.92701,0.00946612,0.00946612,0.00946612
748,60127.2,0.65791,0.92486,0.99694,0.91712,0.94464,0.9497,0.84597,0.6192,0.88434,0.92685,0.00946471,0.00946471,0.00946471
749,60206,0.64953,0.88264,0.99586,0.91584,0.94464,0.94986,0.847,0.61937,0.88594,0.92703,0.0094633,0.0094633,0.0094633
750,60286.1,0.6788,0.95664,1.02016,0.916,0.94463,0.94986,0.84574,0.61953,0.88582,0.92713,0.00946189,0.00946189,0.00946189
751,60366,0.66385,0.94053,1.00066,0.91423,0.94548,0.9497,0.84832,0.61944,0.88585,0.92708,0.00946048,0.00946048,0.00946048
752,60446.3,0.64878,0.91411,0.99457,0.91308,0.94626,0.94962,0.8477,0.61951,0.88596,0.92692,0.00945907,0.00945907,0.00945907
753,60526.1,0.66013,0.93149,0.99503,0.91319,0.94577,0.94942,0.84764,0.61875,0.88407,0.92658,0.00945765,0.00945765,0.00945765
754,60607,0.65795,0.90847,0.99668,0.91307,0.94616,0.94962,0.84765,0.61874,0.8859,0.92656,0.00945624,0.00945624,0.00945624
755,60687,0.67122,0.92697,0.99948,0.91319,0.94805,0.94939,0.84776,0.61828,0.88585,0.92608,0.00945482,0.00945482,0.00945482
756,60766.4,0.66428,0.9793,1.00226,0.91316,0.94858,0.94934,0.84828,0.6179,0.88511,0.92574,0.0094534,0.0094534,0.0094534
757,60846,0.67367,0.90315,1.01037,0.91318,0.94793,0.94929,0.84858,0.61797,0.88757,0.92568,0.00945198,0.00945198,0.00945198
758,60926.6,0.65828,0.90327,1.00435,0.9132,0.94792,0.9493,0.84883,0.61716,0.88613,0.92555,0.00945056,0.00945056,0.00945056
759,61006.6,0.67434,0.92135,1.00197,0.91119,0.94791,0.94908,0.84764,0.61698,0.88587,0.92541,0.00944913,0.00944913,0.00944913
760,61086.6,0.65597,0.90814,1.00079,0.91112,0.94715,0.94915,0.84832,0.61653,0.88472,0.9253,0.0094477,0.0094477,0.0094477
761,61166,0.65776,0.90611,0.99926,0.91155,0.94623,0.94928,0.84939,0.61637,0.88298,0.92539,0.00944628,0.00944628,0.00944628
762,61245.8,0.6708,0.91102,1.00804,0.91175,0.94615,0.94922,0.84805,0.61614,0.88197,0.92526,0.00944485,0.00944485,0.00944485
763,61326.2,0.66676,0.92316,1.00544,0.9121,0.94626,0.94916,0.84684,0.61606,0.8828,0.92528,0.00944341,0.00944341,0.00944341
764,61406.5,0.68216,0.92749,1.02258,0.91254,0.94634,0.94928,0.84732,0.61633,0.88101,0.92523,0.00944198,0.00944198,0.00944198
765,61486.5,0.65886,0.90712,0.99053,0.91295,0.94639,0.94899,0.84846,0.61644,0.87943,0.92515,0.00944054,0.00944054,0.00944054
766,61566.1,0.66776,0.93413,1.00316,0.91325,0.94636,0.94904,0.84849,0.61715,0.88166,0.92556,0.00943911,0.00943911,0.00943911
767,61646,0.66084,0.91333,0.99977,0.91533,0.94802,0.949,0.84791,0.6168,0.88056,0.92505,0.00943767,0.00943767,0.00943767
768,61724.6,0.65841,0.92731,1.0015,0.91534,0.9481,0.94903,0.84557,0.61715,0.8796,0.92527,0.00943623,0.00943623,0.00943623
769,61804.5,0.65087,0.88354,0.98674,0.91536,0.94833,0.94939,0.84881,0.61745,0.88011,0.92554,0.00943478,0.00943478,0.00943478
770,61884.4,0.66387,0.92838,0.99852,0.91539,0.94856,0.94883,0.84701,0.61752,0.87935,0.92548,0.00943334,0.00943334,0.00943334
771,61964.4,0.66583,0.92716,0.99861,0.91542,0.9488,0.9491,0.84931,0.61778,0.88126,0.926,0.00943189,0.00943189,0.00943189
772,62044,0.67704,0.93886,1.0097,0.91535,0.949,0.94875,0.84792,0.61729,0.87525,0.92568,0.00943045,0.00943045,0.00943045
773,62123.1,0.66767,0.98495,1.00152,0.91536,0.94921,0.94897,0.84722,0.61777,0.87692,0.92602,0.009429,0.009429,0.009429
774,62202.6,0.67678,0.93791,1.01393,0.91515,0.94925,0.94912,0.8485,0.61817,0.87775,0.92605,0.00942755,0.00942755,0.00942755
775,62282.5,0.65378,0.89638,0.99404,0.91508,0.94925,0.94906,0.84728,0.61804,0.87911,0.92594,0.00942609,0.00942609,0.00942609
776,62361.3,0.67089,0.9091,1.01125,0.91502,0.94926,0.94926,0.84774,0.61832,0.88183,0.92619,0.00942464,0.00942464,0.00942464
777,62440.1,0.66127,0.93311,0.99329,0.91504,0.94924,0.94951,0.84798,0.61834,0.8814,0.92618,0.00942318,0.00942318,0.00942318
778,62519.9,0.65609,0.9322,0.99775,0.91499,0.94921,0.94952,0.84744,0.61855,0.8837,0.92631,0.00942173,0.00942173,0.00942173
779,62598.9,0.67916,0.94651,1.00832,0.91492,0.94916,0.94953,0.84836,0.61875,0.88336,0.92633,0.00942027,0.00942027,0.00942027
780,62677.4,0.66402,0.93409,0.9966,0.91477,0.94923,0.94949,0.84887,0.61865,0.8854,0.92671,0.0094188,0.0094188,0.0094188
781,62756.4,0.64989,0.93364,0.99286,0.9146,0.94932,0.94922,0.84938,0.61865,0.88744,0.92658,0.00941734,0.00941734,0.00941734
782,62834.6,0.65151,0.92144,0.98711,0.91457,0.94912,0.94931,0.84898,0.61873,0.88779,0.92677,0.00941588,0.00941588,0.00941588
783,62914.3,0.67157,0.91662,1.01263,0.91467,0.94888,0.94925,0.84914,0.61898,0.88835,0.927,0.00941441,0.00941441,0.00941441
784,62994.1,0.65863,0.93508,1.00773,0.91467,0.9486,0.94865,0.84985,0.61928,0.89131,0.92731,0.00941294,0.00941294,0.00941294
785,63074.5,0.65772,0.94275,1.00052,0.91468,0.94838,0.94859,0.84893,0.61971,0.89056,0.92739,0.00941147,0.00941147,0.00941147
786,63153.9,0.6487,0.90446,0.98962,0.91456,0.94834,0.94842,0.84821,0.62005,0.88916,0.92748,0.00941,0.00941,0.00941
787,63233,0.67121,0.90839,1.00885,0.91447,0.94822,0.94842,0.84811,0.62058,0.89118,0.9276,0.00940853,0.00940853,0.00940853
788,63313.9,0.65432,0.92929,0.99654,0.91446,0.94794,0.94819,0.84728,0.62082,0.89211,0.92752,0.00940705,0.00940705,0.00940705
789,63394.7,0.65211,0.88891,0.99537,0.91444,0.94782,0.94877,0.84758,0.62138,0.89189,0.92756,0.00940557,0.00940557,0.00940557
790,63474.3,0.65441,0.88802,0.98313,0.91436,0.94766,0.94847,0.84773,0.62154,0.89212,0.92763,0.0094041,0.0094041,0.0094041
791,63553.2,0.67138,0.89659,1.00103,0.91631,0.94754,0.94804,0.84668,0.6212,0.89586,0.92777,0.00940262,0.00940262,0.00940262
792,63633.5,0.66652,0.91431,0.99948,0.91626,0.9474,0.9491,0.84868,0.62167,0.89601,0.92771,0.00940113,0.00940113,0.00940113
793,63713.7,0.64886,0.91672,0.99144,0.91646,0.94703,0.94864,0.84693,0.62119,0.89779,0.92768,0.00939965,0.00939965,0.00939965
794,63794.6,0.66209,0.90758,0.99969,0.91673,0.94669,0.94891,0.84884,0.6211,0.89686,0.92755,0.00939816,0.00939816,0.00939816
795,63874.7,0.65569,0.91067,0.99189,0.9166,0.94679,0.94903,0.84849,0.621,0.89549,0.92757,0.00939668,0.00939668,0.00939668
796,63956.2,0.65493,0.89869,0.9909,0.91658,0.94668,0.94899,0.84856,0.62153,0.89584,0.92772,0.00939519,0.00939519,0.00939519
797,64037.5,0.65473,0.91873,0.99837,0.91666,0.94668,0.94924,0.8489,0.62228,0.89772,0.92813,0.0093937,0.0093937,0.0093937
798,64118,0.65692,0.89845,0.9981,0.91684,0.94641,0.9492,0.84863,0.62317,0.90305,0.92844,0.00939221,0.00939221,0.00939221
799,64198.7,0.66256,0.90603,1.0028,0.91685,0.94652,0.94896,0.84901,0.62384,0.90485,0.92888,0.00939071,0.00939071,0.00939071
800,64279,0.64723,0.88483,0.99499,0.91689,0.94652,0.94919,0.84893,0.62418,0.90323,0.929,0.00938922,0.00938922,0.00938922
801,64360,0.66247,0.89519,0.99439,0.91704,0.94644,0.94909,0.84884,0.62438,0.90629,0.92908,0.00938772,0.00938772,0.00938772
802,64440.9,0.65994,0.91523,1.01421,0.9172,0.9462,0.94919,0.84933,0.62432,0.90589,0.92906,0.00938622,0.00938622,0.00938622
803,64520.4,0.66427,0.89586,0.98854,0.9175,0.94591,0.94919,0.84915,0.62378,0.90074,0.92864,0.00938472,0.00938472,0.00938472
804,64602.1,0.65643,0.91469,1.00207,0.91772,0.94573,0.94925,0.84988,0.62352,0.90321,0.92876,0.00938322,0.00938322,0.00938322
805,64682.5,0.6665,0.93462,1.00679,0.91773,0.9457,0.94931,0.84846,0.62323,0.90154,0.92866,0.00938171,0.00938171,0.00938171
806,64763.4,0.64488,0.89875,0.99301,0.91796,0.94567,0.94937,0.84821,0.6241,0.90361,0.92899,0.0093802,0.0093802,0.0093802
807,64845.3,0.66171,0.90208,0.9969,0.91803,0.94551,0.94875,0.84727,0.62471,0.90339,0.92915,0.0093787,0.0093787,0.0093787
808,64927,0.65993,0.91065,1.00093,0.91826,0.94541,0.94944,0.84816,0.62544,0.90526,0.9294,0.00937719,0.00937719,0.00937719
809,65007.8,0.67752,0.93498,1.00659,0.91836,0.94533,0.94938,0.84811,0.62582,0.90655,0.92956,0.00937568,0.00937568,0.00937568
810,65087.2,0.67549,0.90199,1.00996,0.9206,0.94521,0.94953,0.84787,0.62645,0.9063,0.92985,0.00937416,0.00937416,0.00937416
811,65167.5,0.65648,0.91598,0.99657,0.91806,0.94506,0.94923,0.84727,0.6262,0.90608,0.92991,0.00937265,0.00937265,0.00937265
812,65247.5,0.65996,0.89757,0.99936,0.91779,0.94502,0.94924,0.84763,0.62602,0.90679,0.93015,0.00937113,0.00937113,0.00937113
813,65328.6,0.65685,0.92538,0.99266,0.91728,0.94492,0.9495,0.84694,0.62644,0.90705,0.9304,0.00936961,0.00936961,0.00936961
814,65410,0.65591,0.89622,1.00204,0.9191,0.94478,0.94956,0.84776,0.62676,0.90585,0.93044,0.0093681,0.0093681,0.0093681
815,65490.7,0.65551,0.9039,1.00096,0.91905,0.94462,0.94962,0.84844,0.62627,0.90603,0.93024,0.00936657,0.00936657,0.00936657
816,65570.7,0.65209,0.97406,0.98824,0.91685,0.94457,0.94946,0.84864,0.62606,0.91012,0.93052,0.00936505,0.00936505,0.00936505
817,65650.6,0.64765,0.8741,0.9989,0.91666,0.94464,0.94932,0.84829,0.62552,0.90951,0.93047,0.00936353,0.00936353,0.00936353
818,65730.7,0.65744,0.88587,0.99835,0.91665,0.9446,0.94928,0.84819,0.62455,0.91091,0.9301,0.009362,0.009362,0.009362
819,65811.3,0.671,0.93439,1.00143,0.91667,0.94462,0.94926,0.84829,0.62441,0.91164,0.9301,0.00936047,0.00936047,0.00936047
820,65891.3,0.68018,0.91886,1.01364,0.91663,0.94464,0.94928,0.84815,0.62373,0.90954,0.92965,0.00935894,0.00935894,0.00935894
821,65972.4,0.65883,0.92408,1.00035,0.91585,0.94553,0.94942,0.84765,0.62357,0.90843,0.92951,0.00935741,0.00935741,0.00935741
822,66053.4,0.67578,0.91504,1.00949,0.91583,0.94562,0.94957,0.84767,0.62279,0.90606,0.92903,0.00935588,0.00935588,0.00935588
823,66135,0.66955,0.92894,0.99935,0.91678,0.94471,0.94967,0.84767,0.62236,0.90505,0.92854,0.00935434,0.00935434,0.00935434
824,66214.6,0.64861,0.88083,0.9923,0.91673,0.94489,0.9501,0.84851,0.62283,0.90589,0.9288,0.0093528,0.0093528,0.0093528
825,66294.7,0.6585,0.92956,1.00234,0.91601,0.94573,0.95012,0.84822,0.62397,0.90603,0.93013,0.00935127,0.00935127,0.00935127
826,66375.5,0.64725,0.89604,0.98513,0.91796,0.94574,0.94982,0.84797,0.62457,0.90683,0.93035,0.00934973,0.00934973,0.00934973
827,66455.8,0.6579,0.91861,0.99325,0.91596,0.94573,0.94977,0.84762,0.62301,0.90732,0.929,0.00934818,0.00934818,0.00934818
828,66537.3,0.65586,0.91666,1.00044,0.91723,0.94357,0.95009,0.85,0.62406,0.90828,0.93035,0.00934664,0.00934664,0.00934664
829,66617.1,0.66255,0.88219,0.9945,0.91719,0.94329,0.94991,0.84963,0.6242,0.90848,0.93033,0.0093451,0.0093451,0.0093451
830,66697.6,0.64919,0.88854,0.99234,0.91661,0.94505,0.94976,0.84938,0.62407,0.90955,0.93027,0.00934355,0.00934355,0.00934355
831,66778.5,0.65423,0.9088,0.9967,0.9172,0.94328,0.94986,0.84956,0.6226,0.90981,0.9288,0.009342,0.009342,0.009342
832,66859.7,0.64671,0.89363,0.98414,0.91612,0.93976,0.9495,0.84956,0.62252,0.90838,0.92868,0.00934045,0.00934045,0.00934045
833,66940.1,0.66312,0.93144,0.9961,0.91947,0.93976,0.94955,0.85049,0.62191,0.91006,0.92845,0.0093389,0.0093389,0.0093389
834,67020,0.65055,0.91308,0.98627,0.91767,0.93884,0.94953,0.85042,0.62186,0.9084,0.92852,0.00933734,0.00933734,0.00933734
835,67100.1,0.64593,0.8732,0.9953,0.91801,0.93835,0.94916,0.8498,0.62192,0.90744,0.92844,0.00933579,0.00933579,0.00933579
836,67180,0.66451,0.92145,1.0071,0.91821,0.9379,0.94881,0.84997,0.62186,0.91019,0.92857,0.00933423,0.00933423,0.00933423
837,67261,0.64024,0.88823,0.99687,0.91814,0.93989,0.94889,0.85025,0.62199,0.91202,0.92867,0.00933267,0.00933267,0.00933267
838,67343.7,0.65357,0.87079,0.99135,0.91811,0.94015,0.94863,0.84978,0.62236,0.91281,0.92884,0.00933111,0.00933111,0.00933111
839,67426.1,0.667,0.89288,1.00056,0.91636,0.93971,0.94888,0.85003,0.62209,0.91276,0.92887,0.00932955,0.00932955,0.00932955
840,67509.3,0.64849,0.90216,0.99063,0.91646,0.93995,0.94865,0.84987,0.62197,0.91305,0.9289,0.00932799,0.00932799,0.00932799
841,67592.1,0.65598,0.88323,0.99346,0.91665,0.94014,0.94857,0.84853,0.62271,0.91975,0.92941,0.00932642,0.00932642,0.00932642
842,67674.9,0.66497,0.92419,0.99799,0.91672,0.93988,0.94875,0.84914,0.62254,0.91747,0.92942,0.00932485,0.00932485,0.00932485
843,67755.5,0.65165,0.88394,0.98898,0.91658,0.93929,0.94888,0.85022,0.62265,0.91627,0.92974,0.00932328,0.00932328,0.00932328
844,67835.9,0.66036,0.90014,0.99834,0.91652,0.93909,0.94887,0.84995,0.62286,0.91462,0.92986,0.00932171,0.00932171,0.00932171
845,67916.3,0.66245,0.90752,0.98846,0.91658,0.93885,0.94887,0.85043,0.62311,0.91368,0.93003,0.00932014,0.00932014,0.00932014
846,67996.4,0.67743,0.9284,0.99732,0.91634,0.93788,0.94887,0.84934,0.62315,0.91384,0.92999,0.00931857,0.00931857,0.00931857
847,68077,0.66979,0.90178,1.00543,0.91631,0.93886,0.94903,0.84902,0.62322,0.91505,0.9301,0.00931699,0.00931699,0.00931699
848,68157.1,0.64895,0.86502,0.98976,0.91651,0.94014,0.94886,0.84895,0.62332,0.91602,0.9304,0.00931542,0.00931542,0.00931542
849,68237.3,0.66711,0.89929,1.00738,0.91664,0.93991,0.94881,0.84942,0.62378,0.91811,0.93092,0.00931384,0.00931384,0.00931384
850,68317.6,0.65354,0.92204,0.99743,0.91707,0.93976,0.94872,0.84963,0.62405,0.91645,0.93151,0.00931226,0.00931226,0.00931226
851,68398.9,0.67423,0.9152,1.00789,0.91788,0.93976,0.94866,0.84971,0.62437,0.91624,0.93201,0.00931067,0.00931067,0.00931067
852,68479,0.65275,0.90524,0.99528,0.9168,0.94328,0.94887,0.8498,0.62426,0.91503,0.93215,0.00930909,0.00930909,0.00930909
853,68559.4,0.64791,0.88268,0.9935,0.91513,0.94062,0.94848,0.8495,0.62445,0.91343,0.9322,0.0093075,0.0093075,0.0093075
854,68640.6,0.66574,0.8901,1.00585,0.92077,0.93529,0.94726,0.84853,0.62395,0.91189,0.93209,0.00930592,0.00930592,0.00930592
855,68721.7,0.65381,0.90654,0.99581,0.92077,0.93523,0.947,0.84785,0.62357,0.91104,0.93195,0.00930433,0.00930433,0.00930433
856,68801.8,0.66259,0.9482,1.00121,0.92052,0.93493,0.94712,0.84755,0.62369,0.91362,0.93208,0.00930274,0.00930274,0.00930274
857,68882.1,0.65169,0.91634,0.99594,0.92066,0.93508,0.94784,0.84875,0.62373,0.91359,0.93186,0.00930114,0.00930114,0.00930114
858,68961.6,0.65778,0.91717,0.998,0.92133,0.9349,0.948,0.84905,0.62372,0.91416,0.93173,0.00929955,0.00929955,0.00929955
859,69041.4,0.65812,0.93925,0.99359,0.9228,0.93485,0.94845,0.84996,0.62374,0.91352,0.93144,0.00929795,0.00929795,0.00929795
860,69120.3,0.66645,0.92081,0.99756,0.92047,0.93545,0.94825,0.84955,0.62439,0.9137,0.93194,0.00929636,0.00929636,0.00929636
861,69199.3,0.66693,0.92115,1.00426,0.92006,0.9351,0.9482,0.84921,0.62408,0.9118,0.93169,0.00929476,0.00929476,0.00929476
862,69279.4,0.65516,0.90563,0.99917,0.91837,0.93524,0.94706,0.8484,0.6238,0.91315,0.93148,0.00929316,0.00929316,0.00929316
863,69358.8,0.66701,0.916,1.00389,0.91829,0.93511,0.9477,0.8491,0.62403,0.91324,0.93148,0.00929155,0.00929155,0.00929155
864,69439.4,0.6579,0.89789,0.99239,0.91828,0.93508,0.9476,0.84846,0.62295,0.90789,0.93087,0.00928995,0.00928995,0.00928995
865,69519.4,0.64249,0.86508,0.99703,0.91911,0.93423,0.94752,0.84849,0.62257,0.90749,0.93058,0.00928834,0.00928834,0.00928834
866,69599.4,0.65084,0.89604,0.99324,0.91949,0.93432,0.94759,0.84866,0.62252,0.90722,0.93055,0.00928674,0.00928674,0.00928674
867,69680.3,0.66393,0.92369,0.99929,0.91994,0.93436,0.94695,0.84802,0.6226,0.90811,0.93058,0.00928513,0.00928513,0.00928513
868,69758.5,0.67988,0.92472,1.01172,0.9196,0.93456,0.94745,0.84591,0.62282,0.90672,0.93052,0.00928352,0.00928352,0.00928352
869,69833.7,0.66363,0.94894,0.99922,0.92053,0.93445,0.94756,0.84536,0.62207,0.90731,0.93022,0.0092819,0.0092819,0.0092819
870,69910.2,0.66422,0.91975,0.99544,0.92276,0.93332,0.94745,0.84825,0.6223,0.90784,0.93046,0.00928029,0.00928029,0.00928029
871,69986.6,0.65856,0.89391,0.98969,0.92278,0.93381,0.94734,0.8479,0.62238,0.90937,0.93058,0.00927867,0.00927867,0.00927867
872,70067.2,0.65405,0.89676,0.99482,0.92242,0.93038,0.94781,0.84852,0.62232,0.90888,0.93073,0.00927706,0.00927706,0.00927706
873,70148.3,0.63749,0.90754,0.99132,0.92239,0.93003,0.94704,0.84591,0.62352,0.91472,0.93145,0.00927544,0.00927544,0.00927544
874,70228.5,0.64975,0.90936,0.99195,0.92244,0.93073,0.94702,0.84756,0.62329,0.91479,0.93095,0.00927382,0.00927382,0.00927382
875,70308.5,0.6396,0.89113,0.98253,0.92242,0.93065,0.94659,0.84771,0.6233,0.91158,0.93104,0.00927219,0.00927219,0.00927219
876,70388.1,0.65353,0.89261,0.99297,0.92237,0.93043,0.94662,0.8464,0.62299,0.91038,0.93102,0.00927057,0.00927057,0.00927057
877,70467.6,0.65301,0.87237,0.99033,0.92227,0.92965,0.94663,0.84788,0.6233,0.91063,0.93092,0.00926894,0.00926894,0.00926894
878,70545.7,0.64869,0.91164,0.99273,0.92401,0.93217,0.9465,0.84661,0.62355,0.9107,0.931,0.00926732,0.00926732,0.00926732
879,70625.3,0.66013,0.8883,1.00296,0.92415,0.93223,0.94638,0.84757,0.62204,0.90583,0.93015,0.00926569,0.00926569,0.00926569
880,70703.9,0.65723,0.918,0.98847,0.92436,0.9319,0.94662,0.84721,0.62239,0.9053,0.93012,0.00926406,0.00926406,0.00926406
881,70783,0.64793,0.89079,0.98593,0.9243,0.93217,0.94659,0.84659,0.62202,0.90385,0.9299,0.00926242,0.00926242,0.00926242
882,70862.1,0.64984,0.88986,0.9884,0.92457,0.93097,0.94636,0.84699,0.62262,0.90854,0.93029,0.00926079,0.00926079,0.00926079
883,70940.5,0.64362,0.86975,0.98592,0.92457,0.9293,0.94622,0.84675,0.62172,0.90103,0.92976,0.00925915,0.00925915,0.00925915
884,71018.8,0.66073,0.91561,0.99408,0.9246,0.92912,0.94601,0.84659,0.62266,0.90528,0.9304,0.00925752,0.00925752,0.00925752
885,71098,0.65654,0.88338,1.00018,0.92571,0.92821,0.94615,0.84676,0.62161,0.89823,0.9297,0.00925588,0.00925588,0.00925588
886,71177.9,0.65979,0.89946,1.00601,0.92656,0.92828,0.94617,0.84634,0.62189,0.90392,0.92998,0.00925423,0.00925423,0.00925423
887,71257.5,0.66447,0.92793,1.00157,0.9273,0.92865,0.94598,0.84661,0.62165,0.90544,0.92987,0.00925259,0.00925259,0.00925259
888,71338,0.6598,0.91137,1.00245,0.92672,0.92885,0.94607,0.84707,0.62201,0.90708,0.9299,0.00925095,0.00925095,0.00925095
889,71418.7,0.63382,0.88766,0.9862,0.92661,0.92917,0.9463,0.84772,0.6219,0.90686,0.92941,0.0092493,0.0092493,0.0092493
890,71499.3,0.6488,0.87248,0.98879,0.92698,0.92862,0.94653,0.84773,0.6219,0.90869,0.92935,0.00924765,0.00924765,0.00924765
891,71579.8,0.63907,0.85899,0.98013,0.92817,0.93176,0.94634,0.84756,0.62174,0.90885,0.92925,0.00924601,0.00924601,0.00924601
892,71661.2,0.64757,0.90824,1.00237,0.92674,0.93228,0.94642,0.84755,0.6221,0.9082,0.92937,0.00924435,0.00924435,0.00924435
893,71742.3,0.65683,0.89425,0.99422,0.92652,0.93244,0.94677,0.84814,0.62204,0.90812,0.92921,0.0092427,0.0092427,0.0092427
894,71822.6,0.63818,0.89511,0.98578,0.92654,0.93254,0.94632,0.84792,0.62098,0.90221,0.9284,0.00924105,0.00924105,0.00924105
895,71904,0.65082,0.92407,0.99841,0.92634,0.93261,0.94739,0.84904,0.62122,0.90551,0.92841,0.00923939,0.00923939,0.00923939
896,71984.6,0.66859,0.91843,1.01062,0.92622,0.93262,0.94702,0.84886,0.62084,0.90546,0.92825,0.00923774,0.00923774,0.00923774
897,72064,0.65058,0.89055,0.99325,0.92632,0.93259,0.94645,0.84782,0.6206,0.9046,0.9281,0.00923608,0.00923608,0.00923608
898,72143.3,0.65156,0.93686,0.98817,0.92625,0.9327,0.94649,0.84781,0.62044,0.90463,0.92786,0.00923442,0.00923442,0.00923442
899,72223.4,0.65276,0.9141,0.99929,0.92645,0.93251,0.94623,0.84894,0.62013,0.90621,0.92771,0.00923275,0.00923275,0.00923275
900,72302.9,0.64619,0.90726,0.98887,0.9264,0.93283,0.94666,0.84933,0.62006,0.9062,0.92775,0.00923109,0.00923109,0.00923109
901,72382.5,0.65582,0.91335,1.00045,0.92657,0.93299,0.94633,0.84923,0.62011,0.90561,0.92759,0.00922942,0.00922942,0.00922942
902,72463.2,0.65099,0.88447,0.99777,0.92654,0.93297,0.94646,0.84895,0.62036,0.9067,0.92758,0.00922776,0.00922776,0.00922776
903,72542.7,0.64836,0.91514,0.98641,0.92674,0.93295,0.94633,0.84848,0.621,0.9104,0.92754,0.00922609,0.00922609,0.00922609
904,72622.5,0.64779,0.8928,0.99693,0.92772,0.9328,0.94657,0.84874,0.62125,0.91061,0.92752,0.00922442,0.00922442,0.00922442
905,72702.2,0.64763,0.90256,0.9977,0.92808,0.93266,0.94663,0.84843,0.62183,0.91286,0.92785,0.00922274,0.00922274,0.00922274
906,72782.3,0.66442,0.88457,1.00022,0.92798,0.93329,0.94641,0.84915,0.6217,0.91292,0.92769,0.00922107,0.00922107,0.00922107
907,72862.9,0.65533,0.91389,0.99125,0.92782,0.93337,0.94656,0.84947,0.62198,0.91393,0.9275,0.00921939,0.00921939,0.00921939
908,72945.7,0.64346,0.86261,0.9943,0.9278,0.93336,0.94646,0.84786,0.62212,0.91372,0.92763,0.00921772,0.00921772,0.00921772
909,73028.3,0.6554,0.90002,0.98773,0.92793,0.93307,0.94648,0.84787,0.62387,0.92833,0.9286,0.00921604,0.00921604,0.00921604
910,73110,0.65988,0.88976,1.00015,0.92796,0.93318,0.94649,0.84748,0.62393,0.92803,0.92853,0.00921436,0.00921436,0.00921436
911,73189.4,0.64874,0.89767,0.99135,0.92794,0.93317,0.94643,0.84825,0.62386,0.92922,0.92846,0.00921268,0.00921268,0.00921268
912,73270.1,0.65819,0.90965,0.99655,0.92769,0.93326,0.94629,0.84627,0.62384,0.92579,0.92836,0.00921099,0.00921099,0.00921099
913,73349.7,0.65456,0.87964,0.99774,0.92779,0.93288,0.9463,0.84681,0.62341,0.92509,0.92803,0.00920931,0.00920931,0.00920931
914,73428.5,0.65533,0.89377,1.00119,0.92774,0.93286,0.94628,0.84764,0.62325,0.92558,0.92816,0.00920762,0.00920762,0.00920762
915,73508.2,0.66771,0.91749,1.00584,0.92769,0.93285,0.94621,0.84802,0.62323,0.92652,0.9281,0.00920593,0.00920593,0.00920593
916,73588.4,0.65808,0.90794,0.99425,0.92764,0.93259,0.94663,0.84828,0.62326,0.92552,0.92818,0.00920424,0.00920424,0.00920424
917,73666.3,0.65122,0.89744,0.99104,0.92759,0.9325,0.94718,0.84897,0.62292,0.92407,0.92808,0.00920255,0.00920255,0.00920255
918,73745.4,0.63845,0.89158,0.9872,0.92747,0.93291,0.94791,0.8499,0.62266,0.92295,0.92773,0.00920085,0.00920085,0.00920085
919,73822.9,0.66676,0.92262,1.00822,0.92755,0.93307,0.9476,0.85037,0.62253,0.92522,0.92765,0.00919916,0.00919916,0.00919916
920,73902,0.664,0.91126,0.99534,0.9276,0.93322,0.94758,0.84852,0.62221,0.92603,0.92745,0.00919746,0.00919746,0.00919746
921,73983.7,0.64037,0.87829,0.98854,0.92768,0.9334,0.94756,0.84832,0.62268,0.92866,0.92779,0.00919576,0.00919576,0.00919576
922,74066,0.6585,0.88953,1.00488,0.92771,0.93353,0.94675,0.84686,0.62258,0.92831,0.92765,0.00919406,0.00919406,0.00919406
923,74147.6,0.66742,0.90992,0.99749,0.92758,0.93407,0.94772,0.84909,0.62201,0.92469,0.92716,0.00919236,0.00919236,0.00919236
924,74229,0.66179,0.89997,0.99564,0.92779,0.93407,0.94809,0.84894,0.622,0.9229,0.92715,0.00919066,0.00919066,0.00919066
925,74309.9,0.65194,0.88469,0.99375,0.92761,0.93425,0.94764,0.84896,0.62176,0.9226,0.92698,0.00918895,0.00918895,0.00918895
926,74389.1,0.64224,0.8905,0.98296,0.9274,0.9345,0.94781,0.84976,0.62178,0.9218,0.92696,0.00918725,0.00918725,0.00918725
927,74467.9,0.63739,0.86899,0.98647,0.92727,0.93435,0.94766,0.84914,0.62231,0.92513,0.92738,0.00918554,0.00918554,0.00918554
928,74548.2,0.65771,0.93471,0.99394,0.9264,0.93434,0.94761,0.84775,0.62178,0.92188,0.927,0.00918383,0.00918383,0.00918383
929,74628.3,0.64919,0.90465,0.99183,0.92696,0.93438,0.94776,0.84888,0.62201,0.92069,0.92702,0.00918212,0.00918212,0.00918212
930,74708.6,0.63571,0.88846,0.9893,0.92707,0.9355,0.94809,0.84791,0.62146,0.91851,0.9266,0.0091804,0.0091804,0.0091804
931,74788.5,0.66378,0.89387,0.99655,0.92707,0.93571,0.94823,0.84758,0.62183,0.91953,0.92688,0.00917869,0.00917869,0.00917869
932,74867.2,0.64674,0.8982,0.9898,0.92714,0.93631,0.94826,0.8476,0.62232,0.92074,0.92698,0.00917697,0.00917697,0.00917697
933,74947.5,0.65291,0.9242,0.99009,0.92713,0.93625,0.94809,0.84761,0.62299,0.92138,0.92688,0.00917525,0.00917525,0.00917525
