epoch,time,train/box_loss,train/cls_loss,train/dfl_loss,metrics/precision(B),metrics/recall(B),metrics/mAP50(B),metrics/mAP50-95(B),val/box_loss,val/cls_loss,val/dfl_loss,lr/pg0,lr/pg1,lr/pg2
1,76.5485,1.12195,7.01711,1.36379,0.67446,0.8237,0.83007,0.58809,1.1257,3.33078,1.24649,0.00330827,0.00330827,0.00330827
2,131.477,0.97348,3.78028,1.20581,0.75268,0.86244,0.84972,0.61072,1.17351,3.00003,1.35215,0.0066416,0.0066416,0.0066416
3,187.785,1.04336,2.85356,1.25254,0.66166,0.76207,0.70995,0.46852,1.40331,4.0667,1.62117,0.00997493,0.00997493,0.00997493
4,244.146,1.14881,2.61862,1.34828,0.65944,0.71431,0.72549,0.4739,1.33575,4.04226,1.52608,0.00999999,0.00999999,0.00999999
5,300,1.09679,2.33686,1.31103,0.84331,0.85689,0.89402,0.67485,1.01341,3.2788,1.196,0.00999998,0.00999998,0.00999998
6,356.364,1.03437,2.18889,1.2759,0.82555,0.83168,0.84779,0.62014,1.15043,2.19858,1.31669,0.00999998,0.00999998,0.00999998
7,411.265,1.02065,2.05071,1.24917,0.81256,0.89435,0.88635,0.69958,0.97116,1.92182,1.16426,0.00999996,0.00999996,0.00999996
8,467.517,0.97901,1.93234,1.22593,0.74393,0.89746,0.85961,0.68348,0.9084,2.08963,1.1238,0.00999995,0.00999995,0.00999995
9,523.171,0.9494,1.90298,1.19524,0.75238,0.90757,0.87795,0.70744,0.89205,1.63746,1.08912,0.00999994,0.00999994,0.00999994
10,578.089,0.96181,1.79989,1.21716,0.77497,0.87287,0.88375,0.68159,0.99403,1.98837,1.17465,0.00999992,0.00999992,0.00999992
11,632.896,0.92991,1.74036,1.19404,0.86648,0.89187,0.89369,0.71434,0.91187,1.52136,1.0905,0.0099999,0.0099999,0.0099999
12,688.751,0.92036,1.75761,1.18981,0.8304,0.88393,0.88929,0.69809,0.97856,1.75305,1.16069,0.00999988,0.00999988,0.00999988
13,744.559,0.89954,1.6761,1.1662,0.84116,0.93667,0.89739,0.7367,0.85811,1.36706,1.08307,0.00999986,0.00999986,0.00999986
14,799.62,0.89533,1.71214,1.17251,0.85293,0.85218,0.90461,0.7295,0.88907,1.54465,1.10754,0.00999983,0.00999983,0.00999983
15,854.097,0.86663,1.62122,1.14382,0.80793,0.92874,0.89796,0.71596,0.87622,1.38376,1.07259,0.00999981,0.00999981,0.00999981
16,910.245,0.85321,1.60198,1.14329,0.86491,0.88674,0.90579,0.72962,0.84674,1.39762,1.05024,0.00999978,0.00999978,0.00999978
17,965.723,0.83846,1.56892,1.12821,0.84471,0.89964,0.89307,0.70404,0.93817,1.46021,1.12698,0.00999975,0.00999975,0.00999975
18,1020.83,0.83594,1.5132,1.12308,0.83552,0.92272,0.8949,0.73549,0.85707,1.39132,1.07107,0.00999972,0.00999972,0.00999972
19,1076.31,0.83945,1.52039,1.1262,0.80818,0.9328,0.90171,0.73514,0.84247,1.38207,1.06942,0.00999968,0.00999968,0.00999968
20,1131.33,0.83726,1.49639,1.13034,0.83494,0.87547,0.89047,0.72492,0.84893,1.48703,1.04721,0.00999965,0.00999965,0.00999965
21,1186.35,0.82605,1.49568,1.12393,0.88339,0.87854,0.91453,0.75825,0.84238,1.39698,1.0541,0.00999961,0.00999961,0.00999961
22,1241.18,0.82588,1.45831,1.11892,0.80187,0.92622,0.90598,0.73647,0.8583,1.36893,1.06756,0.00999957,0.00999957,0.00999957
23,1296.94,0.81049,1.47497,1.11197,0.84979,0.91832,0.90941,0.74625,0.82868,1.33563,1.04369,0.00999953,0.00999953,0.00999953
24,1352.59,0.82708,1.41363,1.12537,0.85445,0.90509,0.90117,0.73775,0.83448,1.33764,1.04282,0.00999948,0.00999948,0.00999948
25,1408.23,0.80363,1.42285,1.10545,0.87578,0.87384,0.90391,0.74318,0.85585,1.33482,1.05404,0.00999944,0.00999944,0.00999944
26,1464.84,0.79248,1.44474,1.09754,0.85998,0.88853,0.90686,0.75112,0.81014,1.37867,1.05012,0.00999939,0.00999939,0.00999939
27,1520.73,0.78514,1.43365,1.09575,0.86203,0.87908,0.91142,0.75609,0.78615,1.289,1.02499,0.00999934,0.00999934,0.00999934
28,1577.71,0.78076,1.39099,1.09689,0.85463,0.92642,0.92211,0.76589,0.80889,1.24742,1.02938,0.00999929,0.00999929,0.00999929
29,1633.84,0.79036,1.39664,1.09558,0.86247,0.90509,0.91351,0.76603,0.79602,1.24734,1.03487,0.00999923,0.00999923,0.00999923
30,1687.95,0.77142,1.34337,1.08882,0.86704,0.91748,0.91454,0.75003,0.81565,1.28307,1.0271,0.00999918,0.00999918,0.00999918
31,1742.59,0.76894,1.34825,1.07751,0.84953,0.93043,0.91305,0.75246,0.81087,1.32202,1.02676,0.00999912,0.00999912,0.00999912
32,1797.42,0.77176,1.35434,1.08314,0.85744,0.88416,0.90901,0.75589,0.83109,1.28182,1.03124,0.00999906,0.00999906,0.00999906
33,1854.06,0.76562,1.34124,1.09119,0.88228,0.90669,0.917,0.78169,0.75473,1.1364,0.9951,0.009999,0.009999,0.009999
34,1909.01,0.76943,1.38102,1.09268,0.88971,0.9047,0.93351,0.78589,0.81179,1.23023,1.02807,0.00999894,0.00999894,0.00999894
35,1965.09,0.77701,1.33021,1.10361,0.80303,0.91569,0.89398,0.75277,0.78722,1.41001,1.04051,0.00999887,0.00999887,0.00999887
36,2021.46,0.73851,1.30903,1.07691,0.82774,0.90509,0.93062,0.78229,0.77036,1.16114,1.01229,0.0099988,0.0099988,0.0099988
37,2077.08,0.74892,1.30026,1.06903,0.85791,0.92514,0.9126,0.76722,0.74985,1.18622,0.99566,0.00999873,0.00999873,0.00999873
38,2132.57,0.73151,1.40667,1.06089,0.85926,0.93169,0.90748,0.77033,0.74573,1.17231,0.98437,0.00999866,0.00999866,0.00999866
39,2188.06,0.74009,1.31013,1.06698,0.85014,0.92367,0.91259,0.75255,0.80376,1.21007,1.02949,0.00999859,0.00999859,0.00999859
40,2244.09,0.752,1.32948,1.0797,0.86817,0.90261,0.91258,0.77793,0.73908,1.1892,0.98255,0.00999851,0.00999851,0.00999851
41,2300.89,0.73392,1.26269,1.05345,0.85199,0.90157,0.91076,0.76629,0.79143,1.27814,1.01187,0.00999844,0.00999844,0.00999844
42,2357.09,0.73579,1.30248,1.07047,0.83095,0.93138,0.91986,0.78819,0.76798,1.20613,1.00907,0.00999836,0.00999836,0.00999836
43,2412.52,0.72803,1.32656,1.05489,0.83824,0.91483,0.92395,0.78941,0.76402,1.17654,0.99145,0.00999828,0.00999828,0.00999828
44,2469.02,0.7284,1.26438,1.05487,0.84336,0.91013,0.91823,0.77263,0.77625,1.2263,1.00507,0.00999819,0.00999819,0.00999819
45,2523.79,0.72024,1.29704,1.04922,0.84544,0.93812,0.92483,0.78333,0.7602,1.13611,0.98926,0.00999811,0.00999811,0.00999811
46,2579.48,0.72091,1.23428,1.04936,0.86694,0.92314,0.93411,0.79239,0.74246,1.16497,0.97531,0.00999802,0.00999802,0.00999802
47,2635.45,0.7133,1.27081,1.04947,0.8672,0.91849,0.9321,0.79439,0.73074,1.17173,0.97943,0.00999793,0.00999793,0.00999793
48,2690.78,0.71718,1.21711,1.05313,0.8763,0.91303,0.929,0.79254,0.74096,1.13127,0.98102,0.00999784,0.00999784,0.00999784
49,2746.5,0.71255,1.21028,1.04027,0.88392,0.91584,0.9296,0.79494,0.74598,1.14754,0.99556,0.00999775,0.00999775,0.00999775
50,2802.84,0.71897,1.2298,1.05533,0.88018,0.89484,0.91697,0.77521,0.74706,1.17991,0.99285,0.00999765,0.00999765,0.00999765
51,2858.68,0.70851,1.21939,1.04828,0.89244,0.91038,0.93516,0.79823,0.75273,1.10226,0.99192,0.00999756,0.00999756,0.00999756
52,2914.37,0.71244,1.20376,1.04492,0.87135,0.90648,0.90381,0.76537,0.72413,1.13789,0.97862,0.00999746,0.00999746,0.00999746
53,2970.03,0.69081,1.15829,1.03483,0.86282,0.92284,0.94236,0.80806,0.74623,1.097,0.9922,0.00999736,0.00999736,0.00999736
54,3025.57,0.69245,1.19091,1.03795,0.89008,0.91303,0.93025,0.78563,0.74777,1.10544,0.99216,0.00999726,0.00999726,0.00999726
55,3081.34,0.70067,1.18807,1.04428,0.8576,0.93542,0.9219,0.79195,0.72573,1.09544,0.97754,0.00999715,0.00999715,0.00999715
56,3137.29,0.70212,1.1812,1.04734,0.86138,0.92874,0.91681,0.78822,0.72639,1.08443,0.98538,0.00999704,0.00999704,0.00999704
57,3192.45,0.69381,1.16298,1.03287,0.86651,0.93222,0.92711,0.79041,0.73516,1.07165,0.98333,0.00999694,0.00999694,0.00999694
58,3248.09,0.69799,1.18406,1.04044,0.86536,0.93219,0.92611,0.78572,0.74475,1.12398,0.99641,0.00999683,0.00999683,0.00999683
59,3303.86,0.68847,1.17303,1.03759,0.85867,0.93469,0.92916,0.79957,0.72626,1.07518,0.9868,0.00999671,0.00999671,0.00999671
60,3360.03,0.68857,1.14664,1.03297,0.84254,0.93268,0.92721,0.79519,0.71602,1.06193,0.97088,0.0099966,0.0099966,0.0099966
61,3415.55,0.67273,1.17037,1.03327,0.85987,0.94685,0.92319,0.8014,0.69445,1.04889,0.95029,0.00999648,0.00999648,0.00999648
62,3472.16,0.67063,1.18755,1.03061,0.86145,0.87587,0.9301,0.80602,0.70215,1.13915,0.9596,0.00999636,0.00999636,0.00999636
63,3527.67,0.69352,1.169,1.03902,0.87208,0.88991,0.92039,0.79847,0.71522,1.07861,0.96419,0.00999624,0.00999624,0.00999624
64,3582.86,0.69276,1.1387,1.03987,0.89032,0.8806,0.9329,0.81323,0.6926,1.10776,0.95501,0.00999612,0.00999612,0.00999612
65,3638.3,0.67726,1.15912,1.02549,0.85014,0.92886,0.92392,0.79278,0.6999,1.12347,0.94788,0.009996,0.009996,0.009996
66,3694.8,0.67688,1.13367,1.02765,0.89618,0.91022,0.92027,0.7883,0.70982,1.07559,0.96098,0.00999587,0.00999587,0.00999587
67,3750.84,0.67363,1.11373,1.02442,0.8864,0.91022,0.92653,0.80083,0.69914,1.06658,0.9642,0.00999574,0.00999574,0.00999574
68,3806.2,0.66483,1.10582,1.02537,0.88002,0.89997,0.92026,0.7945,0.70954,1.12848,0.97002,0.00999561,0.00999561,0.00999561
69,3861.09,0.67129,1.128,1.02952,0.86034,0.92609,0.91566,0.78438,0.70578,1.10169,0.97015,0.00999548,0.00999548,0.00999548
70,3917.72,0.64322,1.10758,1.00681,0.87999,0.92113,0.91976,0.7973,0.69568,1.0597,0.9658,0.00999535,0.00999535,0.00999535
71,3974.05,0.66326,1.13649,1.0255,0.89483,0.91434,0.92415,0.79801,0.70152,1.05353,0.95984,0.00999521,0.00999521,0.00999521
72,4029.82,0.66482,1.12743,1.0246,0.88073,0.93381,0.92688,0.79613,0.71247,1.05225,0.96624,0.00999508,0.00999508,0.00999508
73,4085.85,0.66193,1.09766,1.02316,0.87914,0.92347,0.92366,0.79525,0.7254,1.09502,0.98139,0.00999494,0.00999494,0.00999494
74,4139.17,0.65457,1.08036,1.02498,0.84004,0.9208,0.91017,0.7801,0.696,1.087,0.96122,0.00999479,0.00999479,0.00999479
75,4194.93,0.6587,1.07563,1.01865,0.88797,0.92874,0.92788,0.79821,0.72178,1.03695,0.98411,0.00999465,0.00999465,0.00999465
76,4251.4,0.6605,1.06982,1.01744,0.89802,0.90509,0.91849,0.79282,0.72723,1.03846,0.97384,0.0099945,0.0099945,0.0099945
77,4307.77,0.65551,1.0737,1.01906,0.86956,0.91815,0.92926,0.80921,0.71235,1.05485,0.97581,0.00999436,0.00999436,0.00999436
78,4363.22,0.65389,1.09228,1.01733,0.8948,0.93528,0.93749,0.81803,0.70186,1.01934,0.96049,0.00999421,0.00999421,0.00999421
79,4418.18,0.66519,1.07875,1.02509,0.88047,0.91849,0.91091,0.77763,0.7302,1.1408,0.98099,0.00999406,0.00999406,0.00999406
80,4473,0.65894,1.12214,1.02179,0.86876,0.94226,0.92544,0.79546,0.70798,1.01685,0.96725,0.0099939,0.0099939,0.0099939
81,4527.55,0.63682,1.0551,1.00582,0.8807,0.93676,0.9301,0.81276,0.71695,1.05098,0.98561,0.00999375,0.00999375,0.00999375
82,4582.02,0.6622,1.07208,1.02452,0.8909,0.93403,0.94382,0.82357,0.70155,0.98579,0.96752,0.00999359,0.00999359,0.00999359
83,4636.66,0.66131,1.06187,1.02379,0.88088,0.93138,0.94223,0.81559,0.70178,0.99099,0.97681,0.00999343,0.00999343,0.00999343
84,4692.12,0.65473,1.05542,1.01975,0.87549,0.94277,0.93297,0.80314,0.70417,1.00196,0.97218,0.00999327,0.00999327,0.00999327
85,4747.14,0.6473,1.07377,1.01482,0.87881,0.94826,0.93757,0.81561,0.69066,1.03633,0.96293,0.00999311,0.00999311,0.00999311
86,4803.5,0.63094,1.09641,1.00433,0.87831,0.93893,0.9342,0.81899,0.67709,0.99708,0.95034,0.00999294,0.00999294,0.00999294
87,4858.57,0.63389,1.07274,0.99228,0.86577,0.93932,0.92895,0.81223,0.68029,1.00475,0.95359,0.00999278,0.00999278,0.00999278
88,4913.07,0.6444,1.05553,1.00838,0.8953,0.90981,0.92705,0.79979,0.69142,1.01247,0.9639,0.00999261,0.00999261,0.00999261
89,4967.78,0.64913,1.0696,1.01285,0.89151,0.91246,0.92698,0.81001,0.69563,1.04674,0.96837,0.00999244,0.00999244,0.00999244
90,5022.44,0.64157,1.05416,1.00645,0.87551,0.92361,0.91986,0.79951,0.68645,1.05674,0.9541,0.00999226,0.00999226,0.00999226
91,5076.34,0.63185,1.02421,1.0021,0.89238,0.91567,0.92836,0.80923,0.69496,1.03467,0.97,0.00999209,0.00999209,0.00999209
92,5132.36,0.62623,1.04319,0.99564,0.89696,0.93561,0.93092,0.80665,0.68352,1.00262,0.94937,0.00999191,0.00999191,0.00999191
93,5187.59,0.64143,1.05286,1.01467,0.87954,0.94028,0.93809,0.81882,0.6786,0.99976,0.95543,0.00999173,0.00999173,0.00999173
94,5243.64,0.63979,1.03042,1.00986,0.89467,0.92874,0.93848,0.81644,0.66663,0.96471,0.94513,0.00999155,0.00999155,0.00999155
95,5299.2,0.6411,1.02375,1.00414,0.89069,0.94461,0.94147,0.81969,0.67044,0.91923,0.94472,0.00999137,0.00999137,0.00999137
96,5355.24,0.62656,1.02209,1.00005,0.886,0.92874,0.93995,0.82751,0.67603,0.97386,0.9603,0.00999118,0.00999118,0.00999118
97,5410.44,0.63248,1.04404,1.00301,0.89798,0.9208,0.92235,0.81338,0.66392,0.98062,0.95166,0.009991,0.009991,0.009991
98,5465.77,0.62328,1.03401,1.00017,0.87979,0.92874,0.93203,0.82202,0.66949,0.96906,0.94457,0.00999081,0.00999081,0.00999081
99,5521.29,0.61244,1.01252,0.99379,0.88138,0.94233,0.93451,0.82119,0.66962,0.95059,0.9379,0.00999062,0.00999062,0.00999062
100,5576.26,0.61625,1.01096,0.98754,0.88159,0.95525,0.93028,0.81752,0.67412,0.99331,0.93938,0.00999043,0.00999043,0.00999043
101,5631.94,0.64224,1.09963,1.02527,0.87493,0.95172,0.92098,0.80777,0.67071,0.98804,0.944,0.00999023,0.00999023,0.00999023
102,5687.78,0.63768,1.01436,1.01285,0.88518,0.94096,0.92877,0.81458,0.678,0.99118,0.95448,0.00999004,0.00999004,0.00999004
103,5742.79,0.62878,1.01079,1.00063,0.89619,0.93988,0.94057,0.81989,0.67587,0.95791,0.94181,0.00998984,0.00998984,0.00998984
104,5798.13,0.62046,1.00576,0.99784,0.89921,0.94196,0.92741,0.80494,0.69294,0.99389,0.97308,0.00998964,0.00998964,0.00998964
105,5853.7,0.62073,0.9964,0.99258,0.90888,0.94428,0.94218,0.81801,0.67625,0.9691,0.95681,0.00998944,0.00998944,0.00998944
106,5908.64,0.62893,1.01697,0.99543,0.89372,0.94981,0.92885,0.80644,0.67,0.94427,0.94901,0.00998923,0.00998923,0.00998923
107,5964.58,0.61611,0.99591,0.9874,0.90972,0.92451,0.94223,0.81954,0.65885,0.95195,0.94232,0.00998903,0.00998903,0.00998903
108,6020.71,0.61954,0.96707,0.9879,0.89775,0.94196,0.93094,0.80696,0.6728,0.97558,0.94989,0.00998882,0.00998882,0.00998882
109,6076.29,0.61825,0.99522,0.99382,0.85274,0.94563,0.93644,0.81853,0.67412,0.9884,0.95942,0.00998861,0.00998861,0.00998861
110,6128.85,0.61027,0.97501,0.98803,0.90762,0.89716,0.93695,0.81869,0.67265,1.00354,0.96644,0.0099884,0.0099884,0.0099884
111,6181.22,0.61439,0.9735,0.98432,0.89428,0.91934,0.94699,0.83402,0.67537,0.95754,0.96853,0.00998818,0.00998818,0.00998818
112,6232.33,0.61908,0.98578,1.00003,0.87295,0.9475,0.9391,0.81886,0.67308,0.96905,0.9525,0.00998797,0.00998797,0.00998797
113,6282.55,0.62213,0.96997,0.99071,0.87451,0.92616,0.94121,0.81816,0.67355,0.98229,0.95495,0.00998775,0.00998775,0.00998775
114,6333.45,0.6136,0.95953,0.99229,0.84788,0.95696,0.93394,0.81216,0.66802,0.95959,0.94636,0.00998753,0.00998753,0.00998753
115,6384.49,0.61542,0.97255,0.99707,0.91287,0.93023,0.92968,0.81462,0.65814,0.93898,0.94054,0.00998731,0.00998731,0.00998731
116,6435.29,0.60251,1.05959,0.99676,0.87935,0.9499,0.92534,0.80999,0.6667,0.92833,0.94995,0.00998708,0.00998708,0.00998708
117,6485.21,0.60417,0.9542,0.97806,0.88006,0.93281,0.92091,0.80831,0.6546,0.95129,0.93319,0.00998686,0.00998686,0.00998686
118,6535.43,0.60964,0.97123,0.98768,0.86609,0.96048,0.92801,0.81919,0.6425,0.96358,0.9322,0.00998663,0.00998663,0.00998663
119,6584.52,0.599,0.93382,0.98731,0.88244,0.9499,0.93985,0.83232,0.65106,0.94315,0.93286,0.0099864,0.0099864,0.0099864
120,6634.37,0.60398,0.9594,0.98783,0.88517,0.9502,0.93676,0.83263,0.64495,0.93036,0.93313,0.00998617,0.00998617,0.00998617
121,6683.84,0.61374,0.97925,0.99418,0.88101,0.93667,0.94002,0.83029,0.64607,0.92881,0.93804,0.00998594,0.00998594,0.00998594
122,6734.06,0.61158,1.02043,0.9801,0.87675,0.94932,0.94202,0.82604,0.65882,0.97707,0.94858,0.0099857,0.0099857,0.0099857
123,6783.42,0.61809,0.97848,1.00041,0.87478,0.94966,0.94466,0.83262,0.65098,0.95786,0.93805,0.00998546,0.00998546,0.00998546
124,6833.41,0.60747,0.94708,0.98423,0.87699,0.94726,0.9411,0.83271,0.64461,0.93347,0.93832,0.00998522,0.00998522,0.00998522
125,6883.35,0.59916,0.96494,0.98752,0.88359,0.93246,0.93886,0.82957,0.66047,0.94397,0.9387,0.00998498,0.00998498,0.00998498
126,6932.94,0.60019,1.00504,0.97527,0.90136,0.92522,0.93319,0.82246,0.65741,0.95516,0.94966,0.00998474,0.00998474,0.00998474
127,6981.02,0.61317,0.94577,0.99157,0.90553,0.93138,0.9416,0.83117,0.65848,0.93167,0.95593,0.0099845,0.0099845,0.0099845
128,7028.68,0.57409,0.91069,0.97211,0.89992,0.93138,0.93971,0.82671,0.66097,0.93927,0.96607,0.00998425,0.00998425,0.00998425
129,7076.43,0.61592,0.94142,0.9837,0.88733,0.9499,0.93919,0.82546,0.65834,0.93237,0.95815,0.009984,0.009984,0.009984
130,7124.7,0.5889,0.97458,0.97817,0.89927,0.93932,0.93637,0.82591,0.64747,0.93318,0.94883,0.00998375,0.00998375,0.00998375
131,7173.89,0.61461,0.99207,1.00067,0.89838,0.94229,0.94557,0.83682,0.64818,0.90885,0.94771,0.0099835,0.0099835,0.0099835
132,7223.66,0.59541,0.92428,0.97581,0.8862,0.94948,0.93558,0.82757,0.65058,0.93435,0.94695,0.00998324,0.00998324,0.00998324
133,7273.72,0.59424,0.91681,0.97399,0.88731,0.9499,0.93554,0.82381,0.65826,0.92253,0.94352,0.00998298,0.00998298,0.00998298
134,7323.17,0.59579,0.93044,0.97664,0.87851,0.94461,0.93062,0.81247,0.66217,0.93641,0.94354,0.00998273,0.00998273,0.00998273
135,7373.31,0.59735,0.94804,0.98854,0.88512,0.95255,0.92411,0.81006,0.65076,0.91306,0.93692,0.00998247,0.00998247,0.00998247
136,7424.26,0.59786,0.91609,0.97936,0.8961,0.9463,0.92814,0.81368,0.66166,0.94445,0.94617,0.0099822,0.0099822,0.0099822
137,7473.95,0.59568,0.951,0.98404,0.89229,0.94196,0.93319,0.81767,0.63644,0.94016,0.93016,0.00998194,0.00998194,0.00998194
138,7524.14,0.58912,0.93206,0.97266,0.908,0.92609,0.93991,0.8302,0.6472,0.93942,0.94106,0.00998167,0.00998167,0.00998167
139,7574.01,0.58864,0.91917,0.97273,0.90727,0.91567,0.93498,0.82753,0.64954,0.94206,0.94567,0.0099814,0.0099814,0.0099814
140,7624.33,0.5889,0.93695,0.97469,0.87399,0.94746,0.93048,0.82091,0.647,0.94383,0.93859,0.00998113,0.00998113,0.00998113
141,7674.97,0.57951,0.91692,0.96997,0.89581,0.93279,0.92598,0.81588,0.64175,0.92528,0.93376,0.00998086,0.00998086,0.00998086
142,7723.84,0.5977,0.93298,0.97868,0.89076,0.93667,0.93832,0.82618,0.63568,0.92264,0.93379,0.00998059,0.00998059,0.00998059
143,7774.15,0.57906,0.91,0.98084,0.91533,0.91751,0.9381,0.82565,0.62961,0.93459,0.93255,0.00998031,0.00998031,0.00998031
144,7822.49,0.58885,0.92937,0.97733,0.90807,0.91551,0.94139,0.83232,0.63322,0.93178,0.93284,0.00998003,0.00998003,0.00998003
145,7871.63,0.57708,0.89541,0.96777,0.89625,0.91563,0.93849,0.82865,0.63716,0.95928,0.93639,0.00997975,0.00997975,0.00997975
146,7920.24,0.58719,0.89917,0.97158,0.90184,0.93221,0.93995,0.83137,0.64186,0.93652,0.93765,0.00997947,0.00997947,0.00997947
147,7970.76,0.58283,0.88572,0.96842,0.89748,0.9352,0.93759,0.82954,0.64874,0.9291,0.93865,0.00997919,0.00997919,0.00997919
148,8020.07,0.59287,0.90992,0.97847,0.88932,0.94726,0.93901,0.83387,0.6399,0.91623,0.93555,0.0099789,0.0099789,0.0099789
149,8069.92,0.58723,0.87964,0.97717,0.87498,0.95784,0.94262,0.83554,0.64217,0.90971,0.93233,0.00997861,0.00997861,0.00997861
150,8119.89,0.58414,0.86237,0.97759,0.89463,0.92874,0.9416,0.83126,0.65339,0.94742,0.93736,0.00997832,0.00997832,0.00997832
151,8168.71,0.58404,0.92714,0.97831,0.89339,0.93103,0.94111,0.83439,0.65374,0.93773,0.93245,0.00997803,0.00997803,0.00997803
152,8218.19,0.57992,0.97713,0.96382,0.88259,0.93943,0.93757,0.82788,0.64907,0.94032,0.93415,0.00997774,0.00997774,0.00997774
153,8268.37,0.58792,0.93537,0.97556,0.88822,0.93932,0.93536,0.82569,0.6457,0.94337,0.93526,0.00997744,0.00997744,0.00997744
154,8320.37,0.58365,0.879,0.97016,0.89641,0.92763,0.93833,0.8304,0.64202,0.94266,0.9356,0.00997714,0.00997714,0.00997714
155,8371.13,0.58414,0.90853,0.97859,0.87994,0.93923,0.93428,0.83111,0.64477,0.96562,0.94216,0.00997685,0.00997685,0.00997685
156,8420.77,0.57874,0.86917,0.97018,0.88969,0.93667,0.93413,0.82901,0.64185,0.94074,0.94083,0.00997654,0.00997654,0.00997654
157,8470.7,0.56648,0.88726,0.96679,0.88334,0.93136,0.93867,0.83432,0.63876,0.94721,0.93992,0.00997624,0.00997624,0.00997624
158,8519.99,0.58503,0.8866,0.96573,0.89442,0.92769,0.93253,0.82612,0.63229,0.93846,0.93891,0.00997594,0.00997594,0.00997594
159,8570.26,0.58231,0.91326,0.97702,0.88235,0.94459,0.93846,0.8341,0.63087,0.93318,0.93766,0.00997563,0.00997563,0.00997563
160,8621.06,0.58493,0.8857,0.96623,0.8912,0.93932,0.93485,0.82773,0.62724,0.92352,0.93455,0.00997532,0.00997532,0.00997532
161,8670.72,0.57403,0.87664,0.97675,0.88716,0.93504,0.93802,0.83396,0.62768,0.93221,0.9359,0.00997501,0.00997501,0.00997501
162,8720.94,0.57923,0.88986,0.96385,0.89819,0.93599,0.94124,0.83569,0.63099,0.93525,0.939,0.00997469,0.00997469,0.00997469
163,8770.82,0.57622,0.88478,0.96841,0.89861,0.92532,0.93945,0.83357,0.62998,0.93548,0.93979,0.00997438,0.00997438,0.00997438
164,8820.55,0.5758,0.87784,0.96585,0.89815,0.93865,0.94409,0.8393,0.63194,0.91262,0.94001,0.00997406,0.00997406,0.00997406
165,8870.83,0.56863,0.89734,0.95249,0.89685,0.93987,0.94309,0.83896,0.63047,0.91451,0.93827,0.00997374,0.00997374,0.00997374
166,8920.67,0.57264,0.88912,0.98931,0.89319,0.94152,0.93596,0.83375,0.6267,0.9157,0.93257,0.00997342,0.00997342,0.00997342
167,8969.18,0.58016,0.86301,0.97644,0.89864,0.93881,0.93819,0.83802,0.62407,0.91999,0.93122,0.0099731,0.0099731,0.0099731
168,9018.98,0.59169,0.89152,0.99257,0.904,0.94461,0.94056,0.83875,0.62939,0.92813,0.93528,0.00997277,0.00997277,0.00997277
169,9067.64,0.56308,0.86962,0.95169,0.90393,0.94461,0.93827,0.83393,0.62528,0.92641,0.93306,0.00997245,0.00997245,0.00997245
170,9117.64,0.58129,0.87227,0.98015,0.89418,0.94196,0.93821,0.83661,0.62974,0.94134,0.93851,0.00997212,0.00997212,0.00997212
171,9167.41,0.56947,0.86625,0.97324,0.90097,0.93939,0.93665,0.8362,0.63045,0.94753,0.93781,0.00997179,0.00997179,0.00997179
172,9217.34,0.57138,0.8626,0.96585,0.90082,0.92512,0.93612,0.83304,0.62318,0.93812,0.93223,0.00997146,0.00997146,0.00997146
173,9267.71,0.56967,0.86018,0.96531,0.88347,0.94461,0.9363,0.83158,0.62219,0.92084,0.93183,0.00997112,0.00997112,0.00997112
174,9317.09,0.55538,0.84882,0.96635,0.89442,0.94303,0.93274,0.82851,0.61982,0.90899,0.93118,0.00997079,0.00997079,0.00997079
175,9366.49,0.56727,0.86706,0.95842,0.89466,0.94196,0.9315,0.82726,0.62017,0.92147,0.93128,0.00997045,0.00997045,0.00997045
176,9416.04,0.56448,0.85783,0.9538,0.8922,0.94419,0.93295,0.8257,0.61894,0.9195,0.92857,0.00997011,0.00997011,0.00997011
177,9465.95,0.57808,0.89217,0.96875,0.90136,0.93932,0.93704,0.82721,0.62202,0.91327,0.92924,0.00996976,0.00996976,0.00996976
178,9517.07,0.56531,0.86937,0.96859,0.905,0.9409,0.93732,0.82909,0.62161,0.91014,0.92634,0.00996942,0.00996942,0.00996942
179,9566.3,0.55802,0.87101,0.96092,0.90444,0.94196,0.94194,0.832,0.61835,0.91659,0.92642,0.00996907,0.00996907,0.00996907
180,9615.41,0.58262,0.85685,0.97377,0.9021,0.94196,0.9443,0.83717,0.61974,0.91375,0.92917,0.00996873,0.00996873,0.00996873
181,9665.03,0.58064,0.97666,0.97702,0.89917,0.93983,0.9444,0.83956,0.61867,0.90999,0.92827,0.00996838,0.00996838,0.00996838
182,9715.3,0.58496,0.86868,0.97548,0.89403,0.94196,0.9457,0.84005,0.61517,0.90746,0.92529,0.00996802,0.00996802,0.00996802
183,9764.86,0.57157,0.83829,0.97377,0.89638,0.94106,0.94226,0.83916,0.61255,0.91098,0.92244,0.00996767,0.00996767,0.00996767
184,9815.37,0.57086,0.84746,0.95603,0.89582,0.94196,0.94284,0.84,0.61334,0.91177,0.92363,0.00996731,0.00996731,0.00996731
185,9864.72,0.57441,0.8931,0.97111,0.89937,0.94196,0.94147,0.84024,0.6148,0.9046,0.92414,0.00996696,0.00996696,0.00996696
186,9913.75,0.5675,0.87301,0.96845,0.8976,0.94461,0.94189,0.83957,0.61667,0.89988,0.92369,0.0099666,0.0099666,0.0099666
187,9963.86,0.55089,0.87042,0.94923,0.89581,0.94461,0.94176,0.83814,0.61778,0.89806,0.92318,0.00996624,0.00996624,0.00996624
188,10013,0.56484,0.84527,0.96306,0.89679,0.94726,0.94078,0.838,0.61878,0.89716,0.92433,0.00996587,0.00996587,0.00996587
189,10063.2,0.56364,0.85617,0.95794,0.8974,0.94726,0.94006,0.83855,0.61658,0.89479,0.924,0.00996551,0.00996551,0.00996551
190,10112,0.56606,0.84765,0.95727,0.89913,0.94196,0.93939,0.83714,0.61865,0.89153,0.92639,0.00996514,0.00996514,0.00996514
191,10160.6,0.56339,0.85831,0.96063,0.90056,0.94444,0.94001,0.83717,0.6176,0.89321,0.92676,0.00996477,0.00996477,0.00996477
192,10209.3,0.5798,0.85703,0.98163,0.89679,0.94461,0.93992,0.83753,0.6169,0.89815,0.92536,0.0099644,0.0099644,0.0099644
193,10259.4,0.56842,0.86398,0.9759,0.89759,0.94196,0.94123,0.83937,0.61816,0.90148,0.92472,0.00996402,0.00996402,0.00996402
194,10309,0.58227,0.88216,0.98207,0.88813,0.95255,0.94048,0.83955,0.61919,0.90957,0.92545,0.00996365,0.00996365,0.00996365
195,10359.3,0.59837,0.96193,0.98008,0.88905,0.95255,0.93828,0.83514,0.61915,0.89491,0.92513,0.00996327,0.00996327,0.00996327
196,10409.1,0.55998,0.83082,0.96767,0.88896,0.9499,0.93861,0.83711,0.61869,0.89641,0.92419,0.00996289,0.00996289,0.00996289
197,10459.5,0.56383,0.83351,0.96389,0.89107,0.95255,0.93785,0.84023,0.61851,0.90231,0.92414,0.00996251,0.00996251,0.00996251
198,10508.9,0.55856,0.82485,0.95843,0.90337,0.94059,0.93778,0.84127,0.62067,0.89555,0.9256,0.00996213,0.00996213,0.00996213
199,10558,0.55615,0.80769,0.95557,0.90267,0.9377,0.93875,0.83777,0.6209,0.89265,0.92585,0.00996174,0.00996174,0.00996174
200,10606.6,0.56323,0.84673,0.96711,0.9007,0.93871,0.94044,0.84052,0.61947,0.89026,0.92437,0.00996136,0.00996136,0.00996136
201,10655.3,0.56534,0.83203,0.96109,0.89948,0.93886,0.94189,0.83919,0.62077,0.8886,0.92612,0.00996097,0.00996097,0.00996097
202,10704.5,0.57191,0.83864,0.9614,0.89437,0.94645,0.94532,0.84327,0.61793,0.88809,0.92487,0.00996058,0.00996058,0.00996058
203,10752.4,0.56682,0.85259,0.97481,0.89765,0.93488,0.94616,0.84647,0.61667,0.88892,0.92498,0.00996018,0.00996018,0.00996018
204,10800.9,0.55522,0.94305,0.95622,0.895,0.9471,0.94707,0.84521,0.61634,0.88815,0.92532,0.00995979,0.00995979,0.00995979
205,10850.6,0.56238,0.89862,0.96132,0.89752,0.9461,0.94688,0.8476,0.61642,0.88977,0.92613,0.00995939,0.00995939,0.00995939
206,10898.7,0.5725,0.87112,0.9634,0.89753,0.9468,0.94675,0.84719,0.61556,0.89093,0.92566,0.00995899,0.00995899,0.00995899
207,10946.8,0.56374,0.83462,0.95928,0.89724,0.94531,0.94857,0.84641,0.615,0.8835,0.92559,0.00995859,0.00995859,0.00995859
208,10994.7,0.55215,0.82413,0.95486,0.90357,0.93944,0.94726,0.84452,0.61615,0.8813,0.92659,0.00995819,0.00995819,0.00995819
209,11043.6,0.54727,0.80793,0.94366,0.90356,0.93959,0.94772,0.84511,0.61679,0.88102,0.92588,0.00995779,0.00995779,0.00995779
210,11092.4,0.56405,0.82686,0.96602,0.90561,0.93703,0.94663,0.84341,0.61716,0.88103,0.92516,0.00995738,0.00995738,0.00995738
211,11142,0.55753,0.80961,0.95609,0.90534,0.93466,0.94755,0.84467,0.61716,0.88478,0.92552,0.00995697,0.00995697,0.00995697
212,11190.6,0.55488,0.81796,0.95494,0.90372,0.93263,0.94757,0.84608,0.6175,0.88334,0.9259,0.00995656,0.00995656,0.00995656
213,11238,0.55369,0.81598,0.95889,0.8888,0.95255,0.94736,0.8463,0.6155,0.88241,0.92445,0.00995615,0.00995615,0.00995615
214,11285.8,0.55802,0.8418,0.95587,0.88987,0.95255,0.94695,0.84591,0.61363,0.88301,0.92319,0.00995574,0.00995574,0.00995574
215,11335.3,0.54896,0.8176,0.95194,0.88951,0.95255,0.94665,0.84656,0.61462,0.88034,0.9244,0.00995532,0.00995532,0.00995532
216,11384.6,0.56227,0.83834,0.96151,0.88912,0.9499,0.9458,0.84506,0.61591,0.87807,0.92502,0.0099549,0.0099549,0.0099549
217,11433.4,0.55084,0.82814,0.95825,0.88748,0.95405,0.94557,0.84375,0.61782,0.88554,0.92667,0.00995448,0.00995448,0.00995448
218,11483.1,0.55184,0.80241,0.95408,0.8874,0.95473,0.94564,0.84263,0.61769,0.88551,0.92608,0.00995406,0.00995406,0.00995406
219,11532,0.54925,0.80369,0.95185,0.8857,0.95255,0.94435,0.84109,0.61752,0.88993,0.92526,0.00995364,0.00995364,0.00995364
220,11580.3,0.5441,0.84136,0.95348,0.88612,0.95255,0.94386,0.83999,0.61625,0.88809,0.92384,0.00995321,0.00995321,0.00995321
221,11627.9,0.55051,0.84379,0.94963,0.88593,0.95255,0.94391,0.83947,0.61546,0.88838,0.9233,0.00995278,0.00995278,0.00995278
222,11675.5,0.55168,0.82265,0.95165,0.88941,0.95334,0.94272,0.84014,0.6143,0.88703,0.92295,0.00995235,0.00995235,0.00995235
223,11723.7,0.55687,0.82379,0.95468,0.88798,0.95255,0.94165,0.8385,0.61583,0.88846,0.92517,0.00995192,0.00995192,0.00995192
224,11772,0.55004,0.81208,0.95736,0.88901,0.95255,0.94165,0.83921,0.61451,0.88203,0.92437,0.00995149,0.00995149,0.00995149
225,11819.5,0.53605,0.81253,0.94034,0.8894,0.95255,0.94243,0.8407,0.61436,0.87926,0.92421,0.00995105,0.00995105,0.00995105
226,11867.9,0.54028,0.81261,0.94643,0.88932,0.95337,0.93927,0.83754,0.61336,0.87498,0.92381,0.00995062,0.00995062,0.00995062
227,11916.3,0.54646,0.80998,0.95585,0.88898,0.95232,0.94096,0.84001,0.61271,0.87702,0.92317,0.00995018,0.00995018,0.00995018
228,11966.1,0.55895,0.82227,0.97184,0.89106,0.95237,0.94049,0.83936,0.61157,0.872,0.92234,0.00994974,0.00994974,0.00994974
229,12015.3,0.56242,0.81498,0.953,0.89176,0.95166,0.94102,0.84047,0.6123,0.8743,0.92248,0.00994929,0.00994929,0.00994929
230,12064.3,0.54252,0.80749,0.94796,0.89243,0.95031,0.94068,0.84174,0.61276,0.87034,0.92296,0.00994885,0.00994885,0.00994885
231,12113.4,0.55404,0.80452,0.95313,0.89177,0.9499,0.94052,0.84145,0.61213,0.87017,0.92296,0.0099484,0.0099484,0.0099484
232,12162.5,0.52795,0.78941,0.94044,0.89205,0.9499,0.94102,0.84086,0.61258,0.86729,0.92275,0.00994795,0.00994795,0.00994795
233,12211.4,0.54121,0.79469,0.94316,0.89191,0.9499,0.9414,0.84154,0.61227,0.86567,0.9228,0.0099475,0.0099475,0.0099475
234,12260.7,0.53024,0.77773,0.93516,0.89197,0.9499,0.94121,0.84209,0.61098,0.86206,0.92224,0.00994705,0.00994705,0.00994705
235,12309.3,0.54471,0.80969,0.94665,0.89156,0.9499,0.93981,0.84046,0.61152,0.86638,0.92271,0.00994659,0.00994659,0.00994659
236,12356.6,0.54161,0.80472,0.94419,0.89125,0.9499,0.93834,0.83991,0.61215,0.87026,0.92353,0.00994614,0.00994614,0.00994614
237,12404.2,0.54704,0.78528,0.94458,0.89197,0.9499,0.93985,0.8418,0.61282,0.86742,0.92449,0.00994568,0.00994568,0.00994568
238,12450.7,0.54436,0.79777,0.94642,0.89212,0.9499,0.93921,0.84231,0.61264,0.87307,0.925,0.00994522,0.00994522,0.00994522
239,12498.6,0.55302,0.83013,0.95609,0.89231,0.9499,0.94067,0.84291,0.61312,0.87594,0.92566,0.00994476,0.00994476,0.00994476
240,12547.8,0.54825,0.81172,0.94805,0.89255,0.9499,0.94211,0.84312,0.61236,0.87493,0.92537,0.00994429,0.00994429,0.00994429
241,12597,0.53972,0.8587,0.94028,0.89279,0.9499,0.94331,0.84455,0.61258,0.87461,0.92553,0.00994383,0.00994383,0.00994383
242,12645,0.54833,0.79658,0.95104,0.89276,0.9499,0.94352,0.84255,0.61291,0.87651,0.92533,0.00994336,0.00994336,0.00994336
243,12692.8,0.54003,0.78277,0.95269,0.89288,0.9499,0.94392,0.84177,0.61248,0.87779,0.9252,0.00994289,0.00994289,0.00994289
244,12740.9,0.53534,0.77845,0.9432,0.89276,0.9495,0.94422,0.8447,0.61003,0.86991,0.9236,0.00994242,0.00994242,0.00994242
245,12788.8,0.54001,0.78357,0.94181,0.89258,0.94927,0.94427,0.84488,0.60962,0.87056,0.92354,0.00994194,0.00994194,0.00994194
246,12836.7,0.53378,0.77018,0.94879,0.89251,0.94985,0.94427,0.84397,0.61225,0.88023,0.92519,0.00994147,0.00994147,0.00994147
247,12883.9,0.55175,0.81271,0.96312,0.89182,0.9499,0.94549,0.84345,0.61175,0.88046,0.92487,0.00994099,0.00994099,0.00994099
248,12932.2,0.5533,0.83379,0.96288,0.89111,0.9499,0.94588,0.84354,0.61202,0.88236,0.9249,0.00994051,0.00994051,0.00994051
249,12981.4,0.52969,0.90178,0.94063,0.89125,0.9499,0.94627,0.84241,0.61185,0.8811,0.92518,0.00994003,0.00994003,0.00994003
250,13031.3,0.54196,0.79543,0.95277,0.89147,0.9499,0.9464,0.84578,0.61111,0.88018,0.92484,0.00993954,0.00993954,0.00993954
251,13081.4,0.53927,0.80925,0.94876,0.89192,0.94816,0.94645,0.84519,0.61038,0.8799,0.92456,0.00993906,0.00993906,0.00993906
252,13130.5,0.54174,0.7983,0.9495,0.89184,0.94783,0.94757,0.84774,0.61002,0.88071,0.92449,0.00993857,0.00993857,0.00993857
253,13178.3,0.52125,0.78245,0.93277,0.89274,0.94726,0.94612,0.8469,0.61008,0.88499,0.92469,0.00993808,0.00993808,0.00993808
254,13226,0.52801,0.77813,0.93998,0.89421,0.94726,0.94816,0.8469,0.6098,0.88558,0.92465,0.00993759,0.00993759,0.00993759
255,13274.4,0.54018,0.78424,0.95528,0.89448,0.94604,0.94679,0.84601,0.60953,0.88866,0.92471,0.0099371,0.0099371,0.0099371
256,13323.4,0.54415,0.80639,0.94915,0.89509,0.94461,0.94607,0.84461,0.60992,0.88949,0.92494,0.0099366,0.0099366,0.0099366
257,13372.5,0.53968,0.782,0.94578,0.89693,0.94656,0.94567,0.846,0.6101,0.88622,0.92515,0.0099361,0.0099361,0.0099361
258,13420.7,0.53913,0.78347,0.94992,0.89672,0.94726,0.94658,0.84553,0.61029,0.88789,0.92542,0.0099356,0.0099356,0.0099356
259,13469.9,0.53326,0.79147,0.94891,0.89657,0.94726,0.94638,0.84539,0.60989,0.88749,0.92507,0.0099351,0.0099351,0.0099351
260,13517.8,0.52565,0.76503,0.93808,0.89688,0.94726,0.94576,0.84518,0.60962,0.89059,0.92483,0.0099346,0.0099346,0.0099346
261,13565,0.53278,0.80151,0.94571,0.89662,0.94726,0.9444,0.844,0.60914,0.8916,0.92467,0.0099341,0.0099341,0.0099341
262,13613.3,0.53316,0.7699,0.93466,0.89644,0.94726,0.94306,0.84292,0.60854,0.89155,0.92457,0.00993359,0.00993359,0.00993359
263,13660.7,0.53823,0.78598,0.94445,0.89692,0.94726,0.94499,0.84363,0.60852,0.89282,0.92483,0.00993308,0.00993308,0.00993308
264,13708.1,0.53626,0.78346,0.94365,0.8971,0.9472,0.94306,0.8418,0.6048,0.88246,0.92204,0.00993257,0.00993257,0.00993257
265,13756.1,0.5441,0.8109,0.94608,0.89706,0.94704,0.94397,0.84299,0.60445,0.88328,0.9219,0.00993206,0.00993206,0.00993206
266,13804.4,0.53129,0.77516,0.95135,0.89699,0.94687,0.94253,0.83818,0.60433,0.88298,0.92216,0.00993154,0.00993154,0.00993154
267,13852.9,0.52667,0.96969,0.93025,0.89704,0.94681,0.94483,0.84339,0.60431,0.88068,0.92194,0.00993103,0.00993103,0.00993103
268,13901.8,0.52423,0.75656,0.93987,0.897,0.94633,0.94416,0.83905,0.60782,0.89301,0.92462,0.00993051,0.00993051,0.00993051
269,13950.4,0.5288,0.78049,0.95129,0.89709,0.94575,0.94368,0.83911,0.60756,0.89448,0.92466,0.00992999,0.00992999,0.00992999
270,13998.2,0.53714,0.7997,0.94983,0.89708,0.94564,0.94309,0.83827,0.60758,0.89411,0.92465,0.00992946,0.00992946,0.00992946
271,14045.4,0.53749,0.79298,0.94953,0.89708,0.9457,0.9423,0.83706,0.60681,0.89244,0.92445,0.00992894,0.00992894,0.00992894
272,14093,0.52581,0.7871,0.93762,0.90111,0.93778,0.94258,0.83785,0.60218,0.87219,0.92027,0.00992841,0.00992841,0.00992841
273,14141.6,0.52892,0.78985,0.93619,0.90114,0.93805,0.94303,0.83812,0.6022,0.87329,0.92009,0.00992789,0.00992789,0.00992789
274,14190.1,0.51884,0.74574,0.93253,0.90116,0.93815,0.94296,0.83772,0.60307,0.88508,0.9203,0.00992736,0.00992736,0.00992736
275,14238.4,0.52924,0.78927,0.9454,0.90113,0.9379,0.94213,0.83664,0.60612,0.90092,0.92263,0.00992682,0.00992682,0.00992682
276,14285.6,0.53036,0.76604,0.94363,0.90129,0.93689,0.94272,0.83787,0.60249,0.89038,0.91952,0.00992629,0.00992629,0.00992629
277,14333.9,0.534,0.79778,0.94457,0.90359,0.93934,0.94158,0.83984,0.60094,0.88634,0.91822,0.00992576,0.00992576,0.00992576
278,14380.2,0.52432,0.75728,0.93602,0.90358,0.9393,0.94225,0.84011,0.60047,0.88596,0.91781,0.00992522,0.00992522,0.00992522
279,14427.3,0.52723,0.77439,0.95091,0.90232,0.93969,0.94182,0.83914,0.60045,0.88571,0.91789,0.00992468,0.00992468,0.00992468
280,14474.8,0.52231,0.75968,0.93311,0.8994,0.94287,0.93904,0.83888,0.6003,0.88319,0.91824,0.00992414,0.00992414,0.00992414
281,14522.3,0.54122,0.81301,0.96126,0.89944,0.9433,0.94034,0.83919,0.59874,0.87619,0.91724,0.00992359,0.00992359,0.00992359
282,14570,0.52972,0.76971,0.94104,0.90149,0.93969,0.93955,0.83876,0.598,0.87607,0.91683,0.00992305,0.00992305,0.00992305
283,14618.7,0.5285,0.76726,0.94608,0.89918,0.94108,0.93822,0.8371,0.59817,0.87695,0.9167,0.0099225,0.0099225,0.0099225
284,14666.5,0.51981,0.78455,0.9416,0.90153,0.93989,0.9404,0.84036,0.5978,0.87912,0.91644,0.00992195,0.00992195,0.00992195
285,14715.4,0.53871,0.79236,0.95133,0.9015,0.94006,0.9396,0.83695,0.59757,0.87931,0.91615,0.0099214,0.0099214,0.0099214
286,14763.6,0.53368,0.77495,0.94813,0.90159,0.94031,0.9405,0.83875,0.59774,0.87872,0.91614,0.00992085,0.00992085,0.00992085
287,14812.2,0.52464,0.7564,0.93874,0.90162,0.9404,0.93867,0.83706,0.59752,0.8782,0.91601,0.00992029,0.00992029,0.00992029
288,14861,0.52957,0.75348,0.93514,0.90176,0.94054,0.9402,0.83871,0.59745,0.87822,0.91574,0.00991974,0.00991974,0.00991974
289,14910.6,0.54213,0.75635,0.94806,0.90368,0.93688,0.93987,0.8399,0.59697,0.87669,0.91548,0.00991918,0.00991918,0.00991918
290,14959.3,0.5393,0.76725,0.94478,0.9059,0.93952,0.93952,0.8405,0.59976,0.88494,0.91794,0.00991862,0.00991862,0.00991862
291,15007.8,0.51923,0.75311,0.93513,0.90536,0.93989,0.94035,0.84101,0.60037,0.88629,0.91872,0.00991805,0.00991805,0.00991805
292,15056.9,0.51254,0.75486,0.92698,0.90549,0.94005,0.94011,0.8405,0.60051,0.88555,0.91872,0.00991749,0.00991749,0.00991749
293,15106.1,0.51624,0.77262,0.94172,0.90683,0.9402,0.94014,0.8405,0.60009,0.88592,0.91847,0.00991692,0.00991692,0.00991692
294,15154.3,0.52022,0.7407,0.92889,0.90675,0.94045,0.94095,0.84139,0.59971,0.88551,0.91813,0.00991635,0.00991635,0.00991635
295,15203.7,0.52542,0.76869,0.93771,0.90806,0.93791,0.94089,0.84121,0.59931,0.88494,0.91801,0.00991578,0.00991578,0.00991578
296,15251.4,0.53358,0.74765,0.94018,0.90438,0.94136,0.94009,0.84038,0.599,0.87925,0.91815,0.00991521,0.00991521,0.00991521
297,15299.3,0.52355,0.76208,0.94437,0.90453,0.94143,0.94047,0.84146,0.59885,0.87909,0.91821,0.00991464,0.00991464,0.00991464
298,15347.5,0.52669,0.77174,0.94242,0.90468,0.94169,0.93955,0.84038,0.59865,0.87712,0.91815,0.00991406,0.00991406,0.00991406
299,15395,0.52322,0.75082,0.93216,0.90501,0.94169,0.9386,0.83885,0.59878,0.87805,0.91832,0.00991348,0.00991348,0.00991348
300,15442.7,0.51661,0.78065,0.93749,0.90492,0.94169,0.93921,0.83946,0.59895,0.87825,0.91846,0.0099129,0.0099129,0.0099129
301,15490.7,0.5286,0.77016,0.94015,0.90501,0.94144,0.93978,0.84041,0.5986,0.8769,0.91842,0.00991232,0.00991232,0.00991232
302,15539,0.52551,0.74964,0.95223,0.90515,0.94144,0.939,0.83996,0.59877,0.87834,0.91852,0.00991174,0.00991174,0.00991174
303,15587.5,0.51431,0.74631,0.92985,0.90489,0.94133,0.93971,0.84038,0.59872,0.87819,0.91852,0.00991115,0.00991115,0.00991115
304,15635.1,0.52298,0.88681,0.92789,0.90431,0.94134,0.93827,0.83854,0.59869,0.87752,0.91852,0.00991056,0.00991056,0.00991056
305,15681.9,0.51738,0.77457,0.9356,0.90424,0.94109,0.94013,0.84222,0.59823,0.87673,0.9184,0.00990998,0.00990998,0.00990998
306,15729.2,0.53254,0.76457,0.94637,0.90379,0.94084,0.9398,0.84027,0.59796,0.87575,0.91834,0.00990938,0.00990938,0.00990938
307,15776.3,0.53029,0.75824,0.93954,0.90348,0.94078,0.94099,0.84133,0.5986,0.88169,0.91907,0.00990879,0.00990879,0.00990879
308,15824.4,0.52978,0.77734,0.94716,0.9038,0.94056,0.93933,0.8401,0.59839,0.88193,0.91881,0.0099082,0.0099082,0.0099082
309,15871.2,0.51461,0.77126,0.93253,0.9036,0.94068,0.94001,0.83992,0.59809,0.88157,0.91859,0.0099076,0.0099076,0.0099076
310,15917.1,0.52025,0.75061,0.93668,0.90366,0.94062,0.93974,0.83861,0.59789,0.88229,0.91872,0.009907,0.009907,0.009907
311,15963.4,0.52191,0.74955,0.93803,0.90362,0.94003,0.93949,0.83904,0.59764,0.88242,0.9189,0.0099064,0.0099064,0.0099064
312,16009.7,0.53079,0.75353,0.93849,0.90352,0.93914,0.93896,0.83813,0.59707,0.88291,0.9186,0.0099058,0.0099058,0.0099058
313,16055.5,0.52951,0.7417,0.94118,0.90354,0.93935,0.93974,0.8385,0.59687,0.88371,0.91856,0.00990519,0.00990519,0.00990519
314,16101.4,0.51915,0.74575,0.94063,0.90356,0.93955,0.94031,0.83996,0.59695,0.8822,0.91842,0.00990458,0.00990458,0.00990458
315,16147.1,0.5323,0.77318,0.94091,0.90361,0.94002,0.9396,0.83876,0.59684,0.88307,0.91835,0.00990397,0.00990397,0.00990397
316,16193.4,0.52521,0.74241,0.94459,0.90368,0.94072,0.93981,0.83955,0.59973,0.89595,0.92157,0.00990336,0.00990336,0.00990336
317,16241.1,0.52146,0.76242,0.93905,0.9037,0.94122,0.93943,0.83977,0.59953,0.89497,0.92165,0.00990275,0.00990275,0.00990275
318,16287.4,0.51407,0.76274,0.94011,0.90353,0.94132,0.93879,0.83829,0.59963,0.89606,0.92185,0.00990214,0.00990214,0.00990214
319,16333.9,0.51516,0.75163,0.93346,0.90332,0.94142,0.93986,0.84074,0.59973,0.8965,0.92225,0.00990152,0.00990152,0.00990152
320,16380.9,0.51402,0.73025,0.93004,0.90315,0.94179,0.93935,0.83985,0.59952,0.89552,0.92185,0.0099009,0.0099009,0.0099009
321,16427.8,0.52531,0.74476,0.93789,0.90314,0.94196,0.94265,0.84307,0.59931,0.89397,0.9219,0.00990028,0.00990028,0.00990028
322,16474.1,0.53118,0.76396,0.93985,0.90305,0.94196,0.94207,0.84411,0.59888,0.89373,0.92166,0.00989966,0.00989966,0.00989966
323,16521.3,0.52617,0.76192,0.9394,0.90307,0.94196,0.94164,0.84279,0.59877,0.8932,0.92145,0.00989904,0.00989904,0.00989904
324,16568.6,0.52113,0.75672,0.93448,0.90304,0.94196,0.94211,0.84337,0.59835,0.89226,0.92125,0.00989841,0.00989841,0.00989841
325,16615.3,0.52078,0.76761,0.92895,0.90301,0.94196,0.94292,0.84421,0.59836,0.89324,0.92109,0.00989778,0.00989778,0.00989778
326,16661.6,0.5182,0.73345,0.93432,0.90308,0.94196,0.94165,0.84401,0.59814,0.89464,0.92063,0.00989715,0.00989715,0.00989715
327,16708.2,0.51219,0.74606,0.93957,0.90306,0.94196,0.94136,0.8431,0.59788,0.89257,0.9205,0.00989652,0.00989652,0.00989652
328,16753.6,0.51271,0.73662,0.93101,0.90314,0.94196,0.94141,0.84327,0.59738,0.89311,0.92033,0.00989589,0.00989589,0.00989589
329,16799.3,0.51546,0.73165,0.93101,0.90314,0.94196,0.9429,0.84457,0.59761,0.89219,0.92035,0.00989525,0.00989525,0.00989525
330,16846.1,0.51748,0.73199,0.931,0.9032,0.94196,0.94115,0.84442,0.59748,0.89196,0.92028,0.00989461,0.00989461,0.00989461
331,16891.7,0.52968,0.77662,0.94117,0.90325,0.94196,0.94165,0.8448,0.59748,0.89162,0.92054,0.00989398,0.00989398,0.00989398
332,16936.9,0.51214,0.731,0.92566,0.90343,0.94196,0.94313,0.84545,0.59766,0.88952,0.92079,0.00989333,0.00989333,0.00989333
333,16981.6,0.51783,0.73293,0.93134,0.90349,0.94196,0.94226,0.84568,0.59787,0.88914,0.92099,0.00989269,0.00989269,0.00989269
334,17025.9,0.50042,0.73164,0.92952,0.90357,0.94196,0.94277,0.84602,0.59815,0.88883,0.92097,0.00989205,0.00989205,0.00989205
335,17070.7,0.51408,0.73465,0.9361,0.90388,0.94196,0.94255,0.84609,0.59785,0.88754,0.92093,0.0098914,0.0098914,0.0098914
336,17116.2,0.51163,0.71423,0.92517,0.90376,0.94196,0.94274,0.84737,0.59254,0.87058,0.91576,0.00989075,0.00989075,0.00989075
337,17163.5,0.51547,0.73151,0.93481,0.90363,0.94196,0.94338,0.84775,0.59224,0.86958,0.91568,0.0098901,0.0098901,0.0098901
338,17209.4,0.50798,0.72588,0.92974,0.90387,0.94196,0.94292,0.84724,0.59254,0.86866,0.91601,0.00988945,0.00988945,0.00988945
339,17255.8,0.51254,0.73263,0.93743,0.9041,0.94196,0.94356,0.8481,0.5926,0.86838,0.91605,0.00988879,0.00988879,0.00988879
340,17303.2,0.51676,0.74995,0.94178,0.90444,0.94196,0.94325,0.84763,0.5929,0.86801,0.91615,0.00988814,0.00988814,0.00988814
341,17349.9,0.50153,0.74149,0.93055,0.90466,0.94196,0.94422,0.84929,0.59276,0.86763,0.91591,0.00988748,0.00988748,0.00988748
342,17397.1,0.51,0.7373,0.92827,0.90511,0.94196,0.94403,0.8489,0.59313,0.86745,0.91604,0.00988682,0.00988682,0.00988682
343,17444.3,0.50911,0.74373,0.93428,0.90556,0.94196,0.94447,0.84872,0.59316,0.86646,0.91609,0.00988615,0.00988615,0.00988615
344,17491.6,0.50873,0.71887,0.92475,0.90668,0.94196,0.9454,0.85028,0.59337,0.86621,0.91621,0.00988549,0.00988549,0.00988549
345,17539.5,0.50562,0.72587,0.93053,0.90699,0.94196,0.94492,0.84978,0.59365,0.86469,0.91626,0.00988482,0.00988482,0.00988482
346,17587,0.51395,0.73267,0.9305,0.90724,0.94196,0.94578,0.85024,0.59378,0.86395,0.9161,0.00988416,0.00988416,0.00988416
347,17634.7,0.51728,0.73943,0.93465,0.90735,0.94196,0.94592,0.85043,0.59352,0.86322,0.91589,0.00988349,0.00988349,0.00988349
348,17682,0.524,0.74141,0.9312,0.90754,0.94196,0.94526,0.84906,0.59369,0.86309,0.91596,0.00988281,0.00988281,0.00988281
349,17729.1,0.50174,0.70565,0.93397,0.90759,0.94196,0.94553,0.84964,0.59364,0.86306,0.91593,0.00988214,0.00988214,0.00988214
350,17775.6,0.49721,0.71488,0.91854,0.90765,0.94196,0.94539,0.8493,0.59346,0.86239,0.91586,0.00988147,0.00988147,0.00988147
351,17821.9,0.50798,0.71918,0.9315,0.90769,0.94196,0.94578,0.84952,0.59347,0.86339,0.9156,0.00988079,0.00988079,0.00988079
352,17867.8,0.50735,0.7254,0.92717,0.90769,0.94196,0.94574,0.85019,0.59325,0.86258,0.91534,0.00988011,0.00988011,0.00988011
353,17914,0.50962,0.7409,0.93334,0.90775,0.94196,0.94537,0.8502,0.59324,0.86173,0.91515,0.00987943,0.00987943,0.00987943
354,17960.3,0.50621,0.71807,0.92949,0.90799,0.94192,0.94545,0.84893,0.59309,0.86087,0.91471,0.00987874,0.00987874,0.00987874
355,18006.5,0.50137,0.71707,0.92921,0.90798,0.94188,0.9463,0.84956,0.59304,0.86177,0.91439,0.00987806,0.00987806,0.00987806
356,18053.1,0.50249,0.70969,0.93101,0.908,0.94196,0.94546,0.84809,0.59292,0.86083,0.91431,0.00987737,0.00987737,0.00987737
357,18099.6,0.51302,0.73655,0.92714,0.90801,0.94196,0.94594,0.84894,0.59263,0.86163,0.91416,0.00987668,0.00987668,0.00987668
358,18145.5,0.50446,0.71023,0.92918,0.90799,0.94169,0.9451,0.84751,0.5926,0.86213,0.91412,0.00987599,0.00987599,0.00987599
359,18190.8,0.53865,0.76065,0.95576,0.90559,0.93932,0.94572,0.84899,0.59241,0.86055,0.91394,0.0098753,0.0098753,0.0098753
360,18234.5,0.50496,0.70488,0.92366,0.90547,0.93932,0.94506,0.84842,0.59242,0.86105,0.91384,0.0098746,0.0098746,0.0098746
361,18279.3,0.51066,0.73535,0.92531,0.90541,0.93979,0.94534,0.84821,0.59235,0.85953,0.91369,0.00987391,0.00987391,0.00987391
362,18326,0.50236,0.7333,0.92733,0.90543,0.93932,0.9462,0.84884,0.59233,0.85967,0.91365,0.00987321,0.00987321,0.00987321
363,18374.3,0.50364,0.72363,0.92239,0.90545,0.93972,0.94629,0.84908,0.59207,0.85864,0.91323,0.00987251,0.00987251,0.00987251
364,18422.3,0.50926,0.71508,0.92591,0.90546,0.93996,0.94617,0.84911,0.59216,0.85915,0.91294,0.00987181,0.00987181,0.00987181
365,18469.7,0.50208,0.75155,0.92314,0.90547,0.94052,0.94619,0.84901,0.59249,0.85663,0.91319,0.0098711,0.0098711,0.0098711
366,18515.4,0.5096,0.73418,0.92925,0.90544,0.94009,0.94563,0.84799,0.59263,0.85656,0.91317,0.0098704,0.0098704,0.0098704
367,18561.2,0.50271,0.72628,0.92556,0.90543,0.94049,0.94625,0.8486,0.59233,0.85591,0.91306,0.00986969,0.00986969,0.00986969
368,18607.8,0.49717,0.75538,0.9239,0.9054,0.94001,0.94605,0.84826,0.59208,0.85449,0.91235,0.00986898,0.00986898,0.00986898
369,18653.7,0.5003,0.83397,0.91449,0.90536,0.93985,0.94562,0.84829,0.59184,0.85359,0.91193,0.00986827,0.00986827,0.00986827
370,18699.9,0.50596,0.74922,0.93236,0.90536,0.93995,0.94549,0.84769,0.59174,0.85199,0.91192,0.00986755,0.00986755,0.00986755
371,18746.2,0.51402,0.76397,0.94025,0.90534,0.93993,0.94607,0.84885,0.59145,0.85177,0.91192,0.00986684,0.00986684,0.00986684
372,18791.9,0.51538,0.72891,0.93433,0.90536,0.94011,0.94736,0.85002,0.59113,0.85078,0.91151,0.00986612,0.00986612,0.00986612
373,18836.7,0.51286,0.75571,0.93045,0.90535,0.93992,0.94697,0.85008,0.59121,0.85095,0.91164,0.0098654,0.0098654,0.0098654
374,18883.1,0.50246,0.74435,0.92632,0.90535,0.93995,0.94695,0.84946,0.59141,0.85021,0.91164,0.00986468,0.00986468,0.00986468
375,18928.7,0.50422,0.70834,0.92694,0.90534,0.93988,0.94528,0.84793,0.59122,0.85064,0.91172,0.00986396,0.00986396,0.00986396
376,18974.4,0.5064,0.74295,0.92276,0.90518,0.93932,0.94536,0.84811,0.5914,0.84999,0.91191,0.00986323,0.00986323,0.00986323
377,19019.7,0.51005,0.72151,0.93093,0.90546,0.93932,0.9466,0.84972,0.59123,0.8507,0.91207,0.0098625,0.0098625,0.0098625
378,19066.4,0.48803,0.70407,0.91782,0.90582,0.93932,0.94635,0.84963,0.59179,0.85073,0.91237,0.00986178,0.00986178,0.00986178
379,19112.3,0.50623,0.71756,0.93167,0.90603,0.93932,0.94538,0.84817,0.59168,0.85009,0.9126,0.00986104,0.00986104,0.00986104
380,19158,0.49835,0.70434,0.9242,0.9064,0.93932,0.94616,0.8492,0.59177,0.84903,0.91268,0.00986031,0.00986031,0.00986031
381,19204.4,0.51178,0.72969,0.9395,0.9064,0.93932,0.94564,0.84917,0.59158,0.85005,0.91273,0.00985958,0.00985958,0.00985958
382,19248.9,0.50384,0.69825,0.93644,0.90645,0.93932,0.94614,0.84918,0.59159,0.84862,0.91281,0.00985884,0.00985884,0.00985884
383,19295.3,0.51863,0.72951,0.92965,0.9064,0.93932,0.94598,0.84924,0.59146,0.84725,0.91273,0.0098581,0.0098581,0.0098581
384,19341.4,0.50235,0.72402,0.93062,0.90622,0.93932,0.94572,0.84869,0.59129,0.84761,0.91272,0.00985736,0.00985736,0.00985736
385,19387,0.49287,0.72089,0.92383,0.90602,0.93932,0.94642,0.84923,0.59114,0.84558,0.91256,0.00985662,0.00985662,0.00985662
386,19432.2,0.50393,0.72288,0.92308,0.90582,0.93932,0.94654,0.84916,0.59096,0.84555,0.91236,0.00985588,0.00985588,0.00985588
387,19477.9,0.48745,0.71685,0.9193,0.90564,0.93932,0.94567,0.84828,0.59075,0.84645,0.9122,0.00985513,0.00985513,0.00985513
388,19523.6,0.49269,0.70438,0.92796,0.90535,0.93932,0.94575,0.84815,0.59028,0.84481,0.91174,0.00985438,0.00985438,0.00985438
389,19569.4,0.5013,0.69808,0.92946,0.90528,0.93936,0.94508,0.84892,0.58987,0.84391,0.91162,0.00985363,0.00985363,0.00985363
390,19614.7,0.49669,0.73434,0.92009,0.90529,0.93955,0.94553,0.84921,0.58964,0.84391,0.91165,0.00985288,0.00985288,0.00985288
391,19661.1,0.4966,0.6982,0.92208,0.9053,0.93967,0.94496,0.84896,0.58941,0.8423,0.91156,0.00985213,0.00985213,0.00985213
392,19706.2,0.50693,0.73554,0.91583,0.90532,0.93971,0.9468,0.8508,0.58993,0.84396,0.91215,0.00985137,0.00985137,0.00985137
393,19751.8,0.50034,0.72876,0.92941,0.90534,0.93979,0.94694,0.85149,0.58971,0.8474,0.91208,0.00985061,0.00985061,0.00985061
394,19796.8,0.49974,0.72294,0.9185,0.90534,0.93969,0.94576,0.85084,0.59034,0.84625,0.9127,0.00984985,0.00984985,0.00984985
395,19842.2,0.51163,0.72368,0.93699,0.90534,0.9397,0.94457,0.84986,0.59047,0.84573,0.91324,0.00984909,0.00984909,0.00984909
396,19888.4,0.50256,0.71765,0.93715,0.90536,0.93993,0.94587,0.85202,0.5902,0.84437,0.91327,0.00984833,0.00984833,0.00984833
397,19933.7,0.50376,0.69456,0.93074,0.9054,0.94056,0.94623,0.85112,0.58982,0.84486,0.913,0.00984757,0.00984757,0.00984757
398,19980.5,0.50113,0.6977,0.92229,0.90538,0.93983,0.94483,0.8503,0.58967,0.84459,0.91299,0.0098468,0.0098468,0.0098468
399,20027,0.49948,0.7063,0.92724,0.90539,0.94048,0.94593,0.85087,0.58951,0.84436,0.91267,0.00984603,0.00984603,0.00984603
400,20072.6,0.50171,0.70616,0.916,0.90541,0.94069,0.94599,0.85196,0.58954,0.84482,0.91271,0.00984526,0.00984526,0.00984526
401,20119.9,0.50413,0.74854,0.91788,0.90542,0.94023,0.94566,0.85046,0.58935,0.84549,0.91265,0.00984449,0.00984449,0.00984449
402,20167.6,0.50055,0.7257,0.93064,0.90544,0.94025,0.9454,0.85107,0.58871,0.84495,0.91217,0.00984371,0.00984371,0.00984371
403,20213.7,0.49694,0.69427,0.9257,0.90542,0.9402,0.94554,0.85098,0.58871,0.84527,0.9121,0.00984294,0.00984294,0.00984294
404,20260.6,0.50077,0.70976,0.91621,0.90543,0.94025,0.94549,0.85186,0.58895,0.84334,0.91214,0.00984216,0.00984216,0.00984216
405,20308.5,0.49836,0.70502,0.92481,0.90544,0.94037,0.94589,0.85184,0.58856,0.8434,0.91194,0.00984138,0.00984138,0.00984138
406,20354.5,0.49377,0.68898,0.92431,0.90544,0.94042,0.94555,0.85027,0.5888,0.84449,0.9122,0.0098406,0.0098406,0.0098406
407,20401.4,0.49409,0.69361,0.91984,0.90543,0.94056,0.9458,0.8511,0.58844,0.84375,0.9122,0.00983981,0.00983981,0.00983981
408,20447.9,0.48989,0.71142,0.91132,0.90541,0.94054,0.94584,0.85158,0.58864,0.84352,0.91228,0.00983903,0.00983903,0.00983903
409,20494,0.5097,0.71889,0.94207,0.90542,0.94077,0.94543,0.85093,0.58891,0.84523,0.91247,0.00983824,0.00983824,0.00983824
410,20540,0.48833,0.69622,0.92693,0.90541,0.94073,0.94618,0.85194,0.58874,0.84561,0.91248,0.00983745,0.00983745,0.00983745
411,20587.8,0.50008,0.69488,0.92705,0.90544,0.94107,0.94583,0.85095,0.58891,0.84565,0.91269,0.00983666,0.00983666,0.00983666
412,20634.3,0.49549,0.71498,0.91674,0.90545,0.94119,0.94619,0.85186,0.58899,0.84536,0.91285,0.00983586,0.00983586,0.00983586
413,20681.4,0.50183,0.75051,0.93065,0.90546,0.94132,0.9468,0.85215,0.58903,0.84385,0.91299,0.00983507,0.00983507,0.00983507
414,20726.6,0.49895,0.69643,0.92412,0.90547,0.9414,0.94662,0.85295,0.5889,0.84218,0.91281,0.00983427,0.00983427,0.00983427
415,20772.4,0.48928,0.71079,0.9237,0.90471,0.94196,0.94688,0.85293,0.58911,0.84279,0.91289,0.00983347,0.00983347,0.00983347
416,20818.6,0.50057,0.73394,0.93741,0.90468,0.94196,0.9467,0.85356,0.58925,0.84207,0.91295,0.00983267,0.00983267,0.00983267
417,20864.7,0.49173,0.69889,0.92335,0.90465,0.94196,0.94659,0.85374,0.58957,0.84216,0.91324,0.00983187,0.00983187,0.00983187
418,20910.3,0.50112,0.72866,0.92036,0.90461,0.94196,0.94647,0.85276,0.58929,0.84173,0.91307,0.00983106,0.00983106,0.00983106
419,20955.9,0.49479,0.71028,0.922,0.90454,0.94196,0.94701,0.85444,0.58889,0.84048,0.91287,0.00983026,0.00983026,0.00983026
420,21001.4,0.51003,0.70898,0.92713,0.90444,0.94196,0.94636,0.8542,0.58868,0.84015,0.91263,0.00982945,0.00982945,0.00982945
421,21048.2,0.4943,0.71011,0.92279,0.90451,0.94196,0.94652,0.8539,0.58895,0.84119,0.91287,0.00982864,0.00982864,0.00982864
422,21094.7,0.5039,0.70726,0.92759,0.90454,0.94196,0.9464,0.85413,0.58907,0.84046,0.91292,0.00982783,0.00982783,0.00982783
423,21140.4,0.49668,0.70342,0.91821,0.90451,0.94196,0.9464,0.85367,0.58864,0.83861,0.91283,0.00982701,0.00982701,0.00982701
424,21187,0.49911,0.71261,0.92126,0.9045,0.94196,0.94667,0.85404,0.58847,0.83957,0.91285,0.0098262,0.0098262,0.0098262
425,21233.7,0.49736,0.72772,0.92869,0.90429,0.94196,0.94593,0.85293,0.58819,0.8383,0.91269,0.00982538,0.00982538,0.00982538
426,21280.1,0.49745,0.6887,0.91993,0.90425,0.94196,0.94568,0.85329,0.58796,0.83945,0.91266,0.00982456,0.00982456,0.00982456
427,21325.8,0.49112,0.72209,0.9133,0.90428,0.94196,0.94648,0.8538,0.58812,0.8406,0.91276,0.00982374,0.00982374,0.00982374
428,21371.8,0.50221,0.77164,0.91875,0.90425,0.94196,0.9459,0.85381,0.5881,0.84117,0.91269,0.00982291,0.00982291,0.00982291
429,21418.8,0.48698,0.71682,0.91849,0.90426,0.94196,0.94591,0.85359,0.58779,0.84125,0.91278,0.00982209,0.00982209,0.00982209
430,21465,0.49576,0.73084,0.91348,0.90426,0.94196,0.94622,0.85413,0.58777,0.84027,0.91257,0.00982126,0.00982126,0.00982126
431,21511.6,0.5027,0.72215,0.93377,0.90429,0.94196,0.94579,0.85386,0.58743,0.83858,0.91227,0.00982043,0.00982043,0.00982043
432,21558.6,0.49634,0.68614,0.92667,0.90435,0.94196,0.94617,0.85472,0.58771,0.8385,0.91238,0.0098196,0.0098196,0.0098196
433,21606.2,0.50537,0.71527,0.92846,0.90436,0.94196,0.94517,0.85389,0.5873,0.83832,0.91226,0.00981877,0.00981877,0.00981877
434,21654.9,0.49504,0.69737,0.91689,0.90438,0.94196,0.94636,0.85543,0.58694,0.83746,0.91198,0.00981793,0.00981793,0.00981793
435,21703.1,0.49498,0.70454,0.93127,0.90441,0.94196,0.94664,0.85558,0.58628,0.83549,0.91158,0.0098171,0.0098171,0.0098171
436,21748.6,0.4917,0.71443,0.92864,0.90433,0.94196,0.94535,0.85457,0.5858,0.83358,0.91137,0.00981626,0.00981626,0.00981626
437,21792.4,0.49659,0.7142,0.92895,0.90442,0.94196,0.9475,0.85606,0.58577,0.83357,0.91148,0.00981542,0.00981542,0.00981542
438,21839.1,0.49543,0.68529,0.93114,0.90443,0.94196,0.94607,0.85503,0.58542,0.8336,0.91117,0.00981458,0.00981458,0.00981458
439,21885.8,0.49905,0.72176,0.92406,0.90439,0.94196,0.94702,0.85629,0.58507,0.83206,0.91117,0.00981373,0.00981373,0.00981373
440,21932.6,0.5115,0.72421,0.92664,0.90433,0.94196,0.94607,0.85361,0.585,0.83036,0.91121,0.00981288,0.00981288,0.00981288
441,21979.6,0.48399,0.69208,0.92318,0.9043,0.94196,0.94595,0.8544,0.58523,0.82982,0.9113,0.00981204,0.00981204,0.00981204
442,22026.4,0.50006,0.70391,0.92338,0.9043,0.94196,0.9454,0.8545,0.58492,0.82962,0.91125,0.00981119,0.00981119,0.00981119
443,22073.2,0.48419,0.68869,0.90723,0.9042,0.94196,0.94603,0.85507,0.58489,0.83016,0.91128,0.00981034,0.00981034,0.00981034
444,22120.8,0.49857,0.71016,0.9272,0.90416,0.94196,0.94588,0.85456,0.58489,0.82988,0.91132,0.00980948,0.00980948,0.00980948
445,22168.5,0.49081,0.70164,0.92295,0.90408,0.94196,0.94587,0.85463,0.58445,0.82881,0.91125,0.00980863,0.00980863,0.00980863
446,22214.8,0.48293,0.72854,0.90718,0.90431,0.94196,0.94568,0.85393,0.58414,0.82862,0.91127,0.00980777,0.00980777,0.00980777
447,22262,0.49401,0.70715,0.92257,0.90388,0.94196,0.94538,0.85353,0.58374,0.82736,0.91115,0.00980691,0.00980691,0.00980691
448,22307.5,0.48828,0.70766,0.92546,0.90384,0.94196,0.94586,0.85385,0.58314,0.82699,0.91083,0.00980605,0.00980605,0.00980605
449,22352.7,0.49828,0.68622,0.93659,0.90429,0.94196,0.94589,0.85316,0.58234,0.82234,0.91033,0.00980519,0.00980519,0.00980519
450,22397,0.49438,0.70476,0.90957,0.90571,0.94196,0.94625,0.85452,0.58176,0.82179,0.91013,0.00980432,0.00980432,0.00980432
451,22441.9,0.49988,0.68696,0.92168,0.9058,0.94196,0.94698,0.85344,0.58163,0.82151,0.91015,0.00980345,0.00980345,0.00980345
452,22487.7,0.47476,0.7806,0.90438,0.90548,0.94196,0.94613,0.85382,0.58136,0.82,0.91009,0.00980259,0.00980259,0.00980259
453,22533.2,0.47844,0.68912,0.9108,0.90525,0.94196,0.94661,0.85392,0.58103,0.81958,0.91002,0.00980171,0.00980171,0.00980171
454,22578.8,0.50165,0.69231,0.92401,0.90518,0.94196,0.94728,0.85475,0.58114,0.81999,0.91012,0.00980084,0.00980084,0.00980084
455,22625.8,0.50352,0.70116,0.93105,0.90512,0.94196,0.94665,0.85368,0.58118,0.82111,0.91021,0.00979997,0.00979997,0.00979997
456,22671.9,0.48584,0.70155,0.91071,0.90509,0.94196,0.94529,0.85268,0.58151,0.82145,0.91047,0.00979909,0.00979909,0.00979909
457,22718,0.48558,0.66822,0.91231,0.90501,0.94196,0.94709,0.85447,0.58122,0.8217,0.91063,0.00979821,0.00979821,0.00979821
458,22764.3,0.4822,0.68988,0.91489,0.90502,0.94196,0.94549,0.85237,0.58132,0.82191,0.91084,0.00979733,0.00979733,0.00979733
459,22811.3,0.48155,0.67521,0.90389,0.90512,0.94196,0.94661,0.85356,0.58136,0.82309,0.91108,0.00979645,0.00979645,0.00979645
460,22857.5,0.49328,0.7176,0.91706,0.90517,0.94196,0.94691,0.85502,0.58145,0.82439,0.91107,0.00979557,0.00979557,0.00979557
461,22903.5,0.49739,0.70503,0.91497,0.90515,0.9407,0.94497,0.85212,0.58134,0.82367,0.91114,0.00979468,0.00979468,0.00979468
462,22949.5,0.49099,0.74946,0.91239,0.90506,0.93994,0.94658,0.85479,0.58134,0.8238,0.91111,0.0097938,0.0097938,0.0097938
463,22995.7,0.48878,0.72146,0.91723,0.90502,0.93965,0.94549,0.85378,0.58118,0.82319,0.91108,0.00979291,0.00979291,0.00979291
464,23042.1,0.49301,0.68106,0.9177,0.90505,0.93932,0.94552,0.85382,0.58133,0.82417,0.91127,0.00979202,0.00979202,0.00979202
465,23088.6,0.49198,0.69469,0.93302,0.905,0.93946,0.94548,0.85321,0.58171,0.82375,0.91155,0.00979112,0.00979112,0.00979112
466,23134.5,0.50165,0.73426,0.92527,0.90502,0.93943,0.94562,0.85312,0.58157,0.8238,0.91159,0.00979023,0.00979023,0.00979023
467,23180.5,0.48905,0.70494,0.91332,0.90502,0.93933,0.94517,0.85265,0.58157,0.82303,0.91159,0.00978933,0.00978933,0.00978933
468,23228.2,0.49102,0.70465,0.91737,0.9051,0.93932,0.94531,0.85249,0.58171,0.82392,0.91156,0.00978843,0.00978843,0.00978843
469,23274.9,0.47997,0.71794,0.91545,0.90525,0.93932,0.94665,0.85335,0.5815,0.82396,0.91158,0.00978753,0.00978753,0.00978753
470,23321.4,0.48922,0.68317,0.92164,0.90545,0.93932,0.94501,0.85345,0.58146,0.82681,0.91173,0.00978663,0.00978663,0.00978663
471,23367.7,0.48086,0.70822,0.91283,0.9054,0.93932,0.94393,0.85348,0.58166,0.82882,0.91186,0.00978572,0.00978572,0.00978572
472,23412.8,0.48434,0.70771,0.90802,0.90544,0.93932,0.94418,0.85363,0.58119,0.82839,0.91185,0.00978482,0.00978482,0.00978482
473,23459.8,0.49259,0.6822,0.92264,0.90546,0.93932,0.94408,0.85407,0.58112,0.82783,0.91173,0.00978391,0.00978391,0.00978391
474,23507.7,0.49321,0.71539,0.9228,0.90557,0.93932,0.94422,0.85486,0.58083,0.82567,0.91162,0.009783,0.009783,0.009783
475,23555.4,0.48749,0.7026,0.90636,0.90548,0.93932,0.9433,0.85428,0.58072,0.82616,0.91162,0.00978209,0.00978209,0.00978209
476,23600.6,0.49041,0.71196,0.91473,0.90535,0.93932,0.94428,0.85597,0.58083,0.82589,0.91164,0.00978118,0.00978118,0.00978118
477,23645.4,0.48339,0.66238,0.91795,0.90532,0.93932,0.94372,0.85551,0.5806,0.82573,0.91164,0.00978026,0.00978026,0.00978026
478,23690.2,0.49169,0.68125,0.92837,0.90524,0.93932,0.94412,0.85412,0.58061,0.82542,0.91174,0.00977934,0.00977934,0.00977934
479,23733.8,0.48285,0.70473,0.91984,0.90518,0.93932,0.94355,0.85434,0.58076,0.82329,0.9118,0.00977842,0.00977842,0.00977842
480,23778.2,0.49094,0.69417,0.91876,0.90501,0.93932,0.94414,0.85445,0.58077,0.82323,0.91162,0.0097775,0.0097775,0.0097775
481,23822.5,0.49178,0.69262,0.91656,0.90499,0.93932,0.94443,0.85487,0.58055,0.82283,0.9115,0.00977658,0.00977658,0.00977658
482,23867.7,0.48748,0.68113,0.91906,0.90499,0.93932,0.94352,0.85373,0.58031,0.82352,0.9116,0.00977565,0.00977565,0.00977565
483,23912.1,0.48889,0.71543,0.91774,0.90489,0.93932,0.94389,0.85366,0.58018,0.82192,0.91167,0.00977473,0.00977473,0.00977473
484,23956.6,0.48875,0.69918,0.91943,0.90498,0.93932,0.94478,0.85423,0.58039,0.82248,0.91175,0.0097738,0.0097738,0.0097738
485,24001.8,0.47202,0.68507,0.90748,0.90497,0.93932,0.94464,0.85462,0.58035,0.82179,0.91158,0.00977287,0.00977287,0.00977287
486,24046.8,0.49292,0.69614,0.91883,0.90487,0.93932,0.94312,0.85343,0.58027,0.82113,0.9116,0.00977194,0.00977194,0.00977194
487,24091.1,0.48041,0.68932,0.90297,0.90494,0.93932,0.94422,0.85467,0.58023,0.81963,0.91196,0.009771,0.009771,0.009771
488,24134.7,0.4893,0.70516,0.91592,0.90488,0.93944,0.94553,0.85666,0.58037,0.82056,0.912,0.00977007,0.00977007,0.00977007
489,24178.7,0.48954,0.72053,0.92742,0.90489,0.93935,0.94434,0.85618,0.58018,0.81972,0.91151,0.00976913,0.00976913,0.00976913
490,24223.8,0.48596,0.68252,0.91242,0.90492,0.93951,0.94391,0.85622,0.57998,0.8196,0.91137,0.00976819,0.00976819,0.00976819
491,24267.3,0.48718,0.67794,0.91574,0.90491,0.9395,0.94432,0.85645,0.58008,0.81945,0.91121,0.00976725,0.00976725,0.00976725
492,24313.7,0.48768,0.69887,0.92023,0.9052,0.93932,0.94401,0.85603,0.58026,0.81938,0.9113,0.0097663,0.0097663,0.0097663
493,24360.4,0.48675,0.71902,0.9097,0.90644,0.93932,0.94506,0.85681,0.57978,0.81878,0.91079,0.00976536,0.00976536,0.00976536
494,24407,0.49557,0.68661,0.91987,0.90723,0.93932,0.94416,0.85577,0.57942,0.81894,0.91063,0.00976441,0.00976441,0.00976441
495,24453.6,0.491,0.71069,0.93071,0.90667,0.93932,0.94414,0.85713,0.57929,0.81948,0.91044,0.00976346,0.00976346,0.00976346
496,24499.5,0.48205,0.67675,0.91419,0.90726,0.9391,0.94487,0.8572,0.57874,0.81832,0.91003,0.00976251,0.00976251,0.00976251
497,24545.4,0.49827,0.69399,0.92319,0.9022,0.9427,0.94506,0.85818,0.57853,0.81739,0.90973,0.00976156,0.00976156,0.00976156
498,24592.2,0.49039,0.68526,0.91513,0.90222,0.94266,0.94482,0.85608,0.57791,0.81771,0.90944,0.0097606,0.0097606,0.0097606
499,24637.6,0.49324,0.6803,0.9158,0.90223,0.94288,0.94407,0.85736,0.57782,0.81877,0.90934,0.00975965,0.00975965,0.00975965
500,24681.7,0.49134,0.69834,0.91487,0.90221,0.94294,0.94458,0.85688,0.57693,0.81352,0.9088,0.00975869,0.00975869,0.00975869
501,24725.6,0.48423,0.68656,0.91441,0.90223,0.94294,0.94462,0.85589,0.57709,0.81571,0.90897,0.00975773,0.00975773,0.00975773
502,24771.3,0.4855,0.70473,0.91964,0.90222,0.94294,0.94491,0.85828,0.5768,0.81407,0.90889,0.00975677,0.00975677,0.00975677
503,24816.7,0.48055,0.67366,0.90492,0.90222,0.94288,0.94398,0.85816,0.57662,0.81397,0.90887,0.0097558,0.0097558,0.0097558
504,24862.3,0.48458,0.68155,0.9129,0.90221,0.94272,0.94553,0.85761,0.57674,0.815,0.90898,0.00975484,0.00975484,0.00975484
505,24908.6,0.47867,0.66491,0.90889,0.90222,0.94262,0.9451,0.85624,0.57665,0.81418,0.90887,0.00975387,0.00975387,0.00975387
506,24954.2,0.48955,0.67796,0.9193,0.90221,0.94244,0.94472,0.85605,0.57681,0.81341,0.90904,0.0097529,0.0097529,0.0097529
507,24998.9,0.48025,0.68664,0.90809,0.9022,0.94232,0.94516,0.85717,0.57721,0.81348,0.90918,0.00975193,0.00975193,0.00975193
508,25044.5,0.48169,0.66547,0.91825,0.90219,0.94196,0.94385,0.85535,0.57724,0.81337,0.90917,0.00975096,0.00975096,0.00975096
509,25090.5,0.48595,0.69413,0.9182,0.90234,0.94196,0.94548,0.85725,0.57726,0.81384,0.9093,0.00974998,0.00974998,0.00974998
510,25135.9,0.49149,0.68863,0.92321,0.90256,0.94196,0.94527,0.85664,0.57697,0.81308,0.90912,0.009749,0.009749,0.009749
511,25181.2,0.49589,0.70838,0.91955,0.90265,0.94196,0.94656,0.8582,0.57697,0.81284,0.90928,0.00974803,0.00974803,0.00974803
512,25227.4,0.48118,0.68591,0.91047,0.90269,0.94196,0.9465,0.85793,0.57704,0.81385,0.90946,0.00974705,0.00974705,0.00974705
513,25272.5,0.47974,0.68917,0.91998,0.90273,0.94196,0.94521,0.85865,0.5772,0.8136,0.90976,0.00974606,0.00974606,0.00974606
514,25317.7,0.47851,0.68895,0.91383,0.90277,0.94196,0.94558,0.85826,0.57752,0.81329,0.90999,0.00974508,0.00974508,0.00974508
515,25363.5,0.48569,0.68458,0.91116,0.90271,0.94196,0.94559,0.85798,0.57766,0.81348,0.91013,0.00974409,0.00974409,0.00974409
516,25409.6,0.47702,0.68687,0.9129,0.90254,0.94196,0.94583,0.85872,0.57779,0.81275,0.9104,0.0097431,0.0097431,0.0097431
517,25455.9,0.47809,0.69423,0.91725,0.90467,0.94433,0.94608,0.85864,0.57774,0.81236,0.91037,0.00974211,0.00974211,0.00974211
518,25501.8,0.49188,0.67799,0.92655,0.90216,0.94282,0.94458,0.85644,0.57773,0.81034,0.91054,0.00974112,0.00974112,0.00974112
519,25549.2,0.49452,0.69907,0.91996,0.90228,0.94405,0.94507,0.85691,0.57784,0.81175,0.91081,0.00974013,0.00974013,0.00974013
520,25596.5,0.49063,0.68083,0.91679,0.90174,0.94461,0.94646,0.85855,0.57783,0.81178,0.91098,0.00973913,0.00973913,0.00973913
521,25642.5,0.47965,0.6955,0.91697,0.90176,0.94461,0.94581,0.85787,0.57799,0.81268,0.91081,0.00973814,0.00973814,0.00973814
522,25689.3,0.48504,0.67791,0.91174,0.90166,0.94461,0.94584,0.85757,0.57755,0.81097,0.91051,0.00973714,0.00973714,0.00973714
523,25736.5,0.48298,0.67646,0.91489,0.90155,0.94461,0.94452,0.85345,0.57767,0.81193,0.91058,0.00973614,0.00973614,0.00973614
524,25782.6,0.47651,0.68998,0.91371,0.9015,0.94461,0.94588,0.85751,0.57734,0.81215,0.91047,0.00973513,0.00973513,0.00973513
525,25825.8,0.48608,0.68632,0.92001,0.89908,0.94461,0.94627,0.85809,0.57711,0.81176,0.91053,0.00973413,0.00973413,0.00973413
526,25869.7,0.48626,0.67093,0.9162,0.89894,0.94461,0.94406,0.85328,0.5772,0.81196,0.91039,0.00973312,0.00973312,0.00973312
527,25915.2,0.47304,0.66726,0.91364,0.89932,0.94616,0.94482,0.85422,0.57723,0.81238,0.91037,0.00973211,0.00973211,0.00973211
528,25962.2,0.47559,0.69616,0.91176,0.89934,0.94613,0.94565,0.85407,0.57701,0.81156,0.91027,0.0097311,0.0097311,0.0097311
529,26009,0.47173,0.66481,0.90671,0.89937,0.94609,0.94559,0.85478,0.5768,0.81036,0.90978,0.00973009,0.00973009,0.00973009
530,26054.6,0.4759,0.69522,0.91112,0.89943,0.94603,0.94589,0.85644,0.57689,0.81041,0.91003,0.00972908,0.00972908,0.00972908
531,26100.6,0.48456,0.68871,0.91864,0.89946,0.94592,0.94465,0.85576,0.57701,0.80946,0.91021,0.00972806,0.00972806,0.00972806
532,26147.5,0.47252,0.67332,0.9091,0.89948,0.94593,0.94414,0.8547,0.57675,0.80963,0.91012,0.00972704,0.00972704,0.00972704
533,26193.1,0.48732,0.68239,0.91481,0.89948,0.94591,0.94451,0.85471,0.57673,0.80917,0.91017,0.00972603,0.00972603,0.00972603
534,26239.1,0.48805,0.68722,0.91272,0.8965,0.94845,0.94542,0.85576,0.57647,0.80829,0.90987,0.009725,0.009725,0.009725
535,26285.5,0.48345,0.68071,0.91682,0.8965,0.94867,0.94542,0.8559,0.57664,0.80836,0.90996,0.00972398,0.00972398,0.00972398
536,26331.8,0.47567,0.68405,0.9141,0.89653,0.94887,0.94452,0.85567,0.57638,0.80704,0.90982,0.00972296,0.00972296,0.00972296
537,26378,0.48111,0.66521,0.91548,0.89561,0.9499,0.94535,0.85629,0.57626,0.8077,0.90965,0.00972193,0.00972193,0.00972193
538,26423.9,0.48285,0.66309,0.91407,0.89505,0.9499,0.94385,0.85464,0.57567,0.80522,0.90929,0.0097209,0.0097209,0.0097209
539,26470.3,0.4828,0.68696,0.90776,0.89459,0.9499,0.94542,0.85641,0.57516,0.8061,0.909,0.00971987,0.00971987,0.00971987
540,26516.6,0.49124,0.68399,0.91836,0.89418,0.9499,0.94544,0.85592,0.57512,0.80568,0.90887,0.00971884,0.00971884,0.00971884
541,26562.7,0.46983,0.67729,0.90526,0.89899,0.94681,0.94513,0.85613,0.57493,0.80531,0.9087,0.0097178,0.0097178,0.0097178
542,26608.9,0.47914,0.67659,0.90741,0.89674,0.95002,0.94522,0.8557,0.57467,0.80517,0.90849,0.00971677,0.00971677,0.00971677
543,26656.4,0.46835,0.66244,0.90739,0.89672,0.95011,0.94457,0.85606,0.57414,0.80607,0.90813,0.00971573,0.00971573,0.00971573
544,26704.5,0.47316,0.67278,0.9106,0.89754,0.9499,0.94452,0.85445,0.57398,0.8071,0.90803,0.00971469,0.00971469,0.00971469
545,26751.7,0.47837,0.6681,0.91708,0.89752,0.9499,0.94506,0.85498,0.57421,0.80992,0.908,0.00971365,0.00971365,0.00971365
546,26798.9,0.48138,0.70261,0.91204,0.89724,0.9499,0.9446,0.85418,0.57487,0.80866,0.90846,0.0097126,0.0097126,0.0097126
547,26846.7,0.47988,0.68125,0.90612,0.89714,0.9499,0.9448,0.85739,0.57501,0.80789,0.90859,0.00971156,0.00971156,0.00971156
548,26894.3,0.4758,0.66514,0.90721,0.89729,0.9499,0.94466,0.85633,0.57488,0.80688,0.90866,0.00971051,0.00971051,0.00971051
549,26941.7,0.46992,0.64461,0.90627,0.89749,0.9499,0.94457,0.85568,0.57461,0.80591,0.90852,0.00970946,0.00970946,0.00970946
550,26988.6,0.47817,0.65937,0.9026,0.89765,0.9499,0.94468,0.85677,0.57416,0.80605,0.90822,0.00970841,0.00970841,0.00970841
551,27035,0.47795,0.65915,0.91282,0.89649,0.9507,0.94356,0.85493,0.57419,0.80629,0.90811,0.00970736,0.00970736,0.00970736
552,27080.6,0.48588,0.67389,0.91391,0.89692,0.9499,0.94447,0.85708,0.57429,0.80653,0.90823,0.00970631,0.00970631,0.00970631
553,27126.6,0.48488,0.68411,0.91974,0.89694,0.9499,0.94391,0.85687,0.574,0.80464,0.9082,0.00970525,0.00970525,0.00970525
554,27175.3,0.47288,0.64984,0.91316,0.89693,0.9499,0.94528,0.85695,0.57391,0.80653,0.90824,0.00970419,0.00970419,0.00970419
555,27223.2,0.47327,0.68021,0.91359,0.89628,0.9499,0.94446,0.85542,0.57366,0.80547,0.90805,0.00970313,0.00970313,0.00970313
556,27271.7,0.48529,0.70633,0.91379,0.89667,0.9499,0.94406,0.85582,0.57352,0.80438,0.90796,0.00970207,0.00970207,0.00970207
557,27319,0.46321,0.6789,0.91006,0.89699,0.9499,0.94332,0.85512,0.57315,0.80252,0.90786,0.00970101,0.00970101,0.00970101
558,27366.4,0.47659,0.67241,0.91282,0.89618,0.9499,0.94422,0.85565,0.57312,0.80242,0.90796,0.00969994,0.00969994,0.00969994
559,27412.1,0.46586,0.6632,0.90102,0.8967,0.95031,0.94427,0.85419,0.57332,0.80234,0.90819,0.00969887,0.00969887,0.00969887
560,27458.2,0.467,0.62969,0.90217,0.89599,0.95255,0.9439,0.85474,0.57346,0.80201,0.90837,0.0096978,0.0096978,0.0096978
561,27505.1,0.47373,0.66742,0.91171,0.89555,0.95255,0.94423,0.85715,0.57359,0.80244,0.90847,0.00969673,0.00969673,0.00969673
562,27551.8,0.47155,0.65648,0.90492,0.89346,0.95519,0.94372,0.85705,0.57365,0.80189,0.90863,0.00969566,0.00969566,0.00969566
563,27597.5,0.48277,0.68137,0.9108,0.89332,0.95519,0.94299,0.85626,0.57401,0.80265,0.90875,0.00969459,0.00969459,0.00969459
564,27643.3,0.47658,0.66291,0.91153,0.89409,0.95519,0.94303,0.85595,0.57409,0.80407,0.9088,0.00969351,0.00969351,0.00969351
565,27688.8,0.47582,0.67052,0.91765,0.89425,0.95519,0.94372,0.8563,0.57426,0.80438,0.9087,0.00969243,0.00969243,0.00969243
566,27733.8,0.47207,0.66791,0.9065,0.89394,0.95519,0.94379,0.85645,0.5744,0.80518,0.90881,0.00969135,0.00969135,0.00969135
567,27777.5,0.47645,0.65757,0.90743,0.89393,0.95519,0.94344,0.85667,0.57444,0.80732,0.90888,0.00969027,0.00969027,0.00969027
568,27821.2,0.47922,0.67474,0.90971,0.89371,0.95519,0.94346,0.8567,0.57442,0.80636,0.90883,0.00968918,0.00968918,0.00968918
569,27865.9,0.4846,0.66533,0.90834,0.89268,0.95519,0.94361,0.85721,0.57443,0.80656,0.90886,0.0096881,0.0096881,0.0096881
570,27912,0.48152,0.67713,0.90989,0.89548,0.95519,0.94452,0.858,0.57446,0.80709,0.90897,0.00968701,0.00968701,0.00968701
571,27959.1,0.48219,0.68191,0.91301,0.89654,0.95519,0.94464,0.8583,0.57429,0.80815,0.9089,0.00968592,0.00968592,0.00968592
572,28004.6,0.48706,0.66869,0.9215,0.89704,0.95441,0.94403,0.85846,0.57406,0.80851,0.90873,0.00968483,0.00968483,0.00968483
573,28050.4,0.48179,0.68821,0.91939,0.90002,0.94726,0.94428,0.85869,0.57355,0.80819,0.90848,0.00968374,0.00968374,0.00968374
574,28098.1,0.4897,0.67468,0.91913,0.8958,0.95255,0.94379,0.8573,0.57353,0.80842,0.90818,0.00968264,0.00968264,0.00968264
575,28144.3,0.47755,0.66086,0.91289,0.89581,0.95255,0.94419,0.85714,0.57348,0.80878,0.90832,0.00968155,0.00968155,0.00968155
576,28190,0.47898,0.68225,0.91117,0.89572,0.95255,0.94398,0.85706,0.5735,0.80776,0.9081,0.00968045,0.00968045,0.00968045
577,28237.1,0.47541,0.67961,0.90662,0.89554,0.95255,0.94479,0.85967,0.57363,0.80868,0.90836,0.00967935,0.00967935,0.00967935
578,28283.8,0.47836,0.65708,0.92226,0.8952,0.95255,0.94247,0.85744,0.57357,0.80791,0.90842,0.00967825,0.00967825,0.00967825
579,28329.2,0.48499,0.68027,0.9167,0.89477,0.95255,0.94299,0.85716,0.57365,0.80965,0.9084,0.00967714,0.00967714,0.00967714
580,28374.4,0.46765,0.70589,0.91537,0.89463,0.95256,0.94263,0.8582,0.57351,0.80971,0.90838,0.00967604,0.00967604,0.00967604
581,28420.4,0.47453,0.68322,0.91694,0.89462,0.95282,0.94324,0.8588,0.57358,0.80784,0.90831,0.00967493,0.00967493,0.00967493
582,28465.9,0.46351,0.68469,0.9036,0.89462,0.95299,0.94249,0.85838,0.57399,0.81113,0.90871,0.00967382,0.00967382,0.00967382
583,28512.1,0.47048,0.66195,0.90736,0.89465,0.95318,0.94372,0.85989,0.57371,0.8119,0.90872,0.00967271,0.00967271,0.00967271
584,28559.5,0.47754,0.63583,0.90849,0.89468,0.95316,0.9425,0.85762,0.57385,0.81414,0.90889,0.00967159,0.00967159,0.00967159
585,28605.6,0.48281,0.66838,0.91795,0.89472,0.95319,0.94306,0.85779,0.57388,0.81425,0.90904,0.00967048,0.00967048,0.00967048
586,28651.4,0.48823,0.67385,0.92079,0.89474,0.9531,0.94349,0.85918,0.57378,0.8136,0.9088,0.00966936,0.00966936,0.00966936
587,28697.1,0.48133,0.67201,0.91688,0.89477,0.95263,0.94288,0.8583,0.57375,0.8133,0.90887,0.00966824,0.00966824,0.00966824
588,28743.1,0.47306,0.65883,0.90336,0.89958,0.95165,0.94293,0.8584,0.57398,0.81605,0.90892,0.00966712,0.00966712,0.00966712
589,28791.7,0.48142,0.67222,0.91782,0.89963,0.95187,0.94203,0.85723,0.57393,0.81791,0.90908,0.009666,0.009666,0.009666
590,28839.3,0.4826,0.69069,0.91506,0.89966,0.95103,0.94231,0.85811,0.57409,0.81552,0.90923,0.00966488,0.00966488,0.00966488
591,28886.1,0.4767,0.67101,0.91272,0.89972,0.95112,0.94209,0.85858,0.57407,0.81639,0.90943,0.00966375,0.00966375,0.00966375
592,28933,0.48188,0.68721,0.91563,0.89975,0.95147,0.94254,0.85849,0.57398,0.81179,0.90939,0.00966262,0.00966262,0.00966262
593,28980.3,0.48405,0.68119,0.90817,0.89978,0.95166,0.94229,0.85805,0.57417,0.81285,0.90949,0.00966149,0.00966149,0.00966149
594,29028.8,0.48197,0.68452,0.90783,0.89983,0.95164,0.94245,0.85844,0.57416,0.81287,0.90942,0.00966036,0.00966036,0.00966036
595,29076,0.4662,0.65392,0.91105,0.89987,0.95122,0.94251,0.85874,0.57434,0.81363,0.90943,0.00965923,0.00965923,0.00965923
596,29123.6,0.47101,0.76809,0.90357,0.89989,0.95224,0.94246,0.85849,0.57445,0.81531,0.90946,0.0096581,0.0096581,0.0096581
597,29171.1,0.47421,0.68313,0.90995,0.89988,0.95254,0.94268,0.85628,0.57421,0.81544,0.90941,0.00965696,0.00965696,0.00965696
598,29218.5,0.47954,0.66904,0.91351,0.8994,0.95255,0.94261,0.85913,0.5741,0.8152,0.90946,0.00965582,0.00965582,0.00965582
599,29266.1,0.47183,0.65683,0.90522,0.89931,0.95255,0.94335,0.85961,0.57376,0.81571,0.90948,0.00965468,0.00965468,0.00965468
600,29314.4,0.48114,0.6764,0.90437,0.89942,0.95255,0.94336,0.86043,0.57371,0.81394,0.90919,0.00965354,0.00965354,0.00965354
601,29364,0.47323,0.70626,0.89801,0.89977,0.95255,0.94229,0.85818,0.57301,0.81413,0.90906,0.00965239,0.00965239,0.00965239
602,29410.9,0.48495,0.6917,0.91622,0.9001,0.94726,0.94238,0.85859,0.5732,0.81439,0.90908,0.00965125,0.00965125,0.00965125
603,29458.4,0.46609,0.66519,0.91361,0.9005,0.94726,0.94188,0.858,0.57312,0.8131,0.90893,0.0096501,0.0096501,0.0096501
604,29508.3,0.47278,0.64903,0.9021,0.90055,0.94726,0.94283,0.85901,0.57263,0.81187,0.90869,0.00964895,0.00964895,0.00964895
605,29557.1,0.47494,0.65677,0.90858,0.9011,0.94726,0.94274,0.85871,0.5724,0.81273,0.9086,0.0096478,0.0096478,0.0096478
606,29604.3,0.47829,0.68671,0.91626,0.90155,0.94726,0.94268,0.85847,0.57269,0.81595,0.90886,0.00964665,0.00964665,0.00964665
607,29651.1,0.47588,0.66788,0.91127,0.90179,0.94726,0.94267,0.85918,0.57184,0.81197,0.90833,0.00964549,0.00964549,0.00964549
608,29698.7,0.48615,0.66346,0.92472,0.90023,0.94726,0.94272,0.85841,0.57198,0.81185,0.90841,0.00964433,0.00964433,0.00964433
609,29746.9,0.46343,0.67103,0.9056,0.90186,0.94843,0.94272,0.85865,0.57241,0.80965,0.90889,0.00964318,0.00964318,0.00964318
610,29793.8,0.45935,0.65154,0.90028,0.90183,0.94753,0.94271,0.8566,0.57227,0.80957,0.90886,0.00964202,0.00964202,0.00964202
611,29842.2,0.47335,0.66203,0.90931,0.90228,0.94726,0.94309,0.8592,0.57204,0.80878,0.90857,0.00964085,0.00964085,0.00964085
612,29890.3,0.47299,0.66608,0.91548,0.90427,0.94857,0.94342,0.85883,0.57159,0.81135,0.90867,0.00963969,0.00963969,0.00963969
613,29937.2,0.47085,0.65765,0.91288,0.90428,0.94844,0.94327,0.85933,0.5713,0.81179,0.90843,0.00963852,0.00963852,0.00963852
614,29983.9,0.46627,0.65889,0.91112,0.9042,0.94713,0.94323,0.8579,0.57144,0.81407,0.90832,0.00963736,0.00963736,0.00963736
615,30029.8,0.47318,0.64685,0.90691,0.90428,0.94653,0.94335,0.85867,0.5711,0.81299,0.90825,0.00963619,0.00963619,0.00963619
616,30076.8,0.46746,0.66058,0.90379,0.90429,0.94653,0.94347,0.85771,0.57123,0.81187,0.9083,0.00963502,0.00963502,0.00963502
617,30122.8,0.47202,0.67229,0.9036,0.90427,0.94656,0.94344,0.85874,0.57118,0.81263,0.90848,0.00963384,0.00963384,0.00963384
618,30169.4,0.46889,0.65078,0.90541,0.90427,0.94656,0.94351,0.85836,0.57112,0.81183,0.90836,0.00963267,0.00963267,0.00963267
619,30215.9,0.46498,0.65165,0.91232,0.90427,0.94648,0.94314,0.8567,0.57147,0.81257,0.90853,0.00963149,0.00963149,0.00963149
620,30262,0.47117,0.67806,0.9051,0.90427,0.94646,0.94326,0.85646,0.57127,0.81209,0.90845,0.00963031,0.00963031,0.00963031
621,30308.3,0.4716,0.66262,0.9078,0.90425,0.94661,0.94294,0.85626,0.57133,0.81193,0.90859,0.00962913,0.00962913,0.00962913
622,30354.7,0.46723,0.66326,0.91131,0.90424,0.94671,0.94315,0.85656,0.57163,0.81029,0.90872,0.00962795,0.00962795,0.00962795
623,30400.3,0.47371,0.66204,0.90785,0.90421,0.94677,0.94313,0.85646,0.57167,0.81021,0.90884,0.00962677,0.00962677,0.00962677
624,30445.9,0.47042,0.68577,0.91243,0.90417,0.94702,0.94324,0.85646,0.57156,0.80836,0.90892,0.00962558,0.00962558,0.00962558
625,30491.4,0.46268,0.64312,0.91025,0.90416,0.94709,0.94314,0.85645,0.57171,0.80945,0.909,0.00962439,0.00962439,0.00962439
626,30535.9,0.47488,0.67856,0.91218,0.90412,0.94706,0.94313,0.85637,0.5717,0.80852,0.9091,0.0096232,0.0096232,0.0096232
627,30580.4,0.46495,0.8068,0.90292,0.90409,0.94696,0.94274,0.85387,0.57153,0.80874,0.90921,0.00962201,0.00962201,0.00962201
628,30626.4,0.47526,0.65885,0.91935,0.90406,0.94676,0.94338,0.85641,0.57221,0.81175,0.90955,0.00962082,0.00962082,0.00962082
629,30671.3,0.46254,0.65796,0.91154,0.90403,0.94667,0.94336,0.85714,0.57209,0.81295,0.90981,0.00961962,0.00961962,0.00961962
630,30716.4,0.47166,0.66454,0.92027,0.90187,0.9499,0.94325,0.85776,0.57225,0.81277,0.90979,0.00961843,0.00961843,0.00961843
631,30762.8,0.47319,0.67641,0.90941,0.90144,0.9499,0.94315,0.85785,0.57173,0.81308,0.9097,0.00961723,0.00961723,0.00961723
632,30809.3,0.4771,0.64737,0.91872,0.90152,0.9499,0.94315,0.85629,0.57189,0.81283,0.90976,0.00961603,0.00961603,0.00961603
633,30854.9,0.47131,0.67308,0.9117,0.90165,0.94642,0.94343,0.85643,0.57171,0.81242,0.90986,0.00961483,0.00961483,0.00961483
634,30901.1,0.4808,0.66699,0.92312,0.90161,0.9462,0.94322,0.85572,0.57185,0.81174,0.90997,0.00961362,0.00961362,0.00961362
635,30946.9,0.47674,0.655,0.91092,0.90154,0.94589,0.94319,0.85585,0.57148,0.81012,0.90992,0.00961242,0.00961242,0.00961242
636,30992,0.46008,0.64986,0.9029,0.90151,0.94613,0.9432,0.85622,0.57136,0.81004,0.90992,0.00961121,0.00961121,0.00961121
637,31037.5,0.47476,0.64711,0.91072,0.9015,0.94615,0.94312,0.85665,0.57111,0.81047,0.91,0.00961,0.00961,0.00961
638,31084.2,0.47695,0.6667,0.90718,0.90155,0.94709,0.94314,0.85652,0.57153,0.80953,0.91013,0.00960879,0.00960879,0.00960879
639,31130.5,0.4661,0.65475,0.90722,0.9017,0.94958,0.94309,0.85579,0.57132,0.8091,0.91018,0.00960758,0.00960758,0.00960758
640,31177,0.47582,0.66507,0.9134,0.90168,0.9496,0.94302,0.8559,0.57136,0.80962,0.91047,0.00960636,0.00960636,0.00960636
641,31223.3,0.46957,0.65516,0.91336,0.90143,0.9499,0.94274,0.85579,0.57152,0.80952,0.9105,0.00960515,0.00960515,0.00960515
642,31269.5,0.47157,0.67023,0.91825,0.90135,0.9499,0.94283,0.85581,0.5712,0.81019,0.91034,0.00960393,0.00960393,0.00960393
643,31316.2,0.45697,0.63875,0.89568,0.90142,0.9499,0.9418,0.85498,0.57104,0.81013,0.91031,0.00960271,0.00960271,0.00960271
644,31363.1,0.46949,0.66159,0.91028,0.90112,0.9499,0.94189,0.8552,0.5709,0.80934,0.91023,0.00960149,0.00960149,0.00960149
645,31409.8,0.46917,0.67541,0.90735,0.90094,0.9499,0.94179,0.85116,0.57049,0.8088,0.90997,0.00960026,0.00960026,0.00960026
646,31456.1,0.47711,0.66061,0.90503,0.9006,0.9499,0.94259,0.85298,0.57095,0.80982,0.91028,0.00959904,0.00959904,0.00959904
647,31503.5,0.46359,0.65366,0.90324,0.8992,0.95019,0.94211,0.85277,0.57115,0.81099,0.91036,0.00959781,0.00959781,0.00959781
648,31550.4,0.47377,0.67178,0.90963,0.89919,0.95004,0.94218,0.85373,0.5712,0.81137,0.91016,0.00959658,0.00959658,0.00959658
649,31599,0.4571,0.71248,0.89516,0.89922,0.9499,0.94361,0.85455,0.57139,0.80989,0.9102,0.00959535,0.00959535,0.00959535
650,31646.6,0.45941,0.65429,0.90781,0.89956,0.9499,0.94368,0.85449,0.57135,0.80985,0.91039,0.00959412,0.00959412,0.00959412
651,31694.9,0.46079,0.6535,0.90704,0.89915,0.9499,0.94358,0.85493,0.57128,0.80913,0.91033,0.00959289,0.00959289,0.00959289
652,31742.2,0.46707,0.66079,0.906,0.89927,0.9499,0.94367,0.85531,0.57133,0.80981,0.91043,0.00959165,0.00959165,0.00959165
653,31788.1,0.46492,0.77418,0.90306,0.90007,0.9499,0.94369,0.85541,0.57145,0.8096,0.91037,0.00959041,0.00959041,0.00959041
654,31834.9,0.45789,0.66805,0.89987,0.90165,0.9499,0.94366,0.85508,0.57128,0.81023,0.91039,0.00958917,0.00958917,0.00958917
655,31881.3,0.45148,0.64018,0.90487,0.90157,0.9499,0.94373,0.85521,0.57113,0.80923,0.91031,0.00958793,0.00958793,0.00958793
656,31928.9,0.47097,0.67111,0.90748,0.90157,0.9499,0.94384,0.85779,0.57123,0.80895,0.91033,0.00958669,0.00958669,0.00958669
657,31976.8,0.46783,0.66571,0.90406,0.90148,0.9499,0.94207,0.85705,0.57108,0.81115,0.91038,0.00958544,0.00958544,0.00958544
658,32024.4,0.46083,0.64912,0.91028,0.90137,0.9499,0.94248,0.85509,0.57119,0.81088,0.91037,0.0095842,0.0095842,0.0095842
659,32071.5,0.46551,0.64059,0.91038,0.90129,0.9499,0.94313,0.85845,0.57165,0.81312,0.91079,0.00958295,0.00958295,0.00958295
660,32119.9,0.47046,0.6683,0.91093,0.90128,0.9499,0.94314,0.85799,0.57188,0.81425,0.91099,0.0095817,0.0095817,0.0095817
661,32166.8,0.46022,0.64597,0.91284,0.90135,0.9499,0.94397,0.85692,0.57188,0.8149,0.91098,0.00958044,0.00958044,0.00958044
662,32214.8,0.47041,0.66886,0.91004,0.90141,0.9499,0.94401,0.85647,0.57205,0.81597,0.91099,0.00957919,0.00957919,0.00957919
663,32261.9,0.48091,0.68727,0.91179,0.90127,0.9499,0.94445,0.85944,0.57227,0.81598,0.91113,0.00957793,0.00957793,0.00957793
664,32308.8,0.47322,0.66566,0.91195,0.90128,0.9499,0.94393,0.85641,0.57262,0.81733,0.91151,0.00957668,0.00957668,0.00957668
665,32355.5,0.46765,0.65826,0.90885,0.90151,0.94687,0.94461,0.85967,0.57272,0.81741,0.91164,0.00957542,0.00957542,0.00957542
666,32403.2,0.47322,0.65186,0.9097,0.90155,0.94654,0.94422,0.85935,0.57293,0.81545,0.91176,0.00957416,0.00957416,0.00957416
667,32451.4,0.46023,0.64321,0.90316,0.90158,0.94657,0.94411,0.85797,0.5729,0.81427,0.9118,0.00957289,0.00957289,0.00957289
668,32498.4,0.46057,0.66094,0.90904,0.90162,0.94654,0.94433,0.86013,0.57273,0.81363,0.91171,0.00957163,0.00957163,0.00957163
669,32545.5,0.46223,0.65673,0.90051,0.90163,0.94632,0.94532,0.86094,0.57289,0.81674,0.91169,0.00957036,0.00957036,0.00957036
670,32593.4,0.45732,0.6465,0.89385,0.90161,0.94629,0.94365,0.85771,0.57316,0.81646,0.91184,0.00956909,0.00956909,0.00956909
671,32641.2,0.46405,0.64328,0.90706,0.90158,0.9462,0.94164,0.85749,0.57312,0.81843,0.91196,0.00956782,0.00956782,0.00956782
672,32688,0.46193,0.65618,0.89829,0.89898,0.94726,0.94222,0.85515,0.57355,0.81973,0.91213,0.00956655,0.00956655,0.00956655
673,32734.8,0.46089,0.64439,0.89856,0.89927,0.94726,0.94241,0.85533,0.57348,0.82014,0.91213,0.00956528,0.00956528,0.00956528
674,32781.7,0.46298,0.66288,0.89781,0.89937,0.94726,0.94232,0.85568,0.57372,0.81841,0.91225,0.009564,0.009564,0.009564
675,32830.1,0.457,0.66168,0.90232,0.89943,0.94726,0.94419,0.85761,0.5738,0.81873,0.91238,0.00956273,0.00956273,0.00956273
676,32878.1,0.46618,0.66165,0.90003,0.89954,0.94726,0.94301,0.85824,0.57404,0.819,0.91261,0.00956145,0.00956145,0.00956145
677,32925.5,0.4693,0.6819,0.91518,0.89945,0.94726,0.94288,0.85527,0.57398,0.81893,0.91258,0.00956017,0.00956017,0.00956017
678,32972.4,0.464,0.65336,0.911,0.89979,0.94726,0.9443,0.85818,0.57359,0.81743,0.9123,0.00955888,0.00955888,0.00955888
679,33018.5,0.46469,0.64846,0.90625,0.90111,0.94657,0.94215,0.85778,0.57376,0.81759,0.91247,0.0095576,0.0095576,0.0095576
680,33064.3,0.45593,0.65165,0.90351,0.90109,0.94646,0.94279,0.85807,0.57396,0.8175,0.91246,0.00955631,0.00955631,0.00955631
681,33111.3,0.4631,0.6453,0.89975,0.90104,0.94632,0.94139,0.85648,0.57414,0.81759,0.91251,0.00955502,0.00955502,0.00955502
682,33158.8,0.47454,0.67194,0.90926,0.89682,0.9499,0.94284,0.85821,0.57398,0.81721,0.91254,0.00955373,0.00955373,0.00955373
683,33205.3,0.47539,0.64579,0.90999,0.89701,0.9499,0.94285,0.85853,0.57394,0.81542,0.91251,0.00955244,0.00955244,0.00955244
684,33253.9,0.46312,0.7225,0.8945,0.8971,0.9499,0.94205,0.85882,0.5738,0.8152,0.91254,0.00955115,0.00955115,0.00955115
685,33303.6,0.45783,0.64577,0.90439,0.89801,0.95117,0.94206,0.85782,0.5738,0.81593,0.91251,0.00954986,0.00954986,0.00954986
686,33352.2,0.46968,0.63771,0.90961,0.89796,0.95124,0.94227,0.8565,0.57382,0.8155,0.91235,0.00954856,0.00954856,0.00954856
687,33400.9,0.46162,0.65927,0.91024,0.89789,0.95129,0.94154,0.85507,0.57293,0.81105,0.91172,0.00954726,0.00954726,0.00954726
688,33451.2,0.46049,0.64212,0.90414,0.8979,0.95131,0.94294,0.85879,0.57285,0.81158,0.91187,0.00954596,0.00954596,0.00954596
689,33498.6,0.47433,0.65971,0.91252,0.89788,0.95135,0.94337,0.85919,0.57281,0.81098,0.91152,0.00954466,0.00954466,0.00954466
690,33548.3,0.47294,0.68976,0.90669,0.89789,0.95153,0.94295,0.85648,0.57319,0.81308,0.91162,0.00954335,0.00954335,0.00954335
691,33594.2,0.46844,0.66085,0.91448,0.89788,0.95182,0.9419,0.85702,0.5733,0.81386,0.91181,0.00954205,0.00954205,0.00954205
692,33641.3,0.46599,0.64311,0.90639,0.89785,0.95203,0.94198,0.85683,0.57343,0.8141,0.91194,0.00954074,0.00954074,0.00954074
693,33686.5,0.46927,0.69736,0.90703,0.89785,0.95224,0.94195,0.8564,0.57349,0.81391,0.91182,0.00953943,0.00953943,0.00953943
694,33729.9,0.45505,0.64725,0.90586,0.89783,0.95247,0.94332,0.85788,0.57296,0.81434,0.91174,0.00953812,0.00953812,0.00953812
695,33777.1,0.46577,0.65784,0.89759,0.89745,0.95255,0.94334,0.85759,0.5726,0.81164,0.91135,0.00953681,0.00953681,0.00953681
696,33822.5,0.47329,0.67024,0.90819,0.89721,0.95255,0.94205,0.85651,0.5723,0.81001,0.91106,0.00953549,0.00953549,0.00953549
697,33869.3,0.46485,0.63591,0.90346,0.8971,0.95255,0.94212,0.85769,0.57246,0.80936,0.91104,0.00953418,0.00953418,0.00953418
698,33914.8,0.46464,0.64554,0.90733,0.89699,0.95255,0.94202,0.85639,0.57236,0.80875,0.91094,0.00953286,0.00953286,0.00953286
699,33959.3,0.47317,0.65432,0.91507,0.89709,0.95255,0.94206,0.85747,0.57248,0.80876,0.91091,0.00953154,0.00953154,0.00953154
700,34006,0.4645,0.6558,0.89939,0.89722,0.95255,0.94209,0.8585,0.5725,0.80918,0.91073,0.00953022,0.00953022,0.00953022
701,34052.8,0.46202,0.65698,0.90292,0.8974,0.95255,0.942,0.85908,0.57263,0.80846,0.91081,0.00952889,0.00952889,0.00952889
702,34099.8,0.47698,0.64843,0.91548,0.89754,0.95255,0.94248,0.85838,0.57269,0.80798,0.91068,0.00952757,0.00952757,0.00952757
703,34145.8,0.45338,0.62907,0.8861,0.89766,0.95255,0.94155,0.85651,0.57247,0.80648,0.91061,0.00952624,0.00952624,0.00952624
704,34193.1,0.47191,0.68682,0.90532,0.89775,0.95255,0.94211,0.85847,0.57245,0.807,0.91051,0.00952491,0.00952491,0.00952491
705,34240.4,0.46394,0.64314,0.91374,0.8979,0.95255,0.94229,0.85628,0.57213,0.80575,0.91033,0.00952358,0.00952358,0.00952358
706,34287.1,0.46149,0.63224,0.90173,0.89786,0.95255,0.94222,0.85714,0.57218,0.80547,0.91027,0.00952225,0.00952225,0.00952225
707,34333.6,0.46715,0.65295,0.90565,0.89783,0.95255,0.94208,0.85567,0.57195,0.80527,0.91013,0.00952092,0.00952092,0.00952092
708,34380.8,0.46497,0.66868,0.91167,0.89765,0.95255,0.94222,0.85699,0.57208,0.80529,0.90998,0.00951958,0.00951958,0.00951958
709,34427.8,0.45815,0.66521,0.90229,0.89756,0.95255,0.94258,0.85697,0.57246,0.80652,0.91015,0.00951824,0.00951824,0.00951824
710,34475.2,0.4617,0.66097,0.90161,0.89758,0.95255,0.9432,0.85927,0.57254,0.80642,0.91032,0.0095169,0.0095169,0.0095169
711,34522.3,0.46045,0.65573,0.89914,0.89777,0.95255,0.9428,0.85897,0.57263,0.80679,0.91033,0.00951556,0.00951556,0.00951556
712,34569,0.45707,0.63227,0.90532,0.89808,0.95255,0.94433,0.86104,0.57285,0.80631,0.91049,0.00951422,0.00951422,0.00951422
713,34613.7,0.45849,0.63163,0.90281,0.89825,0.95198,0.94277,0.85716,0.57283,0.80762,0.91027,0.00951288,0.00951288,0.00951288
714,34661,0.45795,0.65278,0.89552,0.89827,0.95205,0.94327,0.85843,0.57254,0.80632,0.91019,0.00951153,0.00951153,0.00951153
715,34706.3,0.46429,0.69716,0.91292,0.89728,0.95255,0.94332,0.85807,0.57264,0.8076,0.91014,0.00951018,0.00951018,0.00951018
716,34753.5,0.46581,0.68308,0.90635,0.89754,0.95255,0.94197,0.85696,0.57251,0.80765,0.9099,0.00950883,0.00950883,0.00950883
717,34801.8,0.46494,0.65265,0.90956,0.89768,0.95255,0.94192,0.8564,0.57257,0.80683,0.90977,0.00950748,0.00950748,0.00950748
718,34851.6,0.46044,0.67132,0.90091,0.89806,0.95255,0.94162,0.85706,0.5723,0.80695,0.90976,0.00950613,0.00950613,0.00950613
719,34900.1,0.46071,0.63285,0.90135,0.89813,0.95251,0.94257,0.85815,0.57257,0.80851,0.90956,0.00950477,0.00950477,0.00950477
720,34948,0.46255,0.65418,0.90539,0.89818,0.95245,0.94269,0.85896,0.57205,0.80598,0.90931,0.00950341,0.00950341,0.00950341
721,34997.4,0.44414,0.71754,0.88544,0.89816,0.95238,0.94412,0.86063,0.57237,0.80901,0.90949,0.00950206,0.00950206,0.00950206
722,35046.1,0.45941,0.6317,0.90591,0.89815,0.95225,0.9418,0.85838,0.57286,0.80757,0.90994,0.0095007,0.0095007,0.0095007
723,35093.5,0.45424,0.62965,0.90733,0.89821,0.9524,0.9419,0.85821,0.57285,0.80714,0.91008,0.00949933,0.00949933,0.00949933
724,35140.7,0.45363,0.64613,0.89424,0.89827,0.95249,0.94187,0.85802,0.57286,0.808,0.91003,0.00949797,0.00949797,0.00949797
725,35188.8,0.46157,0.63697,0.8998,0.89806,0.95255,0.94185,0.8581,0.57263,0.80715,0.90991,0.0094966,0.0094966,0.0094966
726,35237.3,0.48067,0.66271,0.91377,0.89881,0.95186,0.94198,0.86051,0.57216,0.80405,0.90966,0.00949524,0.00949524,0.00949524
727,35284.7,0.45947,0.64279,0.90134,0.89888,0.952,0.94325,0.8611,0.57188,0.80498,0.9097,0.00949387,0.00949387,0.00949387
728,35332.6,0.46811,0.65167,0.90154,0.89746,0.95255,0.94335,0.86113,0.5717,0.8043,0.90967,0.0094925,0.0094925,0.0094925
729,35380.6,0.45823,0.62185,0.90256,0.89758,0.95255,0.94146,0.85895,0.5719,0.80502,0.90963,0.00949112,0.00949112,0.00949112
730,35429.1,0.46156,0.66027,0.8961,0.89762,0.95255,0.94329,0.86193,0.57189,0.8045,0.90962,0.00948975,0.00948975,0.00948975
731,35476.7,0.46908,0.65454,0.90574,0.89761,0.95255,0.94252,0.86109,0.57251,0.80648,0.90991,0.00948837,0.00948837,0.00948837
732,35523.6,0.46058,0.66761,0.89583,0.89898,0.95396,0.94263,0.85898,0.57234,0.80542,0.90955,0.009487,0.009487,0.009487
733,35570.8,0.47174,0.66181,0.91255,0.89907,0.95404,0.94308,0.86157,0.5727,0.80765,0.90974,0.00948562,0.00948562,0.00948562
734,35617.2,0.45638,0.64031,0.89336,0.89914,0.95404,0.94338,0.86187,0.57282,0.80717,0.90971,0.00948423,0.00948423,0.00948423
735,35663.7,0.45718,0.62277,0.89735,0.89908,0.95418,0.94262,0.85953,0.57259,0.80612,0.90974,0.00948285,0.00948285,0.00948285
736,35712.3,0.45934,0.65566,0.91189,0.89903,0.95419,0.94254,0.85998,0.57265,0.8068,0.90969,0.00948147,0.00948147,0.00948147
737,35759.7,0.45792,0.64758,0.90124,0.89901,0.95419,0.94266,0.86036,0.57252,0.80659,0.90963,0.00948008,0.00948008,0.00948008
738,35807.9,0.46056,0.64173,0.90537,0.899,0.95421,0.94259,0.85929,0.57346,0.80946,0.91001,0.00947869,0.00947869,0.00947869
739,35856.5,0.46968,0.66714,0.90918,0.89895,0.95418,0.94346,0.86035,0.57355,0.80808,0.91014,0.0094773,0.0094773,0.0094773
740,35903.7,0.46109,0.64757,0.90377,0.89898,0.9541,0.94234,0.86018,0.57321,0.8095,0.90992,0.00947591,0.00947591,0.00947591
741,35951.2,0.45945,0.63004,0.90663,0.89905,0.95412,0.94149,0.85905,0.57312,0.80843,0.90998,0.00947452,0.00947452,0.00947452
742,35998.8,0.45872,0.65316,0.89646,0.89909,0.9541,0.9419,0.85933,0.57307,0.80802,0.90997,0.00947312,0.00947312,0.00947312
743,36047.8,0.45037,0.63649,0.89667,0.89919,0.95388,0.94236,0.86009,0.57264,0.80605,0.90973,0.00947172,0.00947172,0.00947172
744,36094.8,0.45514,0.62437,0.89826,0.8992,0.95369,0.94225,0.8584,0.57243,0.8062,0.90975,0.00947032,0.00947032,0.00947032
745,36141,0.46647,0.65097,0.90873,0.89916,0.95371,0.94145,0.85949,0.5726,0.80581,0.90961,0.00946892,0.00946892,0.00946892
746,36186.5,0.47901,0.66598,0.92187,0.89918,0.95359,0.94183,0.8582,0.5727,0.80609,0.90961,0.00946752,0.00946752,0.00946752
747,36234,0.45914,0.65455,0.90233,0.89911,0.95343,0.94249,0.85867,0.57295,0.80488,0.90979,0.00946612,0.00946612,0.00946612
748,36279.5,0.46525,0.66867,0.90995,0.89906,0.95328,0.94253,0.85925,0.57283,0.8052,0.90962,0.00946471,0.00946471,0.00946471
749,36326,0.44999,0.63476,0.90882,0.89898,0.95304,0.94377,0.86055,0.57251,0.80581,0.90951,0.0094633,0.0094633,0.0094633
750,36372.4,0.45437,0.6312,0.90043,0.89899,0.95275,0.94364,0.86086,0.57245,0.80691,0.90948,0.00946189,0.00946189,0.00946189
751,36418.1,0.46722,0.65573,0.90502,0.89914,0.95255,0.94332,0.86016,0.57239,0.80756,0.90937,0.00946048,0.00946048,0.00946048
752,36463.4,0.45898,0.62625,0.90015,0.89925,0.95255,0.94371,0.86064,0.57255,0.80732,0.90944,0.00945907,0.00945907,0.00945907
753,36507.2,0.45828,0.63008,0.90077,0.89974,0.95255,0.94369,0.86077,0.5716,0.80588,0.90889,0.00945765,0.00945765,0.00945765
754,36551.8,0.45934,0.64056,0.90059,0.9013,0.95402,0.94246,0.85991,0.57155,0.80621,0.90892,0.00945624,0.00945624,0.00945624
755,36596.5,0.45801,0.64719,0.89514,0.90127,0.9541,0.9426,0.85976,0.57161,0.80595,0.90879,0.00945482,0.00945482,0.00945482
756,36642.6,0.46622,0.65089,0.90244,0.90123,0.95426,0.94337,0.86024,0.57146,0.80847,0.90911,0.0094534,0.0094534,0.0094534
757,36688.6,0.4488,0.64039,0.90383,0.90119,0.95448,0.94345,0.85996,0.57191,0.80979,0.90921,0.00945198,0.00945198,0.00945198
758,36734.6,0.45489,0.62096,0.90105,0.90115,0.9545,0.94308,0.85964,0.57186,0.80722,0.90925,0.00945056,0.00945056,0.00945056
759,36780.9,0.47435,0.65365,0.91574,0.90112,0.95476,0.94353,0.86045,0.57242,0.80868,0.90953,0.00944913,0.00944913,0.00944913
760,36826.3,0.45505,0.63801,0.90169,0.90106,0.95519,0.94385,0.86074,0.57257,0.80909,0.90937,0.0094477,0.0094477,0.0094477
761,36872.1,0.46524,0.66011,0.89567,0.9009,0.95519,0.94337,0.85989,0.57226,0.81005,0.90931,0.00944628,0.00944628,0.00944628
762,36918.1,0.46834,0.66405,0.90176,0.90068,0.95519,0.94374,0.85951,0.57199,0.80949,0.90895,0.00944485,0.00944485,0.00944485
763,36967.2,0.46607,0.64121,0.91428,0.90041,0.95519,0.94185,0.85798,0.57148,0.80962,0.9085,0.00944341,0.00944341,0.00944341
764,37014.2,0.44814,0.61649,0.89099,0.90014,0.95519,0.94326,0.85886,0.5714,0.80754,0.90846,0.00944198,0.00944198,0.00944198
765,37060.1,0.45678,0.64875,0.89889,0.89995,0.95519,0.94364,0.85977,0.57077,0.80699,0.90818,0.00944054,0.00944054,0.00944054
766,37106.7,0.45792,0.62237,0.90923,0.89993,0.95519,0.94339,0.8598,0.57078,0.8066,0.90818,0.00943911,0.00943911,0.00943911
767,37152.8,0.46071,0.65484,0.90125,0.89994,0.95519,0.94334,0.86,0.57014,0.80722,0.90795,0.00943767,0.00943767,0.00943767
768,37198.9,0.4704,0.70497,0.90949,0.89989,0.95519,0.94212,0.85874,0.57,0.80647,0.9079,0.00943623,0.00943623,0.00943623
769,37247.5,0.46157,0.68723,0.90412,0.8998,0.95519,0.94297,0.85912,0.56931,0.80597,0.90769,0.00943478,0.00943478,0.00943478
770,37294,0.45605,0.63633,0.89857,0.89961,0.95519,0.94293,0.8587,0.56949,0.80768,0.90789,0.00943334,0.00943334,0.00943334
771,37340.2,0.45576,0.64325,0.89128,0.89941,0.95519,0.94194,0.8586,0.56914,0.8085,0.90788,0.00943189,0.00943189,0.00943189
772,37387.4,0.46253,0.68751,0.90633,0.89933,0.95519,0.94297,0.85875,0.56913,0.81004,0.90771,0.00943045,0.00943045,0.00943045
773,37433.2,0.45489,0.63933,0.90485,0.89935,0.95519,0.94286,0.85872,0.56882,0.80969,0.90766,0.009429,0.009429,0.009429
774,37479.7,0.45242,0.65035,0.89269,0.89925,0.95519,0.94236,0.85841,0.56878,0.80918,0.90756,0.00942755,0.00942755,0.00942755
775,37523.1,0.45618,0.64882,0.89522,0.89914,0.95519,0.94292,0.8591,0.56849,0.80937,0.90732,0.00942609,0.00942609,0.00942609
776,37567.3,0.44769,0.64088,0.89199,0.89914,0.95519,0.94334,0.85834,0.56872,0.81059,0.90727,0.00942464,0.00942464,0.00942464
777,37613.2,0.44363,0.62206,0.89857,0.89918,0.95519,0.94335,0.85972,0.56876,0.80915,0.90727,0.00942318,0.00942318,0.00942318
778,37659.4,0.44581,0.66984,0.90092,0.89925,0.95519,0.94291,0.85936,0.56827,0.81054,0.90731,0.00942173,0.00942173,0.00942173
779,37705.2,0.46535,0.64255,0.90886,0.89946,0.95519,0.94099,0.85695,0.56834,0.81015,0.90718,0.00942027,0.00942027,0.00942027
780,37750,0.46031,0.62897,0.90087,0.89958,0.95519,0.94234,0.85909,0.56807,0.80895,0.9069,0.0094188,0.0094188,0.0094188
781,37794.8,0.4631,0.6582,0.90908,0.8998,0.95519,0.94194,0.85975,0.56796,0.81001,0.90676,0.00941734,0.00941734,0.00941734
782,37839.7,0.45059,0.64192,0.89601,0.89979,0.95519,0.94239,0.86013,0.56814,0.80923,0.90677,0.00941588,0.00941588,0.00941588
783,37884.7,0.45679,0.64657,0.9095,0.89982,0.95519,0.9428,0.85994,0.56797,0.81046,0.90662,0.00941441,0.00941441,0.00941441
784,37930.7,0.45823,0.63938,0.90336,0.89977,0.95519,0.94327,0.85749,0.5681,0.81067,0.90671,0.00941294,0.00941294,0.00941294
785,37975.6,0.44281,0.61533,0.8997,0.8995,0.95519,0.94239,0.85735,0.56774,0.81192,0.90657,0.00941147,0.00941147,0.00941147
786,38020.4,0.44966,0.66278,0.9005,0.89899,0.95519,0.94278,0.85675,0.56787,0.81101,0.90652,0.00941,0.00941,0.00941
787,38067.3,0.44958,0.6234,0.89532,0.89926,0.95519,0.9424,0.85682,0.56799,0.81137,0.90668,0.00940853,0.00940853,0.00940853
788,38114.5,0.45513,0.65088,0.90006,0.8995,0.95513,0.94249,0.85583,0.56775,0.8104,0.90649,0.00940705,0.00940705,0.00940705
789,38163,0.45208,0.63285,0.90499,0.89735,0.95255,0.94235,0.85644,0.56744,0.81013,0.90635,0.00940557,0.00940557,0.00940557
790,38209.6,0.45995,0.65583,0.90025,0.897,0.95304,0.94203,0.85633,0.56731,0.8094,0.90623,0.0094041,0.0094041,0.0094041
791,38257.4,0.45079,0.67003,0.90002,0.89697,0.95395,0.94336,0.85853,0.56743,0.80938,0.90629,0.00940262,0.00940262,0.00940262
792,38304.2,0.45485,0.64492,0.89931,0.89693,0.95387,0.94219,0.858,0.56726,0.81001,0.90631,0.00940113,0.00940113,0.00940113
793,38350.6,0.4626,0.65759,0.89926,0.89685,0.95358,0.94191,0.85754,0.56731,0.81018,0.90629,0.00939965,0.00939965,0.00939965
794,38396.6,0.45806,0.62815,0.89484,0.89676,0.95366,0.94212,0.85698,0.56745,0.81033,0.90638,0.00939816,0.00939816,0.00939816
795,38442.8,0.44697,0.61875,0.89425,0.89559,0.95519,0.94217,0.85759,0.56725,0.80939,0.90632,0.00939668,0.00939668,0.00939668
796,38489.3,0.45493,0.64343,0.90452,0.89607,0.95519,0.94125,0.85671,0.56743,0.80997,0.90632,0.00939519,0.00939519,0.00939519
797,38535.4,0.46093,0.64646,0.90125,0.89619,0.9548,0.94169,0.85689,0.56747,0.81084,0.90654,0.0093937,0.0093937,0.0093937
798,38581.9,0.45636,0.63935,0.89971,0.89613,0.95467,0.94211,0.85811,0.56767,0.81246,0.90664,0.00939221,0.00939221,0.00939221
799,38627.8,0.46609,0.65701,0.91059,0.89616,0.9545,0.94254,0.8588,0.56775,0.81306,0.9068,0.00939071,0.00939071,0.00939071
800,38674.5,0.45041,0.64321,0.90014,0.89623,0.95457,0.94252,0.85824,0.56776,0.81334,0.907,0.00938922,0.00938922,0.00938922
801,38722.1,0.45279,0.65062,0.8992,0.89653,0.95465,0.9429,0.85846,0.5682,0.81432,0.90724,0.00938772,0.00938772,0.00938772
802,38770.8,0.44921,0.61944,0.90161,0.89658,0.95466,0.94287,0.85978,0.56836,0.81422,0.90743,0.00938622,0.00938622,0.00938622
803,38816.8,0.46058,0.63987,0.90474,0.89662,0.95476,0.94296,0.86128,0.56835,0.81666,0.90749,0.00938472,0.00938472,0.00938472
804,38860.3,0.44283,0.63001,0.90039,0.89659,0.95488,0.94252,0.86045,0.56843,0.8166,0.90743,0.00938322,0.00938322,0.00938322
805,38904,0.45861,0.64204,0.90669,0.89651,0.95462,0.94244,0.86079,0.56812,0.81834,0.90755,0.00938171,0.00938171,0.00938171
806,38947.8,0.45791,0.65283,0.90756,0.89642,0.95448,0.94248,0.86012,0.56821,0.81857,0.90762,0.0093802,0.0093802,0.0093802
807,38995.2,0.46627,0.65275,0.90634,0.89613,0.95313,0.941,0.85853,0.56809,0.81914,0.9077,0.0093787,0.0093787,0.0093787
808,39041.6,0.46278,0.64058,0.89901,0.89609,0.95243,0.94208,0.85791,0.56707,0.8135,0.90714,0.00937719,0.00937719,0.00937719
809,39087.1,0.45927,0.62391,0.90722,0.8962,0.95211,0.94191,0.85851,0.56773,0.81941,0.90745,0.00937568,0.00937568,0.00937568
810,39131.9,0.447,0.63151,0.89717,0.89617,0.95196,0.94131,0.85729,0.5677,0.81983,0.90741,0.00937416,0.00937416,0.00937416
811,39177.6,0.45024,0.63516,0.89973,0.89604,0.9519,0.9408,0.85757,0.56798,0.82088,0.90772,0.00937265,0.00937265,0.00937265
812,39225.2,0.45375,0.62288,0.89012,0.89596,0.95174,0.94063,0.85593,0.56677,0.81681,0.90723,0.00937113,0.00937113,0.00937113
813,39272.1,0.45406,0.64023,0.90193,0.89631,0.9509,0.94076,0.85745,0.56708,0.81986,0.90771,0.00936961,0.00936961,0.00936961
814,39319.2,0.44881,0.63431,0.89452,0.89626,0.95086,0.94066,0.8572,0.56694,0.81905,0.90756,0.0093681,0.0093681,0.0093681
815,39365.4,0.45148,0.63909,0.89739,0.89664,0.9499,0.94079,0.85765,0.56639,0.8197,0.90759,0.00936657,0.00936657,0.00936657
816,39410.7,0.45128,0.65247,0.90253,0.89698,0.9499,0.94077,0.85765,0.56694,0.82227,0.90786,0.00936505,0.00936505,0.00936505
817,39454.2,0.45918,0.63613,0.91045,0.89707,0.94956,0.94062,0.85739,0.56669,0.82226,0.90772,0.00936353,0.00936353,0.00936353
818,39498.1,0.45523,0.63308,0.89999,0.89701,0.94937,0.9406,0.85773,0.56642,0.82285,0.90778,0.009362,0.009362,0.009362
819,39542.8,0.45056,0.6433,0.90551,0.89698,0.94915,0.94056,0.85709,0.56638,0.82282,0.90764,0.00936047,0.00936047,0.00936047
820,39586.9,0.43775,0.60986,0.8889,0.89704,0.94949,0.94245,0.85984,0.56643,0.82253,0.90777,0.00935894,0.00935894,0.00935894
821,39630.5,0.45371,0.63999,0.90113,0.89709,0.9499,0.94059,0.85729,0.56631,0.8216,0.90767,0.00935741,0.00935741,0.00935741
822,39674.5,0.45261,0.63315,0.89818,0.89736,0.9499,0.94049,0.85684,0.56658,0.82143,0.90768,0.00935588,0.00935588,0.00935588
823,39718.9,0.44759,0.64169,0.89432,0.89739,0.9499,0.9415,0.85808,0.56613,0.82052,0.9076,0.00935434,0.00935434,0.00935434
824,39763.6,0.45403,0.64065,0.89549,0.89752,0.9499,0.94159,0.85937,0.56655,0.81815,0.90797,0.0093528,0.0093528,0.0093528
825,39808.7,0.45618,0.62899,0.90739,0.89762,0.9499,0.94154,0.85935,0.56673,0.81879,0.90812,0.00935127,0.00935127,0.00935127
826,39853.8,0.46231,0.64211,0.90265,0.89759,0.9499,0.94151,0.85791,0.5669,0.81929,0.9084,0.00934973,0.00934973,0.00934973
827,39898.8,0.43792,0.61956,0.89033,0.89776,0.9499,0.94101,0.85888,0.56705,0.81921,0.90849,0.00934818,0.00934818,0.00934818
828,39944.5,0.45015,0.64435,0.89622,0.89773,0.9499,0.941,0.85893,0.56681,0.81919,0.90849,0.00934664,0.00934664,0.00934664
829,39991.2,0.45882,0.62563,0.90407,0.90154,0.94461,0.94117,0.859,0.56713,0.81985,0.90879,0.0093451,0.0093451,0.0093451
830,40037.5,0.4528,0.63537,0.89404,0.90244,0.94461,0.94112,0.85767,0.56692,0.81982,0.90877,0.00934355,0.00934355,0.00934355
