epoch,time,train/box_loss,train/cls_loss,train/dfl_loss,metrics/precision(B),metrics/recall(B),metrics/mAP50(B),metrics/mAP50-95(B),val/box_loss,val/cls_loss,val/dfl_loss,lr/pg0,lr/pg1,lr/pg2
1,79.547,1.2267,7.75567,1.44897,0.70701,0.73852,0.74965,0.54196,1.025,2.88634,1.19121,0.00330827,0.00330827,0.00330827
2,138.734,1.03744,4.25465,1.2769,0.71053,0.6774,0.72582,0.50048,1.29435,4.21647,1.42042,0.0066416,0.0066416,0.0066416
3,197.378,1.15994,3.39849,1.36179,0.34658,0.34494,0.33027,0.19748,2.14804,11.1875,3.00565,0.00997493,0.00997493,0.00997493
4,255.579,1.28037,3.11632,1.43818,0.60653,0.54731,0.59802,0.37274,1.84918,11.2807,2.21941,0.00999999,0.00999999,0.00999999
5,314.605,1.23951,2.82029,1.42933,0.67607,0.72575,0.73563,0.51259,1.35789,2.99685,1.51761,0.00999998,0.00999998,0.00999998
6,374.143,1.22318,2.65872,1.43029,0.80512,0.74898,0.80169,0.46957,1.55772,2.91755,1.60073,0.00999998,0.00999998,0.00999998
7,433.106,1.17111,2.47082,1.39533,0.76447,0.81988,0.83418,0.56512,1.31839,2.4789,1.38777,0.00999996,0.00999996,0.00999996
8,492.721,1.11007,2.40883,1.33484,0.64004,0.78655,0.82512,0.57512,1.2757,2.37452,1.38491,0.00999995,0.00999995,0.00999995
9,551.786,1.10948,2.23824,1.32901,0.80895,0.8169,0.85452,0.60844,1.16536,1.92047,1.30291,0.00999994,0.00999994,0.00999994
10,611.098,1.06536,2.1292,1.30525,0.66258,0.76267,0.76219,0.54399,1.37414,2.48529,1.56781,0.00999992,0.00999992,0.00999992
11,669.686,1.06863,2.16636,1.28921,0.79562,0.80396,0.86027,0.64044,1.06578,1.89095,1.20288,0.0099999,0.0099999,0.0099999
12,728.892,1.06026,2.1034,1.28964,0.8235,0.83201,0.86486,0.61821,1.15487,1.92221,1.2726,0.00999988,0.00999988,0.00999988
13,788.032,1.0406,2.03402,1.28328,0.82216,0.88967,0.86835,0.63283,1.11785,1.74774,1.23859,0.00999986,0.00999986,0.00999986
14,847.562,0.99915,1.95864,1.25514,0.80817,0.8384,0.86303,0.64303,1.05867,1.78494,1.20184,0.00999983,0.00999983,0.00999983
15,906.149,1.02094,1.96677,1.26596,0.8267,0.88113,0.88993,0.67815,1.00413,1.57243,1.15659,0.00999981,0.00999981,0.00999981
16,965.086,1.01022,1.92854,1.27089,0.77133,0.7092,0.81365,0.61786,1.08441,2.43404,1.28966,0.00999978,0.00999978,0.00999978
17,1022.91,0.98535,1.88954,1.24376,0.79551,0.89679,0.89153,0.69158,1.01418,1.57567,1.1847,0.00999975,0.00999975,0.00999975
18,1081.06,0.98809,1.87004,1.24023,0.85826,0.85422,0.90574,0.68331,1.05323,1.70083,1.1701,0.00999972,0.00999972,0.00999972
19,1139.56,0.97641,1.84707,1.22634,0.82948,0.80636,0.88478,0.67859,0.96888,1.66809,1.15544,0.00999968,0.00999968,0.00999968
20,1198.24,0.96175,1.7853,1.21369,0.83716,0.85056,0.90029,0.69814,0.93995,1.44182,1.11315,0.00999965,0.00999965,0.00999965
21,1257.35,0.95235,1.78956,1.21716,0.82036,0.92279,0.91063,0.68474,0.99281,1.54073,1.14932,0.00999961,0.00999961,0.00999961
22,1316.12,0.97305,1.8338,1.22288,0.81801,0.86559,0.88607,0.69617,0.94293,1.47558,1.1539,0.00999957,0.00999957,0.00999957
23,1374.66,0.94515,1.74586,1.20257,0.82988,0.87579,0.88654,0.67628,1.02762,1.53814,1.15357,0.00999953,0.00999953,0.00999953
24,1434.31,0.94075,1.74869,1.20034,0.85885,0.90172,0.90756,0.69151,0.98732,1.47321,1.15594,0.00999948,0.00999948,0.00999948
25,1492.89,0.93582,1.77734,1.20719,0.89212,0.89263,0.89992,0.66991,0.995,1.46649,1.14595,0.00999944,0.00999944,0.00999944
26,1552.66,0.92532,1.66412,1.19325,0.84423,0.88906,0.90134,0.68188,1.03145,1.45538,1.17415,0.00999939,0.00999939,0.00999939
27,1611.63,0.92718,1.63482,1.18258,0.84552,0.88278,0.89665,0.65073,1.0953,1.53458,1.20012,0.00999934,0.00999934,0.00999934
28,1669.73,0.92052,1.69847,1.18892,0.82632,0.87805,0.90462,0.69035,0.96471,1.52682,1.14065,0.00999929,0.00999929,0.00999929
29,1728.03,0.92254,1.67941,1.19264,0.82568,0.86939,0.8818,0.67011,1.05383,1.65769,1.18548,0.00999923,0.00999923,0.00999923
30,1787.1,0.90258,1.6173,1.17533,0.84399,0.84767,0.8897,0.68918,0.99252,1.62397,1.15309,0.00999918,0.00999918,0.00999918
31,1846.15,0.91974,1.6248,1.20008,0.80471,0.91418,0.88849,0.69499,0.93876,1.44139,1.10728,0.00999912,0.00999912,0.00999912
32,1905.19,0.91167,1.63112,1.18864,0.86879,0.92717,0.91177,0.66442,1.0998,1.38755,1.1932,0.00999906,0.00999906,0.00999906
33,1964.02,0.90793,1.59913,1.18035,0.85758,0.86809,0.8789,0.68982,0.92902,1.42818,1.12139,0.009999,0.009999,0.009999
34,2022.33,0.89274,1.58067,1.17912,0.8736,0.87079,0.909,0.70487,0.94751,1.39481,1.11318,0.00999894,0.00999894,0.00999894
35,2080.79,0.90777,1.62991,1.18682,0.84934,0.91523,0.89739,0.72621,0.86023,1.33911,1.0591,0.00999887,0.00999887,0.00999887
36,2140.66,0.89313,1.59513,1.18073,0.85136,0.9181,0.90413,0.69853,0.97883,1.36906,1.13689,0.0099988,0.0099988,0.0099988
37,2199.1,0.87755,1.55028,1.15828,0.87644,0.89263,0.92544,0.71219,0.9686,1.2898,1.10977,0.00999873,0.00999873,0.00999873
38,2258.93,0.90732,1.57835,1.1795,0.90459,0.87644,0.92127,0.74181,0.87824,1.3121,1.07402,0.00999866,0.00999866,0.00999866
39,2319.04,0.88445,1.52588,1.15069,0.87338,0.91202,0.90089,0.70387,0.95316,1.3459,1.09591,0.00999859,0.00999859,0.00999859
40,2378.91,0.88527,1.49568,1.16226,0.85915,0.88193,0.91146,0.71394,0.93279,1.41517,1.09291,0.00999851,0.00999851,0.00999851
41,2438.13,0.89502,1.54271,1.16662,0.85555,0.91173,0.90814,0.72005,0.92155,1.36721,1.08347,0.00999844,0.00999844,0.00999844
42,2497.91,0.86278,1.49257,1.14408,0.8656,0.88242,0.91513,0.7216,0.90983,1.32767,1.07839,0.00999836,0.00999836,0.00999836
43,2557.19,0.86459,1.50982,1.15527,0.87383,0.90595,0.91597,0.7191,0.96818,1.33077,1.09318,0.00999828,0.00999828,0.00999828
44,2616,0.87167,1.51127,1.15254,0.86486,0.87616,0.88932,0.69993,0.93892,1.48125,1.11385,0.00999819,0.00999819,0.00999819
45,2674.9,0.87446,1.5617,1.16341,0.89431,0.90305,0.91139,0.714,0.9368,1.34793,1.08915,0.00999811,0.00999811,0.00999811
46,2735.4,0.86411,1.44081,1.14414,0.87338,0.87149,0.90263,0.72165,0.86207,1.34473,1.06316,0.00999802,0.00999802,0.00999802
47,2793.54,0.86238,1.47629,1.14941,0.86696,0.88628,0.90904,0.73446,0.83759,1.31752,1.04161,0.00999793,0.00999793,0.00999793
48,2852.53,0.85788,1.48586,1.14635,0.84869,0.85465,0.89277,0.69372,0.89153,1.42575,1.0972,0.00999784,0.00999784,0.00999784
49,2912.74,0.83929,1.42492,1.13783,0.86617,0.87026,0.90869,0.73407,0.83434,1.28829,1.03874,0.00999775,0.00999775,0.00999775
50,2971.03,0.84712,1.45518,1.13923,0.863,0.87575,0.9082,0.73355,0.86837,1.44926,1.0708,0.00999765,0.00999765,0.00999765
51,3030.07,0.86532,1.43099,1.15137,0.84216,0.89471,0.91387,0.72706,0.89985,1.33056,1.09226,0.00999756,0.00999756,0.00999756
52,3089.35,0.84479,1.43028,1.13718,0.8759,0.87234,0.90283,0.72497,0.86206,1.41361,1.06145,0.00999746,0.00999746,0.00999746
53,3148.25,0.8518,1.41684,1.14302,0.90296,0.91618,0.9224,0.73798,0.85952,1.22034,1.043,0.00999736,0.00999736,0.00999736
54,3206.56,0.85648,1.41796,1.15159,0.89047,0.92924,0.93074,0.72818,0.95485,1.19406,1.08526,0.00999726,0.00999726,0.00999726
55,3265.43,0.82394,1.40385,1.1226,0.88885,0.85309,0.9044,0.7455,0.78362,1.34469,1.00231,0.00999715,0.00999715,0.00999715
56,3323.63,0.83813,1.40358,1.13334,0.89319,0.92439,0.93193,0.73429,0.89727,1.21265,1.06542,0.00999704,0.00999704,0.00999704
57,3382.53,0.83398,1.39875,1.12363,0.89332,0.92117,0.9185,0.71356,0.9838,1.40489,1.12864,0.00999694,0.00999694,0.00999694
58,3441.55,0.82022,1.40616,1.12592,0.87765,0.83683,0.89032,0.7016,0.92435,1.40817,1.08612,0.00999683,0.00999683,0.00999683
59,3500.43,0.83245,1.39741,1.12991,0.87418,0.92243,0.92395,0.73533,0.89337,1.2294,1.06205,0.00999671,0.00999671,0.00999671
60,3559.18,0.83151,1.41254,1.12513,0.90115,0.88628,0.92052,0.73383,0.8515,1.17876,1.03024,0.0099966,0.0099966,0.0099966
61,3618.34,0.83025,1.40727,1.13115,0.87233,0.90081,0.91047,0.73811,0.85446,1.18906,1.04788,0.00999648,0.00999648,0.00999648
62,3677.72,0.8288,1.40831,1.12641,0.87181,0.90348,0.92168,0.75701,0.81927,1.22351,1.02687,0.00999636,0.00999636,0.00999636
63,3736.63,0.81994,1.39239,1.11539,0.87553,0.9037,0.92819,0.75331,0.86258,1.17334,1.03861,0.00999624,0.00999624,0.00999624
64,3795.1,0.83398,1.37359,1.12717,0.88277,0.91947,0.91745,0.74503,0.87032,1.19238,1.03908,0.00999612,0.00999612,0.00999612
65,3853.74,0.80416,1.34022,1.10442,0.88245,0.89681,0.92201,0.73702,0.85819,1.29171,1.04354,0.009996,0.009996,0.009996
66,3912.46,0.83261,1.39646,1.11614,0.87812,0.90627,0.91736,0.74858,0.83569,1.17419,1.03373,0.00999587,0.00999587,0.00999587
67,3971.68,0.81413,1.36242,1.11316,0.89106,0.91608,0.93182,0.74164,0.85565,1.20338,1.04696,0.00999574,0.00999574,0.00999574
68,4030.38,0.80846,1.34977,1.10079,0.86744,0.8637,0.91227,0.71568,0.95761,1.31473,1.08937,0.00999561,0.00999561,0.00999561
69,4089.6,0.81444,1.376,1.11395,0.84301,0.93272,0.9144,0.72449,0.93524,1.27237,1.09106,0.00999548,0.00999548,0.00999548
70,4150.37,0.80055,1.32873,1.10871,0.88802,0.91651,0.91702,0.76773,0.81484,1.1942,1.01085,0.00999535,0.00999535,0.00999535
71,4209.12,0.80573,1.36095,1.11338,0.88627,0.91198,0.92614,0.76827,0.79369,1.12844,1.02021,0.00999521,0.00999521,0.00999521
72,4268.35,0.80205,1.32135,1.1125,0.87637,0.91569,0.92436,0.76522,0.79834,1.18649,1.02284,0.00999508,0.00999508,0.00999508
73,4327.37,0.7898,1.34072,1.10403,0.89389,0.90198,0.93174,0.76931,0.78505,1.15018,1.00899,0.00999494,0.00999494,0.00999494
74,4386.61,0.79743,1.32837,1.11153,0.86774,0.92539,0.92961,0.77887,0.77989,1.14382,1.00045,0.00999479,0.00999479,0.00999479
75,4446.13,0.80065,1.32307,1.11219,0.85705,0.89278,0.92289,0.75961,0.81107,1.1878,1.018,0.00999465,0.00999465,0.00999465
76,4505.87,0.80575,1.34373,1.10845,0.90551,0.90742,0.92457,0.76351,0.79603,1.15314,1.00323,0.0099945,0.0099945,0.0099945
77,4566.99,0.79055,1.28275,1.09464,0.85708,0.89698,0.91338,0.75743,0.8211,1.23807,1.03895,0.00999436,0.00999436,0.00999436
78,4626.08,0.78385,1.29242,1.09264,0.8747,0.92496,0.92481,0.76171,0.82496,1.18031,1.02491,0.00999421,0.00999421,0.00999421
79,4684.66,0.79831,1.29988,1.10506,0.87912,0.92496,0.92364,0.76508,0.83774,1.17014,1.03016,0.00999406,0.00999406,0.00999406
80,4744.13,0.78444,1.29647,1.10178,0.89444,0.92043,0.93355,0.77572,0.79387,1.12134,1.01124,0.0099939,0.0099939,0.0099939
81,4803.24,0.79425,1.28931,1.11258,0.8991,0.88926,0.93104,0.76355,0.86756,1.17201,1.04433,0.00999375,0.00999375,0.00999375
82,4862.2,0.79359,1.28225,1.09154,0.85201,0.90862,0.91672,0.75062,0.84407,1.17109,1.04654,0.00999359,0.00999359,0.00999359
83,4920.67,0.79379,1.31228,1.09942,0.86666,0.94032,0.93428,0.75441,0.87727,1.1119,1.04227,0.00999343,0.00999343,0.00999343
84,4980.64,0.78666,1.28967,1.10522,0.82502,0.93295,0.91535,0.75427,0.8235,1.18308,1.02584,0.00999327,0.00999327,0.00999327
85,5039.99,0.78282,1.27947,1.10363,0.89657,0.93187,0.91377,0.75673,0.77953,1.12667,1.0029,0.00999311,0.00999311,0.00999311
86,5099.15,0.79035,1.28393,1.10574,0.89437,0.87792,0.92515,0.76537,0.77207,1.14677,1.00549,0.00999294,0.00999294,0.00999294
87,5158.29,0.7753,1.26089,1.09378,0.85185,0.91911,0.90679,0.75911,0.78583,1.17662,1.00346,0.00999278,0.00999278,0.00999278
88,5216.96,0.77904,1.27434,1.09193,0.89498,0.89232,0.92433,0.76768,0.78694,1.144,1.00136,0.00999261,0.00999261,0.00999261
89,5275.51,0.76466,1.22656,1.08832,0.87986,0.91229,0.91949,0.76084,0.79341,1.133,0.99945,0.00999244,0.00999244,0.00999244
90,5334.36,0.76646,1.26221,1.09251,0.84872,0.94493,0.91386,0.76631,0.76452,1.11409,0.99692,0.00999226,0.00999226,0.00999226
91,5393.56,0.75604,1.23677,1.09332,0.89033,0.91038,0.91426,0.76646,0.75737,1.11229,0.98488,0.00999209,0.00999209,0.00999209
92,5452.75,0.77975,1.31993,1.0906,0.85839,0.91804,0.91451,0.75569,0.80642,1.13532,1.01542,0.00999191,0.00999191,0.00999191
93,5510.78,0.77815,1.2375,1.09601,0.88873,0.9146,0.92947,0.78576,0.7261,1.06886,0.96618,0.00999173,0.00999173,0.00999173
94,5570.78,0.77565,1.30262,1.08903,0.88466,0.9148,0.93097,0.78041,0.79085,1.07425,1.00321,0.00999155,0.00999155,0.00999155
95,5630.07,0.77863,1.23888,1.09615,0.86901,0.92877,0.91723,0.77843,0.72288,1.10356,0.95887,0.00999137,0.00999137,0.00999137
96,5689.36,0.74716,1.21333,1.07201,0.86479,0.91585,0.91341,0.76015,0.75384,1.17187,0.9795,0.00999118,0.00999118,0.00999118
97,5748.49,0.7703,1.243,1.08841,0.89277,0.9109,0.92915,0.77605,0.75864,1.0802,0.99171,0.009991,0.009991,0.009991
98,5806.91,0.77264,1.23731,1.0989,0.91108,0.89746,0.92526,0.77603,0.73125,1.09172,0.97576,0.00999081,0.00999081,0.00999081
99,5865.97,0.7778,1.27661,1.09531,0.88689,0.90708,0.92165,0.75723,0.8195,1.13511,1.00752,0.00999062,0.00999062,0.00999062
100,5925.44,0.7633,1.24107,1.08263,0.87663,0.92386,0.92523,0.77921,0.7561,1.11144,0.98042,0.00999043,0.00999043,0.00999043
101,5983.77,0.752,1.20403,1.07241,0.89652,0.91926,0.92694,0.7779,0.73742,1.03944,0.98004,0.00999023,0.00999023,0.00999023
102,6043.23,0.75449,1.2182,1.07964,0.86864,0.94139,0.92191,0.77594,0.74174,1.08288,0.98428,0.00999004,0.00999004,0.00999004
103,6102.25,0.75401,1.20269,1.08056,0.87994,0.92415,0.92945,0.78693,0.7271,1.08605,0.9738,0.00998984,0.00998984,0.00998984
104,6161.1,0.75181,1.22554,1.07521,0.88906,0.9228,0.92131,0.78074,0.71492,1.07207,0.96196,0.00998964,0.00998964,0.00998964
105,6220.27,0.75448,1.21742,1.0745,0.8865,0.91527,0.9175,0.77914,0.73496,1.09454,0.96901,0.00998944,0.00998944,0.00998944
106,6280.09,0.75459,1.23422,1.08457,0.86198,0.93167,0.92115,0.77077,0.77685,1.06204,0.97778,0.00998923,0.00998923,0.00998923
107,6337.97,0.74084,1.20405,1.07695,0.91024,0.89014,0.92086,0.77144,0.75825,1.04991,0.9738,0.00998903,0.00998903,0.00998903
108,6396.93,0.7559,1.21717,1.07973,0.89464,0.93131,0.93108,0.78223,0.75364,1.03049,0.97129,0.00998882,0.00998882,0.00998882
109,6455.61,0.7442,1.21709,1.07796,0.88308,0.9163,0.92286,0.7871,0.70034,1.0668,0.95332,0.00998861,0.00998861,0.00998861
110,6514.53,0.7275,1.18564,1.06068,0.89418,0.91523,0.92296,0.78265,0.71088,1.04041,0.95691,0.0099884,0.0099884,0.0099884
111,6574.21,0.7549,1.19864,1.07684,0.89257,0.90948,0.91302,0.77018,0.72236,1.02866,0.95937,0.00998818,0.00998818,0.00998818
112,6633.33,0.73646,1.17984,1.07518,0.87926,0.9379,0.93081,0.78808,0.72136,1.06411,0.95897,0.00998797,0.00998797,0.00998797
113,6692.12,0.72304,1.17327,1.06522,0.86458,0.93722,0.92941,0.79,0.70962,1.07054,0.95386,0.00998775,0.00998775,0.00998775
114,6751.25,0.74564,1.18062,1.07175,0.88104,0.91939,0.9254,0.77896,0.74015,1.06864,0.96324,0.00998753,0.00998753,0.00998753
115,6810.85,0.7287,1.15197,1.07336,0.8778,0.91666,0.91838,0.78886,0.69118,1.05104,0.95545,0.00998731,0.00998731,0.00998731
116,6870.53,0.75085,1.18605,1.07545,0.8875,0.92813,0.92043,0.78551,0.67902,1.02642,0.94525,0.00998708,0.00998708,0.00998708
117,6929.35,0.73166,1.17843,1.07793,0.90858,0.9074,0.91228,0.77855,0.67227,1.04769,0.94334,0.00998686,0.00998686,0.00998686
118,6988.8,0.74201,1.19172,1.07671,0.90267,0.92042,0.92414,0.79067,0.69178,1.03034,0.95361,0.00998663,0.00998663,0.00998663
119,7047.79,0.74676,1.20746,1.07699,0.92,0.8865,0.92689,0.7866,0.70745,1.03324,0.95648,0.0099864,0.0099864,0.0099864
120,7106.83,0.73701,1.16501,1.06363,0.86931,0.95519,0.92244,0.79102,0.67851,1.01523,0.94332,0.00998617,0.00998617,0.00998617
121,7166.46,0.73638,1.16371,1.06725,0.8995,0.93165,0.93179,0.79241,0.6825,1.01599,0.9428,0.00998594,0.00998594,0.00998594
122,7226.69,0.74125,1.1631,1.06308,0.90087,0.94029,0.92861,0.7907,0.67008,0.99275,0.93544,0.0099857,0.0099857,0.0099857
123,7285.86,0.73716,1.16531,1.06901,0.90595,0.87794,0.92441,0.78522,0.68152,1.03043,0.94182,0.00998546,0.00998546,0.00998546
124,7344.93,0.72933,1.12466,1.06945,0.86285,0.93949,0.92185,0.78833,0.66834,1.00898,0.94517,0.00998522,0.00998522,0.00998522
125,7404.12,0.73033,1.13714,1.06353,0.86257,0.93777,0.92576,0.78884,0.68046,1.01186,0.94474,0.00998498,0.00998498,0.00998498
126,7462.97,0.73584,1.17671,1.0678,0.89248,0.90775,0.92992,0.80122,0.67692,0.99705,0.94,0.00998474,0.00998474,0.00998474
127,7522.02,0.72735,1.17868,1.05945,0.90408,0.90269,0.93618,0.80179,0.68909,1.0074,0.94385,0.0099845,0.0099845,0.0099845
128,7581.43,0.7253,1.14774,1.06454,0.91742,0.89987,0.93194,0.79805,0.69227,0.99877,0.9433,0.00998425,0.00998425,0.00998425
129,7641,0.72776,1.13698,1.06887,0.88207,0.90626,0.92731,0.78857,0.67541,1.02678,0.93658,0.009984,0.009984,0.009984
130,7700.49,0.71973,1.12343,1.06084,0.87745,0.90657,0.9245,0.78813,0.68539,1.06472,0.94515,0.00998375,0.00998375,0.00998375
131,7759.85,0.72618,1.14592,1.06263,0.87359,0.92792,0.92529,0.7852,0.68642,1.03578,0.95139,0.0099835,0.0099835,0.0099835
132,7818.83,0.73593,1.15463,1.06982,0.87883,0.91986,0.92102,0.79077,0.67935,1.063,0.9405,0.00998324,0.00998324,0.00998324
133,7877.66,0.73075,1.15239,1.05891,0.90154,0.91275,0.92832,0.79494,0.66328,1.02187,0.93577,0.00998298,0.00998298,0.00998298
134,7937.74,0.73924,1.15568,1.08085,0.88524,0.92386,0.93272,0.80212,0.65825,1.01091,0.9392,0.00998273,0.00998273,0.00998273
135,7996.53,0.71949,1.12521,1.06299,0.88883,0.91535,0.92891,0.79978,0.66403,1.02353,0.93587,0.00998247,0.00998247,0.00998247
136,8056.07,0.71992,1.10426,1.05583,0.87074,0.92635,0.91791,0.78826,0.67098,1.01291,0.93883,0.0099822,0.0099822,0.0099822
137,8115.57,0.72865,1.18428,1.06121,0.87193,0.93269,0.92255,0.79268,0.65833,0.99501,0.93175,0.00998194,0.00998194,0.00998194
138,8175.23,0.72739,1.17495,1.07467,0.87889,0.93131,0.91951,0.78417,0.66834,1.0222,0.93574,0.00998167,0.00998167,0.00998167
139,8234.43,0.73268,1.15775,1.06641,0.88643,0.91923,0.92515,0.7954,0.66594,1.00981,0.93251,0.0099814,0.0099814,0.0099814
140,8293.26,0.72126,1.12747,1.06394,0.88704,0.92977,0.92839,0.79323,0.67856,0.99847,0.9407,0.00998113,0.00998113,0.00998113
141,8352.22,0.72349,1.12256,1.06068,0.88881,0.92205,0.93154,0.79935,0.67813,1.0138,0.94358,0.00998086,0.00998086,0.00998086
142,8410.69,0.72957,1.13127,1.06976,0.87649,0.93416,0.92508,0.7967,0.66632,0.99765,0.93842,0.00998059,0.00998059,0.00998059
143,8470,0.72517,1.12306,1.06065,0.89843,0.91137,0.93223,0.80107,0.67339,1.00191,0.94345,0.00998031,0.00998031,0.00998031
144,8528.26,0.70343,1.1062,1.05161,0.89491,0.92811,0.92963,0.79933,0.6708,0.99,0.93666,0.00998003,0.00998003,0.00998003
145,8587.68,0.71357,1.11489,1.06076,0.88449,0.9364,0.92902,0.80217,0.66434,0.9694,0.94023,0.00997975,0.00997975,0.00997975
146,8647.08,0.71071,1.11135,1.05769,0.89863,0.92775,0.9298,0.79981,0.66129,0.95315,0.9392,0.00997947,0.00997947,0.00997947
147,8706.9,0.71002,1.12473,1.05018,0.89676,0.92644,0.92595,0.79527,0.66787,0.95245,0.94248,0.00997919,0.00997919,0.00997919
148,8766.42,0.71043,1.09567,1.0548,0.90151,0.91071,0.92458,0.80652,0.66348,0.97795,0.93714,0.0099789,0.0099789,0.0099789
149,8825.61,0.72426,1.09707,1.06681,0.86604,0.94076,0.92632,0.80116,0.66384,0.99183,0.93809,0.00997861,0.00997861,0.00997861
150,8883.63,0.71471,1.10608,1.05814,0.90658,0.90075,0.92668,0.80386,0.66324,0.96848,0.93868,0.00997832,0.00997832,0.00997832
151,8942.85,0.70056,1.07727,1.05594,0.90854,0.91009,0.92862,0.80184,0.66463,0.97382,0.94175,0.00997803,0.00997803,0.00997803
152,9002.22,0.72226,1.09155,1.05982,0.89036,0.93651,0.92767,0.80095,0.66318,0.96884,0.94333,0.00997774,0.00997774,0.00997774
153,9061.46,0.71836,1.09675,1.05272,0.88315,0.93101,0.92316,0.79669,0.66813,0.96588,0.94813,0.00997744,0.00997744,0.00997744
154,9120.44,0.70341,1.08336,1.05203,0.87671,0.93478,0.92356,0.80087,0.66551,0.95742,0.94217,0.00997714,0.00997714,0.00997714
155,9179.35,0.71322,1.05491,1.05511,0.87715,0.93361,0.92097,0.79327,0.66371,0.97074,0.94683,0.00997685,0.00997685,0.00997685
156,9238.92,0.70286,1.09641,1.04746,0.87537,0.94018,0.92111,0.7973,0.67117,0.98337,0.94746,0.00997654,0.00997654,0.00997654
157,9298.48,0.71938,1.086,1.0573,0.87699,0.92591,0.91902,0.78976,0.674,0.97807,0.945,0.00997624,0.00997624,0.00997624
158,9357.74,0.70411,1.08661,1.05451,0.87969,0.94413,0.9294,0.80348,0.66478,0.96387,0.94275,0.00997594,0.00997594,0.00997594
159,9417.4,0.70842,1.06882,1.05406,0.88947,0.92219,0.92587,0.80436,0.65879,0.93363,0.93794,0.00997563,0.00997563,0.00997563
160,9476.69,0.7064,1.05347,1.04981,0.90083,0.91757,0.92352,0.80105,0.65651,0.95087,0.93664,0.00997532,0.00997532,0.00997532
161,9535.74,0.70704,1.09247,1.04877,0.89781,0.92307,0.93053,0.80692,0.65819,0.94495,0.93548,0.00997501,0.00997501,0.00997501
162,9595.38,0.70028,1.06186,1.0461,0.89806,0.92448,0.92704,0.80724,0.65926,0.93517,0.93385,0.00997469,0.00997469,0.00997469
163,9653.26,0.69753,1.07011,1.04866,0.90036,0.92865,0.92673,0.80059,0.65319,0.95947,0.92839,0.00997438,0.00997438,0.00997438
164,9712.43,0.70329,1.06555,1.04439,0.91381,0.9241,0.9291,0.80458,0.65802,0.96057,0.93604,0.00997406,0.00997406,0.00997406
165,9771.36,0.71068,1.08321,1.06007,0.90587,0.92861,0.93454,0.80962,0.6494,0.92859,0.93337,0.00997374,0.00997374,0.00997374
166,9830.7,0.695,1.04282,1.04441,0.9034,0.92897,0.93522,0.81361,0.64743,0.9285,0.93301,0.00997342,0.00997342,0.00997342
167,9889.79,0.70171,1.06267,1.04665,0.8992,0.93433,0.93348,0.80831,0.64006,0.93126,0.93097,0.0099731,0.0099731,0.0099731
168,9948.68,0.7014,1.08139,1.05199,0.90915,0.91563,0.93093,0.8084,0.64295,0.93659,0.93075,0.00997277,0.00997277,0.00997277
169,10008.1,0.69664,1.06389,1.04801,0.91268,0.92222,0.93409,0.80721,0.64821,0.93092,0.93297,0.00997245,0.00997245,0.00997245
170,10066.9,0.69533,1.05711,1.04824,0.90887,0.92454,0.9345,0.80827,0.64875,0.92396,0.93303,0.00997212,0.00997212,0.00997212
171,10126,0.70542,1.05566,1.0572,0.91024,0.92825,0.93674,0.81004,0.64967,0.90299,0.93602,0.00997179,0.00997179,0.00997179
172,10185.2,0.69478,1.04231,1.04706,0.90999,0.91952,0.93515,0.80885,0.64622,0.89323,0.93063,0.00997146,0.00997146,0.00997146
173,10243.6,0.69353,1.05379,1.04781,0.91197,0.92395,0.93374,0.80273,0.64238,0.88724,0.92475,0.00997112,0.00997112,0.00997112
174,10302.9,0.69374,1.04135,1.05195,0.90693,0.93405,0.93528,0.80218,0.63953,0.89027,0.92327,0.00997079,0.00997079,0.00997079
175,10362,0.69782,1.03749,1.03764,0.91514,0.93071,0.93449,0.80248,0.631,0.88458,0.91667,0.00997045,0.00997045,0.00997045
176,10420.7,0.68622,1.04864,1.04351,0.909,0.92935,0.93366,0.8086,0.61497,0.88977,0.90748,0.00997011,0.00997011,0.00997011
177,10479.8,0.68791,1.03538,1.0393,0.90998,0.92883,0.9338,0.80447,0.61877,0.88871,0.91078,0.00996976,0.00996976,0.00996976
178,10538.5,0.67996,1.0028,1.04215,0.92029,0.91179,0.93445,0.81031,0.62641,0.8877,0.91627,0.00996942,0.00996942,0.00996942
179,10597.6,0.68477,1.03124,1.04582,0.91649,0.91002,0.93183,0.80618,0.62944,0.89451,0.91947,0.00996907,0.00996907,0.00996907
180,10656.4,0.68914,1.03156,1.04303,0.9165,0.90721,0.93039,0.80544,0.63441,0.89283,0.92388,0.00996873,0.00996873,0.00996873
181,10714.9,0.6905,1.02779,1.04131,0.91801,0.90721,0.93144,0.80464,0.63149,0.88976,0.9224,0.00996838,0.00996838,0.00996838
182,10774.1,0.6726,0.99749,1.03669,0.91699,0.90721,0.93306,0.81181,0.62829,0.87286,0.92009,0.00996802,0.00996802,0.00996802
183,10832.9,0.70275,1.05682,1.04516,0.9174,0.90721,0.93313,0.81094,0.62869,0.88027,0.91975,0.00996767,0.00996767,0.00996767
184,10892.2,0.68117,1.00202,1.03057,0.9198,0.90721,0.93027,0.80407,0.6282,0.88283,0.91666,0.00996731,0.00996731,0.00996731
185,10951,0.68067,1.03142,1.03861,0.90613,0.92989,0.93442,0.81134,0.6296,0.88702,0.91624,0.00996696,0.00996696,0.00996696
186,11010.4,0.68445,1.01488,1.02173,0.89775,0.93979,0.93442,0.80882,0.63004,0.88235,0.91561,0.0099666,0.0099666,0.0099666
187,11069.6,0.69529,1.02674,1.04032,0.90242,0.94129,0.9336,0.80771,0.63272,0.88222,0.91719,0.00996624,0.00996624,0.00996624
188,11128.6,0.68401,1.03088,1.04,0.90689,0.93783,0.93364,0.80777,0.63333,0.88363,0.91799,0.00996587,0.00996587,0.00996587
189,11187.3,0.69136,1.01031,1.04052,0.90053,0.94426,0.93085,0.80468,0.63513,0.88911,0.9184,0.00996551,0.00996551,0.00996551
190,11246.2,0.68166,1.03068,1.04692,0.8973,0.94906,0.93231,0.80925,0.63763,0.89282,0.92109,0.00996514,0.00996514,0.00996514
191,11305.5,0.67814,1.02111,1.03112,0.89839,0.94124,0.93179,0.80898,0.63683,0.90418,0.92094,0.00996477,0.00996477,0.00996477
192,11364.3,0.67881,1.01147,1.03328,0.89702,0.94226,0.93257,0.81126,0.63505,0.90644,0.91991,0.0099644,0.0099644,0.0099644
193,11423.4,0.67835,1.02931,1.03809,0.89606,0.94428,0.93387,0.81027,0.63302,0.90348,0.92038,0.00996402,0.00996402,0.00996402
194,11481.9,0.68813,0.97934,1.03449,0.89999,0.93717,0.93352,0.81172,0.63178,0.90842,0.92094,0.00996365,0.00996365,0.00996365
195,11541.2,0.68289,1.00498,1.03494,0.90443,0.93564,0.93265,0.80948,0.63135,0.90935,0.92179,0.00996327,0.00996327,0.00996327
196,11600.8,0.69088,0.98277,1.03819,0.90852,0.92883,0.93172,0.80553,0.62988,0.91237,0.92173,0.00996289,0.00996289,0.00996289
197,11659.3,0.68068,1.01652,1.02916,0.90234,0.93674,0.93318,0.81036,0.63103,0.91209,0.92366,0.00996251,0.00996251,0.00996251
198,11717.7,0.67455,0.98234,1.03495,0.91684,0.93343,0.93447,0.8113,0.62704,0.90268,0.92157,0.00996213,0.00996213,0.00996213
199,11776.8,0.68524,1.00271,1.02835,0.9078,0.93087,0.93508,0.81544,0.6249,0.89645,0.91902,0.00996174,0.00996174,0.00996174
200,11835.7,0.67297,1.00253,1.01852,0.89768,0.94301,0.93552,0.81253,0.62268,0.89136,0.91656,0.00996136,0.00996136,0.00996136
201,11894.5,0.67602,0.98492,1.03981,0.90459,0.94838,0.93288,0.81161,0.6199,0.88503,0.91497,0.00996097,0.00996097,0.00996097
202,11953.3,0.6652,0.98044,1.02913,0.90759,0.94788,0.9324,0.81041,0.6162,0.88121,0.91296,0.00996058,0.00996058,0.00996058
203,12012.4,0.67414,0.97891,1.02509,0.90688,0.94062,0.93461,0.81669,0.61602,0.88223,0.91226,0.00996018,0.00996018,0.00996018
204,12071.6,0.67172,0.95587,1.01878,0.91461,0.92997,0.93414,0.81676,0.61514,0.88425,0.91207,0.00995979,0.00995979,0.00995979
205,12130.7,0.65704,0.96629,1.01502,0.92909,0.92692,0.9332,0.8172,0.61464,0.8846,0.91209,0.00995939,0.00995939,0.00995939
206,12189.1,0.66516,0.96632,1.02351,0.92666,0.92898,0.93243,0.81675,0.61326,0.88411,0.9117,0.00995899,0.00995899,0.00995899
207,12248,0.66941,0.95542,1.02698,0.92312,0.92808,0.93291,0.81511,0.61415,0.88441,0.91204,0.00995859,0.00995859,0.00995859
208,12307.1,0.6579,0.97544,1.02725,0.92064,0.92835,0.93295,0.81432,0.61461,0.88734,0.91296,0.00995819,0.00995819,0.00995819
209,12366.5,0.64848,0.95912,1.01924,0.92276,0.9315,0.93431,0.81743,0.61191,0.87989,0.91307,0.00995779,0.00995779,0.00995779
210,12426.3,0.67018,0.96241,1.02444,0.92028,0.93722,0.93354,0.8166,0.61269,0.87484,0.91459,0.00995738,0.00995738,0.00995738
211,12485.4,0.66423,0.95126,1.03342,0.92029,0.94018,0.93485,0.81876,0.61044,0.8721,0.91254,0.00995697,0.00995697,0.00995697
212,12544.6,0.65531,0.97062,1.02203,0.92068,0.94018,0.9348,0.81889,0.61099,0.87321,0.91266,0.00995656,0.00995656,0.00995656
213,12603,0.65911,0.95156,1.02145,0.92248,0.94018,0.93503,0.8184,0.61192,0.87143,0.91338,0.00995615,0.00995615,0.00995615
214,12661.6,0.66864,0.98162,1.0304,0.91923,0.94018,0.93516,0.81966,0.61098,0.8719,0.91267,0.00995574,0.00995574,0.00995574
215,12719,0.66887,0.98304,1.02421,0.91926,0.94018,0.93593,0.82039,0.60879,0.86981,0.91136,0.00995532,0.00995532,0.00995532
216,12777.4,0.65278,0.93741,1.02318,0.91926,0.94018,0.93569,0.82202,0.60934,0.86852,0.91148,0.0099549,0.0099549,0.0099549
217,12836,0.66433,0.92825,1.02044,0.91789,0.94018,0.93645,0.82266,0.60834,0.8639,0.9102,0.00995448,0.00995448,0.00995448
218,12894.9,0.66538,0.9373,1.01993,0.91735,0.94018,0.93455,0.82194,0.60824,0.85727,0.90983,0.00995406,0.00995406,0.00995406
219,12953.9,0.64686,0.94551,1.01106,0.91952,0.94018,0.93625,0.82152,0.60912,0.85475,0.90992,0.00995364,0.00995364,0.00995364
220,13012.2,0.65785,0.93147,1.02538,0.91487,0.94018,0.93636,0.82046,0.60779,0.85238,0.90914,0.00995321,0.00995321,0.00995321
221,13070.7,0.65793,0.92853,1.02276,0.91628,0.94018,0.9363,0.81931,0.60712,0.85267,0.90921,0.00995278,0.00995278,0.00995278
222,13129,0.65963,0.94533,1.01855,0.91805,0.94018,0.93597,0.82217,0.60721,0.85156,0.90817,0.00995235,0.00995235,0.00995235
223,13187.5,0.66822,0.94284,1.0251,0.91423,0.94018,0.93578,0.82205,0.60703,0.85523,0.90809,0.00995192,0.00995192,0.00995192
224,13246.3,0.64819,0.94245,1.01452,0.91501,0.94018,0.93557,0.82295,0.60611,0.85342,0.90709,0.00995149,0.00995149,0.00995149
225,13305.1,0.65201,0.96108,1.01284,0.9202,0.93782,0.93555,0.82059,0.60474,0.85126,0.90615,0.00995105,0.00995105,0.00995105
226,13364.6,0.65959,0.92191,1.01713,0.91749,0.94018,0.93549,0.82024,0.60471,0.85135,0.90562,0.00995062,0.00995062,0.00995062
227,13423.7,0.65353,0.94593,1.01188,0.91777,0.93801,0.9351,0.81895,0.60451,0.84914,0.90551,0.00995018,0.00995018,0.00995018
228,13481.9,0.66096,0.93728,1.0213,0.91676,0.93955,0.9357,0.81924,0.60482,0.84759,0.90566,0.00994974,0.00994974,0.00994974
229,13540.2,0.65147,0.9463,1.0099,0.91533,0.93791,0.93555,0.82039,0.60446,0.84265,0.90516,0.00994929,0.00994929,0.00994929
230,13598.7,0.6498,0.92008,1.02092,0.92225,0.93454,0.93566,0.81861,0.60487,0.83828,0.90518,0.00994885,0.00994885,0.00994885
231,13657.5,0.66152,0.9142,1.0274,0.92009,0.93636,0.93563,0.8205,0.6048,0.8393,0.90484,0.0099484,0.0099484,0.0099484
232,13715.9,0.65374,0.90734,1.0186,0.9199,0.93727,0.9348,0.82003,0.60501,0.83724,0.90473,0.00994795,0.00994795,0.00994795
233,13774.8,0.66673,0.93203,1.01945,0.918,0.93943,0.9353,0.82026,0.60567,0.83504,0.90527,0.0099475,0.0099475,0.0099475
234,13833.4,0.65516,0.9387,1.01694,0.91786,0.93746,0.93504,0.81903,0.60522,0.83184,0.90533,0.00994705,0.00994705,0.00994705
235,13892,0.66375,0.93935,1.01916,0.91786,0.93742,0.93531,0.82006,0.60515,0.82782,0.90482,0.00994659,0.00994659,0.00994659
236,13950.4,0.66132,0.92776,1.02304,0.9176,0.93713,0.93629,0.82088,0.60485,0.82628,0.90525,0.00994614,0.00994614,0.00994614
237,14010.3,0.64482,0.88927,1.00939,0.91732,0.93729,0.93615,0.82172,0.60595,0.82346,0.90576,0.00994568,0.00994568,0.00994568
238,14070.3,0.65609,0.91739,1.02559,0.91548,0.93658,0.93643,0.8226,0.60562,0.82394,0.90572,0.00994522,0.00994522,0.00994522
239,14129.9,0.65315,0.91443,1.01731,0.91541,0.93618,0.937,0.82381,0.60598,0.82748,0.90602,0.00994476,0.00994476,0.00994476
240,14188.4,0.64363,0.90968,1.00952,0.91611,0.93477,0.93758,0.82328,0.6057,0.82732,0.90645,0.00994429,0.00994429,0.00994429
241,14247.1,0.67029,0.95051,1.01969,0.93021,0.93293,0.93887,0.82508,0.60574,0.82477,0.90687,0.00994383,0.00994383,0.00994383
242,14306,0.66062,0.95583,1.02453,0.9279,0.9324,0.9388,0.82445,0.60621,0.82447,0.90782,0.00994336,0.00994336,0.00994336
243,14364.8,0.64833,0.91381,1.0132,0.92573,0.93564,0.93913,0.82377,0.60635,0.8224,0.90827,0.00994289,0.00994289,0.00994289
244,14423.4,0.66475,0.95271,1.03107,0.92431,0.93516,0.93848,0.8253,0.60593,0.82188,0.90812,0.00994242,0.00994242,0.00994242
245,14481.9,0.64749,0.91071,1.01942,0.92717,0.93301,0.93794,0.82504,0.60503,0.82248,0.90746,0.00994194,0.00994194,0.00994194
246,14539.4,0.65985,0.92951,1.02431,0.92259,0.93356,0.9381,0.82323,0.60481,0.82335,0.90737,0.00994147,0.00994147,0.00994147
247,14596.2,0.66091,0.9379,1.03033,0.92248,0.93367,0.93774,0.82281,0.60412,0.8239,0.90684,0.00994099,0.00994099,0.00994099
248,14652.2,0.65034,0.92151,1.01291,0.92109,0.93388,0.93765,0.8233,0.60427,0.8246,0.90696,0.00994051,0.00994051,0.00994051
249,14707.8,0.65135,0.90879,1.01868,0.92039,0.93466,0.93777,0.82234,0.6046,0.82512,0.90723,0.00994003,0.00994003,0.00994003
250,14764.3,0.64519,0.92161,1.01586,0.92051,0.93601,0.93768,0.82211,0.605,0.82471,0.90724,0.00993954,0.00993954,0.00993954
251,14820.7,0.64347,0.91193,1.01043,0.92056,0.93478,0.93748,0.82166,0.60484,0.82404,0.90731,0.00993906,0.00993906,0.00993906
252,14876.2,0.67905,0.9101,1.03563,0.92189,0.93411,0.93817,0.82438,0.60458,0.82175,0.90713,0.00993857,0.00993857,0.00993857
253,14931.7,0.64672,0.88398,1.01775,0.92246,0.93467,0.93792,0.82445,0.60367,0.82022,0.90681,0.00993808,0.00993808,0.00993808
254,14987.5,0.63468,0.88464,1.00194,0.92274,0.93514,0.93698,0.82324,0.60308,0.8178,0.90686,0.00993759,0.00993759,0.00993759
255,15043.7,0.6475,0.88947,1.00836,0.92295,0.93566,0.93747,0.82393,0.60292,0.81562,0.90688,0.0099371,0.0099371,0.0099371
256,15099.5,0.6452,0.90371,1.01303,0.92336,0.9361,0.93751,0.82373,0.60268,0.81334,0.90695,0.0099366,0.0099366,0.0099366
257,15155.6,0.63694,0.87743,1.00223,0.92049,0.93719,0.93774,0.82392,0.60266,0.81416,0.9069,0.0099361,0.0099361,0.0099361
258,15211.3,0.63251,0.88302,1.00792,0.92073,0.94006,0.93856,0.82511,0.60275,0.81283,0.90686,0.0099356,0.0099356,0.0099356
259,15267,0.64841,0.93546,1.01408,0.92092,0.94254,0.93855,0.8255,0.60202,0.81423,0.9066,0.0099351,0.0099351,0.0099351
260,15322.6,0.6465,0.90599,1.01739,0.91879,0.94583,0.93744,0.8252,0.60111,0.81291,0.90593,0.0099346,0.0099346,0.0099346
261,15377.6,0.65458,0.8973,1.00965,0.91919,0.9446,0.93775,0.826,0.60088,0.81328,0.90578,0.0099341,0.0099341,0.0099341
262,15431.5,0.64227,0.89473,1.00499,0.91908,0.94579,0.93735,0.82566,0.60086,0.81139,0.90575,0.00993359,0.00993359,0.00993359
263,15486.8,0.62943,0.86972,1.00864,0.91859,0.94617,0.937,0.82528,0.60065,0.81215,0.90546,0.00993308,0.00993308,0.00993308
264,15543.2,0.63719,0.90414,1.00842,0.91852,0.9463,0.93691,0.82538,0.6007,0.81259,0.90522,0.00993257,0.00993257,0.00993257
265,15598.5,0.6411,0.88106,1.006,0.92375,0.93784,0.93642,0.82551,0.60051,0.81412,0.90522,0.00993206,0.00993206,0.00993206
266,15654.9,0.63218,0.87532,1.0128,0.92253,0.94005,0.9365,0.8261,0.60052,0.81202,0.9052,0.00993154,0.00993154,0.00993154
267,15710.1,0.64931,0.888,1.00812,0.92201,0.94109,0.93673,0.82584,0.59969,0.81072,0.90458,0.00993103,0.00993103,0.00993103
268,15765,0.64086,0.88679,1.00214,0.92072,0.94018,0.93597,0.82647,0.59946,0.80997,0.90407,0.00993051,0.00993051,0.00993051
269,15821,0.64316,0.89265,1.01101,0.92186,0.94018,0.93623,0.82665,0.59888,0.8084,0.90357,0.00992999,0.00992999,0.00992999
270,15877.7,0.6386,0.87036,1.01288,0.92137,0.94018,0.93689,0.8278,0.59821,0.80729,0.90329,0.00992946,0.00992946,0.00992946
271,15933.8,0.63709,0.84117,1.01777,0.92093,0.94018,0.9366,0.82723,0.59857,0.80806,0.90323,0.00992894,0.00992894,0.00992894
272,15990.2,0.64744,0.87068,1.00649,0.92055,0.94018,0.93586,0.82628,0.59768,0.80814,0.90302,0.00992841,0.00992841,0.00992841
273,16045,0.63776,0.86223,1.00473,0.91956,0.94018,0.93605,0.82648,0.59823,0.80684,0.90293,0.00992789,0.00992789,0.00992789
274,16100.7,0.62548,0.88892,0.99853,0.91871,0.94018,0.93653,0.82704,0.59808,0.80641,0.90285,0.00992736,0.00992736,0.00992736
275,16156.8,0.63838,0.87408,1.00338,0.91876,0.94018,0.93673,0.82462,0.5978,0.80718,0.90264,0.00992682,0.00992682,0.00992682
276,16213.3,0.64225,0.8981,1.01414,0.92111,0.94018,0.93702,0.82521,0.59826,0.81044,0.90313,0.00992629,0.00992629,0.00992629
277,16269.7,0.64434,0.89185,1.00727,0.91908,0.94018,0.93678,0.82435,0.59789,0.81155,0.90302,0.00992576,0.00992576,0.00992576
278,16325.7,0.63531,0.85708,1.00577,0.92147,0.94018,0.93633,0.82351,0.59769,0.80913,0.90281,0.00992522,0.00992522,0.00992522
279,16381.3,0.62333,0.85436,0.99612,0.9214,0.94018,0.93614,0.82372,0.59766,0.80884,0.90273,0.00992468,0.00992468,0.00992468
280,16436.6,0.64075,0.86299,1.00429,0.91941,0.94018,0.93644,0.8239,0.59754,0.80806,0.90289,0.00992414,0.00992414,0.00992414
281,16493.2,0.63515,0.87631,1.00289,0.91265,0.95079,0.93614,0.82405,0.59747,0.80711,0.90308,0.00992359,0.00992359,0.00992359
282,16548.5,0.64014,0.87657,1.02029,0.91243,0.95065,0.93701,0.82521,0.59692,0.80586,0.90277,0.00992305,0.00992305,0.00992305
283,16603.1,0.6413,0.87762,1.00964,0.91805,0.94906,0.9367,0.82341,0.59666,0.80418,0.9027,0.0099225,0.0099225,0.0099225
284,16657.7,0.64132,0.88664,1.00241,0.92061,0.94444,0.9373,0.82375,0.59631,0.80276,0.90261,0.00992195,0.00992195,0.00992195
285,16712.5,0.63272,0.83209,1.01075,0.91679,0.94963,0.93756,0.82545,0.59614,0.80163,0.9025,0.0099214,0.0099214,0.0099214
286,16767.8,0.65268,0.92984,1.01778,0.92068,0.94627,0.93768,0.82491,0.59614,0.80148,0.90217,0.00992085,0.00992085,0.00992085
287,16822.3,0.6325,0.859,1.00183,0.92078,0.94448,0.93624,0.82362,0.59569,0.80074,0.90173,0.00992029,0.00992029,0.00992029
288,16876.6,0.63777,0.87214,1.0102,0.92347,0.93722,0.93695,0.82477,0.59535,0.80072,0.90168,0.00991974,0.00991974,0.00991974
289,16931.8,0.64246,0.87708,1.01257,0.91934,0.9461,0.93727,0.82631,0.59515,0.80176,0.90187,0.00991918,0.00991918,0.00991918
290,16987.3,0.62414,0.84291,1.00041,0.91817,0.94906,0.93736,0.82514,0.59519,0.80078,0.90212,0.00991862,0.00991862,0.00991862
291,17042.8,0.6273,0.8577,0.99793,0.91734,0.94906,0.937,0.82387,0.59476,0.8005,0.90228,0.00991805,0.00991805,0.00991805
292,17098,0.63218,0.86561,1.00794,0.91738,0.94906,0.93759,0.82544,0.59489,0.79923,0.90245,0.00991749,0.00991749,0.00991749
293,17152.6,0.6211,0.86584,1,0.92021,0.9484,0.93756,0.82453,0.595,0.79875,0.90249,0.00991692,0.00991692,0.00991692
294,17207.6,0.62036,0.85576,0.99337,0.91993,0.94835,0.93747,0.82455,0.59495,0.80063,0.90252,0.00991635,0.00991635,0.00991635
295,17262.4,0.63175,0.8482,1.00215,0.91978,0.94797,0.93738,0.82485,0.59533,0.8006,0.90297,0.00991578,0.00991578,0.00991578
296,17317.4,0.62714,0.85358,1.00268,0.91985,0.9474,0.93743,0.82407,0.59582,0.80025,0.90325,0.00991521,0.00991521,0.00991521
297,17373.1,0.63999,0.869,1.01188,0.92154,0.94314,0.93774,0.82441,0.59615,0.80169,0.9035,0.00991464,0.00991464,0.00991464
298,17428.2,0.62545,0.84034,1.00303,0.92208,0.94314,0.93795,0.8245,0.59639,0.80277,0.90369,0.00991406,0.00991406,0.00991406
299,17483.2,0.63088,0.84491,0.99977,0.92231,0.94314,0.93794,0.82477,0.59663,0.80232,0.904,0.00991348,0.00991348,0.00991348
300,17538.4,0.6326,0.8779,1.0152,0.92283,0.94336,0.93804,0.8253,0.59696,0.80088,0.90412,0.0099129,0.0099129,0.0099129
301,17593.2,0.62252,0.8494,0.99808,0.92296,0.94306,0.93839,0.82712,0.59688,0.80099,0.90412,0.00991232,0.00991232,0.00991232
302,17648.3,0.63926,0.86444,1.01448,0.92311,0.94309,0.93815,0.82638,0.5971,0.80102,0.90434,0.00991174,0.00991174,0.00991174
303,17703.3,0.62522,0.8635,1.00301,0.9232,0.94317,0.93885,0.82801,0.59724,0.80115,0.90453,0.00991115,0.00991115,0.00991115
304,17758.2,0.61562,0.86534,1.0021,0.92324,0.94312,0.93896,0.82765,0.5966,0.80206,0.90407,0.00991056,0.00991056,0.00991056
305,17812.9,0.6297,0.84637,1.00325,0.92313,0.94334,0.93879,0.82797,0.59645,0.80408,0.90421,0.00990998,0.00990998,0.00990998
306,17868.3,0.6268,0.84816,0.99806,0.92052,0.94408,0.93816,0.82722,0.59605,0.80261,0.90388,0.00990938,0.00990938,0.00990938
307,17923.6,0.63256,0.85396,1.00208,0.92303,0.94394,0.93916,0.82712,0.59593,0.80321,0.9039,0.00990879,0.00990879,0.00990879
308,17979.4,0.63183,0.85321,1.00729,0.92245,0.94314,0.9391,0.8277,0.59575,0.80266,0.90382,0.0099082,0.0099082,0.0099082
309,18034.7,0.61418,0.83604,0.99108,0.92326,0.94304,0.93898,0.82739,0.59576,0.80193,0.90364,0.0099076,0.0099076,0.0099076
310,18090.2,0.61494,0.84222,0.99684,0.92342,0.94266,0.93906,0.82758,0.59517,0.80182,0.90291,0.009907,0.009907,0.009907
311,18146,0.62755,0.83985,1.00006,0.92343,0.94285,0.93924,0.82813,0.59484,0.80072,0.90251,0.0099064,0.0099064,0.0099064
312,18200.6,0.62135,0.83002,1.0015,0.92189,0.94314,0.93924,0.8307,0.59469,0.80046,0.90222,0.0099058,0.0099058,0.0099058
313,18255.7,0.62557,0.82215,1.00159,0.92191,0.94314,0.93941,0.83118,0.59432,0.79978,0.902,0.00990519,0.00990519,0.00990519
314,18311.6,0.62622,0.85149,1.00107,0.92183,0.94314,0.93941,0.83148,0.59411,0.79882,0.90182,0.00990458,0.00990458,0.00990458
315,18366.3,0.61295,0.83331,0.98784,0.92324,0.94314,0.9393,0.83117,0.59402,0.8011,0.90165,0.00990397,0.00990397,0.00990397
316,18421.1,0.61286,0.81086,0.98961,0.9232,0.94314,0.93946,0.83067,0.59392,0.8006,0.90148,0.00990336,0.00990336,0.00990336
317,18476.1,0.6289,0.82545,0.99818,0.92322,0.94314,0.93959,0.83051,0.59412,0.80148,0.90171,0.00990275,0.00990275,0.00990275
318,18530.9,0.62757,0.84891,0.99814,0.92332,0.94314,0.93955,0.83069,0.59337,0.80016,0.90142,0.00990214,0.00990214,0.00990214
319,18585,0.61679,0.8215,0.98944,0.92351,0.94307,0.93971,0.83139,0.59334,0.79989,0.90137,0.00990152,0.00990152,0.00990152
320,18638.5,0.62014,0.83808,0.99652,0.92363,0.94275,0.93938,0.83101,0.59292,0.79961,0.90121,0.0099009,0.0099009,0.0099009
321,18690.8,0.61942,0.82151,0.99221,0.9236,0.94242,0.93986,0.83076,0.59275,0.79987,0.90124,0.00990028,0.00990028,0.00990028
322,18743.2,0.61516,0.80876,0.98453,0.9235,0.94243,0.93967,0.83044,0.59259,0.79966,0.90121,0.00989966,0.00989966,0.00989966
323,18796.1,0.6229,0.84068,1,0.92337,0.9425,0.93929,0.83023,0.59217,0.7992,0.90102,0.00989904,0.00989904,0.00989904
324,18848.8,0.6066,0.82619,0.98412,0.9232,0.94279,0.93918,0.83141,0.5923,0.80208,0.9012,0.00989841,0.00989841,0.00989841
325,18901.9,0.62793,0.85578,0.99299,0.92292,0.94298,0.9392,0.83021,0.5925,0.80454,0.90173,0.00989778,0.00989778,0.00989778
326,18953.9,0.61498,0.82636,0.99583,0.92256,0.94314,0.93958,0.83022,0.59199,0.80565,0.90136,0.00989715,0.00989715,0.00989715
327,19007.3,0.62152,0.85536,0.99803,0.92253,0.94314,0.93946,0.83107,0.59166,0.80596,0.90096,0.00989652,0.00989652,0.00989652
328,19059.6,0.61191,0.80817,0.99643,0.92264,0.94314,0.93949,0.83115,0.59171,0.80532,0.90122,0.00989589,0.00989589,0.00989589
329,19111.8,0.62628,0.84053,0.99857,0.92256,0.94314,0.93955,0.83133,0.5919,0.80471,0.90122,0.00989525,0.00989525,0.00989525
330,19165.9,0.61545,0.82975,0.9977,0.92278,0.94314,0.93956,0.83112,0.59145,0.80485,0.90089,0.00989461,0.00989461,0.00989461
331,19218,0.63068,0.82996,1.00495,0.92261,0.94314,0.93983,0.8312,0.59156,0.80626,0.90103,0.00989398,0.00989398,0.00989398
332,19269.7,0.62159,0.82904,0.99461,0.92256,0.94314,0.9399,0.83306,0.59101,0.80579,0.90059,0.00989333,0.00989333,0.00989333
333,19321.7,0.61799,0.81799,0.98986,0.92211,0.94314,0.93992,0.83224,0.59087,0.80516,0.90037,0.00989269,0.00989269,0.00989269
334,19374.2,0.62953,0.84065,0.99451,0.92194,0.94314,0.94011,0.83214,0.59062,0.80591,0.9,0.00989205,0.00989205,0.00989205
335,19426.6,0.6102,0.80915,0.98136,0.92163,0.94314,0.93987,0.83238,0.58998,0.80524,0.89943,0.0098914,0.0098914,0.0098914
336,19477.8,0.61726,0.82306,0.99317,0.92115,0.94314,0.94003,0.83334,0.58951,0.80662,0.89914,0.00989075,0.00989075,0.00989075
337,19529.5,0.62727,0.8069,1.00244,0.92117,0.94314,0.93979,0.833,0.58945,0.80654,0.89871,0.0098901,0.0098901,0.0098901
338,19582.6,0.60696,0.818,0.97847,0.92119,0.94314,0.94015,0.83295,0.58791,0.80594,0.89768,0.00988945,0.00988945,0.00988945
339,19635.4,0.61448,0.80402,0.99025,0.92152,0.94314,0.94006,0.83273,0.58782,0.80736,0.89726,0.00988879,0.00988879,0.00988879
340,19688.7,0.60412,0.79406,0.98204,0.92131,0.94314,0.93996,0.83207,0.58778,0.80775,0.89708,0.00988814,0.00988814,0.00988814
341,19741.1,0.60702,0.85152,0.99476,0.92139,0.94314,0.93985,0.83273,0.58746,0.8072,0.89674,0.00988748,0.00988748,0.00988748
342,19793.6,0.61231,0.83443,0.98939,0.92076,0.94314,0.93982,0.83214,0.58708,0.80794,0.89635,0.00988682,0.00988682,0.00988682
343,19846.9,0.60821,0.8075,0.98583,0.92038,0.94314,0.94023,0.83399,0.58684,0.80804,0.89618,0.00988615,0.00988615,0.00988615
344,19899.6,0.61525,0.83168,1.00282,0.9197,0.94314,0.9401,0.8338,0.5869,0.80818,0.89623,0.00988549,0.00988549,0.00988549
345,19953,0.61718,0.81203,0.99471,0.91922,0.94314,0.93996,0.83296,0.587,0.8073,0.89613,0.00988482,0.00988482,0.00988482
346,20005.4,0.61598,0.81913,0.99118,0.91849,0.94314,0.93997,0.83312,0.58688,0.80822,0.89585,0.00988416,0.00988416,0.00988416
347,20058.8,0.59294,0.76795,0.98011,0.91795,0.94314,0.94013,0.83284,0.58666,0.80513,0.89527,0.00988349,0.00988349,0.00988349
348,20111.1,0.61686,0.83036,0.99005,0.91734,0.94314,0.94006,0.83119,0.58617,0.80473,0.89486,0.00988281,0.00988281,0.00988281
349,20163.7,0.61857,0.83011,0.99343,0.9167,0.94319,0.93989,0.83164,0.58581,0.80461,0.89456,0.00988214,0.00988214,0.00988214
350,20216.6,0.61265,0.83166,0.9946,0.91659,0.94325,0.93976,0.83349,0.58536,0.80433,0.89414,0.00988147,0.00988147,0.00988147
351,20269,0.621,0.82555,1.00005,0.91683,0.94324,0.94,0.83582,0.58514,0.80461,0.89415,0.00988079,0.00988079,0.00988079
352,20320.6,0.60791,0.79691,0.98343,0.91665,0.9434,0.93985,0.83487,0.58554,0.80401,0.89419,0.00988011,0.00988011,0.00988011
353,20373.2,0.63121,0.81385,0.9969,0.90972,0.9452,0.9395,0.83559,0.58519,0.80398,0.8941,0.00987943,0.00987943,0.00987943
354,20426,0.61443,0.78836,0.99204,0.91213,0.94529,0.94003,0.8351,0.58517,0.80312,0.89413,0.00987874,0.00987874,0.00987874
355,20479.1,0.6185,0.82402,0.99615,0.90972,0.94537,0.93979,0.83542,0.58505,0.80316,0.89407,0.00987806,0.00987806,0.00987806
356,20533.1,0.6202,0.81984,0.99599,0.90967,0.94427,0.93935,0.83528,0.58469,0.80397,0.89427,0.00987737,0.00987737,0.00987737
357,20587.3,0.61582,0.81678,0.99179,0.90981,0.94427,0.93899,0.83501,0.58441,0.8044,0.89399,0.00987668,0.00987668,0.00987668
358,20640.4,0.60573,0.781,0.98532,0.90967,0.94493,0.93919,0.83507,0.58479,0.80458,0.89419,0.00987599,0.00987599,0.00987599
359,20693.8,0.61,0.7873,0.99196,0.9143,0.94265,0.93923,0.83519,0.58454,0.80519,0.89407,0.0098753,0.0098753,0.0098753
360,20748.5,0.5996,0.78703,0.98032,0.91012,0.94417,0.9388,0.83476,0.58453,0.80503,0.89404,0.0098746,0.0098746,0.0098746
361,20802.5,0.60444,0.80919,0.99538,0.90998,0.94416,0.93813,0.83517,0.58388,0.80373,0.89397,0.00987391,0.00987391,0.00987391
362,20856.7,0.6079,0.78791,0.98595,0.90525,0.94765,0.93831,0.8351,0.58436,0.8029,0.8942,0.00987321,0.00987321,0.00987321
363,20910.8,0.6004,0.82167,0.98516,0.90923,0.94418,0.93844,0.83516,0.58413,0.80244,0.89419,0.00987251,0.00987251,0.00987251
364,20963.7,0.60131,0.80203,0.98049,0.90525,0.9475,0.93812,0.83483,0.58404,0.80062,0.8942,0.00987181,0.00987181,0.00987181
365,21017.3,0.61526,0.8208,0.99542,0.90981,0.94606,0.93856,0.834,0.58381,0.80187,0.8942,0.0098711,0.0098711,0.0098711
366,21070.2,0.60138,0.77181,0.98415,0.90982,0.94616,0.93848,0.8349,0.58367,0.80158,0.89426,0.0098704,0.0098704,0.0098704
367,21122.8,0.6206,0.83177,0.99353,0.90979,0.94588,0.93845,0.83595,0.58352,0.80181,0.89406,0.00986969,0.00986969,0.00986969
368,21176.1,0.59901,0.78444,0.98321,0.90976,0.94558,0.93829,0.83551,0.58353,0.80237,0.8941,0.00986898,0.00986898,0.00986898
369,21230,0.60881,0.82093,0.98974,0.90976,0.94563,0.93859,0.83572,0.58286,0.80213,0.89416,0.00986827,0.00986827,0.00986827
370,21284.7,0.60678,0.80917,0.99358,0.90975,0.94553,0.93865,0.83531,0.58246,0.80026,0.89412,0.00986755,0.00986755,0.00986755
371,21338.4,0.60807,0.80608,0.98781,0.90971,0.9452,0.9381,0.83577,0.58267,0.80125,0.89404,0.00986684,0.00986684,0.00986684
372,21391.7,0.60968,0.8136,0.98006,0.90968,0.94488,0.93897,0.83703,0.58248,0.80063,0.8939,0.00986612,0.00986612,0.00986612
373,21445.5,0.62169,0.80137,0.98546,0.90964,0.94455,0.93818,0.83438,0.58254,0.80061,0.89365,0.0098654,0.0098654,0.0098654
374,21498.7,0.60909,0.80849,0.98428,0.90966,0.94474,0.93829,0.83528,0.58223,0.80003,0.89372,0.00986468,0.00986468,0.00986468
375,21552,0.59698,0.81906,0.97884,0.90975,0.94556,0.93848,0.83529,0.5819,0.79899,0.89359,0.00986396,0.00986396,0.00986396
376,21605.3,0.60161,0.79612,0.98373,0.90987,0.94661,0.93917,0.83472,0.5818,0.79938,0.89361,0.00986323,0.00986323,0.00986323
377,21658.1,0.60931,0.78228,0.9897,0.90778,0.94921,0.9382,0.83456,0.58201,0.80001,0.89394,0.0098625,0.0098625,0.0098625
378,21711.6,0.60161,0.80432,0.98615,0.90777,0.94915,0.93876,0.83447,0.58233,0.79995,0.89418,0.00986178,0.00986178,0.00986178
379,21764.8,0.6025,0.79947,0.9848,0.90769,0.94846,0.93809,0.83481,0.58204,0.7983,0.89424,0.00986104,0.00986104,0.00986104
380,21816.9,0.61018,0.80527,0.98692,0.90766,0.94814,0.93823,0.83416,0.58197,0.79793,0.89423,0.00986031,0.00986031,0.00986031
381,21870.9,0.60801,0.78752,0.99116,0.90765,0.94807,0.93861,0.83522,0.58178,0.79848,0.89418,0.00985958,0.00985958,0.00985958
382,21924.5,0.60406,0.77637,0.98335,0.90767,0.94823,0.93864,0.83415,0.58214,0.80068,0.89426,0.00985884,0.00985884,0.00985884
383,21977.9,0.60969,0.79617,0.98954,0.90961,0.94421,0.93859,0.83441,0.58216,0.8012,0.89449,0.0098581,0.0098581,0.0098581
384,22031.2,0.60024,0.80263,0.98191,0.90983,0.94611,0.93909,0.83531,0.58245,0.80308,0.89491,0.00985736,0.00985736,0.00985736
385,22084.5,0.60308,0.78546,0.98104,0.90989,0.94659,0.93855,0.83449,0.58273,0.80112,0.89525,0.00985662,0.00985662,0.00985662
386,22138.2,0.61455,0.80191,0.99871,0.90749,0.94761,0.93871,0.83394,0.583,0.8012,0.8956,0.00985588,0.00985588,0.00985588
387,22190.8,0.61098,0.79072,0.98737,0.90742,0.94765,0.93812,0.83359,0.58302,0.80255,0.89582,0.00985513,0.00985513,0.00985513
388,22244.2,0.59201,0.76632,0.97352,0.90984,0.9471,0.93826,0.83407,0.58305,0.80267,0.89592,0.00985438,0.00985438,0.00985438
389,22297.3,0.59946,0.78363,0.97944,0.9078,0.94768,0.93861,0.83491,0.58334,0.8031,0.8962,0.00985363,0.00985363,0.00985363
390,22350.2,0.59566,0.8026,0.97613,0.90804,0.94772,0.93885,0.83422,0.58331,0.8022,0.89637,0.00985288,0.00985288,0.00985288
391,22402.6,0.59163,0.76495,0.97327,0.90979,0.94589,0.93857,0.8335,0.58339,0.80249,0.89657,0.00985213,0.00985213,0.00985213
392,22455.6,0.5956,0.79989,0.97862,0.90832,0.9478,0.93868,0.83486,0.58355,0.80309,0.89697,0.00985137,0.00985137,0.00985137
393,22508,0.59723,0.74827,0.98497,0.90981,0.94611,0.93913,0.83555,0.58361,0.80374,0.8971,0.00985061,0.00985061,0.00985061
394,22560.7,0.60696,0.78363,0.98503,0.90978,0.94588,0.93894,0.83527,0.58363,0.80388,0.89727,0.00984985,0.00984985,0.00984985
395,22613.2,0.59891,0.78411,0.97832,0.90979,0.94606,0.93907,0.83548,0.58378,0.80222,0.89726,0.00984909,0.00984909,0.00984909
396,22665.7,0.60199,0.77264,0.98359,0.90977,0.94588,0.93831,0.83511,0.58349,0.80138,0.89764,0.00984833,0.00984833,0.00984833
397,22719.3,0.60084,0.80307,0.97536,0.90974,0.94565,0.93905,0.83517,0.58406,0.79935,0.89835,0.00984757,0.00984757,0.00984757
398,22772.2,0.58692,0.77146,0.97348,0.91152,0.94116,0.93862,0.83426,0.58371,0.79858,0.89813,0.0098468,0.0098468,0.0098468
399,22825.9,0.59698,0.79935,0.98778,0.91169,0.94114,0.93864,0.83542,0.58381,0.79944,0.89795,0.00984603,0.00984603,0.00984603
400,22878.8,0.60738,0.8185,0.9916,0.91171,0.94152,0.9387,0.83511,0.58319,0.80053,0.89774,0.00984526,0.00984526,0.00984526
401,22931.9,0.598,0.76012,0.97759,0.91169,0.94116,0.93872,0.83582,0.58277,0.80111,0.8973,0.00984449,0.00984449,0.00984449
402,22984.9,0.60786,0.79282,0.992,0.9113,0.94461,0.93862,0.83538,0.58226,0.79984,0.8969,0.00984371,0.00984371,0.00984371
403,23037.3,0.61212,0.78132,0.99209,0.91137,0.94458,0.93941,0.83521,0.58227,0.80115,0.89664,0.00984294,0.00984294,0.00984294
404,23089.7,0.59412,0.78383,0.97331,0.91439,0.94371,0.93896,0.83383,0.58208,0.80093,0.89654,0.00984216,0.00984216,0.00984216
405,23143.4,0.59811,0.79405,0.97972,0.91147,0.94459,0.93899,0.83458,0.58173,0.80146,0.89624,0.00984138,0.00984138,0.00984138
406,23196.4,0.5915,0.76504,0.98472,0.91649,0.93491,0.93978,0.83605,0.58177,0.80005,0.89594,0.0098406,0.0098406,0.0098406
407,23249.1,0.60268,0.75933,0.99458,0.91869,0.93492,0.93986,0.8355,0.5817,0.80014,0.89573,0.00983981,0.00983981,0.00983981
408,23302,0.58735,0.7817,0.97672,0.91598,0.93492,0.93914,0.83449,0.58152,0.80085,0.89562,0.00983903,0.00983903,0.00983903
409,23355.2,0.59539,0.75062,0.9811,0.91907,0.94083,0.93921,0.83351,0.58153,0.80069,0.89551,0.00983824,0.00983824,0.00983824
410,23407.5,0.58813,0.77295,0.97927,0.92127,0.93724,0.93991,0.83534,0.58125,0.80072,0.89532,0.00983745,0.00983745,0.00983745
411,23461,0.59056,0.78563,0.96948,0.9213,0.93749,0.93937,0.83466,0.58111,0.80045,0.89524,0.00983666,0.00983666,0.00983666
412,23513,0.6073,0.77852,0.98584,0.92133,0.93776,0.94005,0.83764,0.58072,0.79998,0.89488,0.00983586,0.00983586,0.00983586
413,23566.3,0.60534,0.79853,0.98416,0.92054,0.93777,0.93981,0.83741,0.58082,0.79936,0.89485,0.00983507,0.00983507,0.00983507
414,23619.3,0.60443,0.79154,0.99016,0.92014,0.93776,0.93961,0.83735,0.58093,0.79882,0.89477,0.00983427,0.00983427,0.00983427
415,23672.9,0.58666,0.75447,0.97568,0.92015,0.93777,0.93946,0.83688,0.58064,0.79739,0.89478,0.00983347,0.00983347,0.00983347
416,23726.9,0.59083,0.77763,0.96976,0.92029,0.93778,0.93992,0.83762,0.58079,0.79686,0.89482,0.00983267,0.00983267,0.00983267
417,23780.6,0.58659,0.76853,0.97881,0.92036,0.93779,0.93902,0.83678,0.58057,0.79615,0.89471,0.00983187,0.00983187,0.00983187
418,23833.6,0.60536,0.78361,0.9952,0.92145,0.93903,0.93948,0.83742,0.58033,0.79459,0.89459,0.00983106,0.00983106,0.00983106
419,23886,0.58875,0.77482,0.9816,0.9214,0.93856,0.93923,0.83688,0.58022,0.79548,0.89437,0.00983026,0.00983026,0.00983026
420,23938.9,0.59875,0.77417,0.98618,0.92136,0.93817,0.93937,0.83646,0.58022,0.79449,0.89436,0.00982945,0.00982945,0.00982945
421,23991.9,0.60036,0.81615,0.9814,0.92099,0.93783,0.93877,0.83669,0.57978,0.79481,0.89418,0.00982864,0.00982864,0.00982864
422,24044.9,0.58726,0.74529,0.96678,0.92084,0.93784,0.9391,0.83766,0.5795,0.79662,0.89428,0.00982783,0.00982783,0.00982783
423,24097.9,0.59078,0.76296,0.97634,0.92131,0.93762,0.93882,0.83702,0.57929,0.79578,0.89408,0.00982701,0.00982701,0.00982701
424,24151.2,0.6047,0.75904,0.98109,0.92128,0.93733,0.93921,0.83716,0.57924,0.79619,0.8943,0.0098262,0.0098262,0.0098262
425,24203.5,0.58813,0.76946,0.97836,0.92125,0.937,0.93921,0.83751,0.5796,0.79564,0.89426,0.00982538,0.00982538,0.00982538
426,24255.8,0.60791,0.78706,0.98711,0.92133,0.9378,0.93944,0.83776,0.57953,0.79588,0.89422,0.00982456,0.00982456,0.00982456
427,24307.6,0.61503,0.77879,0.9884,0.92128,0.93786,0.93928,0.83769,0.57959,0.79545,0.89445,0.00982374,0.00982374,0.00982374
428,24360.3,0.59478,0.7695,0.97951,0.92133,0.93783,0.93932,0.83762,0.57971,0.79461,0.89441,0.00982291,0.00982291,0.00982291
429,24411.9,0.59235,0.77709,0.98264,0.92109,0.93788,0.93931,0.83777,0.57954,0.79645,0.89431,0.00982209,0.00982209,0.00982209
430,24463.3,0.5921,0.77144,0.97244,0.92116,0.93789,0.93932,0.83748,0.57941,0.79541,0.89411,0.00982126,0.00982126,0.00982126
431,24514.3,0.59892,0.77299,0.98426,0.92107,0.93788,0.93935,0.83707,0.57979,0.79787,0.89426,0.00982043,0.00982043,0.00982043
432,24566.1,0.60948,0.79325,0.99089,0.92128,0.93731,0.93933,0.83721,0.57904,0.7969,0.89386,0.0098196,0.0098196,0.0098196
433,24617.1,0.59094,0.77436,0.97778,0.92124,0.93695,0.93943,0.83646,0.57882,0.7972,0.89364,0.00981877,0.00981877,0.00981877
434,24668,0.60112,0.78211,0.98118,0.92124,0.9369,0.93942,0.83659,0.5789,0.79749,0.89387,0.00981793,0.00981793,0.00981793
435,24719,0.59997,0.76285,0.98303,0.92119,0.93645,0.93973,0.83733,0.57842,0.79824,0.89332,0.0098171,0.0098171,0.0098171
436,24769.7,0.59721,0.78005,0.98148,0.92118,0.93633,0.93948,0.83715,0.57798,0.79916,0.89326,0.00981626,0.00981626,0.00981626
437,24819.9,0.60436,0.789,0.99577,0.92119,0.93643,0.93948,0.83719,0.57788,0.7986,0.89321,0.00981542,0.00981542,0.00981542
438,24872.4,0.59834,0.782,0.98199,0.92115,0.93606,0.93933,0.83728,0.5779,0.80001,0.89316,0.00981458,0.00981458,0.00981458
439,24924.9,0.5822,0.76564,0.97497,0.92119,0.93642,0.93946,0.83734,0.57744,0.8019,0.89302,0.00981373,0.00981373,0.00981373
440,24976.8,0.58646,0.77512,0.96925,0.92119,0.93637,0.93944,0.839,0.57775,0.80188,0.89339,0.00981288,0.00981288,0.00981288
441,25028.5,0.59973,0.74925,0.98055,0.92127,0.9372,0.93926,0.83705,0.57797,0.80311,0.89362,0.00981204,0.00981204,0.00981204
442,25080.1,0.58848,0.74893,0.97447,0.92126,0.93711,0.93948,0.83903,0.57739,0.80349,0.89326,0.00981119,0.00981119,0.00981119
443,25131.8,0.59347,0.77183,0.98714,0.92114,0.93593,0.93918,0.83886,0.57736,0.80618,0.89353,0.00981034,0.00981034,0.00981034
444,25183.5,0.57932,0.75126,0.97282,0.9213,0.93752,0.93992,0.83925,0.57715,0.80657,0.89343,0.00980948,0.00980948,0.00980948
445,25236.1,0.58754,0.74288,0.97754,0.9213,0.93756,0.93964,0.83901,0.57765,0.80714,0.8935,0.00980863,0.00980863,0.00980863
446,25292.2,0.59005,0.74707,0.97162,0.9213,0.93754,0.9393,0.83847,0.57746,0.80781,0.89346,0.00980777,0.00980777,0.00980777
447,25343.2,0.59851,0.76927,0.97594,0.92133,0.93789,0.93911,0.83829,0.57739,0.8084,0.89319,0.00980691,0.00980691,0.00980691
448,25394.5,0.5861,0.75612,0.97504,0.92057,0.93556,0.9391,0.83852,0.57746,0.80765,0.89338,0.00980605,0.00980605,0.00980605
449,25445.6,0.59536,0.76099,0.98181,0.92054,0.93538,0.93998,0.83931,0.57747,0.80784,0.8933,0.00980519,0.00980519,0.00980519
450,25497,0.58437,0.77235,0.97013,0.92051,0.93505,0.93993,0.83922,0.57718,0.8079,0.89309,0.00980432,0.00980432,0.00980432
451,25547.3,0.59271,0.776,0.97841,0.92116,0.9362,0.93897,0.83812,0.57695,0.80626,0.89291,0.00980345,0.00980345,0.00980345
452,25597.9,0.59878,0.7586,0.9768,0.9205,0.93483,0.93883,0.83805,0.57664,0.80656,0.89279,0.00980259,0.00980259,0.00980259
453,25648,0.58663,0.74101,0.9737,0.92048,0.93467,0.93876,0.83869,0.57672,0.80605,0.89298,0.00980171,0.00980171,0.00980171
454,25698.7,0.59582,0.77284,0.97775,0.92049,0.9347,0.93937,0.83922,0.57674,0.80608,0.89304,0.00980084,0.00980084,0.00980084
455,25749.4,0.59503,0.76609,0.98073,0.92051,0.93427,0.93859,0.83852,0.57602,0.80557,0.89253,0.00979997,0.00979997,0.00979997
456,25799,0.59286,0.75885,0.97655,0.92068,0.93427,0.93857,0.83794,0.57602,0.80554,0.89234,0.00979909,0.00979909,0.00979909
457,25848.7,0.59501,0.78134,0.97876,0.92095,0.93427,0.93846,0.83882,0.57526,0.80411,0.89154,0.00979821,0.00979821,0.00979821
458,25897.8,0.60567,0.78861,0.98507,0.92111,0.93427,0.93837,0.83802,0.57495,0.80435,0.89117,0.00979733,0.00979733,0.00979733
459,25946.9,0.59094,0.76926,0.97274,0.92125,0.93427,0.93896,0.83962,0.5748,0.80328,0.89101,0.00979645,0.00979645,0.00979645
460,25996.7,0.58844,0.75829,0.97999,0.92114,0.93427,0.93925,0.84026,0.57454,0.80352,0.89096,0.00979557,0.00979557,0.00979557
461,26047.3,0.59297,0.77194,0.98113,0.92116,0.93427,0.93949,0.83955,0.57406,0.8053,0.89066,0.00979468,0.00979468,0.00979468
462,26097.6,0.57879,0.75636,0.96748,0.92118,0.93427,0.93954,0.84039,0.57388,0.80509,0.8904,0.0097938,0.0097938,0.0097938
463,26148.6,0.58195,0.75192,0.98293,0.9211,0.93427,0.93933,0.83926,0.57366,0.80496,0.89029,0.00979291,0.00979291,0.00979291
464,26199.7,0.58859,0.75554,0.97445,0.9205,0.93515,0.94045,0.84086,0.57355,0.80418,0.89023,0.00979202,0.00979202,0.00979202
465,26249.9,0.58156,0.7515,0.97223,0.92099,0.93427,0.94029,0.83978,0.57399,0.80416,0.89052,0.00979112,0.00979112,0.00979112
466,26299.6,0.59029,0.74859,0.97108,0.92129,0.93427,0.94022,0.84009,0.57389,0.80468,0.8904,0.00979023,0.00979023,0.00979023
467,26349.5,0.59587,0.77584,0.97484,0.92147,0.93427,0.9405,0.84116,0.57405,0.80315,0.89067,0.00978933,0.00978933,0.00978933
468,26399.5,0.59437,0.78192,0.97426,0.92149,0.93427,0.94054,0.84159,0.57409,0.80461,0.89068,0.00978843,0.00978843,0.00978843
469,26451,0.58373,0.76825,0.97164,0.92166,0.93427,0.93997,0.84021,0.57407,0.80363,0.89063,0.00978753,0.00978753,0.00978753
470,26502.5,0.59872,0.75832,0.98481,0.92169,0.93427,0.94136,0.84196,0.57401,0.80414,0.8907,0.00978663,0.00978663,0.00978663
471,26553.3,0.61136,0.74543,0.98801,0.92186,0.93427,0.94241,0.84195,0.57404,0.80482,0.89064,0.00978572,0.00978572,0.00978572
472,26603.6,0.57857,0.74527,0.97159,0.91967,0.93427,0.94252,0.84323,0.57388,0.80395,0.89042,0.00978482,0.00978482,0.00978482
473,26655.6,0.59773,0.75907,0.97641,0.91998,0.93427,0.9423,0.84322,0.57351,0.80473,0.8902,0.00978391,0.00978391,0.00978391
474,26706.6,0.58843,0.75556,0.97625,0.92002,0.93427,0.94258,0.84272,0.57292,0.8038,0.8901,0.009783,0.009783,0.009783
475,26756.7,0.5774,0.73929,0.9699,0.92272,0.93427,0.9425,0.84302,0.57294,0.80506,0.88999,0.00978209,0.00978209,0.00978209
476,26807.6,0.57148,0.7591,0.96298,0.92014,0.93427,0.94199,0.84206,0.57274,0.80319,0.88989,0.00978118,0.00978118,0.00978118
477,26858.8,0.58747,0.78807,0.96847,0.91951,0.93427,0.94136,0.8407,0.57286,0.80315,0.88987,0.00978026,0.00978026,0.00978026
478,26909.8,0.57799,0.70952,0.9643,0.91875,0.93427,0.94214,0.84182,0.57294,0.8032,0.88999,0.00977934,0.00977934,0.00977934
479,26959.7,0.59092,0.74907,0.98165,0.92146,0.93481,0.94145,0.84135,0.57287,0.80128,0.88985,0.00977842,0.00977842,0.00977842
480,27009.6,0.59059,0.77371,0.97418,0.92089,0.93479,0.94173,0.84138,0.57287,0.8009,0.88989,0.0097775,0.0097775,0.0097775
481,27060.2,0.58795,0.74219,0.97034,0.9191,0.93184,0.94148,0.84129,0.57299,0.79944,0.88992,0.00977658,0.00977658,0.00977658
482,27111.5,0.58757,0.76291,0.97306,0.90868,0.94873,0.94138,0.84154,0.5725,0.79946,0.88961,0.00977565,0.00977565,0.00977565
483,27162.3,0.59178,0.7427,0.98176,0.90865,0.9487,0.94246,0.84199,0.57243,0.80027,0.88963,0.00977473,0.00977473,0.00977473
484,27212.6,0.59812,0.75049,0.98163,0.90896,0.94861,0.94084,0.83938,0.57246,0.79932,0.88946,0.0097738,0.0097738,0.0097738
485,27264.3,0.58123,0.74467,0.9682,0.90892,0.94858,0.94227,0.84109,0.5725,0.79946,0.88979,0.00977287,0.00977287,0.00977287
486,27314.7,0.56908,0.72346,0.95975,0.90892,0.94856,0.94244,0.8408,0.57231,0.79887,0.88959,0.00977194,0.00977194,0.00977194
487,27365.3,0.58821,0.73759,0.97935,0.90927,0.94839,0.94249,0.84136,0.57215,0.79804,0.88946,0.009771,0.009771,0.009771
488,27415.8,0.58882,0.76017,0.98199,0.90894,0.9485,0.94232,0.84135,0.57205,0.79849,0.88926,0.00977007,0.00977007,0.00977007
489,27466.1,0.58336,0.75193,0.96824,0.90892,0.94855,0.94316,0.84153,0.57193,0.79733,0.88936,0.00976913,0.00976913,0.00976913
490,27516.2,0.58071,0.75298,0.97566,0.90889,0.94857,0.94328,0.84157,0.57193,0.79719,0.8893,0.00976819,0.00976819,0.00976819
491,27566.8,0.57932,0.74067,0.9794,0.90881,0.94862,0.94267,0.84115,0.57195,0.7968,0.88922,0.00976725,0.00976725,0.00976725
492,27618.1,0.57786,0.76221,0.97167,0.9087,0.94867,0.94282,0.8408,0.57215,0.7981,0.88953,0.0097663,0.0097663,0.0097663
493,27669.6,0.57568,0.75346,0.96232,0.90912,0.94846,0.94328,0.84152,0.57182,0.79688,0.88927,0.00976536,0.00976536,0.00976536
494,27719.6,0.58119,0.75473,0.97335,0.90916,0.94843,0.94305,0.84071,0.5719,0.79687,0.88936,0.00976441,0.00976441,0.00976441
495,27770.3,0.57367,0.72635,0.96237,0.90923,0.94838,0.94306,0.84153,0.57197,0.79684,0.88925,0.00976346,0.00976346,0.00976346
496,27822,0.56933,0.73013,0.96162,0.90932,0.94838,0.94349,0.84202,0.57199,0.7979,0.88919,0.00976251,0.00976251,0.00976251
497,27873.1,0.59083,0.73724,0.97651,0.90934,0.9484,0.94378,0.84231,0.57167,0.79757,0.88899,0.00976156,0.00976156,0.00976156
498,27923.7,0.57111,0.73601,0.9678,0.90966,0.94842,0.94416,0.84231,0.57157,0.79761,0.88877,0.0097606,0.0097606,0.0097606
499,27974.7,0.57842,0.73455,0.97154,0.90995,0.94842,0.94312,0.84048,0.572,0.79725,0.88884,0.00975965,0.00975965,0.00975965
500,28026.1,0.57813,0.72741,0.96284,0.91139,0.94836,0.94335,0.84131,0.57202,0.79735,0.88882,0.00975869,0.00975869,0.00975869
501,28076.7,0.56731,0.7407,0.95722,0.91212,0.94833,0.94355,0.84059,0.57204,0.79768,0.88885,0.00975773,0.00975773,0.00975773
502,28127.6,0.57569,0.73234,0.97039,0.91221,0.94828,0.94387,0.83996,0.57231,0.79558,0.88892,0.00975677,0.00975677,0.00975677
503,28177.5,0.58268,0.75793,0.97298,0.91239,0.94824,0.94422,0.84115,0.57225,0.79677,0.88865,0.0097558,0.0097558,0.0097558
504,28227.9,0.57552,0.75371,0.96684,0.91239,0.94808,0.94461,0.84165,0.57208,0.7955,0.88842,0.00975484,0.00975484,0.00975484
505,28278.1,0.5853,0.74092,0.98002,0.91237,0.94795,0.94449,0.84033,0.57233,0.7958,0.88852,0.00975387,0.00975387,0.00975387
506,28327.6,0.57707,0.71474,0.96888,0.91063,0.94018,0.94459,0.842,0.57221,0.79674,0.88844,0.0097529,0.0097529,0.0097529
507,28377.7,0.574,0.73462,0.96517,0.91312,0.94169,0.94433,0.84142,0.57203,0.79871,0.88841,0.00975193,0.00975193,0.00975193
508,28427.8,0.57219,0.71895,0.97514,0.91316,0.942,0.94451,0.84083,0.57253,0.7987,0.88863,0.00975096,0.00975096,0.00975096
509,28477.4,0.5655,0.71554,0.96466,0.91831,0.93921,0.94438,0.84119,0.57251,0.79819,0.88858,0.00974998,0.00974998,0.00974998
510,28528,0.57703,0.75488,0.97277,0.9183,0.93927,0.94409,0.84076,0.57253,0.7991,0.88861,0.009749,0.009749,0.009749
511,28578.9,0.57409,0.74111,0.96389,0.91826,0.93931,0.9434,0.83958,0.57252,0.7996,0.88866,0.00974803,0.00974803,0.00974803
512,28629.5,0.5893,0.73855,0.97032,0.91288,0.94314,0.94418,0.84032,0.57267,0.79853,0.88879,0.00974705,0.00974705,0.00974705
513,28679.6,0.56945,0.71911,0.96575,0.91274,0.94314,0.94422,0.84097,0.57214,0.79699,0.88872,0.00974606,0.00974606,0.00974606
514,28730.7,0.57179,0.7312,0.96216,0.91284,0.94314,0.94471,0.84058,0.57209,0.79689,0.88878,0.00974508,0.00974508,0.00974508
515,28781.4,0.56938,0.70563,0.95856,0.91278,0.94314,0.94514,0.84226,0.57191,0.7963,0.88874,0.00974409,0.00974409,0.00974409
516,28832.2,0.57955,0.74468,0.96649,0.91277,0.94314,0.94462,0.84127,0.57183,0.79723,0.88881,0.0097431,0.0097431,0.0097431
517,28882,0.58097,0.72818,0.96607,0.91268,0.94314,0.94494,0.84233,0.57162,0.79513,0.88883,0.00974211,0.00974211,0.00974211
518,28932.7,0.56763,0.73478,0.96307,0.91603,0.94314,0.9448,0.84202,0.57136,0.79496,0.88877,0.00974112,0.00974112,0.00974112
519,28982.9,0.56866,0.75283,0.96376,0.91324,0.94314,0.94494,0.8416,0.57142,0.79472,0.88891,0.00974013,0.00974013,0.00974013
520,29033.3,0.57537,0.74269,0.9651,0.91297,0.94314,0.94505,0.84216,0.57099,0.79561,0.88876,0.00973913,0.00973913,0.00973913
521,29084.2,0.5794,0.72933,0.9687,0.91249,0.94314,0.94495,0.84227,0.57102,0.79553,0.88894,0.00973814,0.00973814,0.00973814
522,29135.2,0.56604,0.71152,0.96316,0.91242,0.94314,0.94468,0.84294,0.57071,0.79517,0.88878,0.00973714,0.00973714,0.00973714
523,29185.6,0.56549,0.70634,0.95765,0.91199,0.94314,0.94439,0.84161,0.57044,0.79475,0.88864,0.00973614,0.00973614,0.00973614
524,29236.3,0.57931,0.74756,0.97243,0.91161,0.94314,0.94438,0.84318,0.57044,0.79413,0.88871,0.00973513,0.00973513,0.00973513
525,29287.7,0.55909,0.71148,0.95805,0.91072,0.94323,0.94459,0.84343,0.57041,0.79316,0.8889,0.00973413,0.00973413,0.00973413
526,29337.4,0.57276,0.7201,0.96668,0.91074,0.94333,0.9448,0.84351,0.5703,0.79107,0.88904,0.00973312,0.00973312,0.00973312
527,29388.6,0.57052,0.71096,0.96669,0.91073,0.94336,0.94458,0.84261,0.5706,0.79139,0.88927,0.00973211,0.00973211,0.00973211
528,29438.7,0.58374,0.72717,0.97399,0.91068,0.94315,0.94416,0.84218,0.57031,0.78912,0.88884,0.0097311,0.0097311,0.0097311
529,29489,0.57653,0.72601,0.96444,0.91069,0.94335,0.94505,0.8435,0.57017,0.79024,0.88865,0.00973009,0.00973009,0.00973009
530,29539.8,0.58549,0.74948,0.97183,0.91145,0.94314,0.94535,0.84376,0.56963,0.78909,0.88844,0.00972908,0.00972908,0.00972908
531,29591.1,0.5745,0.7278,0.96158,0.91202,0.94314,0.94519,0.84356,0.56957,0.78993,0.88838,0.00972806,0.00972806,0.00972806
532,29641.4,0.57415,0.73808,0.96803,0.9127,0.94314,0.9453,0.84459,0.5694,0.78946,0.8883,0.00972704,0.00972704,0.00972704
533,29691.6,0.56774,0.72276,0.96046,0.91367,0.94314,0.94542,0.84624,0.56925,0.78898,0.88835,0.00972603,0.00972603,0.00972603
534,29742.9,0.57192,0.719,0.96576,0.91487,0.94314,0.94529,0.84649,0.56917,0.78817,0.88829,0.009725,0.009725,0.009725
535,29794.5,0.5689,0.73944,0.96328,0.91605,0.94314,0.94625,0.84817,0.56899,0.78817,0.88829,0.00972398,0.00972398,0.00972398
536,29844.9,0.56002,0.70189,0.95719,0.91592,0.94314,0.94584,0.84634,0.56841,0.78832,0.88783,0.00972296,0.00972296,0.00972296
537,29895.6,0.5667,0.71377,0.96628,0.91525,0.94314,0.94586,0.84755,0.56822,0.7868,0.88778,0.00972193,0.00972193,0.00972193
538,29946.4,0.5842,0.71508,0.97682,0.91414,0.94314,0.94607,0.84707,0.56769,0.78673,0.88754,0.0097209,0.0097209,0.0097209
539,29996.3,0.56191,0.70984,0.96097,0.91297,0.94314,0.94634,0.84801,0.56734,0.78693,0.88731,0.00971987,0.00971987,0.00971987
540,30048.1,0.57503,0.7291,0.97307,0.90592,0.96062,0.94615,0.84818,0.56736,0.78643,0.88739,0.00971884,0.00971884,0.00971884
541,30099.2,0.571,0.71388,0.96659,0.90522,0.96069,0.94713,0.84909,0.56777,0.78608,0.88789,0.0097178,0.0097178,0.0097178
542,30149.2,0.57297,0.72773,0.96988,0.90489,0.96068,0.94741,0.8491,0.5682,0.78764,0.88808,0.00971677,0.00971677,0.00971677
543,30200.3,0.57774,0.74676,0.97035,0.90414,0.96078,0.94697,0.84972,0.56797,0.78842,0.88804,0.00971573,0.00971573,0.00971573
544,30251,0.55498,0.70645,0.95141,0.90403,0.96081,0.94699,0.85004,0.56812,0.78742,0.88815,0.00971469,0.00971469,0.00971469
545,30302.3,0.58226,0.71837,0.97746,0.90385,0.96083,0.94691,0.84966,0.568,0.78654,0.88807,0.00971365,0.00971365,0.00971365
546,30352.7,0.56441,0.73279,0.96299,0.91677,0.94314,0.94722,0.85072,0.56765,0.78703,0.88805,0.0097126,0.0097126,0.0097126
547,30403.1,0.56854,0.73077,0.96554,0.9136,0.94314,0.9472,0.85043,0.56785,0.78674,0.8881,0.00971156,0.00971156,0.00971156
548,30454.2,0.57538,0.7264,0.96988,0.91373,0.94314,0.94701,0.84943,0.56772,0.78765,0.88818,0.00971051,0.00971051,0.00971051
549,30504.7,0.56863,0.69687,0.9658,0.91346,0.94314,0.94734,0.85023,0.56768,0.78719,0.88809,0.00970946,0.00970946,0.00970946
550,30554.9,0.57916,0.72051,0.96294,0.91366,0.94314,0.94581,0.84919,0.56769,0.78779,0.8883,0.00970841,0.00970841,0.00970841
551,30606.7,0.56262,0.69856,0.96352,0.91361,0.94314,0.94563,0.84896,0.5674,0.78837,0.88827,0.00970736,0.00970736,0.00970736
552,30656.8,0.58187,0.72561,0.97071,0.91342,0.94314,0.94679,0.84863,0.56717,0.78817,0.88821,0.00970631,0.00970631,0.00970631
553,30707.1,0.57615,0.71041,0.9633,0.91303,0.94314,0.9459,0.84954,0.56783,0.78971,0.88862,0.00970525,0.00970525,0.00970525
554,30756.8,0.56485,0.72996,0.966,0.91292,0.94314,0.94566,0.84886,0.56814,0.78892,0.88866,0.00970419,0.00970419,0.00970419
555,30805.5,0.56554,0.73499,0.95695,0.91318,0.94314,0.94569,0.84842,0.56824,0.78734,0.88848,0.00970313,0.00970313,0.00970313
556,30855.2,0.55811,0.7423,0.9581,0.91244,0.94314,0.94585,0.84901,0.56859,0.7885,0.88861,0.00970207,0.00970207,0.00970207
557,30905.5,0.5681,0.72563,0.97361,0.91817,0.94272,0.94603,0.84982,0.56842,0.78959,0.88865,0.00970101,0.00970101,0.00970101
558,30956.1,0.5621,0.71874,0.96162,0.91816,0.94254,0.9454,0.84896,0.56864,0.78828,0.88902,0.00969994,0.00969994,0.00969994
559,31006.4,0.56973,0.71285,0.96994,0.9182,0.94263,0.94529,0.84944,0.56868,0.78677,0.88893,0.00969887,0.00969887,0.00969887
560,31055.9,0.56222,0.73465,0.96747,0.90572,0.9607,0.94564,0.8505,0.56857,0.7856,0.88885,0.0096978,0.0096978,0.0096978
561,31105.4,0.56806,0.72508,0.96759,0.9057,0.96066,0.94577,0.84987,0.5688,0.78388,0.88905,0.00969673,0.00969673,0.00969673
562,31153.7,0.56718,0.70216,0.96681,0.90577,0.96066,0.94522,0.85012,0.56883,0.7844,0.88907,0.00969566,0.00969566,0.00969566
563,31202.5,0.56376,0.69988,0.9542,0.90577,0.96065,0.94494,0.84925,0.56884,0.78694,0.88951,0.00969459,0.00969459,0.00969459
564,31251,0.56984,0.70784,0.95784,0.90578,0.96061,0.94443,0.84884,0.56888,0.78886,0.88949,0.00969351,0.00969351,0.00969351
565,31300.5,0.5615,0.70892,0.9576,0.90584,0.96061,0.94475,0.84915,0.5689,0.78765,0.88936,0.00969243,0.00969243,0.00969243
566,31350.8,0.5641,0.70555,0.96146,0.91523,0.94314,0.94393,0.84827,0.5687,0.78921,0.88935,0.00969135,0.00969135,0.00969135
567,31401.5,0.57069,0.74036,0.96996,0.91523,0.94314,0.94398,0.84797,0.56859,0.79015,0.88933,0.00969027,0.00969027,0.00969027
568,31452,0.56823,0.69824,0.96235,0.91565,0.94376,0.94384,0.84827,0.56889,0.78931,0.88912,0.00968918,0.00968918,0.00968918
569,31501.4,0.56368,0.69847,0.95927,0.91566,0.9439,0.94355,0.84841,0.56874,0.78872,0.8892,0.0096881,0.0096881,0.0096881
570,31550.6,0.56211,0.72232,0.95914,0.91566,0.94396,0.94295,0.84793,0.56854,0.78719,0.88939,0.00968701,0.00968701,0.00968701
571,31600.8,0.56752,0.70798,0.9715,0.91557,0.94517,0.94386,0.84851,0.56814,0.78359,0.88904,0.00968592,0.00968592,0.00968592
572,31649.9,0.56701,0.72506,0.96187,0.91562,0.9457,0.9432,0.84756,0.56833,0.78084,0.88926,0.00968483,0.00968483,0.00968483
573,31698.2,0.57067,0.72625,0.96478,0.9167,0.9461,0.94376,0.84775,0.56859,0.78116,0.88959,0.00968374,0.00968374,0.00968374
574,31749,0.56167,0.71439,0.95546,0.91598,0.9461,0.9436,0.84858,0.56918,0.78063,0.89,0.00968264,0.00968264,0.00968264
575,31799.6,0.56541,0.72115,0.96337,0.91581,0.9461,0.94374,0.84824,0.56928,0.78245,0.89005,0.00968155,0.00968155,0.00968155
576,31849.8,0.56343,0.70722,0.9614,0.91554,0.9461,0.94415,0.84918,0.5696,0.7832,0.89035,0.00968045,0.00968045,0.00968045
577,31900.4,0.56567,0.70694,0.95526,0.9157,0.9461,0.94448,0.84891,0.56977,0.78376,0.89031,0.00967935,0.00967935,0.00967935
578,31949.8,0.57638,0.73749,0.96247,0.91602,0.9461,0.94388,0.84822,0.56921,0.78513,0.88935,0.00967825,0.00967825,0.00967825
579,32001.8,0.56553,0.69844,0.95932,0.91824,0.9488,0.94449,0.84879,0.56883,0.78619,0.88882,0.00967714,0.00967714,0.00967714
580,32051.9,0.56883,0.69456,0.96429,0.91721,0.94906,0.94389,0.84848,0.56873,0.78626,0.88843,0.00967604,0.00967604,0.00967604
581,32100.7,0.56525,0.71937,0.97347,0.91638,0.94906,0.94523,0.85011,0.56841,0.78703,0.88786,0.00967493,0.00967493,0.00967493
582,32150.5,0.56057,0.70583,0.95691,0.91624,0.94906,0.94509,0.84785,0.56827,0.78658,0.88775,0.00967382,0.00967382,0.00967382
583,32198.9,0.5634,0.69216,0.96307,0.91629,0.94906,0.94571,0.85038,0.56822,0.78703,0.8875,0.00967271,0.00967271,0.00967271
584,32248.4,0.56319,0.71735,0.96184,0.91865,0.95169,0.94497,0.84755,0.56791,0.78651,0.88721,0.00967159,0.00967159,0.00967159
585,32297.5,0.56931,0.74491,0.96653,0.91864,0.95165,0.94543,0.84886,0.56708,0.78476,0.88652,0.00967048,0.00967048,0.00967048
586,32346.3,0.56659,0.70851,0.95987,0.91872,0.95149,0.94568,0.84918,0.56702,0.78635,0.8863,0.00966936,0.00966936,0.00966936
587,32395.4,0.55306,0.70289,0.95633,0.91877,0.95127,0.94383,0.8459,0.5672,0.78695,0.88633,0.00966824,0.00966824,0.00966824
588,32446.1,0.55407,0.70917,0.95666,0.91882,0.9512,0.94508,0.84594,0.56715,0.78662,0.88624,0.00966712,0.00966712,0.00966712
589,32494.8,0.56784,0.71846,0.95997,0.91898,0.95073,0.94572,0.84683,0.56672,0.78788,0.88577,0.009666,0.009666,0.009666
590,32544.9,0.57899,0.71296,0.97236,0.919,0.95064,0.9454,0.84603,0.56683,0.79015,0.88576,0.00966488,0.00966488,0.00966488
591,32594.6,0.5774,0.75595,0.96886,0.91906,0.95059,0.94654,0.84814,0.56718,0.79108,0.88589,0.00966375,0.00966375,0.00966375
592,32645,0.55531,0.7255,0.95686,0.91785,0.94906,0.94627,0.84791,0.56674,0.79097,0.88556,0.00966262,0.00966262,0.00966262
593,32695,0.55851,0.70009,0.95748,0.91815,0.94906,0.94513,0.84651,0.5668,0.79127,0.88537,0.00966149,0.00966149,0.00966149
594,32744.4,0.55601,0.73301,0.95231,0.91843,0.94906,0.94524,0.84592,0.5671,0.79058,0.88542,0.00966036,0.00966036,0.00966036
595,32793.3,0.56408,0.73658,0.95817,0.91822,0.94906,0.94647,0.8456,0.56741,0.79073,0.88533,0.00965923,0.00965923,0.00965923
596,32843.5,0.54889,0.68726,0.95367,0.91794,0.94906,0.9458,0.84674,0.56733,0.78901,0.88518,0.0096581,0.0096581,0.0096581
597,32895.1,0.56772,0.71261,0.96212,0.91835,0.94906,0.94597,0.8468,0.56769,0.78855,0.88547,0.00965696,0.00965696,0.00965696
598,32945.5,0.54756,0.68393,0.94876,0.91887,0.94906,0.94586,0.84665,0.56755,0.78871,0.88548,0.00965582,0.00965582,0.00965582
599,32995.6,0.55924,0.71055,0.9608,0.91687,0.94934,0.94566,0.84682,0.56771,0.7891,0.88579,0.00965468,0.00965468,0.00965468
600,33044.7,0.55697,0.70242,0.95887,0.9179,0.94906,0.94678,0.84868,0.56768,0.78917,0.88581,0.00965354,0.00965354,0.00965354
601,33093.8,0.55446,0.71555,0.95713,0.91816,0.94906,0.94702,0.84872,0.56783,0.78923,0.88605,0.00965239,0.00965239,0.00965239
602,33143.8,0.56404,0.7206,0.96192,0.9176,0.94906,0.94693,0.84881,0.56822,0.79016,0.88625,0.00965125,0.00965125,0.00965125
603,33193.5,0.55795,0.70393,0.95891,0.91755,0.94906,0.94633,0.84774,0.56833,0.79045,0.88648,0.0096501,0.0096501,0.0096501
604,33243.7,0.55845,0.70878,0.95985,0.91744,0.94906,0.94632,0.84806,0.56848,0.79084,0.88669,0.00964895,0.00964895,0.00964895
605,33294.8,0.56481,0.71759,0.96194,0.91769,0.94906,0.94742,0.84879,0.56845,0.78963,0.88661,0.0096478,0.0096478,0.0096478
606,33346.1,0.55158,0.69051,0.9564,0.91774,0.94906,0.9477,0.84986,0.56893,0.78942,0.88691,0.00964665,0.00964665,0.00964665
607,33397.4,0.57185,0.72465,0.96254,0.9177,0.94906,0.94777,0.84978,0.56894,0.78826,0.88694,0.00964549,0.00964549,0.00964549
608,33448.3,0.58054,0.72589,0.97556,0.91955,0.95099,0.9477,0.84978,0.56844,0.78772,0.88687,0.00964433,0.00964433,0.00964433
609,33499.5,0.55673,0.68982,0.95746,0.91962,0.95106,0.94755,0.85028,0.56821,0.78775,0.88687,0.00964318,0.00964318,0.00964318
610,33551.7,0.57529,0.72528,0.97009,0.91965,0.95133,0.94747,0.84971,0.56766,0.78758,0.88692,0.00964202,0.00964202,0.00964202
611,33601.5,0.57495,0.7128,0.97134,0.91864,0.95202,0.94796,0.8503,0.56766,0.78781,0.88702,0.00964085,0.00964085,0.00964085
612,33650.4,0.55493,0.72417,0.95141,0.91964,0.95137,0.94793,0.8517,0.56748,0.78695,0.88725,0.00963969,0.00963969,0.00963969
613,33700.6,0.55806,0.69577,0.95872,0.9179,0.95202,0.9481,0.85228,0.56664,0.78566,0.8867,0.00963852,0.00963852,0.00963852
614,33750.4,0.5654,0.71223,0.96154,0.91787,0.95202,0.94743,0.85225,0.56631,0.7846,0.88676,0.00963736,0.00963736,0.00963736
615,33799.8,0.56486,0.71648,0.95499,0.91927,0.95202,0.94781,0.85179,0.56679,0.78409,0.88715,0.00963619,0.00963619,0.00963619
616,33849.8,0.55365,0.70791,0.95849,0.91895,0.95202,0.94771,0.85323,0.5668,0.78395,0.8873,0.00963502,0.00963502,0.00963502
617,33899,0.56356,0.70309,0.96012,0.91852,0.95202,0.94793,0.85387,0.5667,0.78277,0.88726,0.00963384,0.00963384,0.00963384
618,33948.3,0.55224,0.6885,0.95483,0.91825,0.95202,0.94743,0.85042,0.56693,0.78228,0.88733,0.00963267,0.00963267,0.00963267
619,33999.6,0.55252,0.68848,0.95043,0.918,0.95202,0.94765,0.85186,0.56635,0.78079,0.88729,0.00963149,0.00963149,0.00963149
620,34048.6,0.55767,0.7046,0.95556,0.91714,0.95202,0.94773,0.85238,0.5664,0.78009,0.88767,0.00963031,0.00963031,0.00963031
621,34096.8,0.55796,0.70275,0.95506,0.91712,0.95202,0.94744,0.85161,0.56634,0.78025,0.88785,0.00962913,0.00962913,0.00962913
622,34145.8,0.56616,0.7034,0.96167,0.91692,0.95202,0.94889,0.85282,0.5659,0.77954,0.88791,0.00962795,0.00962795,0.00962795
623,34194.9,0.56473,0.69822,0.95757,0.91673,0.95202,0.94795,0.85232,0.56585,0.78028,0.88803,0.00962677,0.00962677,0.00962677
624,34245.2,0.54637,0.69614,0.94732,0.91672,0.95202,0.94816,0.85166,0.56573,0.78037,0.88799,0.00962558,0.00962558,0.00962558
625,34294.1,0.5697,0.7117,0.96849,0.9166,0.95202,0.94871,0.85245,0.5656,0.78048,0.88795,0.00962439,0.00962439,0.00962439
626,34344.5,0.56038,0.69003,0.95638,0.91633,0.95202,0.94883,0.85217,0.56843,0.79285,0.89107,0.0096232,0.0096232,0.0096232
627,34393.4,0.56483,0.71775,0.96236,0.91581,0.95202,0.94939,0.85313,0.56787,0.79053,0.89068,0.00962201,0.00962201,0.00962201
628,34442.3,0.54911,0.69901,0.95618,0.91527,0.95202,0.94875,0.85211,0.56766,0.79129,0.89045,0.00962082,0.00962082,0.00962082
629,34491.1,0.55788,0.71407,0.9683,0.9194,0.95202,0.94953,0.85419,0.56749,0.79157,0.89059,0.00961962,0.00961962,0.00961962
630,34540.9,0.55991,0.71083,0.95822,0.91904,0.95202,0.94974,0.85446,0.56738,0.79006,0.89043,0.00961843,0.00961843,0.00961843
631,34590.9,0.56057,0.70496,0.95861,0.9184,0.95202,0.95018,0.85518,0.56713,0.79157,0.89031,0.00961723,0.00961723,0.00961723
632,34640.6,0.55618,0.7348,0.95862,0.91933,0.95202,0.94995,0.85674,0.56727,0.79239,0.89035,0.00961603,0.00961603,0.00961603
633,34689.7,0.56048,0.72372,0.96038,0.9172,0.95202,0.95045,0.85618,0.56784,0.79217,0.89044,0.00961483,0.00961483,0.00961483
634,34739.4,0.55891,0.70902,0.95604,0.9167,0.95202,0.95017,0.85561,0.56797,0.79293,0.89036,0.00961362,0.00961362,0.00961362
635,34788.1,0.55508,0.69952,0.95464,0.91336,0.95202,0.94964,0.85714,0.56819,0.79485,0.89058,0.00961242,0.00961242,0.00961242
636,34836.6,0.5502,0.69027,0.95046,0.91674,0.94658,0.94981,0.85792,0.56771,0.79401,0.8904,0.00961121,0.00961121,0.00961121
637,34886,0.56279,0.7065,0.95759,0.92575,0.94727,0.95062,0.85821,0.56786,0.79338,0.8904,0.00961,0.00961,0.00961
638,34935.5,0.55605,0.70408,0.95586,0.92171,0.94293,0.95006,0.8573,0.56836,0.79527,0.89053,0.00960879,0.00960879,0.00960879
639,34984.6,0.57321,0.70989,0.96498,0.92576,0.94695,0.95035,0.8571,0.56562,0.78223,0.88758,0.00960758,0.00960758,0.00960758
640,35033.7,0.54823,0.69386,0.95889,0.92577,0.94683,0.95084,0.85754,0.56585,0.78281,0.88751,0.00960636,0.00960636,0.00960636
641,35083.3,0.54287,0.7103,0.95204,0.92522,0.94869,0.95086,0.85734,0.56609,0.78318,0.88767,0.00960515,0.00960515,0.00960515
642,35133.3,0.55201,0.6948,0.94596,0.92543,0.94932,0.95111,0.85703,0.56599,0.78439,0.88763,0.00960393,0.00960393,0.00960393
643,35183.4,0.55379,0.68881,0.95919,0.92033,0.95263,0.95135,0.8577,0.56594,0.78343,0.88748,0.00960271,0.00960271,0.00960271
644,35231.2,0.55776,0.69823,0.95944,0.92218,0.95202,0.95048,0.85748,0.5662,0.7853,0.88737,0.00960149,0.00960149,0.00960149
645,35280.5,0.54769,0.67129,0.95571,0.92363,0.95189,0.95049,0.85895,0.56617,0.78636,0.8874,0.00960026,0.00960026,0.00960026
646,35331.1,0.55838,0.71246,0.95693,0.92341,0.95202,0.95099,0.85832,0.56579,0.7862,0.88735,0.00959904,0.00959904,0.00959904
647,35380.5,0.56589,0.69333,0.95855,0.92342,0.95131,0.95084,0.85596,0.56565,0.78763,0.88722,0.00959781,0.00959781,0.00959781
648,35428.9,0.55706,0.69312,0.95539,0.92335,0.95035,0.95085,0.85824,0.56553,0.78864,0.88728,0.00959658,0.00959658,0.00959658
649,35478.4,0.56876,0.71333,0.95779,0.92331,0.94921,0.95135,0.8577,0.56597,0.78875,0.88749,0.00959535,0.00959535,0.00959535
650,35527,0.55984,0.69702,0.95292,0.92528,0.93915,0.95113,0.85743,0.56645,0.78789,0.88755,0.00959412,0.00959412,0.00959412
651,35575.9,0.56426,0.70406,0.96131,0.92586,0.93914,0.95127,0.8562,0.56644,0.78972,0.88738,0.00959289,0.00959289,0.00959289
652,35625.9,0.55712,0.70857,0.9605,0.92632,0.9392,0.95123,0.85548,0.56624,0.79078,0.88737,0.00959165,0.00959165,0.00959165
653,35675.4,0.56008,0.68459,0.95572,0.92646,0.93924,0.95141,0.85611,0.5663,0.79081,0.88713,0.00959041,0.00959041,0.00959041
654,35724.8,0.55482,0.70555,0.95798,0.92651,0.93923,0.95178,0.85629,0.56602,0.7914,0.8869,0.00958917,0.00958917,0.00958917
655,35773.7,0.54898,0.6955,0.95935,0.92671,0.93915,0.95137,0.8562,0.56611,0.79389,0.88672,0.00958793,0.00958793,0.00958793
656,35822.9,0.55914,0.71653,0.95656,0.92683,0.9391,0.95151,0.85609,0.56589,0.79281,0.88642,0.00958669,0.00958669,0.00958669
657,35871.5,0.5647,0.68947,0.95633,0.9266,0.93905,0.9516,0.85642,0.5656,0.79368,0.88616,0.00958544,0.00958544,0.00958544
658,35920.7,0.55634,0.70102,0.95063,0.92652,0.93906,0.95169,0.8557,0.56548,0.79507,0.88593,0.0095842,0.0095842,0.0095842
659,35970.2,0.55912,0.70034,0.95877,0.92614,0.93906,0.95167,0.85567,0.56523,0.79442,0.88575,0.00958295,0.00958295,0.00958295
660,36018.7,0.55158,0.68485,0.95577,0.92581,0.93905,0.95161,0.85556,0.56511,0.79507,0.88537,0.0095817,0.0095817,0.0095817
661,36068.1,0.56545,0.69222,0.95986,0.92565,0.93906,0.95167,0.85523,0.56511,0.79435,0.88526,0.00958044,0.00958044,0.00958044
662,36117.6,0.54472,0.67846,0.94847,0.9256,0.93922,0.95169,0.85417,0.56466,0.79505,0.88508,0.00957919,0.00957919,0.00957919
663,36167.9,0.53759,0.68631,0.94391,0.92593,0.94011,0.95161,0.85583,0.56422,0.79658,0.88471,0.00957793,0.00957793,0.00957793
664,36216.4,0.56269,0.7107,0.96258,0.92593,0.94014,0.95176,0.85508,0.56422,0.7976,0.88452,0.00957668,0.00957668,0.00957668
665,36265.6,0.55895,0.70719,0.96249,0.92594,0.94023,0.95173,0.85516,0.56403,0.79796,0.88426,0.00957542,0.00957542,0.00957542
666,36314.6,0.54853,0.68074,0.95337,0.92348,0.94024,0.95344,0.85586,0.56338,0.79872,0.88389,0.00957416,0.00957416,0.00957416
667,36362.3,0.54933,0.68244,0.95583,0.92422,0.93884,0.95366,0.85631,0.56332,0.79852,0.88394,0.00957289,0.00957289,0.00957289
668,36411.3,0.55546,0.6991,0.95718,0.92554,0.935,0.9537,0.8564,0.56351,0.79842,0.88385,0.00957163,0.00957163,0.00957163
669,36460.1,0.5531,0.68581,0.95001,0.9235,0.93879,0.95359,0.85536,0.56339,0.7996,0.8839,0.00957036,0.00957036,0.00957036
670,36508.8,0.55252,0.68308,0.95526,0.92366,0.93885,0.95354,0.85499,0.56497,0.80802,0.88575,0.00956909,0.00956909,0.00956909
671,36558,0.5557,0.70671,0.95039,0.92335,0.93908,0.95394,0.85571,0.56454,0.80791,0.88575,0.00956782,0.00956782,0.00956782
672,36607.6,0.56332,0.71299,0.95539,0.92339,0.93907,0.95359,0.85522,0.56371,0.80678,0.88526,0.00956655,0.00956655,0.00956655
673,36659.5,0.55777,0.70639,0.95013,0.92334,0.93895,0.95457,0.85585,0.56347,0.80705,0.885,0.00956528,0.00956528,0.00956528
674,36709.5,0.56483,0.69994,0.9604,0.92336,0.93859,0.95364,0.85483,0.56334,0.80616,0.88478,0.009564,0.009564,0.009564
675,36758.1,0.55876,0.71654,0.96271,0.92313,0.93643,0.9547,0.8557,0.56332,0.8068,0.88477,0.00956273,0.00956273,0.00956273
676,36807.2,0.55113,0.69458,0.95558,0.92331,0.93831,0.95375,0.85445,0.56322,0.80827,0.88476,0.00956145,0.00956145,0.00956145
677,36855.7,0.56044,0.7278,0.95998,0.92315,0.93667,0.95425,0.85532,0.56248,0.80839,0.88447,0.00956017,0.00956017,0.00956017
678,36903.9,0.56235,0.71252,0.95773,0.92313,0.93646,0.95396,0.85591,0.56176,0.80915,0.88408,0.00955888,0.00955888,0.00955888
679,36952.4,0.56036,0.70132,0.95135,0.9233,0.93814,0.95425,0.85633,0.56157,0.80664,0.88406,0.0095576,0.0095576,0.0095576
680,37002.4,0.56449,0.72118,0.95308,0.92332,0.93829,0.95409,0.85613,0.56203,0.80684,0.8841,0.00955631,0.00955631,0.00955631
681,37052.1,0.53918,0.69155,0.94994,0.92337,0.93873,0.95417,0.85598,0.56178,0.80657,0.88377,0.00955502,0.00955502,0.00955502
682,37102.4,0.56558,0.71886,0.96714,0.91943,0.95178,0.95426,0.85667,0.56204,0.80607,0.88376,0.00955373,0.00955373,0.00955373
683,37152.7,0.56298,0.70275,0.957,0.91947,0.95224,0.95438,0.85639,0.56151,0.80623,0.88365,0.00955244,0.00955244,0.00955244
684,37202.6,0.54326,0.68986,0.95334,0.9195,0.95255,0.95432,0.85611,0.56125,0.80578,0.88355,0.00955115,0.00955115,0.00955115
685,37251.7,0.54789,0.67735,0.95858,0.91952,0.95272,0.9544,0.85635,0.5609,0.80462,0.88362,0.00954986,0.00954986,0.00954986
686,37301.9,0.56846,0.70471,0.96458,0.91953,0.95281,0.95448,0.85656,0.56046,0.80454,0.88339,0.00954856,0.00954856,0.00954856
687,37353.3,0.54368,0.67588,0.95153,0.91953,0.95284,0.95445,0.85604,0.55987,0.80495,0.88346,0.00954726,0.00954726,0.00954726
688,37401.8,0.55746,0.7085,0.95446,0.91953,0.95284,0.95481,0.85734,0.55963,0.80583,0.88357,0.00954596,0.00954596,0.00954596
689,37451.2,0.55969,0.68094,0.95547,0.91957,0.95315,0.95482,0.8561,0.55956,0.80479,0.88332,0.00954466,0.00954466,0.00954466
690,37500.3,0.54477,0.66326,0.95567,0.91958,0.95318,0.9548,0.85697,0.55944,0.80508,0.88333,0.00954335,0.00954335,0.00954335
691,37549.2,0.56255,0.69136,0.95652,0.91951,0.95327,0.95509,0.85722,0.55955,0.80368,0.88337,0.00954205,0.00954205,0.00954205
692,37599.5,0.54216,0.68676,0.94312,0.91958,0.95329,0.95508,0.85734,0.55913,0.80398,0.88336,0.00954074,0.00954074,0.00954074
693,37648.8,0.54984,0.70849,0.95681,0.91957,0.95324,0.95516,0.85785,0.55879,0.80248,0.88306,0.00953943,0.00953943,0.00953943
694,37697.9,0.55322,0.69388,0.9471,0.9196,0.9535,0.95518,0.85774,0.55783,0.80113,0.88255,0.00953812,0.00953812,0.00953812
695,37747.3,0.55499,0.69658,0.96097,0.91935,0.95359,0.95532,0.85983,0.55756,0.80174,0.88245,0.00953681,0.00953681,0.00953681
696,37796.1,0.54675,0.69739,0.95846,0.9191,0.9536,0.95543,0.86025,0.55736,0.80118,0.88235,0.00953549,0.00953549,0.00953549
697,37846.1,0.53679,0.6764,0.94267,0.91883,0.95358,0.95542,0.85897,0.55745,0.80176,0.88226,0.00953418,0.00953418,0.00953418
698,37895.2,0.56342,0.69601,0.95642,0.91869,0.95361,0.95547,0.85887,0.55743,0.80093,0.88234,0.00953286,0.00953286,0.00953286
699,37945.8,0.55363,0.699,0.95127,0.9186,0.95363,0.95545,0.86,0.55741,0.80164,0.88228,0.00953154,0.00953154,0.00953154
700,37995.5,0.54302,0.67714,0.94829,0.91856,0.95358,0.95586,0.85986,0.55714,0.80186,0.88231,0.00953022,0.00953022,0.00953022
701,38044.6,0.54738,0.7,0.9498,0.9186,0.95359,0.95615,0.86224,0.55669,0.8024,0.88226,0.00952889,0.00952889,0.00952889
702,38094.5,0.55105,0.68608,0.95728,0.91847,0.95355,0.95639,0.86036,0.55648,0.8024,0.88206,0.00952757,0.00952757,0.00952757
703,38142.3,0.54831,0.67586,0.95229,0.9184,0.95344,0.9561,0.86026,0.55656,0.80242,0.88204,0.00952624,0.00952624,0.00952624
704,38191.7,0.53918,0.67525,0.95222,0.91842,0.95337,0.95635,0.8601,0.55675,0.80374,0.88219,0.00952491,0.00952491,0.00952491
705,38240.4,0.54533,0.67379,0.95341,0.91831,0.95331,0.95634,0.86193,0.55658,0.80299,0.88208,0.00952358,0.00952358,0.00952358
706,38288.8,0.54543,0.70057,0.94661,0.92058,0.95319,0.95648,0.86034,0.5564,0.80282,0.882,0.00952225,0.00952225,0.00952225
707,38337.4,0.54664,0.66793,0.95296,0.92053,0.9532,0.95636,0.86015,0.5563,0.80295,0.88198,0.00952092,0.00952092,0.00952092
708,38385.7,0.53728,0.66647,0.94742,0.92048,0.95314,0.9563,0.86037,0.55587,0.8041,0.88187,0.00951958,0.00951958,0.00951958
709,38434.3,0.55448,0.68731,0.96179,0.92048,0.95299,0.95633,0.86198,0.55562,0.80212,0.88179,0.00951824,0.00951824,0.00951824
710,38483.6,0.54971,0.68873,0.94785,0.92045,0.95287,0.95632,0.86129,0.55561,0.80273,0.88157,0.0095169,0.0095169,0.0095169
711,38531.6,0.54264,0.67794,0.94784,0.9205,0.95283,0.95637,0.86132,0.55548,0.80216,0.88152,0.00951556,0.00951556,0.00951556
712,38579.3,0.54709,0.68197,0.95848,0.92049,0.95283,0.95645,0.86027,0.555,0.80166,0.88122,0.00951422,0.00951422,0.00951422
713,38628.8,0.54168,0.70538,0.95554,0.92062,0.9528,0.95623,0.86108,0.55474,0.8026,0.88105,0.00951288,0.00951288,0.00951288
714,38677.5,0.54434,0.68974,0.95718,0.92062,0.95277,0.95628,0.86023,0.55503,0.80127,0.88118,0.00951153,0.00951153,0.00951153
715,38725.5,0.54893,0.68877,0.95171,0.92067,0.95267,0.95627,0.85992,0.55537,0.80198,0.88126,0.00951018,0.00951018,0.00951018
716,38773.9,0.54718,0.65831,0.95461,0.92255,0.93854,0.95632,0.85966,0.55548,0.80186,0.88121,0.00950883,0.00950883,0.00950883
717,38822.6,0.55041,0.67275,0.9488,0.92292,0.93826,0.95633,0.86051,0.55554,0.80032,0.88131,0.00950748,0.00950748,0.00950748
718,38871.8,0.54632,0.68878,0.95086,0.92079,0.94249,0.95651,0.86147,0.55577,0.79935,0.88145,0.00950613,0.00950613,0.00950613
719,38920.8,0.54614,0.69627,0.95662,0.92075,0.94249,0.95674,0.86176,0.55569,0.80021,0.8816,0.00950477,0.00950477,0.00950477
720,38969.1,0.5616,0.72429,0.97349,0.92081,0.94247,0.95675,0.86138,0.55547,0.79961,0.88121,0.00950341,0.00950341,0.00950341
721,39019.4,0.5418,0.6811,0.95266,0.92104,0.94253,0.95647,0.85828,0.55554,0.79889,0.88099,0.00950206,0.00950206,0.00950206
722,39069.4,0.55229,0.67651,0.95277,0.92087,0.94266,0.95645,0.86003,0.55589,0.79945,0.8812,0.0095007,0.0095007,0.0095007
723,39119.2,0.53748,0.67015,0.9461,0.92075,0.94269,0.95696,0.86044,0.55552,0.79811,0.88108,0.00949933,0.00949933,0.00949933
724,39167.5,0.5281,0.67436,0.93764,0.92397,0.9379,0.95673,0.8612,0.55551,0.79997,0.88095,0.00949797,0.00949797,0.00949797
725,39216.7,0.54556,0.68767,0.95106,0.92416,0.93795,0.95661,0.85884,0.55534,0.79938,0.88072,0.0094966,0.0094966,0.0094966
726,39266.9,0.54085,0.67376,0.95097,0.92025,0.94288,0.957,0.85988,0.55486,0.79866,0.88058,0.00949524,0.00949524,0.00949524
727,39316.9,0.53873,0.68394,0.94391,0.92422,0.93822,0.95668,0.85946,0.55454,0.79617,0.88031,0.00949387,0.00949387,0.00949387
728,39368.5,0.53914,0.65589,0.9485,0.92431,0.93815,0.95679,0.85956,0.55404,0.79709,0.87998,0.0094925,0.0094925,0.0094925
729,39418.5,0.54333,0.67174,0.94938,0.92441,0.93824,0.95708,0.86043,0.55379,0.79687,0.87986,0.00949112,0.00949112,0.00949112
730,39469.7,0.54938,0.68311,0.95581,0.92449,0.93834,0.95714,0.86026,0.55352,0.79769,0.8797,0.00948975,0.00948975,0.00948975
731,39520.6,0.53403,0.66065,0.94012,0.9245,0.93834,0.95726,0.86029,0.5531,0.79615,0.87948,0.00948837,0.00948837,0.00948837
732,39570.9,0.53501,0.66974,0.94754,0.92469,0.93854,0.95742,0.86059,0.55318,0.79636,0.87952,0.009487,0.009487,0.009487
733,39621.6,0.54166,0.67175,0.95238,0.9248,0.93877,0.95739,0.86073,0.5532,0.79587,0.8798,0.00948562,0.00948562,0.00948562
734,39672.5,0.52901,0.68223,0.95167,0.92476,0.93929,0.95757,0.86068,0.55293,0.79535,0.87974,0.00948423,0.00948423,0.00948423
735,39722.8,0.54438,0.66836,0.94455,0.92486,0.93939,0.95754,0.86118,0.55334,0.79393,0.87977,0.00948285,0.00948285,0.00948285
736,39773.7,0.53497,0.68648,0.94575,0.92492,0.93935,0.95747,0.86194,0.55346,0.794,0.87983,0.00948147,0.00948147,0.00948147
737,39824.7,0.5486,0.68976,0.95397,0.92494,0.93933,0.95721,0.8619,0.55344,0.79278,0.87967,0.00948008,0.00948008,0.00948008
738,39875.8,0.5317,0.66415,0.94388,0.92495,0.93923,0.95737,0.86004,0.55333,0.79283,0.87963,0.00947869,0.00947869,0.00947869
739,39927.1,0.54827,0.66954,0.94509,0.92496,0.9392,0.95724,0.8616,0.55359,0.79365,0.87961,0.0094773,0.0094773,0.0094773
740,39978.7,0.55175,0.70593,0.95838,0.92475,0.94183,0.95743,0.86112,0.55349,0.79428,0.87942,0.00947591,0.00947591,0.00947591
741,40029.3,0.54013,0.68747,0.9545,0.92485,0.94186,0.95744,0.8631,0.55325,0.79243,0.8792,0.00947452,0.00947452,0.00947452
742,40080.4,0.53098,0.67685,0.93929,0.92503,0.94189,0.95734,0.86324,0.55322,0.79266,0.8792,0.00947312,0.00947312,0.00947312
743,40130.8,0.5349,0.68614,0.9433,0.92489,0.94209,0.95746,0.8621,0.55333,0.79185,0.87916,0.00947172,0.00947172,0.00947172
744,40181.9,0.5456,0.66844,0.94972,0.9239,0.94251,0.95723,0.86235,0.55312,0.79228,0.87925,0.00947032,0.00947032,0.00947032
745,40232.4,0.53853,0.6898,0.93587,0.9232,0.94285,0.95751,0.86253,0.5533,0.79206,0.87933,0.00946892,0.00946892,0.00946892
746,40283.1,0.5422,0.69301,0.94521,0.93519,0.93843,0.95795,0.86297,0.55381,0.79383,0.87944,0.00946752,0.00946752,0.00946752
747,40333.9,0.53493,0.66551,0.93687,0.93525,0.93974,0.95764,0.86238,0.55345,0.79229,0.87931,0.00946612,0.00946612,0.00946612
748,40385.1,0.53745,0.66564,0.94555,0.9353,0.94051,0.95791,0.86266,0.55328,0.79191,0.8793,0.00946471,0.00946471,0.00946471
749,40436.7,0.53892,0.66447,0.94459,0.93532,0.94083,0.95795,0.86257,0.55305,0.79132,0.87935,0.0094633,0.0094633,0.0094633
750,40487.5,0.53932,0.66916,0.9479,0.93535,0.94118,0.95781,0.86221,0.55289,0.79078,0.87906,0.00946189,0.00946189,0.00946189
751,40539.2,0.53184,0.66902,0.94339,0.93536,0.94135,0.95794,0.86232,0.55254,0.79233,0.8789,0.00946048,0.00946048,0.00946048
752,40589.8,0.54789,0.66729,0.94352,0.93544,0.94262,0.95771,0.86209,0.55214,0.79239,0.87877,0.00945907,0.00945907,0.00945907
753,40641.2,0.53883,0.68106,0.95358,0.9354,0.94175,0.95798,0.86219,0.55179,0.79203,0.87875,0.00945765,0.00945765,0.00945765
754,40692.6,0.54333,0.68284,0.9552,0.93535,0.94194,0.95768,0.86251,0.55152,0.78921,0.87854,0.00945624,0.00945624,0.00945624
755,40742.8,0.53833,0.68073,0.95593,0.93454,0.94254,0.95775,0.8618,0.55173,0.79004,0.87884,0.00945482,0.00945482,0.00945482
756,40794.3,0.54249,0.68812,0.94043,0.93433,0.94249,0.95775,0.86154,0.55123,0.78838,0.8783,0.0094534,0.0094534,0.0094534
757,40845.2,0.55573,0.70194,0.95068,0.93425,0.94245,0.9579,0.86182,0.55129,0.78938,0.87845,0.00945198,0.00945198,0.00945198
758,40895.5,0.53435,0.67045,0.94674,0.93421,0.94247,0.95803,0.86307,0.551,0.78918,0.87839,0.00945056,0.00945056,0.00945056
759,40947.2,0.53389,0.66886,0.9426,0.93557,0.94386,0.95824,0.86392,0.55088,0.78952,0.87859,0.00944913,0.00944913,0.00944913
760,40998.7,0.53427,0.67364,0.94099,0.9356,0.94419,0.95852,0.86421,0.55086,0.7875,0.87834,0.0094477,0.0094477,0.0094477
761,41048.7,0.53988,0.67597,0.95294,0.93561,0.94443,0.95868,0.86643,0.55064,0.78684,0.87818,0.00944628,0.00944628,0.00944628
762,41099.4,0.53673,0.66824,0.94822,0.93564,0.94467,0.9585,0.8633,0.55066,0.78803,0.87829,0.00944485,0.00944485,0.00944485
763,41149.5,0.54333,0.67339,0.94657,0.93563,0.94475,0.95875,0.86422,0.55105,0.78959,0.87849,0.00944341,0.00944341,0.00944341
764,41200.2,0.53241,0.67353,0.94756,0.9356,0.9449,0.95883,0.8653,0.55106,0.79107,0.87869,0.00944198,0.00944198,0.00944198
765,41251.2,0.5391,0.66266,0.94622,0.93565,0.94496,0.9589,0.86566,0.5513,0.79061,0.87883,0.00944054,0.00944054,0.00944054
766,41301.8,0.53526,0.67547,0.94297,0.93262,0.95032,0.95903,0.86466,0.55122,0.78865,0.87902,0.00943911,0.00943911,0.00943911
767,41352.3,0.53934,0.65136,0.95539,0.93353,0.95037,0.95915,0.86488,0.55174,0.78958,0.8795,0.00943767,0.00943767,0.00943767
768,41402.4,0.53819,0.68544,0.94844,0.93372,0.95035,0.95907,0.86616,0.55181,0.79053,0.87964,0.00943623,0.00943623,0.00943623
769,41452,0.53912,0.67422,0.94035,0.93381,0.95016,0.95933,0.8667,0.55106,0.79228,0.87921,0.00943478,0.00943478,0.00943478
770,41501.9,0.53228,0.66724,0.94174,0.93379,0.95012,0.95937,0.86703,0.55063,0.79105,0.87905,0.00943334,0.00943334,0.00943334
771,41551.3,0.54549,0.67994,0.9534,0.93388,0.9502,0.959,0.86684,0.55048,0.79234,0.87906,0.00943189,0.00943189,0.00943189
772,41601.1,0.52042,0.64119,0.94299,0.93385,0.95019,0.95922,0.86675,0.54998,0.79154,0.87883,0.00943045,0.00943045,0.00943045
773,41651,0.52552,0.67235,0.93286,0.93387,0.95025,0.95906,0.86696,0.55014,0.79135,0.87877,0.009429,0.009429,0.009429
774,41700.3,0.53946,0.66971,0.94921,0.93373,0.95026,0.95836,0.86504,0.55007,0.79162,0.87878,0.00942755,0.00942755,0.00942755
775,41750.3,0.54967,0.67871,0.9552,0.93365,0.95025,0.95865,0.86642,0.54997,0.79319,0.87899,0.00942609,0.00942609,0.00942609
776,41800.9,0.53937,0.66464,0.94601,0.93362,0.95029,0.959,0.8673,0.54994,0.79236,0.8789,0.00942464,0.00942464,0.00942464
777,41850.4,0.54543,0.6804,0.95406,0.93358,0.95039,0.95812,0.86847,0.54994,0.7916,0.87911,0.00942318,0.00942318,0.00942318
778,41899.4,0.53658,0.6799,0.95047,0.93354,0.95042,0.95812,0.86813,0.5502,0.7907,0.8793,0.00942173,0.00942173,0.00942173
779,41948.6,0.54146,0.67049,0.94488,0.93347,0.95047,0.95818,0.86813,0.55072,0.79054,0.87949,0.00942027,0.00942027,0.00942027
780,41998.3,0.53371,0.6627,0.94896,0.93313,0.95042,0.95818,0.86712,0.55091,0.78724,0.87971,0.0094188,0.0094188,0.0094188
781,42049.3,0.54129,0.67974,0.9518,0.93283,0.95054,0.95789,0.86684,0.55094,0.78661,0.87983,0.00941734,0.00941734,0.00941734
782,42099.5,0.54441,0.67568,0.95208,0.93251,0.95081,0.95835,0.86737,0.55115,0.78669,0.87992,0.00941588,0.00941588,0.00941588
783,42150.4,0.5394,0.65726,0.95413,0.93243,0.95089,0.95821,0.8683,0.55092,0.78515,0.87983,0.00941441,0.00941441,0.00941441
784,42200.5,0.54091,0.66342,0.94856,0.93239,0.95086,0.95812,0.86508,0.5511,0.78437,0.87981,0.00941294,0.00941294,0.00941294
785,42251.2,0.53292,0.66621,0.94457,0.93223,0.95071,0.95821,0.86428,0.55185,0.78439,0.88024,0.00941147,0.00941147,0.00941147
786,42300.5,0.52999,0.65426,0.93656,0.93252,0.95073,0.95826,0.86481,0.5519,0.78221,0.88036,0.00941,0.00941,0.00941
787,42350.7,0.54286,0.69336,0.94555,0.93119,0.95244,0.95855,0.86709,0.55168,0.78189,0.8801,0.00940853,0.00940853,0.00940853
788,42401.7,0.55229,0.68866,0.95313,0.93138,0.9527,0.95856,0.86589,0.55192,0.78212,0.88011,0.00940705,0.00940705,0.00940705
789,42452.2,0.53908,0.66558,0.95127,0.93238,0.95143,0.95838,0.86876,0.55172,0.78136,0.88032,0.00940557,0.00940557,0.00940557
790,42503.4,0.53917,0.67204,0.94699,0.94529,0.94351,0.95878,0.86894,0.55164,0.78165,0.8803,0.0094041,0.0094041,0.0094041
791,42553.2,0.54409,0.67728,0.95346,0.94341,0.94112,0.9574,0.86548,0.55164,0.77979,0.88045,0.00940262,0.00940262,0.00940262
792,42603.4,0.53999,0.6782,0.9482,0.94347,0.94121,0.95711,0.86708,0.55077,0.78017,0.88,0.00940113,0.00940113,0.00940113
793,42654.3,0.53715,0.68712,0.94364,0.94358,0.94125,0.95723,0.86535,0.55083,0.78203,0.88017,0.00939965,0.00939965,0.00939965
794,42704.3,0.53279,0.66379,0.9486,0.94358,0.9413,0.95696,0.8654,0.55065,0.7802,0.88007,0.00939816,0.00939816,0.00939816
795,42755.3,0.5448,0.677,0.95539,0.94343,0.94131,0.95704,0.86558,0.55063,0.78088,0.8802,0.00939668,0.00939668,0.00939668
796,42806.1,0.5388,0.66109,0.94672,0.94329,0.94132,0.95713,0.86536,0.55027,0.77952,0.88009,0.00939519,0.00939519,0.00939519
797,42856.9,0.5301,0.67551,0.93845,0.94311,0.94133,0.95687,0.86514,0.55021,0.77727,0.87995,0.0093937,0.0093937,0.0093937
798,42907.9,0.5399,0.67738,0.93864,0.94297,0.94131,0.95712,0.86474,0.55037,0.77852,0.88011,0.00939221,0.00939221,0.00939221
799,42959.2,0.52682,0.67008,0.94344,0.94296,0.94136,0.95685,0.86406,0.5499,0.77813,0.88018,0.00939071,0.00939071,0.00939071
800,43011.1,0.53575,0.67057,0.9449,0.94328,0.94104,0.957,0.8645,0.54953,0.77635,0.88025,0.00938922,0.00938922,0.00938922
801,43061.8,0.54427,0.66909,0.95235,0.94318,0.9412,0.95719,0.86459,0.54945,0.77607,0.88033,0.00938772,0.00938772,0.00938772
802,43113,0.53461,0.67091,0.94841,0.94307,0.94133,0.95704,0.86507,0.54927,0.77455,0.88037,0.00938622,0.00938622,0.00938622
803,43163.9,0.536,0.65984,0.94871,0.94313,0.94133,0.9569,0.86535,0.54891,0.77453,0.88017,0.00938472,0.00938472,0.00938472
804,43214.5,0.53033,0.66151,0.9414,0.94318,0.94138,0.9572,0.86576,0.54866,0.77303,0.88037,0.00938322,0.00938322,0.00938322
805,43265,0.54126,0.67378,0.94059,0.94326,0.94128,0.95692,0.86506,0.54864,0.77287,0.88027,0.00938171,0.00938171,0.00938171
806,43315.6,0.53825,0.6636,0.9368,0.94335,0.94127,0.95699,0.86526,0.54853,0.77271,0.88027,0.0093802,0.0093802,0.0093802
807,43365.2,0.52939,0.65645,0.94509,0.94329,0.94142,0.95697,0.86469,0.54879,0.77397,0.88025,0.0093787,0.0093787,0.0093787
808,43415.9,0.53694,0.65963,0.95033,0.94331,0.94145,0.95697,0.86459,0.54851,0.77382,0.88003,0.00937719,0.00937719,0.00937719
809,43466.7,0.53909,0.66709,0.94784,0.94341,0.94137,0.95704,0.86441,0.54881,0.7734,0.88004,0.00937568,0.00937568,0.00937568
810,43516.5,0.52745,0.64616,0.94575,0.94371,0.94123,0.95707,0.86514,0.54876,0.77246,0.87995,0.00937416,0.00937416,0.00937416
811,43566.5,0.54024,0.67463,0.95553,0.94371,0.9414,0.95721,0.8655,0.54855,0.77163,0.87984,0.00937265,0.00937265,0.00937265
812,43617.3,0.52334,0.66706,0.94103,0.94375,0.94158,0.95709,0.86484,0.54844,0.77245,0.87984,0.00937113,0.00937113,0.00937113
813,43667.6,0.5404,0.66796,0.94959,0.94383,0.94162,0.95718,0.86542,0.54849,0.77211,0.87986,0.00936961,0.00936961,0.00936961
814,43718.1,0.53994,0.64852,0.94968,0.94397,0.94168,0.95719,0.86551,0.54803,0.77251,0.8796,0.0093681,0.0093681,0.0093681
815,43768.5,0.53906,0.68928,0.94511,0.94403,0.94173,0.95733,0.86552,0.54754,0.77086,0.87935,0.00936657,0.00936657,0.00936657
816,43818.3,0.53794,0.67519,0.94841,0.94444,0.94186,0.9573,0.86607,0.54738,0.77247,0.87934,0.00936505,0.00936505,0.00936505
817,43868.3,0.54683,0.67366,0.96045,0.94446,0.94189,0.95733,0.86522,0.54743,0.77362,0.87918,0.00936353,0.00936353,0.00936353
818,43918.3,0.53896,0.65262,0.94572,0.94445,0.94189,0.95763,0.86549,0.54728,0.77299,0.87904,0.009362,0.009362,0.009362
819,43967.9,0.5308,0.63335,0.93722,0.94445,0.94191,0.95738,0.86538,0.54734,0.77282,0.87906,0.00936047,0.00936047,0.00936047
820,44016.8,0.53936,0.66486,0.94285,0.94443,0.94193,0.95747,0.86503,0.54705,0.77239,0.87878,0.00935894,0.00935894,0.00935894
821,44067.5,0.5383,0.64086,0.95255,0.94436,0.94188,0.95749,0.8661,0.5471,0.77309,0.8788,0.00935741,0.00935741,0.00935741
822,44118.2,0.54501,0.6663,0.94927,0.94433,0.94189,0.95746,0.86598,0.54695,0.77313,0.87879,0.00935588,0.00935588,0.00935588
823,44168.5,0.53314,0.67179,0.94396,0.94429,0.94187,0.95796,0.86665,0.54706,0.77561,0.87873,0.00935434,0.00935434,0.00935434
824,44218.6,0.54089,0.68638,0.93733,0.94423,0.94185,0.95754,0.86672,0.54702,0.77743,0.87874,0.0093528,0.0093528,0.0093528
825,44269.2,0.5368,0.65397,0.93935,0.94421,0.94185,0.95738,0.86664,0.5467,0.77869,0.8785,0.00935127,0.00935127,0.00935127
826,44320.1,0.53426,0.65662,0.9462,0.94419,0.94184,0.95766,0.86719,0.54675,0.77939,0.87854,0.00934973,0.00934973,0.00934973
827,44370.9,0.53453,0.64573,0.94815,0.94415,0.94186,0.95773,0.86628,0.54621,0.77991,0.87819,0.00934818,0.00934818,0.00934818
828,44421.2,0.52968,0.65209,0.94643,0.94417,0.94189,0.9578,0.86655,0.54585,0.78026,0.87809,0.00934664,0.00934664,0.00934664
829,44471.7,0.53405,0.66611,0.94312,0.94418,0.9419,0.95779,0.8668,0.54597,0.78052,0.87794,0.0093451,0.0093451,0.0093451
830,44523.5,0.53262,0.65381,0.9475,0.94417,0.9419,0.95771,0.86623,0.54567,0.77973,0.87793,0.00934355,0.00934355,0.00934355
831,44574,0.53613,0.66281,0.95191,0.94415,0.94192,0.95794,0.86595,0.54552,0.78031,0.87776,0.009342,0.009342,0.009342
832,44624.2,0.53532,0.66414,0.94162,0.94417,0.94193,0.95794,0.86692,0.54536,0.78073,0.87755,0.00934045,0.00934045,0.00934045
833,44674.6,0.53459,0.6856,0.94415,0.94417,0.94195,0.95791,0.86655,0.54563,0.78337,0.87753,0.0093389,0.0093389,0.0093389
834,44725.3,0.53716,0.68152,0.94227,0.94412,0.94191,0.95811,0.8673,0.54582,0.78364,0.87756,0.00933734,0.00933734,0.00933734
835,44776.5,0.52338,0.65467,0.93217,0.94406,0.9419,0.95841,0.86714,0.54596,0.78318,0.87754,0.00933579,0.00933579,0.00933579
836,44826.7,0.52782,0.62794,0.94892,0.94408,0.94187,0.9584,0.86723,0.5458,0.78121,0.87747,0.00933423,0.00933423,0.00933423
837,44877.9,0.53067,0.65817,0.94576,0.94408,0.94187,0.9578,0.86462,0.54565,0.78263,0.87742,0.00933267,0.00933267,0.00933267
838,44929.1,0.53645,0.67472,0.94925,0.94407,0.94185,0.95793,0.86586,0.54575,0.78284,0.87726,0.00933111,0.00933111,0.00933111
839,44980.6,0.53466,0.65753,0.94624,0.94407,0.94183,0.95795,0.86479,0.54581,0.78283,0.87748,0.00932955,0.00932955,0.00932955
840,45031,0.53872,0.66031,0.94441,0.94404,0.94183,0.95807,0.86423,0.5456,0.78383,0.8773,0.00932799,0.00932799,0.00932799
841,45082.1,0.52031,0.643,0.93338,0.94397,0.94179,0.95821,0.86511,0.54565,0.78471,0.87714,0.00932642,0.00932642,0.00932642
842,45132.8,0.52287,0.65504,0.93968,0.94401,0.94177,0.958,0.86438,0.54553,0.78474,0.87721,0.00932485,0.00932485,0.00932485
843,45182.5,0.5282,0.66045,0.94308,0.94393,0.94176,0.95831,0.86469,0.54486,0.7835,0.87705,0.00932328,0.00932328,0.00932328
844,45232.3,0.51503,0.64945,0.93602,0.94384,0.94177,0.95791,0.86396,0.54458,0.78357,0.87676,0.00932171,0.00932171,0.00932171
845,45281.7,0.54414,0.67239,0.94925,0.94381,0.94177,0.95809,0.86542,0.54396,0.78158,0.87648,0.00932014,0.00932014,0.00932014
846,45331.9,0.52034,0.66167,0.93551,0.9438,0.94176,0.95835,0.86502,0.54315,0.7789,0.876,0.00931857,0.00931857,0.00931857
847,45381.8,0.5285,0.6543,0.93212,0.94376,0.94176,0.95825,0.86449,0.54328,0.78025,0.87591,0.00931699,0.00931699,0.00931699
848,45431.4,0.5214,0.64983,0.93453,0.94378,0.94173,0.95794,0.86428,0.54255,0.78021,0.87575,0.00931542,0.00931542,0.00931542
849,45480.6,0.53517,0.68839,0.9553,0.94374,0.94173,0.9581,0.86449,0.54203,0.78067,0.87553,0.00931384,0.00931384,0.00931384
850,45530.4,0.53995,0.65703,0.94593,0.94381,0.94172,0.95798,0.86475,0.54238,0.77939,0.87557,0.00931226,0.00931226,0.00931226
851,45580.1,0.5316,0.67444,0.93623,0.94383,0.94174,0.95842,0.86564,0.54234,0.77923,0.8756,0.00931067,0.00931067,0.00931067
852,45631,0.52824,0.66325,0.94124,0.94385,0.94177,0.95842,0.86791,0.54266,0.78031,0.87568,0.00930909,0.00930909,0.00930909
853,45682.9,0.52656,0.66341,0.93173,0.94388,0.94178,0.95839,0.86771,0.54222,0.77676,0.87554,0.0093075,0.0093075,0.0093075
854,45733.9,0.52565,0.6491,0.93858,0.94386,0.94175,0.95838,0.86529,0.5423,0.77683,0.87538,0.00930592,0.00930592,0.00930592
855,45783.2,0.52123,0.65328,0.93498,0.94378,0.94178,0.95814,0.86631,0.54196,0.77589,0.8754,0.00930433,0.00930433,0.00930433
856,45832.4,0.52643,0.64581,0.9385,0.94281,0.94946,0.95831,0.86876,0.54195,0.77562,0.87523,0.00930274,0.00930274,0.00930274
857,45881.1,0.53707,0.68829,0.94768,0.94282,0.94986,0.95831,0.86897,0.54177,0.77491,0.87524,0.00930114,0.00930114,0.00930114
858,45930.4,0.53462,0.66267,0.95266,0.94284,0.95034,0.9583,0.86769,0.5414,0.7754,0.87517,0.00929955,0.00929955,0.00929955
859,45980,0.53265,0.64545,0.93674,0.94285,0.9505,0.95837,0.86924,0.5411,0.77465,0.87492,0.00929795,0.00929795,0.00929795
860,46029.4,0.51387,0.63628,0.93998,0.94285,0.95068,0.95837,0.86766,0.5407,0.7736,0.87479,0.00929636,0.00929636,0.00929636
861,46078.8,0.53356,0.66032,0.94892,0.94286,0.9509,0.95832,0.86783,0.54071,0.77375,0.87474,0.00929476,0.00929476,0.00929476
862,46129,0.54107,0.64398,0.94181,0.94286,0.95113,0.95831,0.86828,0.54084,0.77366,0.87469,0.00929316,0.00929316,0.00929316
863,46178.4,0.53512,0.66401,0.94748,0.9429,0.95243,0.95849,0.86826,0.53967,0.76895,0.8737,0.00929155,0.00929155,0.00929155
864,46227.4,0.5252,0.66305,0.94376,0.9429,0.95255,0.95845,0.86772,0.53944,0.76814,0.87368,0.00928995,0.00928995,0.00928995
865,46278,0.52618,0.64083,0.94892,0.94051,0.95269,0.95855,0.86621,0.5395,0.76897,0.87374,0.00928834,0.00928834,0.00928834
866,46328.2,0.53259,0.65216,0.94765,0.94051,0.95275,0.95831,0.86537,0.53979,0.7694,0.8738,0.00928674,0.00928674,0.00928674
867,46377.3,0.53219,0.66292,0.9458,0.9405,0.95284,0.95852,0.86715,0.53927,0.76955,0.87382,0.00928513,0.00928513,0.00928513
868,46427.6,0.52589,0.65998,0.93818,0.94051,0.95308,0.95865,0.86569,0.5394,0.76782,0.87382,0.00928352,0.00928352,0.00928352
869,46476.6,0.52608,0.64932,0.93854,0.9405,0.95299,0.95862,0.86639,0.53976,0.76831,0.87388,0.0092819,0.0092819,0.0092819
870,46527,0.53833,0.66128,0.94092,0.9405,0.95315,0.95857,0.86671,0.53999,0.7681,0.87386,0.00928029,0.00928029,0.00928029
871,46577.1,0.52219,0.65367,0.94376,0.9405,0.95321,0.95859,0.86727,0.54003,0.76773,0.87392,0.00927867,0.00927867,0.00927867
872,46628.9,0.52423,0.65674,0.94993,0.9405,0.95318,0.95859,0.8671,0.54033,0.76634,0.87399,0.00927706,0.00927706,0.00927706
873,46678.7,0.52472,0.66839,0.94351,0.9429,0.95315,0.95874,0.86729,0.54023,0.7663,0.87396,0.00927544,0.00927544,0.00927544
874,46728.3,0.5172,0.65712,0.93566,0.9429,0.95343,0.95875,0.86662,0.5407,0.7661,0.87407,0.00927382,0.00927382,0.00927382
875,46778.1,0.51764,0.61995,0.9351,0.9405,0.95403,0.95846,0.86636,0.54107,0.76557,0.87431,0.00927219,0.00927219,0.00927219
876,46827.3,0.52217,0.64461,0.93717,0.94049,0.9543,0.95853,0.86612,0.5406,0.76704,0.87417,0.00927057,0.00927057,0.00927057
877,46878.1,0.53527,0.67767,0.94908,0.94049,0.95532,0.95882,0.86648,0.54078,0.76523,0.87417,0.00926894,0.00926894,0.00926894
878,46926.4,0.52484,0.65177,0.93768,0.94049,0.9568,0.95895,0.86739,0.54082,0.76405,0.87432,0.00926732,0.00926732,0.00926732
879,46975.1,0.5234,0.65091,0.93953,0.94048,0.95772,0.95887,0.86725,0.54075,0.76169,0.87427,0.00926569,0.00926569,0.00926569
880,47024.1,0.53223,0.65065,0.95229,0.94048,0.95816,0.95905,0.86767,0.54077,0.7613,0.87445,0.00926406,0.00926406,0.00926406
881,47073.2,0.52614,0.65742,0.93417,0.94047,0.95823,0.95907,0.86681,0.54101,0.75943,0.87462,0.00926242,0.00926242,0.00926242
882,47122.3,0.52448,0.63431,0.93436,0.94046,0.95849,0.95907,0.86819,0.54039,0.75967,0.87428,0.00926079,0.00926079,0.00926079
883,47171,0.53549,0.64067,0.94591,0.94287,0.95885,0.9591,0.86745,0.54072,0.75994,0.87438,0.00925915,0.00925915,0.00925915
884,47221.3,0.52775,0.6546,0.93915,0.94286,0.95891,0.95871,0.86799,0.54059,0.75943,0.8743,0.00925752,0.00925752,0.00925752
885,47270.9,0.53808,0.67241,0.9521,0.94286,0.95909,0.95886,0.8675,0.54044,0.76001,0.87445,0.00925588,0.00925588,0.00925588
886,47321.3,0.50992,0.64406,0.92833,0.94286,0.9591,0.9588,0.86759,0.54046,0.7596,0.8745,0.00925423,0.00925423,0.00925423
887,47371.4,0.52995,0.6743,0.94205,0.94286,0.95907,0.95859,0.86678,0.54075,0.76135,0.87459,0.00925259,0.00925259,0.00925259
888,47421.1,0.51638,0.64601,0.93463,0.94286,0.95877,0.95893,0.86728,0.54023,0.76039,0.87433,0.00925095,0.00925095,0.00925095
889,47470.6,0.52298,0.6504,0.93382,0.94286,0.95844,0.95856,0.8693,0.5398,0.76095,0.87417,0.0092493,0.0092493,0.0092493
890,47520.5,0.52409,0.66073,0.94296,0.94286,0.95833,0.95882,0.86937,0.53976,0.76075,0.87409,0.00924765,0.00924765,0.00924765
891,47570.7,0.52312,0.63013,0.9402,0.94284,0.95846,0.95879,0.86707,0.5396,0.76053,0.87408,0.00924601,0.00924601,0.00924601
892,47620,0.52785,0.64767,0.93967,0.94284,0.95844,0.95857,0.86969,0.53911,0.76023,0.87398,0.00924435,0.00924435,0.00924435
893,47669.6,0.5282,0.64141,0.94535,0.94284,0.95879,0.9585,0.86909,0.53907,0.76012,0.87379,0.0092427,0.0092427,0.0092427
894,47719.2,0.5235,0.67941,0.93917,0.94283,0.95904,0.9576,0.86835,0.53883,0.75972,0.87371,0.00924105,0.00924105,0.00924105
895,47768.6,0.52514,0.68211,0.94095,0.94283,0.95908,0.95738,0.86835,0.53918,0.7605,0.87388,0.00923939,0.00923939,0.00923939
896,47817.4,0.51738,0.63579,0.93053,0.94283,0.95936,0.9574,0.86715,0.53888,0.76119,0.87376,0.00923774,0.00923774,0.00923774
897,47867,0.52124,0.64819,0.94423,0.94282,0.95951,0.95746,0.86735,0.53872,0.7623,0.87371,0.00923608,0.00923608,0.00923608
898,47916.6,0.52357,0.63204,0.93424,0.94281,0.9596,0.95725,0.86755,0.53862,0.76368,0.87351,0.00923442,0.00923442,0.00923442
899,47965.7,0.53292,0.65518,0.94307,0.9428,0.95964,0.95709,0.86688,0.53877,0.76371,0.87338,0.00923275,0.00923275,0.00923275
900,48014.5,0.51965,0.6348,0.93596,0.94281,0.95983,0.95724,0.86809,0.53845,0.76328,0.87318,0.00923109,0.00923109,0.00923109
901,48064,0.52252,0.66112,0.9348,0.94281,0.95987,0.95778,0.86772,0.53796,0.76329,0.873,0.00922942,0.00922942,0.00922942
902,48113.1,0.52518,0.63948,0.93823,0.94281,0.95998,0.95707,0.86761,0.53782,0.7641,0.87293,0.00922776,0.00922776,0.00922776
903,48162.5,0.52102,0.63212,0.93697,0.94281,0.96018,0.95745,0.86792,0.53754,0.76389,0.87287,0.00922609,0.00922609,0.00922609
904,48211.4,0.5392,0.65596,0.95239,0.94283,0.96034,0.95731,0.86807,0.53736,0.76361,0.87268,0.00922442,0.00922442,0.00922442
905,48262,0.53476,0.64521,0.93323,0.94284,0.9604,0.95775,0.86829,0.53725,0.76322,0.87265,0.00922274,0.00922274,0.00922274
906,48311.9,0.52905,0.67865,0.94168,0.94284,0.96045,0.95711,0.86743,0.53707,0.76388,0.87251,0.00922107,0.00922107,0.00922107
907,48360.7,0.53031,0.65956,0.9424,0.94284,0.96049,0.95781,0.8672,0.5372,0.76298,0.87238,0.00921939,0.00921939,0.00921939
908,48409.4,0.52879,0.64476,0.93956,0.94095,0.95847,0.95698,0.86745,0.5368,0.76338,0.87212,0.00921772,0.00921772,0.00921772
909,48458.4,0.5177,0.62637,0.93196,0.94092,0.95847,0.95755,0.86733,0.53631,0.76287,0.87157,0.00921604,0.00921604,0.00921604
910,48507.1,0.52502,0.63817,0.93531,0.94091,0.9585,0.9572,0.86604,0.53613,0.76318,0.87136,0.00921436,0.00921436,0.00921436
911,48556,0.52414,0.65166,0.94083,0.94092,0.95849,0.95755,0.86865,0.53566,0.76208,0.87123,0.00921268,0.00921268,0.00921268
912,48605.1,0.53134,0.66671,0.94289,0.94095,0.9585,0.95724,0.867,0.53551,0.76625,0.87126,0.00921099,0.00921099,0.00921099
913,48654.3,0.52609,0.65577,0.94448,0.94094,0.95854,0.95755,0.86668,0.53564,0.76514,0.87117,0.00920931,0.00920931,0.00920931
914,48703.7,0.52134,0.64825,0.93565,0.94089,0.95853,0.95711,0.86733,0.53571,0.76507,0.87107,0.00920762,0.00920762,0.00920762
915,48752.9,0.54205,0.67612,0.94513,0.94089,0.95849,0.95766,0.86715,0.53572,0.76768,0.87128,0.00920593,0.00920593,0.00920593
916,48800.6,0.52643,0.65983,0.94116,0.94093,0.95849,0.95751,0.86752,0.53528,0.76465,0.87094,0.00920424,0.00920424,0.00920424
917,48848.7,0.52455,0.64878,0.95019,0.94121,0.958,0.95731,0.86541,0.53529,0.76297,0.87092,0.00920255,0.00920255,0.00920255
918,48896.8,0.51164,0.63117,0.93281,0.94113,0.95803,0.95731,0.86645,0.53537,0.7628,0.87101,0.00920085,0.00920085,0.00920085
919,48945.8,0.52821,0.66505,0.94559,0.94114,0.95808,0.95735,0.86672,0.53551,0.76494,0.87103,0.00919916,0.00919916,0.00919916
920,48995.8,0.53909,0.66569,0.94792,0.94109,0.95814,0.95737,0.86826,0.53527,0.76529,0.87107,0.00919746,0.00919746,0.00919746
921,49044.9,0.54252,0.67154,0.94596,0.94104,0.95828,0.95746,0.86954,0.53526,0.76494,0.87116,0.00919576,0.00919576,0.00919576
922,49093.9,0.53096,0.65527,0.94368,0.94105,0.95827,0.95713,0.8686,0.53545,0.76414,0.87102,0.00919406,0.00919406,0.00919406
923,49145.3,0.52039,0.65763,0.93636,0.94106,0.95835,0.95713,0.86777,0.53539,0.76622,0.87087,0.00919236,0.00919236,0.00919236
924,49195.5,0.51889,0.65912,0.93406,0.94108,0.95835,0.95689,0.86957,0.5351,0.76562,0.87077,0.00919066,0.00919066,0.00919066
925,49245.6,0.52842,0.65934,0.94023,0.94113,0.95832,0.95716,0.87061,0.53545,0.76605,0.87083,0.00918895,0.00918895,0.00918895
926,49295.7,0.5208,0.64317,0.93628,0.94117,0.95833,0.95709,0.86949,0.53512,0.7664,0.87057,0.00918725,0.00918725,0.00918725
927,49346.2,0.52346,0.62723,0.94233,0.94118,0.95834,0.95694,0.87009,0.53496,0.76557,0.87051,0.00918554,0.00918554,0.00918554
928,49395.7,0.52913,0.65885,0.9363,0.93965,0.95691,0.95715,0.87047,0.53481,0.76678,0.87037,0.00918383,0.00918383,0.00918383
929,49445,0.52433,0.64033,0.94051,0.9412,0.95835,0.95767,0.87073,0.53476,0.76676,0.87034,0.00918212,0.00918212,0.00918212
930,49495.2,0.51537,0.64604,0.94404,0.94167,0.95662,0.95752,0.87125,0.53439,0.76572,0.87029,0.0091804,0.0091804,0.0091804
931,49545.4,0.51625,0.63707,0.94072,0.94235,0.95651,0.95676,0.86953,0.53369,0.76607,0.8699,0.00917869,0.00917869,0.00917869
932,49596,0.51797,0.64114,0.93596,0.93987,0.95783,0.95711,0.86991,0.53332,0.76441,0.86972,0.00917697,0.00917697,0.00917697
933,49646.8,0.52566,0.65793,0.93764,0.94281,0.95632,0.95735,0.87036,0.53347,0.76419,0.8697,0.00917525,0.00917525,0.00917525
934,49697.7,0.52907,0.64319,0.94117,0.94322,0.95448,0.95689,0.87077,0.53291,0.76426,0.86944,0.00917353,0.00917353,0.00917353
935,49747.4,0.51263,0.63178,0.93837,0.94324,0.9545,0.95697,0.87134,0.53275,0.76426,0.86951,0.00917181,0.00917181,0.00917181
936,49797.7,0.53509,0.66042,0.94561,0.94325,0.95451,0.95695,0.86985,0.53232,0.76314,0.86944,0.00917009,0.00917009,0.00917009
937,49849.3,0.53134,0.65935,0.94207,0.94326,0.95458,0.95674,0.87001,0.5321,0.76631,0.86936,0.00916836,0.00916836,0.00916836
938,49899.5,0.52032,0.64958,0.94203,0.94053,0.95804,0.95647,0.87063,0.53187,0.76363,0.86947,0.00916664,0.00916664,0.00916664
939,49948.4,0.53033,0.65735,0.94081,0.94076,0.95819,0.95694,0.87069,0.53123,0.76537,0.86929,0.00916491,0.00916491,0.00916491
940,49998.5,0.51317,0.64247,0.93075,0.9407,0.95826,0.95678,0.87202,0.53083,0.76513,0.86922,0.00916318,0.00916318,0.00916318
941,50049.2,0.51751,0.64887,0.92989,0.94073,0.95828,0.95673,0.87157,0.53071,0.7672,0.86929,0.00916145,0.00916145,0.00916145
942,50099.5,0.52715,0.65182,0.93432,0.94071,0.95833,0.95676,0.87135,0.53056,0.76796,0.86946,0.00915972,0.00915972,0.00915972
943,50148.8,0.52206,0.64143,0.93953,0.94058,0.95837,0.95643,0.87182,0.53033,0.76699,0.86946,0.00915798,0.00915798,0.00915798
944,50199.2,0.51941,0.6304,0.9323,0.94056,0.95839,0.95642,0.87037,0.5299,0.76568,0.86935,0.00915625,0.00915625,0.00915625
945,50249.6,0.51462,0.63286,0.93757,0.94037,0.95849,0.95672,0.87168,0.52905,0.76658,0.86912,0.00915451,0.00915451,0.00915451
946,50298.5,0.51857,0.64105,0.93615,0.94045,0.95848,0.95655,0.87104,0.52845,0.76677,0.86906,0.00915277,0.00915277,0.00915277
947,50348.1,0.5163,0.63758,0.92549,0.94047,0.95855,0.95718,0.872,0.52839,0.7673,0.86905,0.00915103,0.00915103,0.00915103
948,50397,0.5273,0.63779,0.9362,0.94047,0.95868,0.95665,0.87089,0.5279,0.76642,0.86878,0.00914929,0.00914929,0.00914929
949,50446,0.52039,0.64455,0.93695,0.94051,0.95865,0.9574,0.87212,0.52766,0.76509,0.86868,0.00914754,0.00914754,0.00914754
950,50495.9,0.5272,0.63499,0.94648,0.9406,0.95866,0.95643,0.87047,0.52748,0.76334,0.86839,0.0091458,0.0091458,0.0091458
951,50546.3,0.52799,0.68298,0.93845,0.94067,0.95858,0.95659,0.8708,0.52736,0.7617,0.86831,0.00914405,0.00914405,0.00914405
952,50595.2,0.51569,0.65568,0.93761,0.94073,0.95855,0.95623,0.87112,0.52708,0.76156,0.86812,0.0091423,0.0091423,0.0091423
953,50644.8,0.51706,0.65009,0.93922,0.94091,0.95853,0.95691,0.87194,0.5269,0.7639,0.86801,0.00914055,0.00914055,0.00914055
954,50693.8,0.52853,0.66753,0.94673,0.94116,0.95859,0.95648,0.87126,0.5263,0.76375,0.86781,0.0091388,0.0091388,0.0091388
955,50742.5,0.51275,0.64185,0.93813,0.94118,0.95863,0.95672,0.87202,0.52601,0.7627,0.86784,0.00913704,0.00913704,0.00913704
956,50792.1,0.51191,0.64682,0.92809,0.94131,0.95858,0.95676,0.87181,0.52598,0.76187,0.86791,0.00913529,0.00913529,0.00913529
957,50842.6,0.51505,0.63148,0.93211,0.94135,0.95862,0.95677,0.87039,0.52564,0.76116,0.86784,0.00913353,0.00913353,0.00913353
958,50892.1,0.52256,0.66194,0.94402,0.94127,0.95868,0.95675,0.8698,0.52552,0.761,0.868,0.00913177,0.00913177,0.00913177
959,50941.8,0.52148,0.63245,0.93409,0.94145,0.95866,0.95686,0.87012,0.52519,0.76068,0.86797,0.00913001,0.00913001,0.00913001
960,50990.8,0.52084,0.64076,0.94167,0.94145,0.95878,0.9568,0.87136,0.52513,0.75955,0.86842,0.00912825,0.00912825,0.00912825
961,51039.6,0.5292,0.67393,0.94604,0.94307,0.95729,0.95659,0.86897,0.52495,0.75873,0.86851,0.00912649,0.00912649,0.00912649
962,51088.5,0.51569,0.63691,0.9329,0.94176,0.95875,0.95708,0.87065,0.52482,0.76001,0.86889,0.00912472,0.00912472,0.00912472
963,51137.8,0.54033,0.67407,0.95006,0.94195,0.95871,0.95676,0.86979,0.525,0.75904,0.86902,0.00912295,0.00912295,0.00912295
964,51187.4,0.52145,0.63918,0.94503,0.94173,0.95885,0.95683,0.87,0.52478,0.75872,0.86925,0.00912119,0.00912119,0.00912119
965,51236.7,0.52295,0.65717,0.94637,0.94172,0.95874,0.95703,0.87012,0.52492,0.75828,0.8694,0.00911942,0.00911942,0.00911942
966,51287.1,0.51348,0.61346,0.9228,0.94162,0.9587,0.95827,0.87102,0.52441,0.75891,0.86945,0.00911764,0.00911764,0.00911764
967,51336.8,0.51706,0.63366,0.93717,0.94155,0.95871,0.95692,0.8699,0.52442,0.75789,0.8693,0.00911587,0.00911587,0.00911587
968,51386.6,0.51646,0.64218,0.92956,0.94153,0.95865,0.95778,0.87075,0.52465,0.7593,0.8696,0.0091141,0.0091141,0.0091141
969,51436.8,0.52805,0.64432,0.93565,0.94149,0.95865,0.95832,0.87183,0.52491,0.75941,0.86984,0.00911232,0.00911232,0.00911232
970,51487.3,0.50435,0.64287,0.92641,0.94152,0.95849,0.95813,0.87105,0.52512,0.75973,0.87017,0.00911054,0.00911054,0.00911054
971,51537.2,0.53294,0.67539,0.93714,0.94154,0.95847,0.95835,0.87107,0.52526,0.76016,0.87041,0.00910876,0.00910876,0.00910876
972,51587.3,0.52228,0.6486,0.94161,0.94163,0.95841,0.95758,0.87058,0.52518,0.76019,0.87039,0.00910698,0.00910698,0.00910698
973,51637,0.53988,0.64173,0.95247,0.94162,0.95833,0.95783,0.87092,0.52555,0.7612,0.87039,0.0091052,0.0091052,0.0091052
974,51686.4,0.519,0.64773,0.94082,0.93904,0.95821,0.9579,0.87112,0.52568,0.76192,0.87021,0.00910341,0.00910341,0.00910341
975,51735.8,0.52011,0.65681,0.94362,0.93903,0.95809,0.95824,0.87164,0.52538,0.7625,0.86997,0.00910163,0.00910163,0.00910163
976,51785.4,0.52176,0.64924,0.93131,0.93913,0.95803,0.95805,0.87189,0.52522,0.7613,0.86975,0.00909984,0.00909984,0.00909984
977,51834,0.52285,0.64284,0.93547,0.93908,0.95799,0.95816,0.87341,0.52494,0.75929,0.86955,0.00909805,0.00909805,0.00909805
978,51884.2,0.52477,0.65235,0.94082,0.93903,0.95801,0.9584,0.87327,0.52409,0.75724,0.86907,0.00909626,0.00909626,0.00909626
979,51933.6,0.52857,0.65635,0.94637,0.93903,0.95788,0.95818,0.87215,0.5239,0.75679,0.86884,0.00909447,0.00909447,0.00909447
980,51982.6,0.52453,0.64053,0.94317,0.93917,0.95795,0.958,0.87028,0.52343,0.75682,0.86854,0.00909267,0.00909267,0.00909267
981,52032.1,0.52071,0.63627,0.93745,0.93932,0.95788,0.95797,0.87135,0.52345,0.75684,0.86838,0.00909088,0.00909088,0.00909088
982,52082.2,0.52235,0.6199,0.94074,0.93942,0.95781,0.95804,0.87121,0.52371,0.75737,0.86811,0.00908908,0.00908908,0.00908908
983,52131.3,0.51798,0.63287,0.93205,0.93949,0.95771,0.9579,0.8719,0.52375,0.76023,0.86808,0.00908728,0.00908728,0.00908728
984,52181.3,0.52696,0.6664,0.94271,0.93961,0.95775,0.9578,0.8724,0.52371,0.76087,0.86803,0.00908548,0.00908548,0.00908548
985,52231,0.51554,0.6322,0.94194,0.93969,0.95778,0.9581,0.87245,0.52334,0.75994,0.86786,0.00908368,0.00908368,0.00908368
986,52280.5,0.52213,0.67912,0.93882,0.94012,0.95778,0.95781,0.87256,0.52325,0.7616,0.86764,0.00908188,0.00908188,0.00908188
987,52329.9,0.51659,0.63085,0.92678,0.94022,0.95764,0.95761,0.87207,0.52331,0.76202,0.86768,0.00908007,0.00908007,0.00908007
988,52379.3,0.52161,0.6441,0.93815,0.94041,0.95761,0.95642,0.87079,0.52299,0.76304,0.86767,0.00907827,0.00907827,0.00907827
989,52429.3,0.51414,0.64803,0.93551,0.94085,0.95754,0.95646,0.8703,0.52307,0.76263,0.86766,0.00907646,0.00907646,0.00907646
990,52479.6,0.52467,0.6478,0.94131,0.94107,0.95752,0.95643,0.87007,0.52311,0.76266,0.86781,0.00907465,0.00907465,0.00907465
991,52528.9,0.52514,0.66743,0.93326,0.94133,0.95744,0.95703,0.87074,0.52318,0.75928,0.86781,0.00907284,0.00907284,0.00907284
992,52577.5,0.52133,0.65531,0.93814,0.94121,0.95202,0.95746,0.87245,0.52308,0.76063,0.86795,0.00907102,0.00907102,0.00907102
993,52627.2,0.53154,0.64771,0.9387,0.94148,0.95202,0.95646,0.87256,0.52334,0.76113,0.868,0.00906921,0.00906921,0.00906921
994,52677.2,0.51559,0.62483,0.93444,0.94127,0.95202,0.95691,0.87054,0.52334,0.7607,0.86792,0.00906739,0.00906739,0.00906739
995,52727.2,0.51161,0.64619,0.93471,0.94138,0.95202,0.95736,0.87163,0.52294,0.7597,0.86771,0.00906557,0.00906557,0.00906557
996,52775.5,0.50708,0.63065,0.93186,0.94131,0.95202,0.9573,0.8716,0.52245,0.7575,0.8675,0.00906375,0.00906375,0.00906375
997,52824.4,0.52514,0.63771,0.9387,0.94023,0.95202,0.95704,0.87175,0.52255,0.7576,0.86771,0.00906193,0.00906193,0.00906193
998,52873.4,0.52989,0.6698,0.946,0.94008,0.95202,0.95705,0.87151,0.52229,0.75752,0.86768,0.00906011,0.00906011,0.00906011
999,52921.7,0.51795,0.63054,0.93534,0.94064,0.95789,0.9576,0.87096,0.52253,0.75621,0.86787,0.00905829,0.00905829,0.00905829
1000,52970.1,0.51611,0.64576,0.93779,0.94062,0.95784,0.9574,0.87154,0.52247,0.75557,0.86804,0.00905646,0.00905646,0.00905646
1001,53018.9,0.52625,0.65685,0.94051,0.94066,0.95779,0.95784,0.87181,0.52254,0.75606,0.86826,0.00905463,0.00905463,0.00905463
1002,53068.1,0.52281,0.65749,0.94251,0.94069,0.95764,0.95759,0.87147,0.52234,0.75676,0.86823,0.00905281,0.00905281,0.00905281
1003,53116.3,0.51197,0.64483,0.92965,0.93985,0.95202,0.95753,0.87089,0.52222,0.75595,0.86813,0.00905097,0.00905097,0.00905097
1004,53166.3,0.50928,0.62678,0.9391,0.93984,0.95202,0.95768,0.87124,0.52246,0.75602,0.86852,0.00904914,0.00904914,0.00904914
1005,53215.2,0.5306,0.6701,0.93722,0.93979,0.95202,0.95757,0.87106,0.52236,0.75514,0.86868,0.00904731,0.00904731,0.00904731
1006,53264.5,0.5206,0.64627,0.94295,0.94,0.95202,0.958,0.87262,0.52242,0.75421,0.86895,0.00904547,0.00904547,0.00904547
1007,53315.4,0.52503,0.64751,0.94018,0.9404,0.95202,0.95789,0.87376,0.522,0.75363,0.86903,0.00904364,0.00904364,0.00904364
1008,53365.4,0.51967,0.64137,0.93318,0.94104,0.95202,0.95785,0.87174,0.52226,0.75431,0.8692,0.0090418,0.0090418,0.0090418
1009,53415.3,0.51057,0.64237,0.9277,0.94103,0.95202,0.95931,0.87481,0.5225,0.75312,0.86927,0.00903996,0.00903996,0.00903996
1010,53465.9,0.518,0.65449,0.94077,0.94173,0.95202,0.95904,0.87505,0.52263,0.75267,0.86955,0.00903812,0.00903812,0.00903812
1011,53515.1,0.51474,0.65302,0.93386,0.94225,0.95202,0.95911,0.87456,0.52254,0.75129,0.86955,0.00903627,0.00903627,0.00903627
1012,53565.5,0.52913,0.66443,0.94753,0.94281,0.95202,0.95917,0.87444,0.52247,0.75178,0.86978,0.00903443,0.00903443,0.00903443
1013,53615.5,0.50851,0.62744,0.92948,0.94285,0.95202,0.95907,0.87491,0.52251,0.75065,0.8698,0.00903258,0.00903258,0.00903258
1014,53666.1,0.51467,0.62736,0.92922,0.94315,0.95202,0.95918,0.87441,0.5224,0.75129,0.86955,0.00903074,0.00903074,0.00903074
1015,53715.5,0.50915,0.63454,0.92815,0.94353,0.95202,0.95808,0.87319,0.52195,0.75108,0.86949,0.00902889,0.00902889,0.00902889
1016,53764.9,0.51693,0.60735,0.93549,0.94335,0.95202,0.95808,0.87377,0.52158,0.75021,0.86922,0.00902703,0.00902703,0.00902703
1017,53815.4,0.53573,0.65644,0.9461,0.94423,0.95194,0.95808,0.87412,0.52127,0.75053,0.86912,0.00902518,0.00902518,0.00902518
1018,53865.2,0.5193,0.63518,0.9419,0.94405,0.95202,0.95807,0.87519,0.52086,0.75014,0.86898,0.00902333,0.00902333,0.00902333
1019,53915.1,0.51976,0.63894,0.94125,0.94365,0.95202,0.95802,0.87514,0.5208,0.75121,0.86889,0.00902147,0.00902147,0.00902147
1020,53965.6,0.52295,0.62667,0.938,0.9395,0.95672,0.9577,0.87475,0.52029,0.75251,0.86865,0.00901962,0.00901962,0.00901962
1021,54015.5,0.52676,0.64189,0.93421,0.9394,0.95659,0.95832,0.87465,0.51982,0.75159,0.86865,0.00901776,0.00901776,0.00901776
1022,54064.3,0.51686,0.6511,0.935,0.93934,0.95651,0.95793,0.8737,0.51997,0.75095,0.86859,0.0090159,0.0090159,0.0090159
1023,54112.9,0.52443,0.63945,0.93603,0.93947,0.95637,0.9581,0.87549,0.52006,0.75265,0.86863,0.00901403,0.00901403,0.00901403
1024,54162.7,0.52239,0.6529,0.93983,0.94013,0.95624,0.95795,0.87599,0.51929,0.75178,0.86777,0.00901217,0.00901217,0.00901217
1025,54213.9,0.52296,0.65597,0.93537,0.94093,0.95615,0.95827,0.87545,0.51905,0.75102,0.86786,0.00901031,0.00901031,0.00901031
1026,54265,0.51058,0.65164,0.93328,0.94126,0.9559,0.95826,0.8766,0.51873,0.75155,0.86775,0.00900844,0.00900844,0.00900844
1027,54315.2,0.52989,0.66959,0.9458,0.94105,0.95584,0.95838,0.87534,0.51899,0.75171,0.86785,0.00900657,0.00900657,0.00900657
1028,54365.4,0.51499,0.63777,0.93717,0.94022,0.9558,0.95944,0.87627,0.51917,0.75137,0.86791,0.0090047,0.0090047,0.0090047
1029,54415.8,0.51326,0.62706,0.939,0.94005,0.95581,0.95944,0.87647,0.51901,0.75162,0.8679,0.00900283,0.00900283,0.00900283
1030,54466.4,0.5142,0.63974,0.93964,0.94005,0.95591,0.95934,0.87641,0.51869,0.75118,0.86773,0.00900096,0.00900096,0.00900096
1031,54516.6,0.51769,0.66065,0.92921,0.93978,0.95598,0.95922,0.87672,0.51937,0.75073,0.86794,0.00899908,0.00899908,0.00899908
1032,54565.6,0.5129,0.63813,0.93108,0.93967,0.95596,0.95927,0.87716,0.51904,0.75036,0.86794,0.00899721,0.00899721,0.00899721
1033,54615.7,0.51986,0.64664,0.93977,0.93974,0.95597,0.96063,0.87717,0.51917,0.74965,0.86794,0.00899533,0.00899533,0.00899533
1034,54666,0.51374,0.61913,0.93333,0.93992,0.95604,0.95913,0.87627,0.51953,0.74942,0.8679,0.00899345,0.00899345,0.00899345
1035,54715.3,0.51585,0.65939,0.93429,0.93997,0.956,0.95999,0.8757,0.51964,0.74852,0.868,0.00899157,0.00899157,0.00899157
1036,54765.9,0.52694,0.64758,0.93975,0.9397,0.95606,0.96033,0.87476,0.51967,0.74759,0.86822,0.00898969,0.00898969,0.00898969
1037,54816,0.51568,0.62906,0.94226,0.94027,0.95611,0.96019,0.87537,0.5201,0.74827,0.86851,0.0089878,0.0089878,0.0089878
1038,54867.1,0.51761,0.63037,0.93239,0.93965,0.95627,0.96024,0.8751,0.51993,0.74642,0.86857,0.00898592,0.00898592,0.00898592
1039,54918.2,0.50971,0.62058,0.92833,0.93884,0.95624,0.96003,0.87587,0.52015,0.74663,0.8685,0.00898403,0.00898403,0.00898403
1040,54968.7,0.51538,0.64099,0.928,0.93864,0.95615,0.96048,0.87634,0.52025,0.74713,0.86875,0.00898214,0.00898214,0.00898214
1041,55018.1,0.50974,0.64935,0.93653,0.93796,0.95598,0.96016,0.87525,0.52014,0.74618,0.86868,0.00898025,0.00898025,0.00898025
1042,55068.8,0.51078,0.62788,0.92587,0.93773,0.95579,0.96013,0.8761,0.52047,0.74621,0.86886,0.00897836,0.00897836,0.00897836
1043,55118,0.51323,0.63202,0.93923,0.93766,0.95578,0.96005,0.8765,0.52064,0.74578,0.86886,0.00897647,0.00897647,0.00897647
1044,55167.4,0.51533,0.63532,0.9425,0.93772,0.95574,0.96002,0.8764,0.52064,0.74519,0.86895,0.00897457,0.00897457,0.00897457
1045,55218.3,0.51751,0.6554,0.93432,0.93767,0.95584,0.96004,0.87726,0.52111,0.74557,0.8693,0.00897268,0.00897268,0.00897268
1046,55269,0.51741,0.65963,0.93296,0.9376,0.95585,0.96,0.87464,0.52103,0.74426,0.86919,0.00897078,0.00897078,0.00897078
1047,55319.9,0.52531,0.65131,0.94247,0.93772,0.95581,0.96006,0.87475,0.52139,0.74676,0.86933,0.00896888,0.00896888,0.00896888
1048,55369.3,0.52585,0.64743,0.94507,0.93766,0.95583,0.96001,0.87446,0.52195,0.74683,0.86963,0.00896698,0.00896698,0.00896698
1049,55418.7,0.51045,0.62624,0.93182,0.93752,0.95572,0.95931,0.87401,0.52195,0.74812,0.86971,0.00896508,0.00896508,0.00896508
1050,55468.3,0.51302,0.62829,0.93358,0.93768,0.95559,0.95986,0.87439,0.5219,0.74792,0.8698,0.00896317,0.00896317,0.00896317
1051,55518.2,0.51969,0.64395,0.93704,0.93765,0.95566,0.95987,0.87487,0.52198,0.75162,0.86999,0.00896127,0.00896127,0.00896127
1052,55567.8,0.50773,0.63302,0.93259,0.93755,0.95558,0.95979,0.87417,0.52204,0.75347,0.87012,0.00895936,0.00895936,0.00895936
1053,55617.6,0.51863,0.64408,0.93347,0.93753,0.95574,0.9599,0.8749,0.52225,0.75321,0.87027,0.00895745,0.00895745,0.00895745
1054,55666.9,0.49816,0.61547,0.93187,0.93764,0.95574,0.95993,0.87437,0.52227,0.7539,0.87036,0.00895554,0.00895554,0.00895554
1055,55716.9,0.51275,0.63951,0.93228,0.93788,0.95584,0.9586,0.87306,0.52224,0.75375,0.87042,0.00895363,0.00895363,0.00895363
1056,55767.6,0.51029,0.63113,0.93528,0.93783,0.956,0.95875,0.87333,0.52228,0.75387,0.87046,0.00895172,0.00895172,0.00895172
1057,55817.3,0.50985,0.63609,0.92965,0.9375,0.956,0.95833,0.87335,0.52226,0.7542,0.87045,0.0089498,0.0089498,0.0089498
1058,55866.4,0.50784,0.64685,0.94051,0.93734,0.95591,0.95833,0.8736,0.52222,0.75479,0.87044,0.00894789,0.00894789,0.00894789
1059,55916.5,0.50486,0.62367,0.9361,0.93728,0.95591,0.95828,0.87462,0.52206,0.75626,0.8705,0.00894597,0.00894597,0.00894597
1060,55966.2,0.50964,0.62874,0.93582,0.93732,0.95603,0.95785,0.87356,0.52216,0.75651,0.87054,0.00894405,0.00894405,0.00894405
1061,56015.9,0.50693,0.62267,0.92863,0.9373,0.95604,0.95795,0.87435,0.52205,0.75557,0.8705,0.00894213,0.00894213,0.00894213
1062,56066.3,0.53501,0.64586,0.94474,0.93733,0.95625,0.95848,0.87434,0.52191,0.75566,0.87059,0.00894021,0.00894021,0.00894021
1063,56116.5,0.51238,0.63238,0.93225,0.93698,0.95687,0.95787,0.87421,0.52154,0.75526,0.87072,0.00893828,0.00893828,0.00893828
1064,56166.5,0.50885,0.62559,0.93274,0.93686,0.95682,0.95731,0.87368,0.5215,0.75658,0.87076,0.00893636,0.00893636,0.00893636
1065,56216.2,0.50931,0.62715,0.9336,0.93675,0.95679,0.95754,0.87303,0.52122,0.75652,0.87074,0.00893443,0.00893443,0.00893443
1066,56264.7,0.52413,0.66935,0.94339,0.93671,0.95656,0.9575,0.87401,0.52081,0.75647,0.87076,0.0089325,0.0089325,0.0089325
1067,56313.7,0.5126,0.63887,0.93622,0.93676,0.95646,0.9575,0.87358,0.52087,0.75633,0.87068,0.00893057,0.00893057,0.00893057
1068,56362.9,0.52359,0.62855,0.94176,0.93683,0.95648,0.95759,0.87455,0.52067,0.75499,0.87075,0.00892864,0.00892864,0.00892864
1069,56412.3,0.51062,0.61504,0.93041,0.93693,0.95648,0.95738,0.87417,0.52031,0.75607,0.87085,0.00892671,0.00892671,0.00892671
1070,56460.8,0.50884,0.61197,0.94321,0.93695,0.95635,0.95767,0.8747,0.51979,0.75623,0.87082,0.00892477,0.00892477,0.00892477
1071,56510,0.50616,0.61939,0.92914,0.93703,0.95627,0.95767,0.87445,0.5195,0.7573,0.87093,0.00892283,0.00892283,0.00892283
1072,56559,0.50896,0.64013,0.93538,0.93732,0.95577,0.95769,0.8745,0.51952,0.75784,0.871,0.0089209,0.0089209,0.0089209
1073,56608.7,0.50953,0.62014,0.93614,0.93746,0.95587,0.95672,0.8747,0.51932,0.75775,0.87089,0.00891896,0.00891896,0.00891896
1074,56658.6,0.51572,0.63677,0.93968,0.93765,0.95591,0.95689,0.87289,0.5192,0.75867,0.87076,0.00891702,0.00891702,0.00891702
1075,56707.9,0.50944,0.62556,0.92821,0.93779,0.95608,0.95669,0.87423,0.51922,0.75966,0.87072,0.00891507,0.00891507,0.00891507
1076,56757.6,0.51379,0.62796,0.94039,0.93775,0.95521,0.95687,0.87273,0.51896,0.75868,0.87064,0.00891313,0.00891313,0.00891313
1077,56806.1,0.50866,0.63207,0.92745,0.93772,0.95502,0.95665,0.87387,0.51927,0.7602,0.87061,0.00891119,0.00891119,0.00891119
1078,56855.2,0.51156,0.62883,0.9354,0.93767,0.9546,0.95649,0.87329,0.51881,0.76058,0.87038,0.00890924,0.00890924,0.00890924
1079,56904.5,0.50058,0.62705,0.91856,0.9376,0.95391,0.95672,0.87305,0.51923,0.76291,0.87082,0.00890729,0.00890729,0.00890729
1080,56954.1,0.51571,0.63953,0.93553,0.93758,0.95358,0.95672,0.87367,0.51893,0.76344,0.87071,0.00890534,0.00890534,0.00890534
1081,57005.3,0.50611,0.6342,0.92768,0.93787,0.95241,0.95664,0.87147,0.51872,0.76446,0.87065,0.00890339,0.00890339,0.00890339
1082,57054.8,0.50403,0.61644,0.92432,0.93839,0.95227,0.95686,0.87136,0.51849,0.76447,0.87053,0.00890144,0.00890144,0.00890144
1083,57105,0.51263,0.63527,0.9338,0.93842,0.95224,0.95679,0.87271,0.51822,0.76375,0.87048,0.00889948,0.00889948,0.00889948
1084,57155.3,0.50429,0.60982,0.93038,0.93832,0.95225,0.95629,0.87368,0.51819,0.76311,0.87036,0.00889752,0.00889752,0.00889752
1085,57205,0.50244,0.64616,0.93146,0.94007,0.95375,0.95673,0.87185,0.51797,0.76271,0.87036,0.00889557,0.00889557,0.00889557
1086,57253.7,0.52565,0.62994,0.93516,0.93804,0.95253,0.9564,0.87193,0.51799,0.76229,0.87049,0.00889361,0.00889361,0.00889361
1087,57303.9,0.5069,0.64604,0.92919,0.93812,0.95236,0.95644,0.8725,0.51814,0.76586,0.87047,0.00889165,0.00889165,0.00889165
1088,57354.1,0.50894,0.64859,0.92921,0.93835,0.95234,0.9564,0.87176,0.51806,0.76602,0.87051,0.00888969,0.00888969,0.00888969
1089,57404.2,0.51204,0.64082,0.93362,0.94008,0.95407,0.95643,0.875,0.51777,0.76689,0.87036,0.00888772,0.00888772,0.00888772
1090,57453.6,0.52213,0.63801,0.9315,0.94008,0.95391,0.95665,0.8747,0.51789,0.76614,0.87018,0.00888576,0.00888576,0.00888576
1091,57503.2,0.50786,0.6405,0.92836,0.94008,0.95401,0.95668,0.8745,0.51759,0.7654,0.87016,0.00888379,0.00888379,0.00888379
1092,57553.1,0.51012,0.65289,0.93837,0.94009,0.95435,0.95684,0.87509,0.51779,0.76481,0.87021,0.00888182,0.00888182,0.00888182
1093,57603.5,0.49684,0.62187,0.92593,0.9401,0.95439,0.95696,0.87392,0.51823,0.76464,0.87034,0.00887985,0.00887985,0.00887985
1094,57652.1,0.51149,0.62905,0.93151,0.94011,0.95444,0.9567,0.87351,0.51833,0.76872,0.87029,0.00887788,0.00887788,0.00887788
1095,57701.7,0.49968,0.59932,0.92633,0.94011,0.95461,0.95665,0.87302,0.51819,0.76882,0.87025,0.00887591,0.00887591,0.00887591
1096,57751.9,0.49925,0.61297,0.91575,0.94013,0.95486,0.9566,0.87398,0.51841,0.76984,0.8702,0.00887393,0.00887393,0.00887393
1097,57801.9,0.51175,0.62306,0.93692,0.94015,0.95507,0.95663,0.87469,0.51849,0.76791,0.87009,0.00887196,0.00887196,0.00887196
1098,57851.3,0.50679,0.61979,0.92781,0.94017,0.95513,0.95701,0.87376,0.5183,0.76803,0.86991,0.00886998,0.00886998,0.00886998
1099,57900.6,0.50899,0.60756,0.93624,0.9402,0.95573,0.95681,0.87309,0.51834,0.76864,0.87006,0.008868,0.008868,0.008868
1100,57948.6,0.50365,0.64213,0.9239,0.94027,0.95672,0.95694,0.87363,0.51846,0.76899,0.86996,0.00886602,0.00886602,0.00886602
1101,57998.8,0.51277,0.64005,0.93867,0.94032,0.95744,0.95663,0.87343,0.51853,0.76969,0.87,0.00886404,0.00886404,0.00886404
1102,58049.8,0.50387,0.63033,0.93017,0.94035,0.95751,0.95708,0.87314,0.51855,0.76882,0.87016,0.00886206,0.00886206,0.00886206
1103,58098.8,0.49742,0.6299,0.92944,0.94035,0.9573,0.95701,0.87339,0.51841,0.76752,0.87016,0.00886007,0.00886007,0.00886007
1104,58148.9,0.50495,0.6151,0.92951,0.94034,0.95682,0.95777,0.87291,0.51819,0.76712,0.87024,0.00885809,0.00885809,0.00885809
1105,58198.3,0.50617,0.61953,0.92813,0.94034,0.95565,0.95711,0.87302,0.51807,0.7675,0.87015,0.0088561,0.0088561,0.0088561
1106,58247,0.50578,0.61475,0.93065,0.94038,0.95552,0.95778,0.87516,0.51796,0.76939,0.87011,0.00885411,0.00885411,0.00885411
1107,58295.4,0.51877,0.62716,0.93655,0.94038,0.95344,0.95795,0.87572,0.51791,0.76957,0.87012,0.00885212,0.00885212,0.00885212
1108,58344.8,0.51972,0.62424,0.93338,0.94037,0.95267,0.95774,0.87348,0.51783,0.7707,0.8701,0.00885013,0.00885013,0.00885013
1109,58392.6,0.51188,0.62602,0.93231,0.94036,0.95204,0.95801,0.87513,0.51773,0.7693,0.8702,0.00884813,0.00884813,0.00884813
1110,58442.4,0.50421,0.62119,0.92771,0.94035,0.95175,0.9578,0.87467,0.51749,0.7689,0.87021,0.00884614,0.00884614,0.00884614
1111,58490.7,0.51569,0.64056,0.92713,0.94033,0.9515,0.95809,0.87432,0.51774,0.7699,0.87045,0.00884414,0.00884414,0.00884414
1112,58540,0.52156,0.63794,0.93718,0.94033,0.95141,0.95773,0.87446,0.51782,0.76859,0.87046,0.00884214,0.00884214,0.00884214
1113,58590.2,0.5015,0.61786,0.92662,0.94034,0.95137,0.95786,0.87465,0.51804,0.76769,0.87046,0.00884014,0.00884014,0.00884014
1114,58639.4,0.51178,0.64782,0.93142,0.94035,0.95164,0.95779,0.87383,0.51809,0.76926,0.87037,0.00883814,0.00883814,0.00883814
1115,58689.5,0.50287,0.61737,0.93657,0.94035,0.95188,0.95809,0.87459,0.51771,0.76762,0.87035,0.00883614,0.00883614,0.00883614
1116,58738.8,0.50312,0.62705,0.92144,0.94035,0.95194,0.95795,0.87432,0.51743,0.76829,0.87021,0.00883413,0.00883413,0.00883413
1117,58787.6,0.52174,0.64057,0.94238,0.94034,0.95199,0.95767,0.87468,0.51692,0.76903,0.87001,0.00883213,0.00883213,0.00883213
1118,58835.9,0.50493,0.60814,0.92473,0.94034,0.95202,0.95825,0.87559,0.51645,0.76904,0.86983,0.00883012,0.00883012,0.00883012
1119,58884.1,0.50676,0.63343,0.93408,0.94035,0.95203,0.95814,0.87514,0.51628,0.77032,0.86972,0.00882811,0.00882811,0.00882811
1120,58931.9,0.50793,0.62666,0.92407,0.94035,0.95205,0.9586,0.87708,0.51607,0.76939,0.8695,0.0088261,0.0088261,0.0088261
1121,58979.9,0.51688,0.63532,0.93219,0.94035,0.95206,0.95821,0.87654,0.5163,0.76997,0.86971,0.00882409,0.00882409,0.00882409
1122,59027.2,0.515,0.62774,0.93442,0.94036,0.95214,0.95819,0.8766,0.51643,0.77048,0.86984,0.00882208,0.00882208,0.00882208
1123,59074.1,0.51988,0.62401,0.92794,0.94037,0.95249,0.9584,0.87358,0.51626,0.76965,0.86976,0.00882006,0.00882006,0.00882006
1124,59122,0.51452,0.63701,0.93419,0.94035,0.95234,0.95835,0.87428,0.51641,0.77082,0.86987,0.00881805,0.00881805,0.00881805
1125,59169.8,0.51283,0.62531,0.93105,0.94036,0.95224,0.95854,0.8762,0.51618,0.77002,0.86983,0.00881603,0.00881603,0.00881603
1126,59218.3,0.51165,0.61501,0.94224,0.94037,0.95218,0.95849,0.87611,0.51597,0.76951,0.86987,0.00881401,0.00881401,0.00881401
1127,59266.4,0.51241,0.62978,0.93642,0.94037,0.95197,0.95843,0.87531,0.51598,0.76964,0.86993,0.00881199,0.00881199,0.00881199
1128,59314.8,0.51144,0.61871,0.93493,0.94037,0.95172,0.95852,0.87576,0.51579,0.76887,0.87008,0.00880997,0.00880997,0.00880997
1129,59363.4,0.50643,0.62295,0.92984,0.94037,0.95177,0.95844,0.87587,0.51555,0.76834,0.87014,0.00880794,0.00880794,0.00880794
1130,59411,0.50651,0.66092,0.93527,0.94038,0.95179,0.95846,0.87656,0.5155,0.76823,0.87038,0.00880592,0.00880592,0.00880592
1131,59458.8,0.5098,0.61578,0.93635,0.94038,0.95182,0.95826,0.87611,0.5154,0.7684,0.87037,0.00880389,0.00880389,0.00880389
1132,59508,0.51147,0.62551,0.93056,0.94038,0.95161,0.95832,0.87645,0.5153,0.76846,0.87006,0.00880186,0.00880186,0.00880186
1133,59557.2,0.51101,0.62144,0.93635,0.94037,0.95151,0.95828,0.87742,0.51556,0.76977,0.87014,0.00879983,0.00879983,0.00879983
1134,59607.3,0.50747,0.64076,0.92918,0.93912,0.94986,0.95826,0.8779,0.51505,0.77165,0.86995,0.0087978,0.0087978,0.0087978
1135,59655.7,0.51584,0.64605,0.93775,0.93912,0.94967,0.95828,0.87673,0.51502,0.77379,0.8697,0.00879577,0.00879577,0.00879577
1136,59704.5,0.50087,0.61394,0.92518,0.93914,0.9495,0.95832,0.87686,0.51481,0.77549,0.86954,0.00879374,0.00879374,0.00879374
1137,59754.3,0.51063,0.61965,0.9299,0.93909,0.94943,0.95834,0.87675,0.51465,0.77612,0.86938,0.0087917,0.0087917,0.0087917
1138,59804.4,0.51087,0.63439,0.9374,0.93904,0.94938,0.95817,0.87672,0.51519,0.77664,0.8694,0.00878966,0.00878966,0.00878966
1139,59854.1,0.50434,0.62094,0.93226,0.93901,0.94936,0.95839,0.87646,0.51543,0.77728,0.86957,0.00878763,0.00878763,0.00878763
1140,59904,0.49178,0.61023,0.93012,0.9389,0.94928,0.95822,0.87545,0.51527,0.777,0.86965,0.00878559,0.00878559,0.00878559
1141,59953.4,0.49926,0.63307,0.92662,0.93887,0.94931,0.95836,0.87572,0.5152,0.77654,0.86957,0.00878354,0.00878354,0.00878354
1142,60002.4,0.50154,0.64097,0.93018,0.93888,0.94934,0.95826,0.87535,0.51526,0.77747,0.86957,0.0087815,0.0087815,0.0087815
1143,60051.8,0.49742,0.62493,0.9264,0.93888,0.94947,0.95822,0.87543,0.51508,0.77596,0.86952,0.00877946,0.00877946,0.00877946
1144,60102,0.51157,0.63611,0.93182,0.93883,0.94932,0.95837,0.87582,0.51492,0.7764,0.86953,0.00877741,0.00877741,0.00877741
1145,60153.3,0.502,0.63794,0.93622,0.93881,0.94918,0.95831,0.8755,0.51499,0.77641,0.86922,0.00877536,0.00877536,0.00877536
1146,60204.1,0.5156,0.62001,0.93514,0.93877,0.94931,0.95829,0.8752,0.51494,0.77733,0.86928,0.00877332,0.00877332,0.00877332
1147,60254,0.51395,0.62979,0.93706,0.93864,0.94948,0.95815,0.87532,0.51441,0.77485,0.86898,0.00877127,0.00877127,0.00877127
1148,60304.9,0.51171,0.6254,0.93466,0.93862,0.94944,0.95841,0.87544,0.51448,0.77497,0.86902,0.00876921,0.00876921,0.00876921
1149,60356,0.50904,0.62803,0.92343,0.93859,0.94937,0.95792,0.87405,0.51406,0.77474,0.86879,0.00876716,0.00876716,0.00876716
1150,60406,0.50094,0.5904,0.918,0.93854,0.94936,0.95833,0.87487,0.51377,0.77675,0.86844,0.00876511,0.00876511,0.00876511
1151,60457.3,0.49571,0.61236,0.92474,0.9385,0.9495,0.95819,0.87421,0.51393,0.77626,0.86835,0.00876305,0.00876305,0.00876305
1152,60507.1,0.50058,0.60227,0.92002,0.93855,0.94937,0.95818,0.87462,0.51353,0.77764,0.86826,0.00876099,0.00876099,0.00876099
1153,60557.2,0.5041,0.63162,0.92931,0.93845,0.94929,0.95833,0.87479,0.51332,0.7766,0.868,0.00875893,0.00875893,0.00875893
1154,60607.4,0.49625,0.61967,0.92643,0.93841,0.94905,0.95824,0.87281,0.51273,0.77708,0.86782,0.00875687,0.00875687,0.00875687
1155,60657.1,0.52295,0.65094,0.93642,0.93833,0.9491,0.95805,0.87489,0.51261,0.77713,0.86786,0.00875481,0.00875481,0.00875481
1156,60705.9,0.51593,0.6328,0.94012,0.93836,0.94919,0.95799,0.875,0.51261,0.77671,0.86788,0.00875275,0.00875275,0.00875275
1157,60756.2,0.51003,0.63272,0.93644,0.93837,0.94904,0.95802,0.87282,0.51252,0.77744,0.86793,0.00875068,0.00875068,0.00875068
1158,60805.1,0.49514,0.616,0.92383,0.93833,0.94916,0.95796,0.87592,0.51285,0.77776,0.86815,0.00874862,0.00874862,0.00874862
1159,60853.8,0.50941,0.6385,0.9394,0.9384,0.9489,0.95804,0.8753,0.51272,0.77767,0.86808,0.00874655,0.00874655,0.00874655
1160,60902.9,0.51111,0.63478,0.93632,0.93838,0.94867,0.95797,0.87548,0.51293,0.77931,0.86811,0.00874448,0.00874448,0.00874448
1161,60953.4,0.51391,0.62672,0.93119,0.93841,0.94846,0.958,0.87597,0.51304,0.77987,0.86804,0.00874241,0.00874241,0.00874241
1162,61002.8,0.50782,0.61831,0.92763,0.93841,0.9481,0.95776,0.874,0.51263,0.77961,0.86781,0.00874034,0.00874034,0.00874034
1163,61053.1,0.50216,0.60496,0.92482,0.93846,0.94795,0.95778,0.87412,0.51292,0.78235,0.86771,0.00873826,0.00873826,0.00873826
1164,61103.6,0.50008,0.62297,0.92794,0.93848,0.94799,0.95762,0.87385,0.51308,0.78366,0.86767,0.00873619,0.00873619,0.00873619
1165,61153.8,0.49745,0.61197,0.92718,0.93856,0.94796,0.95781,0.87396,0.51316,0.78364,0.86759,0.00873411,0.00873411,0.00873411
1166,61203.3,0.50755,0.61499,0.93345,0.93856,0.94817,0.95778,0.87457,0.51302,0.78279,0.86741,0.00873203,0.00873203,0.00873203
1167,61251.1,0.50086,0.62025,0.92542,0.93858,0.94833,0.95796,0.87405,0.51299,0.78293,0.86746,0.00872995,0.00872995,0.00872995
1168,61299.5,0.50534,0.61739,0.92758,0.93858,0.94834,0.95786,0.87351,0.5131,0.78277,0.86753,0.00872787,0.00872787,0.00872787
1169,61348.2,0.50184,0.60848,0.92753,0.93861,0.94846,0.95784,0.87354,0.51279,0.78331,0.86739,0.00872579,0.00872579,0.00872579
1170,61399.1,0.50533,0.6172,0.93426,0.9387,0.94862,0.95793,0.87319,0.51263,0.78443,0.86723,0.00872371,0.00872371,0.00872371
1171,61449.2,0.49599,0.61978,0.92668,0.93873,0.94887,0.95762,0.87336,0.51277,0.78444,0.8671,0.00872162,0.00872162,0.00872162
1172,61499.5,0.49542,0.6143,0.92799,0.93883,0.94894,0.95781,0.87443,0.51271,0.78294,0.86712,0.00871954,0.00871954,0.00871954
1173,61548.3,0.50935,0.63467,0.92998,0.9389,0.94889,0.95781,0.87474,0.51223,0.78411,0.8669,0.00871745,0.00871745,0.00871745
1174,61598.2,0.50411,0.6218,0.92517,0.93895,0.94888,0.95765,0.87381,0.51217,0.7837,0.86672,0.00871536,0.00871536,0.00871536
1175,61647.4,0.4996,0.62326,0.92798,0.94039,0.95028,0.95762,0.87529,0.512,0.78327,0.8664,0.00871327,0.00871327,0.00871327
1176,61695.6,0.49641,0.60387,0.92179,0.9404,0.95041,0.95778,0.87584,0.51165,0.78341,0.86608,0.00871117,0.00871117,0.00871117
1177,61745.3,0.50283,0.62753,0.9311,0.9404,0.95033,0.95757,0.87616,0.51133,0.78321,0.86581,0.00870908,0.00870908,0.00870908
1178,61793.7,0.49645,0.61165,0.916,0.94041,0.95025,0.95774,0.87583,0.51138,0.78255,0.8656,0.00870698,0.00870698,0.00870698
1179,61842.3,0.49823,0.60024,0.92344,0.94041,0.95019,0.95788,0.8755,0.51114,0.78215,0.86549,0.00870489,0.00870489,0.00870489
1180,61891,0.51043,0.63498,0.93704,0.94042,0.9502,0.95776,0.87534,0.51086,0.78238,0.86534,0.00870279,0.00870279,0.00870279
1181,61940.9,0.50123,0.61745,0.92256,0.94043,0.95064,0.95781,0.87547,0.51126,0.78167,0.86541,0.00870069,0.00870069,0.00870069
1182,61990.6,0.50313,0.59846,0.93516,0.94043,0.95078,0.95787,0.87551,0.51134,0.78123,0.86554,0.00869859,0.00869859,0.00869859
1183,62040.9,0.49853,0.60954,0.93238,0.94043,0.95081,0.95783,0.87641,0.51182,0.78249,0.86583,0.00869649,0.00869649,0.00869649
1184,62091.3,0.49336,0.60083,0.92482,0.94044,0.95088,0.95764,0.87549,0.51179,0.78193,0.86578,0.00869438,0.00869438,0.00869438
1185,62141.6,0.50386,0.61842,0.92997,0.94044,0.95056,0.95763,0.87617,0.51158,0.78273,0.86564,0.00869228,0.00869228,0.00869228
1186,62191.8,0.49808,0.61787,0.92635,0.94045,0.95064,0.95793,0.87657,0.51113,0.78346,0.86544,0.00869017,0.00869017,0.00869017
1187,62241.4,0.50616,0.62015,0.9314,0.94046,0.95056,0.95763,0.87614,0.51053,0.7825,0.86521,0.00868806,0.00868806,0.00868806
1188,62291.5,0.5187,0.62451,0.92829,0.94048,0.95075,0.95775,0.87599,0.51043,0.78172,0.86533,0.00868595,0.00868595,0.00868595
1189,62341.6,0.49813,0.60672,0.92774,0.94048,0.9508,0.95761,0.87579,0.5106,0.78104,0.86523,0.00868384,0.00868384,0.00868384
1190,62392.4,0.50362,0.61021,0.92433,0.94048,0.95087,0.95738,0.87579,0.51046,0.78151,0.86522,0.00868173,0.00868173,0.00868173
1191,62443,0.50297,0.62154,0.9314,0.94049,0.95097,0.95774,0.87606,0.51074,0.7812,0.86521,0.00867961,0.00867961,0.00867961
1192,62492.3,0.48991,0.62346,0.91647,0.94049,0.95108,0.95765,0.87571,0.51074,0.78082,0.86519,0.0086775,0.0086775,0.0086775
1193,62541.1,0.50474,0.63751,0.92457,0.9405,0.9509,0.95737,0.87555,0.51055,0.78248,0.86496,0.00867538,0.00867538,0.00867538
1194,62590.8,0.49795,0.61857,0.91973,0.9405,0.95111,0.95733,0.87549,0.51014,0.78042,0.8647,0.00867326,0.00867326,0.00867326
1195,62640.1,0.50708,0.60803,0.92504,0.9405,0.95093,0.95751,0.87553,0.51032,0.78161,0.86476,0.00867114,0.00867114,0.00867114
1196,62689.2,0.50468,0.62098,0.93191,0.9405,0.95071,0.95765,0.87566,0.51023,0.77975,0.86474,0.00866902,0.00866902,0.00866902
1197,62737.9,0.5055,0.62988,0.93109,0.9405,0.95009,0.95748,0.87592,0.51041,0.78033,0.86469,0.0086669,0.0086669,0.0086669
1198,62787.4,0.50729,0.62425,0.93177,0.94051,0.95021,0.95777,0.87616,0.51044,0.78038,0.86466,0.00866478,0.00866478,0.00866478
1199,62836.3,0.50216,0.61628,0.92838,0.94052,0.94974,0.95737,0.87555,0.51045,0.78037,0.8649,0.00866265,0.00866265,0.00866265
1200,62885.9,0.49845,0.61849,0.93357,0.94052,0.94986,0.95765,0.87588,0.51038,0.78082,0.86487,0.00866052,0.00866052,0.00866052
1201,62936.1,0.50229,0.61857,0.92927,0.94051,0.94969,0.95776,0.87652,0.51018,0.78255,0.86486,0.00865839,0.00865839,0.00865839
1202,62985.7,0.50887,0.64226,0.93787,0.94051,0.94905,0.95764,0.87574,0.51027,0.78386,0.86495,0.00865626,0.00865626,0.00865626
1203,63034.4,0.50238,0.62038,0.92994,0.9405,0.94751,0.95749,0.87575,0.51017,0.78351,0.86484,0.00865413,0.00865413,0.00865413
1204,63083.5,0.49517,0.60957,0.93161,0.94049,0.94709,0.95757,0.87527,0.51,0.78218,0.86492,0.008652,0.008652,0.008652
1205,63132.6,0.50489,0.61125,0.92474,0.94048,0.94629,0.95753,0.87593,0.51021,0.78423,0.86505,0.00864987,0.00864987,0.00864987
1206,63181.7,0.49776,0.61084,0.92873,0.94049,0.94655,0.95716,0.87522,0.50993,0.78417,0.86483,0.00864773,0.00864773,0.00864773
1207,63231,0.49127,0.60893,0.92299,0.94049,0.94564,0.9574,0.87617,0.50973,0.78312,0.86471,0.00864559,0.00864559,0.00864559
1208,63281.4,0.50395,0.61998,0.92602,0.94048,0.94483,0.95758,0.87669,0.5095,0.78377,0.86452,0.00864346,0.00864346,0.00864346
1209,63331.8,0.50455,0.61858,0.93237,0.94044,0.94399,0.95699,0.8758,0.50931,0.78308,0.86456,0.00864132,0.00864132,0.00864132
1210,63381.7,0.50377,0.63312,0.92923,0.94045,0.94411,0.95741,0.87634,0.50903,0.78382,0.86424,0.00863918,0.00863918,0.00863918
1211,63429.3,0.50115,0.60291,0.93149,0.94045,0.9444,0.95691,0.87554,0.50909,0.78267,0.86425,0.00863703,0.00863703,0.00863703
1212,63474.5,0.50785,0.62552,0.93325,0.94045,0.94442,0.9575,0.87656,0.5093,0.78325,0.8643,0.00863489,0.00863489,0.00863489
1213,63520.6,0.49868,0.61825,0.9314,0.94046,0.94467,0.95737,0.87574,0.5092,0.78217,0.86446,0.00863274,0.00863274,0.00863274
1214,63570,0.49599,0.61416,0.91971,0.94046,0.9462,0.95732,0.87581,0.5092,0.78224,0.86459,0.0086306,0.0086306,0.0086306
1215,63618.5,0.49581,0.63296,0.92946,0.94046,0.95435,0.95713,0.87594,0.50934,0.78261,0.86453,0.00862845,0.00862845,0.00862845
1216,63668.3,0.50113,0.62863,0.93312,0.94045,0.95278,0.95712,0.8756,0.50948,0.78175,0.86439,0.0086263,0.0086263,0.0086263
1217,63717.8,0.48928,0.59108,0.91837,0.94042,0.95346,0.95712,0.87588,0.50982,0.78232,0.86451,0.00862415,0.00862415,0.00862415
1218,63767.2,0.5068,0.61906,0.93116,0.93998,0.95363,0.95718,0.87612,0.50979,0.78244,0.86473,0.008622,0.008622,0.008622
1219,63816,0.50061,0.60459,0.92725,0.93978,0.95359,0.95742,0.87574,0.51,0.78347,0.86479,0.00861984,0.00861984,0.00861984
1220,63863.8,0.50807,0.64677,0.93519,0.93957,0.9534,0.95709,0.87486,0.51004,0.78311,0.86476,0.00861769,0.00861769,0.00861769
1221,63912.3,0.49163,0.61278,0.92003,0.93961,0.9531,0.95724,0.87501,0.51036,0.78465,0.86495,0.00861553,0.00861553,0.00861553
1222,63961.4,0.49481,0.60471,0.92578,0.93938,0.95284,0.95701,0.87513,0.51033,0.78469,0.86488,0.00861337,0.00861337,0.00861337
1223,64010.3,0.49405,0.62018,0.92787,0.93922,0.95282,0.95736,0.87508,0.51039,0.78487,0.86487,0.00861121,0.00861121,0.00861121
1224,64059.9,0.4921,0.60164,0.91946,0.93877,0.95271,0.95701,0.87515,0.51094,0.78326,0.86523,0.00860905,0.00860905,0.00860905
1225,64108.3,0.49627,0.59787,0.92158,0.93885,0.95254,0.95758,0.8755,0.51126,0.78321,0.86544,0.00860689,0.00860689,0.00860689
1226,64156.4,0.49636,0.60127,0.91746,0.93877,0.95227,0.95749,0.87537,0.51146,0.78451,0.86581,0.00860473,0.00860473,0.00860473
1227,64204.2,0.50048,0.62496,0.92762,0.9384,0.95199,0.95732,0.87582,0.51175,0.78393,0.86617,0.00860256,0.00860256,0.00860256
1228,64252.3,0.50163,0.61006,0.92665,0.93818,0.95196,0.95751,0.87592,0.5123,0.78208,0.86705,0.00860039,0.00860039,0.00860039
1229,64300.2,0.49804,0.60925,0.9281,0.93843,0.95194,0.9574,0.87554,0.51282,0.78171,0.86758,0.00859823,0.00859823,0.00859823
1230,64348.6,0.497,0.59674,0.92065,0.9385,0.9519,0.95747,0.87521,0.51316,0.78215,0.86822,0.00859606,0.00859606,0.00859606
1231,64397.9,0.49391,0.61018,0.92853,0.93888,0.95189,0.95736,0.87487,0.51357,0.78195,0.86883,0.00859389,0.00859389,0.00859389
1232,64446.9,0.49552,0.6102,0.92317,0.93866,0.95191,0.95735,0.87483,0.51388,0.78188,0.86971,0.00859171,0.00859171,0.00859171
1233,64496.4,0.49766,0.60574,0.92286,0.93803,0.95237,0.95775,0.87521,0.51443,0.78281,0.87038,0.00858954,0.00858954,0.00858954
1234,64545.3,0.50367,0.60469,0.9245,0.93846,0.95259,0.95768,0.87269,0.51493,0.78346,0.87114,0.00858737,0.00858737,0.00858737
